Country Name,Country Code,Series Name,Series Code,2000 [YR2000],2001 [YR2001],2002 [YR2002],2003 [YR2003],2004 [YR2004],2005 [YR2005],2006 [YR2006],2007 [YR2007],2008 [YR2008],2009 [YR2009],2010 [YR2010],2011 [YR2011],2012 [YR2012],2013 [YR2013],2014 [YR2014],2015 [YR2015],2016 [YR2016],2017 [YR2017],2018 [YR2018],2019 [YR2019],2020 [YR2020],2021 [YR2021],2022 [YR2022]
Afghanistan,AFG,Carbon dioxide (CO2) emissions excluding LULUCF per capita (t CO2e/capita),EN.GHG.CO2.PC.CE.AR5,0.0504760801948225,0.0465729492262171,0.0440777829029563,0.0443407305372896,0.03789792931894,0.0518878290280668,0.0553923376777949,0.0775612303767694,0.144751528002023,0.221465726059917,0.275380974794698,0.388742453073337,0.319626607745266,0.262469648389334,0.238642815009995,0.246706024551365,0.216929891611134,0.226011227289355,0.215877625146902,0.191490829184533,0.18055501271226,0.198267957840034,0.203551890416193
Afghanistan,AFG,GDP per capita (constant 2015 US$),NY.GDP.PCAP.KD,308.318269746638,277.118051443941,338.139973643387,346.071627096223,338.637273888197,363.640141436773,367.75831169358,410.757728879097,417.647282647498,488.830652491949,542.871030476037,525.42698276582,568.929021458341,580.603833333096,575.146245808546,565.569730408751,563.872336723147,562.769574140988,553.125151688293,557.861533207459,527.834554499306,408.625855217403,377.665627080705
Afghanistan,AFG,Energy use (kg of oil equivalent per capita),EG.USE.PCAP.KG.OE,..,..,..,..,..,..,..,..,..,..,..,..,..,..,..,..,..,..,..,..,..,..,..
Afghanistan,AFG,Urban population (% of total population),SP.URB.TOTL.IN.ZS,22.078,22.169,22.261,22.353,22.5,22.703,22.907,23.113,23.32,23.528,23.737,23.948,24.16,24.373,24.587,24.803,25.02,25.25,25.495,25.754,26.026,26.314,26.616
Afghanistan,AFG,Trade (% of GDP),NE.TRD.GNFS.ZS,..,..,..,..,..,..,..,..,..,..,..,..,..,..,..,..,..,..,..,..,46.7098945514103,51.4117163747271,72.8854696086536
Afghanistan,AFG,Renewable energy consumption (% of total final energy consumption),EG.FEC.RNEW.ZS,45,45.6,37.8,36.7,44.2,33.9,31.9,28.8,21.2,16.5,15.2,12.6,15.4,16.9,19.1,17.7,20.2,19.5,18.3,18.9,18.2,20,20
Afghanistan,AFG,"Industry (including construction), value added (% of GDP)",NV.IND.TOTL.ZS,..,..,23.8101270064854,22.7108641828326,26.2267897500666,26.8120992326398,28.2107680719994,26.8822416082148,26.9156280026285,21.8971222069406,21.1514206977128,22.7402524820273,21.1578071539751,20.4446053132561,21.2296632181805,22.1240424906926,10.4668076938201,10.0518739969063,13.3872469597976,14.0581123697768,12.9525996015547,14.2736570191788,16.0503677223963
Afghanistan,AFG,Fossil fuel energy consumption (% of total),EG.USE.COMM.FO.ZS,..,..,..,..,..,..,..,..,..,..,..,..,..,..,..,..,..,..,..,..,..,..,..
Afghanistan,AFG,Population density (people per sq. km of land area),EN.POP.DNST,30.8638471091486,31.099929472732,32.77696058139,34.8543443263879,36.1232295355933,37.4171181945019,38.9802584977692,39.7250233813225,40.6031951918802,42.1110666482682,43.3652070588596,44.9959492816951,46.8546892967205,48.4839765113534,50.2775447311531,51.8709105683578,53.2030296061205,54.7183278904681,56.3344817012404,58.0410606687825,59.9006163469942,61.3286907992579,62.2155405301811
Albania,ALB,Carbon dioxide (CO2) emissions excluding LULUCF per capita (t CO2e/capita),EN.GHG.CO2.PC.CE.AR5,1.04644601682018,1.1238907081397,1.3131389277649,1.38543816060976,1.45823883467754,1.37755866121952,1.38166585186465,1.4290827291561,1.423194135406,1.46014423817574,1.56432102617866,1.71699317945955,1.56285286069064,1.64737424579253,1.76379943401137,1.68830316766428,1.57515330650766,1.85891071277559,1.85097837827277,1.73551805047385,1.60713272623032,1.79228258263962,1.65929303100527
Albania,ALB,GDP per capita (constant 2015 US$),NY.GDP.PCAP.KD,1991.91435867116,2188.91854451375,2297.10853513924,2428.68934653563,2567.29763687121,2712.86983830331,2894.36032580174,3105.8796756386,3345.98161761476,3459.24695646692,3579.82413181046,3677.89457937717,3720.22876474985,3790.68016321899,3883.63262828191,3981.72662261867,4143.98988316994,4283.98262744437,4452.23714652476,4563.4673625169,4437.65346927974,4880.72346162808,5178.88431481499
Albania,ALB,Energy use (kg of oil equivalent per capita),EG.USE.PCAP.KG.OE,581.374748988005,598.228317118281,661.11795163205,649.35788110735,716.623145884767,721.077407396492,707.890606549635,680.948166186712,712.287869024953,734.057809949862,731.053397459356,766.894617514824,689.872750149797,803.709464277971,810.872883939509,762.287986301806,786.071045181397,824.373550389848,823.101982045081,817.176548362341,761.957268109783,810.006337207976,780.738623945557
Albania,ALB,Urban population (% of total population),SP.URB.TOTL.IN.ZS,41.741,42.435,43.501,44.573,45.651,46.731,47.815,48.902,49.991,51.076,52.163,53.247,54.33,55.387,56.423,57.434,58.421,59.383,60.319,61.229,62.112,62.969,63.799
Albania,ALB,Trade (% of GDP),NE.TRD.GNFS.ZS,61.6092610436407,64.2474462587009,65.9914650336802,64.8232150960777,65.0379383187697,69.1162926602322,72.2019089483674,79.9119008919954,75.2485472798728,73.3213575646169,75.5325329687378,80.6989985298954,76.9683583166821,75.7506185619748,75.0212023084129,71.2794476606014,74.0144504546815,76.7873817898989,75.6940783717425,75.382128932689,59.5207118897718,75.5903217283122,84.6980571024438
Albania,ALB,Renewable energy consumption (% of total final energy consumption),EG.FEC.RNEW.ZS,41.4,39,35.8,33.7,35.8,36.8,31.6,32,35.8,37.1,37,35.8,39.9,41.1,38.6,38.5,39.4,36.9,37.8,40.1,44.4,41.9,..
Albania,ALB,"Industry (including construction), value added (% of GDP)",NV.IND.TOTL.ZS,21.712185305831,24.386649861103,26.2383265737354,27.084687755804,27.7299752177294,28.1372131604488,28.4284255205783,28.5772545670045,28.5616497223775,27.5678722962167,27.4749142839601,26.9409865024688,25.4077242038709,25.506803612245,23.8286690584956,24.4814091473313,23.8670178864359,22.9533327106507,23.7535886253159,22.9655210859374,23.4687213275448,22.4341167911667,23.025055723682
Albania,ALB,Fossil fuel energy consumption (% of total),EG.USE.COMM.FO.ZS,58.6262252214381,60.8576974284697,63.1307925258423,64.4101681240081,65.4676683777613,66.3490163247787,64.3620955340319,65.0184946395028,63.7091916036169,63.2712949884953,63.0747306154026,61.3483054812868,57.5886158712717,56.2283728759268,61.2387157089831,47.3533869848479,0,0,0,0,0,0,0
Albania,ALB,Population density (people per sq. km of land area),EN.POP.DNST,112.738211678832,111.685145985401,111.350729927007,110.934890510949,110.472226277372,109.908284671533,109.21704379562,108.394781021898,107.566204379562,106.843759124088,106.314635036496,106.02901459854,105.854051094891,105.660291970803,105.441751824818,105.135145985401,104.967189781022,104.870693430657,104.612262773723,104.167554744526,103.571131386861,102.615547445255,101.375510948905
Algeria,DZA,Carbon dioxide (CO2) emissions excluding LULUCF per capita (t CO2e/capita),EN.GHG.CO2.PC.CE.AR5,2.84547322241894,2.73913040286556,2.82462177766349,2.99922134069754,2.96128947747975,3.06249773288425,3.13771562073271,3.18555017143317,3.26571868233991,3.27089446187558,3.27771433788594,3.38166892915163,3.72574195204898,3.79295442819787,3.95384969852466,4.11954123697958,3.94094145853631,3.99506357734631,4.11329387212597,4.19566242824212,3.90292776971012,4.01558728484303,4.10411424455349
Algeria,DZA,GDP per capita (constant 2015 US$),NY.GDP.PCAP.KD,3553.32420521991,3610.00605631983,3754.66081538446,3945.89816094007,4066.28204806495,4223.60252133943,4279.61547120827,4339.25055772831,4367.56538017541,4336.10054052949,4456.6102741643,4501.3543013352,4518.43978956464,4543.23444006767,4634.10149179952,4685.05902729002,4768.73140081027,4742.90075532529,4717.0035885361,4672.66408678635,4363.68533767783,4456.74687637774,4544.46688060372
Algeria,DZA,Energy use (kg of oil equivalent per capita),EG.USE.PCAP.KG.OE,873.657787057718,863.498325342364,911.440557642084,955.848483496115,954.298409338891,979.326457769033,1032.63866815022,1077.66189233078,1070.72807038599,1147.30600554253,1151.13889665565,1174.26806450034,1258.83718458975,1273.72242693806,1358.04787814425,1414.49702064392,1371.20207705232,1380.3468180174,1442.30211193457,1463.50985736009,1373.67832094406,1451.44517709293,1499.50999958517
Algeria,DZA,Urban population (% of total population),SP.URB.TOTL.IN.ZS,59.919,60.712,61.501,62.284,63.061,63.83,64.593,65.348,66.097,66.826,67.54,68.236,68.915,69.576,70.221,70.848,71.459,72.052,72.629,73.189,73.733,74.261,74.772
Algeria,DZA,Trade (% of GDP),NE.TRD.GNFS.ZS,62.8583436360347,54.5296491177208,56.5896052814114,57.7691353044878,61.3579975707176,66.8404602203906,65.9152919677621,67.5454733939763,71.0284922505261,64.2847547238993,63.4912159928425,62.2200899610479,60.7576393340605,59.151008157244,56.9235419669867,53.2046225904145,49.7609327925216,49.8208161712587,52.4361676779223,46.5068426081672,40.3897565625388,46.8370592599607,51.2023757404409
Algeria,DZA,Renewable energy consumption (% of total final energy consumption),EG.FEC.RNEW.ZS,0.4,0.4,0.5,0.5,0.4,0.6,0.4,0.4,0.3,0.3,0.3,0.2,0.2,0.1,0.1,0.1,0.1,0.1,0.2,0.2,0.1,0.1,..
Algeria,DZA,"Industry (including construction), value added (% of GDP)",NV.IND.TOTL.ZS,53.3309696535528,40.8145902645976,39.7667145410183,42.0401015762179,44.9814633218361,48.5068360058496,50.8913842012469,50.3717168823853,51.6161712058703,42.0128802106709,45.2431946364671,44.9869856015855,43.1950549091774,39.7438543670176,38.5614138325673,32.7565009315894,32.205164049828,33.4766949498416,35.3432586054084,33.5743211841578,30.0235803787213,36.3214812457704,43.0480574822468
Algeria,DZA,Fossil fuel energy consumption (% of total),EG.USE.COMM.FO.ZS,99.7973298829085,99.7577853262408,99.7228903505875,99.713496186178,99.7205700936354,99.5923253460603,99.7223880594001,99.7348630118659,99.8039633761255,99.920994716557,96.0823770706653,96.391089085483,96.8559437804052,97.1550340948913,97.0302900324726,21.6261944417039,0,0,0,0,0,0,0
Algeria,DZA,Population density (people per sq. km of land area),EN.POP.DNST,12.9753428165963,13.1547612249868,13.3309408247752,13.5093746588628,13.6993483755574,13.9012860345798,14.1172025493967,14.3548061501255,14.6182878903659,14.901057630136,15.1940329339055,15.4942924080714,15.8061610419273,16.1286164736705,16.4606678310815,16.8026368106356,17.1516218598076,17.5037080018356,17.846203680417,18.1776961381175,18.4915612115512,18.7934447084904,19.0941870229328
American Samoa,ASM,Carbon dioxide (CO2) emissions excluding LULUCF per capita (t CO2e/capita),EN.GHG.CO2.PC.CE.AR5,0.00175886025855246,0.00175275620913887,0.00175247975885879,0.0017552790015973,0.00176000563201802,0.00176625395199322,0.00177386738567425,0.00178211822572309,0.00179121587733754,0.00180089324304855,0.00181067574418773,0.0018216595318335,0.00183523279928059,0.00185164611339481,0.00187034751056746,0.00189114565603843,0.00191405876160398,0.00193851044857132,0.00196432780702444,0.00199167479933876,0.00200960591627982,0.00203148806500762,0.00206859459683091
American Samoa,ASM,GDP per capita (constant 2015 US$),NY.GDP.PCAP.KD,..,..,13054.6364326897,13201.7347516166,13291.5356626851,13284.2791128875,12794.7565021718,13092.3111393408,12809.4633079683,12342.0575384016,12446.3086265015,12521.8095058644,12068.2667374983,11871.7937192729,12203.0894714284,12727.4102651386,12665.2829921268,11930.7771236826,12412.6024074562,12524.0160252283,13194.274740128,13233.5784817341,13709.0974895473
American Samoa,ASM,Energy use (kg of oil equivalent per capita),EG.USE.PCAP.KG.OE,..,..,..,..,..,..,..,..,..,..,..,..,..,..,..,..,..,..,..,..,..,..,..
American Samoa,ASM,Urban population (% of total population),SP.URB.TOTL.IN.ZS,88.587,88.491,88.394,88.297,88.198,88.1,88,87.9,87.799,87.697,87.594,87.502,87.42,87.348,87.288,87.238,87.198,87.17,87.153,87.147,87.153,87.169,87.196
American Samoa,ASM,Trade (% of GDP),NE.TRD.GNFS.ZS,..,..,210.9375,207.442748091603,202.357563850688,223.2,229.817444219067,218.146718146718,249.821428571429,161.333333333333,157.940663176265,157.543859649123,176.40625,173.824451410658,174.805598755832,162.407132243685,159.165424739195,161.437908496732,171.830985915493,156.568778979907,154.368932038835,136.8,124.684270952928
American Samoa,ASM,Renewable energy consumption (% of total final energy consumption),EG.FEC.RNEW.ZS,0,0,0,0,0,0,0,0,0,0,0,0,0.1,0.2,0.2,0.2,0.2,0.3,0.3,0.4,0.4,0.4,0.4
American Samoa,ASM,"Industry (including construction), value added (% of GDP)",NV.IND.TOTL.ZS,..,..,..,..,..,..,..,..,..,..,..,..,..,..,..,..,..,..,..,..,..,..,..
American Samoa,ASM,Fossil fuel energy consumption (% of total),EG.USE.COMM.FO.ZS,..,..,..,..,..,..,..,..,..,..,..,..,..,..,..,..,..,..,..,..,..,..,..
American Samoa,ASM,Population density (people per sq. km of land area),EN.POP.DNST,284.275,285.265,285.31,284.855,284.09,283.085,281.87,280.565,279.14,277.64,276.14,274.475,272.445,270.03,267.33,264.39,261.225,257.93,254.54,251.045,248.805,246.125,241.71
Andorra,AND,Carbon dioxide (CO2) emissions excluding LULUCF per capita (t CO2e/capita),EN.GHG.CO2.PC.CE.AR5,..,..,..,..,..,..,..,..,..,..,..,..,..,..,..,..,..,..,..,..,..,..,..
Andorra,AND,GDP per capita (constant 2015 US$),NY.GDP.PCAP.KD,34113.8173771495,36790.1037072591,38084.4843094685,39620.3201590697,40054.3211516798,40528.1748609004,41322.0529198761,40789.1589682857,37775.1261390552,35604.3840085198,36277.2644412087,37637.4868329126,36206.9784343227,35684.169433471,37300.6244183478,38654.9347203095,40085.0205971586,39361.0622634329,39242.1448960772,39346.2750344286,34536.6499209948,36929.0191515162,39780.3966116268
Andorra,AND,Energy use (kg of oil equivalent per capita),EG.USE.PCAP.KG.OE,..,..,..,..,..,..,..,..,..,..,..,..,..,..,..,..,..,..,..,..,..,..,..
Andorra,AND,Urban population (% of total population),SP.URB.TOTL.IN.ZS,92.395,92.056,91.641,91.207,90.751,90.285,89.807,89.308,89.004,88.912,88.819,88.726,88.631,88.537,88.441,88.345,88.248,88.15,88.062,87.984,87.916,87.858,87.811
Andorra,AND,Trade (% of GDP),NE.TRD.GNFS.ZS,..,..,..,..,..,..,..,..,..,..,..,..,..,..,..,..,..,..,..,..,..,..,..
Andorra,AND,Renewable energy consumption (% of total final energy consumption),EG.FEC.RNEW.ZS,14.5,15.4,15.8,16.5,16.6,16.6,17.6,16.6,17,17.1,18.7,18.6,18.8,19.1,19.4,19,18.9,18,17.6,17.2,20.9,18.4,18.7
Andorra,AND,"Industry (including construction), value added (% of GDP)",NV.IND.TOTL.ZS,14.8437550367806,14.9240176087095,15.0672890885022,15.4949366544165,15.7803540103879,16.0357828783728,16.1672951911525,15.4735314793076,15.4327671138582,14.7664887100921,13.1256460606154,11.908853107908,11.0715796683925,10.6182471491429,10.1535313011382,9.98126871637019,10.1407794073814,10.3955176672591,11.0763337210625,11.6998176283166,12.6601582717327,12.3626363853047,11.1453411041301
Andorra,AND,Fossil fuel energy consumption (% of total),EG.USE.COMM.FO.ZS,..,..,..,..,..,..,..,..,..,..,..,..,..,..,..,..,..,..,..,..,..,..,..
Andorra,AND,Population density (people per sq. km of land area),EN.POP.DNST,139.755319148936,140.110638297872,141.502127659574,147.842553191489,158.13829787234,164.725531914894,169.329787234043,174.206382978723,177.648936170213,178.485106382979,171.714893617021,165.495744680851,163.476595744681,159.987234042553,156.887234042553,153.56170212766,153.576595744681,156.942553191489,159.91914893617,162.710638297872,164.63829787234,166.731914893617,169.585106382979
Angola,AGO,Carbon dioxide (CO2) emissions excluding LULUCF per capita (t CO2e/capita),EN.GHG.CO2.PC.CE.AR5,1.01957601509466,0.966865641126569,0.91849471761946,0.965775643300561,0.951069768682142,0.810676972733782,0.815387085036386,0.820836438095978,0.886032980276111,0.940848252177258,0.976178185498281,0.976532176921039,0.981682218580684,1.09052260179579,1.13720270585859,1.1754292718486,1.0720530773493,0.924168969446141,0.839018754260571,0.851665227724358,0.61913898758344,0.731567420293545,0.767587420793175
Angola,AGO,GDP per capita (constant 2015 US$),NY.GDP.PCAP.KD,1932.98847886814,1947.85672988915,2139.87259662901,2128.19579323903,2277.86696532928,2526.41057941008,2716.25302638209,2983.0418728513,3193.28772270836,3100.60927365473,3114.69608592822,3099.9422899117,3236.57494513146,3268.63890723473,3300.73510980871,3213.90261080059,3020.98332805417,2911.60084214038,2775.74642272991,2664.43850995544,2433.37637275564,2385.44881834294,2382.02263952585
Angola,AGO,Energy use (kg of oil equivalent per capita),EG.USE.PCAP.KG.OE,428.222669261961,428.599480858479,429.424207435976,446.134132051678,433.557080102511,392.557802386847,422.909458684002,446.790005661844,472.064397001416,504.92416679274,487.281074343005,486.235365702241,531.24332255994,512.021802587495,447.160325436651,517.525209417242,462.934994006148,456.692217487614,405.179753107747,416.996507156148,397.633186643914,418.358996013843,423.122517600564
Angola,AGO,Urban population (% of total population),SP.URB.TOTL.IN.ZS,50.087,51.274,52.461,53.645,54.827,56,56.764,57.524,58.282,59.034,59.783,60.528,61.268,62.002,62.731,63.446,64.149,64.839,65.514,66.177,66.825,67.46,68.081
Angola,AGO,Trade (% of GDP),NE.TRD.GNFS.ZS,..,..,105.301742600149,103.901229551372,103.579947051466,106.590962129525,94.6251593320477,108.060067893978,121.364708453698,122.446144139295,104.123635308845,99.9825063313368,91.8000973419114,86.8119327587926,79.3329227828897,62.8885160890192,53.3701580675988,52.2568222278462,66.3780133263399,57.8295381183036,65.9420289329872,74.4644985871074,69.6910705054094
Angola,AGO,Renewable energy consumption (% of total final energy consumption),EG.FEC.RNEW.ZS,73.8,72.8,70.8,65.6,62.3,68.9,62.6,58.9,55.4,53,53.1,51.7,49,46.8,47.5,47.1,48.1,52.5,52.5,51,60.1,52.9,..
Angola,AGO,"Industry (including construction), value added (% of GDP)",NV.IND.TOTL.ZS,72.1229549419033,64.8838115415289,56.0757965388459,53.1169977877105,54.6299332781384,60.4019934569532,58.109331166465,61.8835378515421,60.2548203971699,44.0563741288187,52.3684375791632,56.0265138898967,56.9182189644947,53.3628521772331,46.2033255675024,41.9330921928439,42.6435678702129,42.1679537698985,47.9315418514046,49.7609216143959,45.6782423367558,47.5244095549704,45.180052903576
Angola,AGO,Fossil fuel energy consumption (% of total),EG.USE.COMM.FO.ZS,26.1482101937279,27.9012864775286,29.7076573363672,33.5802555951373,34.1235149432227,30.1343775223768,34.5934530161,36.9028641769228,39.7766173730147,42.8407631116882,46.0853872702511,47.0598256171017,49.7810428787236,48.2055508173157,58.3584075799997,27.6697195798827,0,0,0,0,0,0,0
Angola,AGO,Population density (people per sq. km of land area),EN.POP.DNST,12.9901892997513,13.4332301275367,13.8988521697281,14.392967032967,14.9197264779017,15.4737795780861,16.0546073634395,16.6668492821048,17.3086187535093,17.9792837089917,18.6851888986925,19.4259661506377,20.1952306088073,20.9879040667362,21.7861305847437,22.5858650838213,23.4082537900056,24.2518962059838,25.1039985561883,25.969063928772,26.8317413972888,27.6990687414775,28.5834835966953
Antigua and Barbuda,ATG,Carbon dioxide (CO2) emissions excluding LULUCF per capita (t CO2e/capita),EN.GHG.CO2.PC.CE.AR5,1.80745407945323,1.73921045366707,1.94334821892201,2.09670792460582,2.10749628425158,2.1605054577885,2.42915984318396,2.62288260060707,2.78246815901196,3.16253430434938,3.26418190342241,2.45795301857944,2.59110703644281,2.94444949127907,3.14876358925252,3.25246899081748,3.49787148906846,3.06185612592298,3.24329674680509,3.72466179239088,3.00394138013632,3.30485441098442,3.30137871607066
Antigua and Barbuda,ATG,GDP per capita (constant 2015 US$),NY.GDP.PCAP.KD,15961.0918359058,15003.4389169034,14968.0703013883,15703.9347145491,16433.4130541483,17301.2134317518,19259.6486517907,20770.2689732844,20464.786306605,17746.700856041,16135.397384487,15633.9091131821,15989.3900199779,15748.1952024226,15967.284996712,16077.6340769406,16635.895232831,16992.9327495236,18042.1596435727,18525.2588907167,14950.8942397208,16084.7214406048,17456.8722243104
Antigua and Barbuda,ATG,Energy use (kg of oil equivalent per capita),EG.USE.PCAP.KG.OE,..,..,..,..,1714.96080996964,1720.86771928502,1774.10550344896,1786.93821599922,..,..,..,..,..,..,..,..,..,..,..,..,..,..,..
Antigua and Barbuda,ATG,Urban population (% of total population),SP.URB.TOTL.IN.ZS,32.127,31.74,31.098,30.464,29.837,29.218,28.606,28.002,27.405,26.818,26.238,25.703,25.526,25.35,25.175,25,24.846,24.713,24.599,24.506,24.433,24.38,24.346
Antigua and Barbuda,ATG,Trade (% of GDP),NE.TRD.GNFS.ZS,..,..,..,..,..,..,..,..,..,..,..,..,..,..,141.546161057996,130.071549851721,132.025917905085,127.664323582144,130.655152659419,137.537783631991,94.289529886499,101.074960584779,117.703527768353
Antigua and Barbuda,ATG,Renewable energy consumption (% of total final energy consumption),EG.FEC.RNEW.ZS,0,0,0,0,0,0,0,0,0,0,0,0.1,0.1,0.1,0.1,0.4,0.4,0.4,0.7,0.7,0.9,0.9,0.9
Antigua and Barbuda,ATG,"Industry (including construction), value added (% of GDP)",NV.IND.TOTL.ZS,13.0989719284255,12.0578567842058,12.1912695630658,12.4830557801763,12.1583925458935,13.5142398300804,17.1234005318303,16.3197565694621,17.6099656888504,18.0457313815579,14.8379422285868,13.2274797388855,13.0746288099393,14.7598104413721,15.3667820905787,15.9280224466081,17.7641082763748,18.8045201502856,20.6520988023085,21.0807459545502,21.1209995224877,20.4832005622159,19.6581959747844
Antigua and Barbuda,ATG,Fossil fuel energy consumption (% of total),EG.USE.COMM.FO.ZS,..,..,..,..,0,0,0,0,..,..,..,..,..,..,..,..,..,..,..,..,..,..,..
Antigua and Barbuda,ATG,Population density (people per sq. km of land area),EN.POP.DNST,170.254545454545,172.884090909091,175.072727272727,177.009090909091,178.906818181818,180.934090909091,183.190909090909,185.690909090909,188.436363636364,191.302272727273,193.909090909091,196.209090909091,198.318181818182,200.145454545455,201.738636363636,203.202272727273,204.475,205.609090909091,206.65,207.645454545455,208.740909090909,209.884090909091,211
Argentina,ARG,Carbon dioxide (CO2) emissions excluding LULUCF per capita (t CO2e/capita),EN.GHG.CO2.PC.CE.AR5,3.67500561079405,3.49096906098567,3.2620858169305,3.51976128011969,3.85751040887454,3.91872470742059,4.10421553720694,4.32708912512489,4.4357867480596,4.03659973529201,4.29667743910718,4.43018394628793,4.47955623063869,4.53801219304993,4.41804077536038,4.51393025813273,4.42297985438054,4.3211555474833,4.25124625791196,4.07544537651257,3.76439263041561,4.20773343985927,4.26096742981134
Argentina,ARG,GDP per capita (constant 2015 US$),NY.GDP.PCAP.KD,10631.6503639029,10051.9448463043,8861.56199282278,9545.53194119994,10302.4465316428,11099.7509190602,11870.2791559298,12811.9021206578,13197.3570267029,12285.3784651865,13387.1553748458,14040.6189124444,13754.4254235596,13946.0950832252,13456.1319159151,13679.6264980954,13265.8860639123,13520.1129846159,13058.3285449954,12706.3978108968,11393.0505957877,12549.2811699342,13182.7933950725
Argentina,ARG,Energy use (kg of oil equivalent per capita),EG.USE.PCAP.KG.OE,1643.32131961789,1518.56737304195,1484.25701881625,1590.61721067918,1740.90890259945,1712.4320350003,1784.01669776279,1845.91422802344,1889.40923801554,1722.74402909882,1826.05112368849,1865.25736115683,1897.60983922809,1928.54922885127,1911.61727736839,1919.75859208058,1889.87018853289,1874.82963739464,1806.77623499039,1777.41507710553,1623.92450833523,1741.51377200597,1808.76021335553
Argentina,ARG,Urban population (% of total population),SP.URB.TOTL.IN.ZS,89.142,89.329,89.51,89.686,89.86,90.031,90.2,90.366,90.53,90.691,90.849,90.99,91.121,91.249,91.377,91.503,91.627,91.749,91.87,91.991,92.111,92.229,92.347
Argentina,ARG,Trade (% of GDP),NE.TRD.GNFS.ZS,22.6224447777343,21.8522554515453,41.7527243585642,40.6447480311085,40.692646108947,40.5512709706238,40.4334798719151,40.945170618571,40.4026733790382,34.0571269054879,34.9710132635696,35.2061549999644,30.5265423717108,29.3339290021037,28.4067936452275,22.4862260889792,26.0938878488799,25.2896011376779,30.7625359549926,32.6306150458499,30.203698807416,33.078689567466,31.5477080051071
Argentina,ARG,Renewable energy consumption (% of total final energy consumption),EG.FEC.RNEW.ZS,9.8,11.5,11.6,10.8,9.3,9.6,9.2,7.7,7.7,8.6,8.8,8.8,8.6,8.9,9.8,9.4,9.4,10.4,10.5,10.7,9.8,9.2,..
Argentina,ARG,"Industry (including construction), value added (% of GDP)",NV.IND.TOTL.ZS,25.9908360111364,25.2434339827333,30.5577370913046,32.6450990996503,28.816922006834,28.6263140439084,29.2032796652469,27.4152361334783,26.2724599395946,25.2842047993735,25.2587762576722,25.2126976058843,24.4290570649122,24.0058814423072,24.2773944936602,23.153056135905,22.0541072112108,21.782123219335,23.7195923321304,23.1578477391434,22.4088763711802,23.4994644263761,24.0075527787773
Argentina,ARG,Fossil fuel energy consumption (% of total),EG.USE.COMM.FO.ZS,88.9688614537143,88.1323497632881,86.5116522119285,85.6996942186908,87.9335613804311,88.7429296926283,91.3111577484447,89.0822082089819,92.1748284131746,96.1456734325114,93.3868831109177,91.9428841304471,89.9402874146777,89.9321041467291,92.3836622192159,56.2877376502912,0,0,0,0,0,0,0
Argentina,ARG,Population density (people per sq. km of land area),EN.POP.DNST,13.5981729753827,13.7482962995443,13.8961113608045,14.0404218234436,14.1835268152403,14.3300077831249,14.4781158991336,14.6223222213696,14.7711827061158,14.9285563947689,15.0870920710786,15.2485886234831,15.4061004351973,15.5598387102668,15.7212073709481,15.8867142423877,16.0413905118958,16.1833799224611,16.3171137395905,16.4335255363231,16.5133665121004,16.5573305708721,16.5922716858687
Armenia,ARM,Carbon dioxide (CO2) emissions excluding LULUCF per capita (t CO2e/capita),EN.GHG.CO2.PC.CE.AR5,1.10819285337307,1.13123482159537,0.969216826051628,1.09055773762765,1.18771525166672,1.41828756674294,1.42160468165393,1.65862135547403,1.82961355317288,1.46829745596869,1.41184971098266,1.61950526767727,1.87467345656559,1.81747187293183,1.91130798327693,1.86933368834454,1.79604317748889,1.90931059944955,2.00434489727181,2.16847257383966,2.33456018909337,2.53492218883975,2.45497103596928
Armenia,ARM,GDP per capita (constant 2015 US$),NY.GDP.PCAP.KD,1229.21510436102,1351.12072694555,1535.20452885187,1759.64684829386,1955.22262459229,2240.09273209788,2551.43546358452,2919.3734936373,3141.33193500774,2716.97436280471,2796.08143428043,2943.83687119315,3159.75860786889,3266.29882999873,3393.09252326884,3512.39350276709,3533.88503607007,3815.3747426037,4027.83393010979,4343.45839583019,4032.09043454955,4264.79961505187,4791.00481712183
Armenia,ARM,Energy use (kg of oil equivalent per capita),EG.USE.PCAP.KG.OE,625.503227341883,624.555471332605,586.440648432386,622.582881402385,661.929679898088,798.544180515189,818.274997390362,918.181612522836,973.21714524559,851.338387705143,815.62798698571,896.948023835655,982.442415313472,959.801682347684,1045.97511363021,1084.52062940136,1043.09797203416,1105.96696981707,1072.33682481147,1163.09284675689,1233.30455891532,1271.52805556324,1347.59055747413
Armenia,ARM,Urban population (% of total population),SP.URB.TOTL.IN.ZS,64.666,64.385,64.236,64.137,64.038,63.938,63.839,63.739,63.64,63.54,63.44,63.34,63.24,63.164,63.112,63.085,63.082,63.103,63.149,63.219,63.313,63.431,63.573
Armenia,ARM,Trade (% of GDP),NE.TRD.GNFS.ZS,72.2333302273367,69.8642663925336,73.9845018432309,80.0513676022426,73.0706339919371,70.1397385835334,61.0301379818566,56.9750470853147,54.5423279613666,57.2742357441995,64.642975973633,69.4355736620453,75.9616759606704,77.5550481598824,75.778866962639,71.6820743427575,76.0779674593548,87.202376539837,92.473107021212,96.1141541288708,69.4888075396076,79.6698888228399,101.41077826094
Armenia,ARM,Renewable energy consumption (% of total final energy consumption),EG.FEC.RNEW.ZS,7.2,5.4,8.9,9.8,8.7,6.5,7.7,7,6.4,7.8,9.4,8,6.6,6.8,7.1,10.7,13.2,12.6,11.1,10.3,8.4,9.1,..
Armenia,ARM,"Industry (including construction), value added (% of GDP)",NV.IND.TOTL.ZS,..,..,..,..,..,..,..,..,..,..,..,..,27.8270946139077,26.7090481417071,25.2705329463993,25.7086994351611,25.5771330395605,25.8095323791656,24.7565578476257,24.9716084573435,26.8172956979296,26.3643404113901,25.4370966437794
Armenia,ARM,Fossil fuel energy consumption (% of total),EG.USE.COMM.FO.ZS,70.041745312721,71.1695679371304,61.8023159014819,65.7055465065806,66.8954799603233,68.0921458776545,67.4895371062125,70.5448602062673,73.2776039939887,68.1993569561864,67.395053608524,71.5420020719725,77.3222424600036,75.4886876703517,69.982208305614,63.48193418408,0,0,0,0,0,0,0
Armenia,ARM,Population density (people per sq. km of land area),EN.POP.DNST,113.140147523709,112.813487881981,112.391991570074,111.784334387074,111.166139796277,110.516332982086,109.838426413769,109.146469968388,108.433438707411,107.692307692308,106.947664207938,106.354056902002,106.220583069898,106.146821215314,105.858798735511,105.535651563049,105.103617843344,104.650509308044,104.285212504391,104.056902002107,105.027376627853,105.056940272915,105.297053157777
Aruba,ABW,Carbon dioxide (CO2) emissions excluding LULUCF per capita (t CO2e/capita),EN.GHG.CO2.PC.CE.AR5,2.9650726365523,2.96919257647175,3.2213219801464,3.67129112619191,3.66730433685804,3.94120960721053,4.26236104823701,4.5681477783325,4.49874649464411,4.84921853470336,4.73497122881439,2.82870817128208,3.60099894342522,3.90158504849775,4.12613405488404,4.28150427223695,4.45979379546939,4.29116659769164,4.27792265031035,5.10883400639177,4.16808641918462,4.64809656453111,4.68455875500885
Aruba,ABW,GDP per capita (constant 2015 US$),NY.GDP.PCAP.KD,30199.6612772816,31169.7969138989,30662.3217145204,30651.9457560917,32192.7919471291,31249.2780373413,31038.8898666583,31759.8232024833,32097.0402243555,28157.1489891095,27324.5554259804,28037.8697927378,27341.2274279996,28668.7204196265,27914.8433440348,27458.2253310273,27719.5007310796,29671.13582858,30334.1162224308,29576.8097145074,21947.9953301189,27469.0056215511,29917.1280287045
Aruba,ABW,Energy use (kg of oil equivalent per capita),EG.USE.PCAP.KG.OE,..,..,..,..,..,..,..,..,..,..,..,..,..,..,..,..,..,..,..,..,..,..,..
Aruba,ABW,Urban population (% of total population),SP.URB.TOTL.IN.ZS,46.717,46.339,45.972,45.606,45.24,44.875,44.511,44.147,43.783,43.421,43.059,42.94,42.957,42.99,43.041,43.108,43.192,43.293,43.411,43.546,43.697,43.866,44.052
Aruba,ABW,Trade (% of GDP),NE.TRD.GNFS.ZS,145.072879516204,140.391108618306,133.230771421249,132.794291274023,132.430929795173,145.050280144237,141.042626734626,139.972309491093,139.110149824701,137.556575933708,135.464654677581,154.437786862887,156.645197205944,161.891280319633,162.88205210123,145.833663297637,142.239763387132,143.804295515015,145.213552350892,145.343572735289,124.137267233697,147.01557711516,172.884171676527
Aruba,ABW,Renewable energy consumption (% of total final energy consumption),EG.FEC.RNEW.ZS,0.2,0.2,0.2,0.2,0.2,0.2,0.2,0.2,0.2,0.3,5.5,5.7,6.9,6.9,6.9,6.7,7,6.8,8.6,8.3,9.1,8.8,8.8
Aruba,ABW,"Industry (including construction), value added (% of GDP)",NV.IND.TOTL.ZS,13.1759545308158,13.0540690696972,13.2416208673862,14.8922098082515,15.5965082540353,16.2974611255338,17.6558632372378,17.4795502921148,16.1823488793703,13.0430359920285,11.5460620013165,12.3664483303712,10.0760634560669,10.7496624410616,10.799498200524,12.4688230870932,12.7138223459928,12.3948233277596,11.3581680555627,11.3720370882194,..,..,..
Aruba,ABW,Fossil fuel energy consumption (% of total),EG.USE.COMM.FO.ZS,..,..,..,..,..,..,..,..,..,..,..,..,..,..,..,..,..,..,..,..,..,..,..
Aruba,ABW,Population density (people per sq. km of land area),EN.POP.DNST,503.266666666667,507.994444444444,511.522222222222,517.377777777778,528.544444444444,542.416666666667,552.25,556.388888888889,560.65,564.466666666667,565.766666666667,569.95,578.388888888889,587.083333333333,593.372222222222,599.477777777778,604.038888888889,604.083333333333,605.044444444444,606.683333333333,603.261111111111,598.333333333333,596.166666666667
Australia,AUS,Carbon dioxide (CO2) emissions excluding LULUCF per capita (t CO2e/capita),EN.GHG.CO2.PC.CE.AR5,18.5965306696659,18.6985053620287,18.9082805468625,18.6663916262359,19.1615575634878,19.0359651886093,19.0774020161199,19.2372081651952,19.025898340921,18.9132381935116,18.8488476857263,18.4784761198108,18.1810955786986,17.539347865104,16.879485438679,16.8182097787642,16.8867624516931,16.7057285715517,16.3923595229437,16.0988040730969,15.3033375481418,14.9764854852241,14.4104232429125
Australia,AUS,GDP per capita (constant 2015 US$),NY.GDP.PCAP.KD,45859.5162097045,46191.3142366289,47486.2783216389,48394.1269478095,49902.0187022536,50853.1976727529,51553.9685966991,52531.7611201084,53336.1012157008,53237.0077642312,53578.8125049759,54111.357240336,55257.5739287362,55728.0174035719,56327.8533063277,56739.0265346593,57401.0662268939,57750.6482221688,58530.7821697117,58924.733646242,58132.798523626,59276.503107197,61009.8077147403
Australia,AUS,Energy use (kg of oil equivalent per capita),EG.USE.PCAP.KG.OE,5681.22885913159,5486.39455905443,5480.23464289818,5615.57675632995,5652.13037917952,5624.49561264785,5775.11675226564,5853.76413229662,5951.19291532561,5843.93312947132,5762.9435664152,5698.65597309349,5533.72233837943,5533.38146350965,5407.4382264583,5318.66679266228,5216.98867184459,5162.45894302308,5086.37378454852,5231.57466031316,5159.03638381788,5006.44306522882,4942.98480698243
Australia,AUS,Urban population (% of total population),SP.URB.TOTL.IN.ZS,84.235,84.1,84.222,84.343,84.463,84.582,84.7,84.822,84.943,85.063,85.182,85.3,85.402,85.502,85.602,85.701,85.8,85.904,86.012,86.124,86.241,86.362,86.488
Australia,AUS,Trade (% of GDP),NE.TRD.GNFS.ZS,40.9352109785505,44.2187044989977,41.4490922022193,40.2015669125448,37.0096135930442,39.1607469727979,41.5594471705758,42.0080200326348,42.8467764017331,45.7408630288694,40.5215889941287,41.851132029052,43.1642964994556,41.2728790174276,42.4840230270994,41.6639319280984,40.974079475775,42.2037316765804,43.7360650798433,46.1875018936291,44.6644560654359,40.3024802691697,45.8217702307271
Australia,AUS,Renewable energy consumption (% of total final energy consumption),EG.FEC.RNEW.ZS,8.4,8.4,8.7,7.2,6.7,6.7,6.8,7,6.8,7.1,8.2,8.3,8.3,9.2,9.3,9.4,9.6,9.9,9.8,10.3,11.2,12.3,..
Australia,AUS,"Industry (including construction), value added (% of GDP)",NV.IND.TOTL.ZS,24.5505331429934,23.6335209682755,23.6117317032544,24.0420964552713,23.9349187410093,24.6185066162979,25.6148301545141,25.665940939723,25.6045756759117,27.0459736127175,25.1730784269529,26.5218436455586,26.3790215214115,25.1864505347463,25.5651574750224,23.6809068044195,22.3199755837758,23.4740606091639,24.1240577727471,25.2720792022262,25.3864557192621,25.4208652512055,27.48251427159
Australia,AUS,Fossil fuel energy consumption (% of total),EG.USE.COMM.FO.ZS,89.3230426234841,98.047039481528,98.2353774183339,93.9279842959948,94.078746859524,94.2107666945866,94.3348375489683,94.5279081721256,94.5650942930512,95.8145618949755,94.9191122643155,95.193382300112,95.0858882901384,92.6074388252159,92.1303249972753,92.4085902645688,0,0,0,0,0,0,0
Australia,AUS,Population density (people per sq. km of land area),EN.POP.DNST,2.47696679379873,2.50897530687424,2.53767882014501,2.5670355232157,2.5946294729443,2.62640667508428,2.66208895773401,2.71111802454994,2.76599442875181,2.8235883784804,2.86785858401781,2.90798641031983,2.95920036968095,3.01057352615753,3.05581479504836,3.10011259648803,3.14493553058884,3.19715601363491,3.24534491589985,3.29365056253104,3.33452695130798,3.33922844714392,3.38199835673854
Austria,AUT,Carbon dioxide (CO2) emissions excluding LULUCF per capita (t CO2e/capita),EN.GHG.CO2.PC.CE.AR5,8.324302639459,8.87508077609209,9.05919197540893,9.62461873984399,9.74124219312709,9.77293038054145,9.46564254029169,9.09388442173437,9.04127094455132,8.15697774136276,8.82365601374751,8.60316626910845,8.18827683208677,8.20921615934672,7.71428196999985,7.79491452843608,7.75839255881075,7.96882910568673,7.59986883126006,7.71777223218227,7.02038295077731,7.38910227643614,6.77114674860269
Austria,AUT,GDP per capita (constant 2015 US$),NY.GDP.PCAP.KD,38571.0858780001,38929.753800545,39313.7225107545,39569.2885567329,40333.3307183894,40989.0131778975,42120.1557002022,43568.8302243941,44063.8642019916,42372.4758254763,43035.4073531933,44146.1956805294,44221.4599530893,43851.3675497404,43838.8345892137,43915.228020857,44362.6702805116,45056.6385912412,45951.5819164034,46550.5622459492,43428.6983137234,45313.3988964964,47250.9695999523
Austria,AUT,Energy use (kg of oil equivalent per capita),EG.USE.PCAP.KG.OE,3570.94853169443,3758.79316326234,3771.71949185232,3956.93894640762,3974.50636807099,4084.35261902051,4105.07525027388,4010.09514877294,4027.90556617748,3819.49986886808,4065.04189639106,3927.58256477323,3899.1648418957,3924.82135403554,3750.34480080041,3795.51037374619,3797.16802222945,3839.94805232106,3717.62532112148,3765.98011899602,3546.50449865153,3728.13398931398,3486.72943293763
Austria,AUT,Urban population (% of total population),SP.URB.TOTL.IN.ZS,60.213,59.934,59.655,59.375,59.094,58.813,58.532,58.249,57.966,57.683,57.399,57.115,57.147,57.336,57.526,57.715,57.905,58.094,58.297,58.515,58.748,58.995,59.256
Austria,AUT,Trade (% of GDP),NE.TRD.GNFS.ZS,85.8426077336549,87.9962567186047,87.5844937054619,86.8822263228608,91.4742201880009,94.6747547827805,98.7857253161241,101.36495843546,102.7437043613,87.6004931021953,99.6448825546716,105.775098372378,105.840791389706,104.985374015367,104.49673998926,103.11758174626,101.573494597172,105.556066755438,108.377969971828,108.207284904426,99.9482141095975,111.032268737901,124.38345148483
Austria,AUT,Renewable energy consumption (% of total final energy consumption),EG.FEC.RNEW.ZS,26.4,25.5,24.7,22.6,23.2,24.4,26.6,29,29.7,31.3,31.1,31.6,34.4,34.6,35.7,34.8,34.6,34,34.1,34,35.8,36,..
Austria,AUT,"Industry (including construction), value added (% of GDP)",NV.IND.TOTL.ZS,28.6115523176599,28.4398919244968,27.6683434292327,27.6979359307016,27.6147888470095,27.4182050564472,27.5909068762418,27.7667298480281,27.4122024469169,26.2777017438174,26.0396419655738,25.8570853999006,26.009804939464,25.9697730865151,25.7857017006482,25.5152402246539,25.9124691845374,25.8023213025638,25.7190926354333,25.5363771006496,25.6544867826211,25.7280321427311,25.2055400552551
Austria,AUT,Fossil fuel energy consumption (% of total),EG.USE.COMM.FO.ZS,76.525653806111,76.8895235407183,77.3504802089222,78.4739439969246,78.3456666080805,77.0533447951607,74.2204369851838,72.8017498397423,71.6302365847181,69.4461637596758,70.0277214977251,69.0541377521327,67.0885233807915,66.1562846912885,65.0375293839374,65.7446718554832,0,0,0,0,0,0,0
Austria,AUT,Population density (people per sq. km of land area),EN.POP.DNST,97.0863548230732,97.4587130392632,97.9393722733883,98.4176320891905,99.0301260300533,99.7070891904993,100.201660203587,100.526987396995,100.842171594765,101.106677169171,101.350024236549,101.692232186137,102.156943771207,102.760821619001,103.567086766844,104.734597673291,105.873339796413,106.61131846825,107.131858943286,107.609306834707,108.057004362579,108.528805138148,109.571631119729
Azerbaijan,AZE,Carbon dioxide (CO2) emissions excluding LULUCF per capita (t CO2e/capita),EN.GHG.CO2.PC.CE.AR5,3.57756628481972,3.41712693559523,3.36349341344477,3.61609647684629,3.55154397158852,3.72018088979188,3.76440706932012,3.37021197254495,3.67786475568843,3.12746619265845,2.94177416953564,3.21251897671906,3.47260650634739,3.52681340510435,3.64172126943049,3.57769509855647,3.5269074665509,3.47367417990177,3.4972536087602,3.68917158464102,3.5077356151779,3.69259451061626,3.8875713436608
Azerbaijan,AZE,GDP per capita (constant 2015 US$),NY.GDP.PCAP.KD,1504.73106650409,1640.93664218988,1782.47318953927,1949.60609246235,2111.45338332183,2674.36885551094,3556.83212041859,4412.20325719633,4778.12451579136,5118.43395103717,5300.11049447988,5149.20665199301,5193.175009361,5425.99558858555,5508.6026585312,5500.50364628486,5272.71816973266,5229.25259747579,5261.92938170171,5346.95319282755,5087.50022691293,5349.5822595965,5599.58525100539
Azerbaijan,AZE,Energy use (kg of oil equivalent per capita),EG.USE.PCAP.KG.OE,1403.59874667104,1411.21434888717,1414.77602454642,1476.84102371293,1539.50003907972,1600.22780340266,1559.84917576741,1459.38898151201,1587.24837009442,1391.33099195543,1305.91209278641,1396.04478051641,1497.29486664714,1497.90257470252,1526.15877863995,1510.91856857889,1480.9342834589,1478.78418442924,1471.37027563956,1587.78477584687,1536.83056349558,1623.82932438235,1714.03725982832
Azerbaijan,AZE,Urban population (% of total population),SP.URB.TOTL.IN.ZS,51.386,51.587,51.787,51.988,52.189,52.389,52.589,52.79,52.99,53.19,53.406,53.637,53.883,54.145,54.422,54.714,55.021,55.343,55.68,56.031,56.397,56.776,57.17
Azerbaijan,AZE,Trade (% of GDP),NE.TRD.GNFS.ZS,78.5485682796041,78.8151854917601,92.8181443298969,107.551948506262,121.507115894117,115.841884607706,105.262399846369,96.6418081486575,89.2428968637573,74.7440416836369,74.9859884610856,80.5080450059522,78.263069540422,74.6758447629851,69.4832251953347,72.6015079073189,90.0773187345677,90.4023156823216,91.6725765369825,85.8181454084561,72.0178676487811,76.286865687015,86.9822732541779
Azerbaijan,AZE,Renewable energy consumption (% of total final energy consumption),EG.FEC.RNEW.ZS,2.1,1.8,2.4,2.9,3.1,3.4,2.9,3.8,3.1,3.3,4.4,3.5,2.8,2.5,2.1,2.3,1.9,1.9,1.9,1.7,1.3,1.3,..
Azerbaijan,AZE,"Industry (including construction), value added (% of GDP)",NV.IND.TOTL.ZS,42.5383099128887,43.4626382722552,46.1542268041237,48.5398446792136,50.7690323790767,58.7877819924137,64.9582315349244,66.160328626082,65.5185214713533,56.2619552546943,59.9948192629224,61.7339963903076,59.5173508549842,57.0544154549517,53.5868546669355,44.8913203383597,47.5578070076723,49.7017251037138,52.2509114518304,48.8232665251868,41.9563201571824,48.8181736249399,56.1467373576856
Azerbaijan,AZE,Fossil fuel energy consumption (% of total),EG.USE.COMM.FO.ZS,98.2763141677378,98.3747650227007,97.2976213892592,96.932815243922,97.1179684565971,97.1003320240447,97.5880730638652,94.5604492916688,94.1570500261843,93.8934907154094,94.9759342908033,95.9913406639385,96.8720858082734,96.6442655299042,96.8139149092741,50.9097565121081,0,0,0,0,0,0,0
Azerbaijan,AZE,Population density (people per sq. km of land area),EN.POP.DNST,97.434779976999,98.1937920681807,98.9124645960929,99.6237235638581,100.475372556609,101.522501814662,102.672531674674,103.853368672016,106.059762547351,108.291290455327,109.542344173442,110.976336228798,112.460790244138,113.923480806688,115.348813858679,116.731076781631,118.033288980283,119.208741622511,120.25759188908,121.280071139933,122.124736829369,122.658802177858,122.707271627344
"Bahamas, The",BHS,Carbon dioxide (CO2) emissions excluding LULUCF per capita (t CO2e/capita),EN.GHG.CO2.PC.CE.AR5,3.0781107662853,3.02590319550019,3.27579655864951,2.41077653761121,2.57106026805422,2.50106137356278,3.14316469321851,3.71687977947211,3.80123980788562,3.12091728452909,3.49109334436347,2.2976415614601,2.70834609515033,2.87898499286191,2.97202705742641,2.90699786685213,3.20908118694515,3.51767673534195,3.92801941347077,4.48951669094825,3.63105417783425,4.01162541343633,4.01672292963188
"Bahamas, The",BHS,GDP per capita (constant 2015 US$),NY.GDP.PCAP.KD,32424.8330349383,32870.1991409669,33374.7116432175,32559.4178505392,32444.1798761845,33144.8960860599,33541.9602520154,33549.4455284788,32331.930166479,30581.4340580326,30657.531992584,30492.7734015434,31553.6206928091,30368.3622669943,30658.7356351188,30719.405417469,30152.2354644699,30974.774621871,31537.4437497052,31117.6825430577,24791.6538067733,29114.2279448407,32186.513975715
"Bahamas, The",BHS,Energy use (kg of oil equivalent per capita),EG.USE.PCAP.KG.OE,..,..,..,..,1954.1941597848,2023.87945122625,2026.55184786509,2006.59998754719,..,..,..,..,..,..,..,..,..,..,..,..,..,..,..
"Bahamas, The",BHS,Urban population (% of total population),SP.URB.TOTL.IN.ZS,82.007,82.049,82.092,82.134,82.176,82.218,82.26,82.302,82.343,82.385,82.427,82.476,82.532,82.596,82.668,82.746,82.832,82.925,83.025,83.132,83.245,83.365,83.492
"Bahamas, The",BHS,Trade (% of GDP),NE.TRD.GNFS.ZS,79.6449438925669,72.5008806383396,70.2779817050926,71.063540505226,76.0019833710461,81.3962709176308,87.5507143032777,88.0128155625079,87.4292228766863,76.5210439633098,78.6756024311196,88.3336891598687,84.2515204656543,84.5484138879077,80.5370272284116,69.6779752652565,67.212921580015,68.334284038596,72.1542685971043,68.7866234842208,53.4207580670063,65.9325413308964,75.9829601059237
"Bahamas, The",BHS,Renewable energy consumption (% of total final energy consumption),EG.FEC.RNEW.ZS,0,0.4,0.4,1.5,1.6,1.7,2,3.5,2,1.5,1.3,1.4,1.4,1.4,1.4,1.4,1.2,1.1,1.1,1.1,1.4,1.1,1.1
"Bahamas, The",BHS,"Industry (including construction), value added (% of GDP)",NV.IND.TOTL.ZS,12.1488719700562,9.53614103678483,10.6168563566021,10.870239197122,10.3431253996283,10.8090522762856,11.7337529813863,9.25945110064285,10.3895116853506,10.0100581448934,11.4998771761611,12.0451419747876,13.0340285810231,12.939963533264,13.1841890278389,11.1534432655268,13.1841863831865,12.9253067028738,12.2620756365452,12.9893801310537,12.1169136946117,11.850128769627,9.50434632433366
"Bahamas, The",BHS,Fossil fuel energy consumption (% of total),EG.USE.COMM.FO.ZS,..,..,..,..,0,0,0,0,..,..,..,..,..,..,..,..,..,..,..,..,..,..,..
"Bahamas, The",BHS,Population density (people per sq. km of land area),EN.POP.DNST,32.3511488511488,32.7508491508491,33.1282717282717,33.5282717282717,33.9442557442557,34.355044955045,34.8026973026973,35.2981018981019,35.7762237762238,36.2447552447552,36.7110889110889,37.1357642357642,37.5093906093906,37.8574425574426,38.1916083916084,38.4961038961039,38.7667332667333,39.0094905094905,39.2324675324675,39.4280719280719,39.5467532467532,39.5977022977023,39.7140859140859
Bahrain,BHR,Carbon dioxide (CO2) emissions excluding LULUCF per capita (t CO2e/capita),EN.GHG.CO2.PC.CE.AR5,27.8732774764658,27.8270902261551,27.0590652632527,26.0244049510998,24.1830866740881,26.2934535823821,26.4976718615945,24.8744581663532,25.0738561807202,23.4684724821052,23.4711361344292,24.2703050994962,24.9935481949835,25.6391882801584,25.3333049335064,24.4289298427669,23.502977398741,22.4872028544097,22.5029622291664,24.8338001666042,25.0267625954012,24.7782951610812,23.8009225463749
Bahrain,BHR,GDP per capita (constant 2015 US$),NY.GDP.PCAP.KD,25407.9694054552,25106.2869742612,24149.0156013799,23857.6403579769,23688.1121059225,23439.6704353038,23095.0181330228,23112.4888058398,23127.2148040048,22206.9371985225,22224.0736166249,23288.0449398313,23894.8804447088,24271.6278814506,24135.4991304849,23734.0551143019,23715.2791328712,23606.8867501313,24059.7838641562,24873.6640060134,23586.9309581516,24086.7847803428,25234.40256182
Bahrain,BHR,Energy use (kg of oil equivalent per capita),EG.USE.PCAP.KG.OE,12833.272118279,12648.0885082095,12214.6865774264,11894.9484733033,11271.2138903395,11975.4282360997,11582.0205666291,11533.9934710843,11593.7971674415,10432.8967547383,10317.976004905,10624.3872166304,9996.52196196405,11219.433931134,10257.0253426946,10405.6390717453,9878.66504979139,9444.4239393348,9533.85538285247,10388.189018559,10832.91852134,10666.0574068433,10701.7927575092
Bahrain,BHR,Urban population (% of total population),SP.URB.TOTL.IN.ZS,88.372,88.369,88.373,88.383,88.399,88.422,88.452,88.488,88.53,88.579,88.634,88.695,88.762,88.835,88.915,88.999,89.09,89.186,89.287,89.394,89.506,89.622,89.743
Bahrain,BHR,Trade (% of GDP),NE.TRD.GNFS.ZS,135.809135327865,127.026266277537,131.133634216392,128.091582155216,140.737310039923,148.313525108923,147.104181068989,137.785050572304,145.882511145821,117.963725409489,115.561486449616,167.529641035854,178.824020821684,184.58950884485,168.57585814186,147.916060172904,132.822997902774,136.429239810394,144.075372574535,135.417543398211,135.460985012931,153.799316485108,167.141241152535
Bahrain,BHR,Renewable energy consumption (% of total final energy consumption),EG.FEC.RNEW.ZS,0,0,0,0,0,0,0,0,0,0,0,0,0,0,0,0,0,0,0,0,0,0,..
Bahrain,BHR,"Industry (including construction), value added (% of GDP)",NV.IND.TOTL.ZS,..,..,..,..,..,..,45.2834880040933,45.9178652906561,50.4076629462208,43.0997000499723,43.9268581860394,48.2947958378082,46.3397302766462,46.6971284608616,45.3135767644884,39.0907990671172,38.2033398636175,39.9934662996166,41.4758871750475,40.6177669647554,39.1001079781372,44.2164324898801,46.3896273702963
Bahrain,BHR,Fossil fuel energy consumption (% of total),EG.USE.COMM.FO.ZS,97.4481106759087,97.8458985745272,97.9049040838775,98.1119706100949,97.3884925608253,98.0272679376343,..,94.9769950255127,99.575925949738,99.4451808647898,..,98.5804334502805,..,98.8397187677929,..,1.88319353432749,0,0,0,0,0,0,0
Bahrain,BHR,Population density (people per sq. km of land area),EN.POP.DNST,898.002816901408,931.430985915493,1000.77887323944,1061.82916666667,1128.41232876712,1201.11081081081,1297.87027027027,1385.72666666667,1451.96842105263,1550.54605263158,1612.26115485564,1558.0443285528,1570.08311688312,1627.52077922078,1705.00907911803,1761.33933161954,1827.63286264442,1924.50769230769,1931.99357326478,1902.25128205128,1875.41910828025,1904.25949367089,1929.99113924051
Bangladesh,BGD,Carbon dioxide (CO2) emissions excluding LULUCF per capita (t CO2e/capita),EN.GHG.CO2.PC.CE.AR5,0.200482660343614,0.238508145231551,0.247169767890226,0.255250836397506,0.265234027233158,0.278993060231867,0.296997445589191,0.312232079407807,0.343315957053316,0.365306179179761,0.399174830713931,0.425099567633734,0.450489807832137,0.460371266499191,0.485151359134913,0.536007629763741,0.584386984418544,0.622894753150526,0.645077044556817,0.655345933649704,0.616107741604915,0.695944754578843,0.732520444251886
Bangladesh,BGD,GDP per capita (constant 2015 US$),NY.GDP.PCAP.KD,620.560472822105,641.288922876274,655.672139362272,676.826252046427,702.656357081873,739.203718353409,779.419570444998,825.508229964537,866.45815762135,901.729626251937,943.66422864236,995.579947155662,1050.39140404066,1103.15695907123,1159.40753475981,1224.38647668165,1299.83091360792,1373.75363740186,1462.25050255713,1564.20802445636,1604.6659234742,1702.08028414189,1804.3493461776
Bangladesh,BGD,Energy use (kg of oil equivalent per capita),EG.USE.PCAP.KG.OE,135.945727032601,148.255373268618,147.979643675058,153.143093984627,154.242895346549,159.825599702335,168.32467252269,174.011519357534,180.396452212736,187.659357547152,195.590116597033,200.299626883527,208.040539602777,218.935059190067,224.107149946033,237.713163558492,255.923548835134,260.880286120411,257.873889464682,273.340023331257,272.076572071717,292.487219529267,297.118356342706
Bangladesh,BGD,Urban population (% of total population),SP.URB.TOTL.IN.ZS,23.59,24.096,24.756,25.429,26.114,26.809,27.517,28.237,28.968,29.709,30.462,31.225,31.993,32.762,33.535,34.308,35.083,35.858,36.632,37.405,38.177,38.946,39.711
Bangladesh,BGD,Trade (% of GDP),NE.TRD.GNFS.ZS,29.3217143619038,32.0980170730117,28.9673807211649,27.657884900158,26.8582341492431,34.396934864465,38.1119244325921,39.9423826531735,42.6209140325589,40.092796223023,37.8028426708321,47.4208498356898,48.1109227490467,46.2964027228174,44.5140801968096,42.0859963070382,31.3341501346142,29.9997306724343,32.5146317240884,31.5780544912404,26.271447376215,27.7240047036631,33.7799672705735
Bangladesh,BGD,Renewable energy consumption (% of total final energy consumption),EG.FEC.RNEW.ZS,60.2,55.9,54.4,52.6,52,50.6,48.6,47.2,45.2,43.1,40.3,38.4,37.3,37,35.4,33.1,30.2,28.1,27,26.1,27.2,25,..
Bangladesh,BGD,"Industry (including construction), value added (% of GDP)",NV.IND.TOTL.ZS,22.2793826819325,22.5838118742213,22.8392543728467,22.4741487860882,22.7797200060528,23.2998442190711,24.0953205119221,24.5005410079343,24.7270013036793,25.2955721814431,24.9564767264585,25.0452996007551,25.3099593902625,26.3070701636507,26.3110467833576,26.8313948329541,31.0691513830358,31.2482919641603,31.9828135899766,32.8525491977868,32.9115650824449,33.3160943869001,33.9200804971876
Bangladesh,BGD,Fossil fuel energy consumption (% of total),EG.USE.COMM.FO.ZS,57.8517474110589,59.8076004427818,60.7327568883524,62.2898416520895,62.2285337439469,62.4217764378947,64.7431179037463,65.8061776689922,67.1179988949062,68.6679554396258,72.7422895640712,73.7224794998889,74.838247944691,72.1218809020138,73.8150399921184,71.1317068718929,0,0,0,0,0,0,0
Bangladesh,BGD,Population density (people per sq. km of land area),EN.POP.DNST,1033.6045478989,1050.97802873166,1067.32471383575,1082.97112237843,1097.8171314435,1111.74453407083,1124.7289928555,1136.89235614965,1148.30040715987,1159.05134823692,1169.25544288238,1179.92683413997,1191.28909118845,1202.52086502266,1213.52791733886,1224.42328493508,1235.3993393255,1245.95641852962,1256.22726434662,1266.90523930245,1277.54493354844,1287.99918568026,1300.36002610164
Barbados,BRB,Carbon dioxide (CO2) emissions excluding LULUCF per capita (t CO2e/capita),EN.GHG.CO2.PC.CE.AR5,2.24564322319442,2.15528246165571,2.29681845026273,2.40127024261032,2.3636540490389,2.4059753038637,2.5884993444493,2.47596650054555,2.9041413348783,2.91329074904331,2.98027561100555,2.45999297455267,2.32362478244228,2.63194857111987,2.39951427709199,2.58181296820675,2.76682951952446,2.43565536761478,2.63295702697792,2.96649798902588,2.38411348323382,2.6837074291061,2.69129138064169
Barbados,BRB,GDP per capita (constant 2015 US$),NY.GDP.PCAP.KD,19351.4638405481,18867.6490259856,18892.1732114238,19184.9280414739,19344.9607873556,20004.7667416753,21117.3141130415,21454.1971109767,21477.2080592359,20294.7826712927,19763.952363572,19555.7321072204,19438.2179113021,19191.4375467197,19160.122299023,18954.2913724506,19251.9834223357,19237.287488428,18974.8571786909,19064.9975884863,16166.6559507829,16099.7749737734,18959.3351638653
Barbados,BRB,Energy use (kg of oil equivalent per capita),EG.USE.PCAP.KG.OE,..,..,..,..,1402.92856661853,1451.40041532381,1474.06315508774,1478.1339388399,..,..,..,..,..,..,..,..,..,..,..,..,..,..,..
Barbados,BRB,Urban population (% of total population),SP.URB.TOTL.IN.ZS,33.827,33.629,33.431,33.234,33.037,32.841,32.646,32.451,32.256,32.063,31.87,31.7,31.553,31.429,31.328,31.249,31.193,31.159,31.147,31.158,31.191,31.246,31.324
Barbados,BRB,Trade (% of GDP),NE.TRD.GNFS.ZS,..,..,..,..,..,..,..,..,..,..,..,..,..,..,..,..,..,..,..,..,..,..,..
Barbados,BRB,Renewable energy consumption (% of total final energy consumption),EG.FEC.RNEW.ZS,11.9,10.8,9.8,8.6,8.7,8.7,8.8,8.6,7.6,8.5,8.2,4.1,3.8,3.1,3,3,2.8,4.3,4.9,3.4,4.7,5.5,5.5
Barbados,BRB,"Industry (including construction), value added (% of GDP)",NV.IND.TOTL.ZS,15.3064226180748,14.6914388606973,14.4197650088524,15.7049384639352,15.0878211641748,14.9456735174761,16.2232839435553,14.723406023603,15.1245152189883,15.4080285848763,14.5118222927177,15.1148066077397,14.6967350769717,14.6403370085124,14.3515969795396,14.4271779180173,13.8904385424109,13.8367970386892,13.5322840151688,13.2389093286305,13.4990577108304,13.9465704706384,13.9791701009868
Barbados,BRB,Fossil fuel energy consumption (% of total),EG.USE.COMM.FO.ZS,..,..,..,..,0,0,0,0,..,..,..,..,..,..,..,..,..,..,..,..,..,..,..
Barbados,BRB,Population density (people per sq. km of land area),EN.POP.DNST,609.448837209302,610.290697674419,614.297674418605,618.083720930233,621.623255813954,624.897674418605,627.911627906977,630.902325581395,634.218604651163,637.495348837209,640.1,642.183720930233,644.041860465116,645.732558139535,647.320930232558,648.813953488372,650.227906976744,651.560465116279,652.816279069767,653.96976744186,655.111627906977,656.155813953488,656.553488372093
Belarus,BLR,Carbon dioxide (CO2) emissions excluding LULUCF per capita (t CO2e/capita),EN.GHG.CO2.PC.CE.AR5,5.63728442293837,5.53815064013886,5.59409370873265,5.69879865249176,6.08272476075899,6.21043334921717,6.50294578072664,6.38585923390691,6.7969460489285,6.48353536393969,6.97161992257141,6.65461590550394,6.80294439323388,6.82261573949793,6.77024908146942,6.25370729502649,6.23713550804124,6.36653663515202,6.73382220275173,6.51550708627546,6.20105518663635,6.3033769645749,6.15801503911272
Belarus,BLR,GDP per capita (constant 2015 US$),NY.GDP.PCAP.KD,2615.36376954661,2753.03369842472,2910.39937536991,3137.26261585453,3520.40452567199,3877.71738863193,4291.68647063136,4682.20676622607,5177.64534830453,5200.77418521241,5616.09411651767,5941.68999107287,6052.63737227717,6115.43288138613,6212.91667355075,5967.05595058777,5811.20159245258,5964.89668930991,6165.91320184691,6267.7350887999,6251.98898903127,6457.73053774952,6206.61909735439
Belarus,BLR,Energy use (kg of oil equivalent per capita),EG.USE.PCAP.KG.OE,2471.64424935802,2496.01811483439,2560.5012580496,2652.43981373496,2760.11626065827,2776.99847069087,2974.24553406449,2925.85288440163,2939.40597422615,2789.00314061154,2895.6108099575,3081.68018120351,3219.42653369693,2870.32580279278,2923.57682069269,2660.14026759548,2639.09486268036,2692.58344898873,2849.29477344053,2748.96883661007,2673.86548599188,2929.27533668037,2862.48703453706
Belarus,BLR,Urban population (% of total population),SP.URB.TOTL.IN.ZS,69.973,70.458,70.939,71.415,71.887,72.354,72.816,73.273,73.726,74.172,74.672,75.188,75.697,76.199,76.693,77.181,77.661,78.134,78.595,79.044,79.483,79.91,80.326
Belarus,BLR,Trade (% of GDP),NE.TRD.GNFS.ZS,141.609165955024,137.044930473063,131.002058282291,134.141852273225,142.136510387704,118.88435169233,124.295103889386,128.153877979073,129.599478545475,108.63564482836,115.917972989303,157.974255073313,153.085269313372,119.815965235724,110.651424367582,115.914826201946,125.209322899662,133.367754723012,139.393736250171,130.850406102184,118.934176146534,136.014167877476,120.024207576094
Belarus,BLR,Renewable energy consumption (% of total final energy consumption),EG.FEC.RNEW.ZS,5.7,6.3,6.5,6.2,6.3,6.8,7.2,7.3,7.1,7.4,7.3,7.5,7.2,7,6.7,6.8,6.7,7.3,7.2,7.8,8.4,8.2,..
Belarus,BLR,"Industry (including construction), value added (% of GDP)",NV.IND.TOTL.ZS,33.4789463312094,32.4639554654927,31.8153820256099,32.7410515030849,35.0189431066695,37.8387848851416,37.2070344531772,37.0472792241675,38.8242464026726,36.1139633461021,35.3917911979998,36.0880730361763,36.2806503161792,35.9037019421087,35.3790497233345,32.6923057673017,30.9584092512823,31.5544850881623,31.2656097096379,31.737128716913,31.3515556956682,32.144290729821,33.0290955450834
Belarus,BLR,Fossil fuel energy consumption (% of total),EG.USE.COMM.FO.ZS,91.2801804701754,90.8482730636878,91.6545026303456,91.8866469119945,93.3361970390079,92.3997663253211,92.3078994441734,92.0910255709237,92.9552573251639,91.8374740327055,92.2018746456196,91.9782181551572,91.303109951088,91.2448990120141,92.8514440851526,-1.22713201793634,0,0,0,0,0,0,0
Belarus,BLR,Population density (people per sq. km of land area),EN.POP.DNST,49.1974779144976,48.9467226045631,48.6397310049352,48.3012483606638,47.9754751867465,47.6446879945571,47.3372826558372,47.1212709646576,46.9585563473992,46.8441433626748,46.7409685463919,46.6297521068454,46.5593029044007,46.5393725235082,46.5506003261518,46.611337189252,46.6499448243246,46.5987595325832,46.5010592176569,46.4107506220284,46.211212927382,45.8368317319537,45.4607172767131
Belgium,BEL,Carbon dioxide (CO2) emissions excluding LULUCF per capita (t CO2e/capita),EN.GHG.CO2.PC.CE.AR5,12.1906694305572,12.2425648199546,11.4677117543818,11.8899401154553,11.705162306186,11.3702695689708,11.0155254694795,10.6367956934602,10.6799242164289,9.94802664161409,10.5526219516784,9.47363643413493,9.28125786670883,9.35735205284654,8.71835159728423,9.08083379071997,8.93630119856096,8.76474858634931,8.75974682538474,8.69376567806716,7.99637460476155,8.30738650609626,7.68302111006566
Belgium,BEL,GDP per capita (constant 2015 US$),NY.GDP.PCAP.KD,35878.3153586195,36148.2880924306,36600.862592332,36826.2699296094,37976.6972967442,38645.2605193362,39371.0858277448,40520.0843207009,40380.9075004042,39293.637546825,39991.5646206286,40236.9596308558,40074.492800399,40007.8997891411,40533.9135027898,40893.804537772,41172.8862831209,41619.328629169,42208.3625650272,43006.4042308863,40769.0218072962,43121.9429709785,44596.7859981166
Belgium,BEL,Energy use (kg of oil equivalent per capita),EG.USE.PCAP.KG.OE,5662.98174716427,5606.17298271092,5397.64817804299,5609.48271408916,5615.40613034968,5549.63760862596,5445.56547084695,5302.04532963844,5425.00683224834,5161.34227289199,5510.36842215322,5063.16739563614,4822.68880223172,5000.34617077523,4701.25771608477,4661.66376202285,4904.15770755315,4863.63280171736,4660.20692893781,4775.95747475268,4386.43050829817,4823.5834216252,4368.44562567427
Belgium,BEL,Urban population (% of total population),SP.URB.TOTL.IN.ZS,97.129,97.186,97.241,97.296,97.35,97.403,97.454,97.505,97.555,97.603,97.651,97.698,97.744,97.789,97.833,97.876,97.919,97.961,98.001,98.041,98.079,98.117,98.153
Belgium,BEL,Trade (% of GDP),NE.TRD.GNFS.ZS,142.230135067034,139.576839834619,136.085149488081,132.715552833888,136.918405348432,144.529050669983,149.567509299511,152.468446875303,161.088447790447,135.13840572229,150.162563621427,160.765516888126,160.383301425059,157.573622782434,158.571610953523,155.068682045926,159.057696611945,166.904078237791,168.277692877218,165.46547893199,156.950121282783,177.381892440073,191.939444094087
Belgium,BEL,Renewable energy consumption (% of total final energy consumption),EG.FEC.RNEW.ZS,1.4,1.6,1.7,1.9,2,2.5,2.9,3.4,4,4.9,6.2,6.7,7.7,8.3,9.1,9.4,9.2,9.7,10.7,10.2,12.3,11.7,..
Belgium,BEL,"Industry (including construction), value added (% of GDP)",NV.IND.TOTL.ZS,24.9438325836543,24.3121509872514,23.7873363393069,23.2266548885812,22.9599989488568,22.5737781481988,22.139925542401,22.2819524770029,21.59544849636,20.4890564622648,20.6595926026257,20.7514599517248,19.9956487544689,19.9151935690442,19.6190570732838,19.4767746872729,19.0981057822176,19.1545604130921,18.9641251486969,19.2417105698694,19.0811705163268,17.9965228539946,19.5139703801863
Belgium,BEL,Fossil fuel energy consumption (% of total),EG.USE.COMM.FO.ZS,75.9394969081857,76.0065911052415,74.3745912273288,74.9718974308498,74.7199718385176,74.844486135217,74.2809735196032,73.1451128003423,73.7948996252147,73.1359819581834,73.1780869616887,70.6589523980701,71.4519170647845,70.779475550962,72.7601177085285,76.2959532196333,0,0,0,0,0,0,0
Belgium,BEL,Population density (people per sq. km of land area),EN.POP.DNST,337.957010516599,339.121418916691,340.64500708799,342.074077737118,343.557742392774,345.452708271519,347.738700425279,350.301651666502,353.079912966077,355.932252002769,359.199090099891,363.902812118814,366.166617215574,367.896581281113,369.533412455082,371.680875614018,373.567467774371,375.009329772855,374.74351490506,376.761985964452,378.38932248967,379.949990161999,383.033055683085
Belize,BLZ,Carbon dioxide (CO2) emissions excluding LULUCF per capita (t CO2e/capita),EN.GHG.CO2.PC.CE.AR5,0.574337933297065,0.566070400476691,0.548808830939537,0.561831829554932,0.500574188039221,0.535514476407692,0.603033229354101,0.566024991556906,0.531605560502167,0.626651397570166,0.726006651157707,0.455548154892483,0.485027540713008,0.598606082071967,0.583223232632988,0.690365472745999,0.711259785305932,0.759374279880601,0.648561644916444,0.695904144063821,0.560371738841182,0.621227987636147,0.649810171999811
Belize,BLZ,GDP per capita (constant 2015 US$),NY.GDP.PCAP.KD,5662.33419045965,5763.67721322443,5893.70035034857,6273.01058592748,6381.59597801024,6335.67777675053,6434.11864385377,6465.21936364157,6183.93891771798,5997.24330826644,5919.55662085777,5777.83112948952,5866.25148992843,5998.17830945783,6109.47778375326,6154.49593498217,6016.49646985703,5772.92692023491,5729.21045186202,5886.9622354935,5003.87784847193,5824.30394264153,6269.37997445105
Belize,BLZ,Energy use (kg of oil equivalent per capita),EG.USE.PCAP.KG.OE,..,..,..,..,570.507346662348,575.5529419335,597.475319406137,601.148260722729,..,..,..,..,..,..,..,..,..,..,..,..,..,..,..
Belize,BLZ,Urban population (% of total population),SP.URB.TOTL.IN.ZS,45.398,45.381,45.364,45.347,45.33,45.313,45.296,45.279,45.262,45.245,45.228,45.228,45.246,45.282,45.335,45.406,45.495,45.601,45.724,45.866,46.025,46.201,46.396
Belize,BLZ,Trade (% of GDP),NE.TRD.GNFS.ZS,96.5405215558873,93.1105047748977,92.9980315751416,94.3158377263351,86.3404361637577,92.9523034679142,98.8593155893536,95.8936207603538,105.44022082926,89.546935149541,95.0335109125279,107.194658055335,111.631926259558,108.793506333784,107.120308663627,104.078794373133,96.4646013748772,97.6922737501655,100.664995094298,102.122848888331,81.821964412463,99.3162710954122,108.52917413145
Belize,BLZ,Renewable energy consumption (% of total final energy consumption),EG.FEC.RNEW.ZS,34.5,23.9,25.7,24.4,26.3,25.6,32.7,28,29.8,25.1,29.4,42.2,47.9,38,37.4,30.3,33.3,37.2,35.5,30.4,31.4,26.6,30.8
Belize,BLZ,"Industry (including construction), value added (% of GDP)",NV.IND.TOTL.ZS,22.7983141627887,20.9669167803547,19.9654521351384,17.3848269539308,17.5714744619338,17.1463439438625,19.0554001822581,20.200925546248,20.2685605842774,19.4077583654131,18.0615225983846,18.6721764593197,15.7693516287839,15.7053252982413,15.8400561206594,14.5436720549007,15.4606731541827,14.0934562944006,13.6640139539954,14.0518360339991,16.3301270284162,17.02505628886,15.430147187972
Belize,BLZ,Fossil fuel energy consumption (% of total),EG.USE.COMM.FO.ZS,..,..,..,..,0,0,0,0,..,..,..,..,..,..,..,..,..,..,..,..,..,..,..
Belize,BLZ,Population density (people per sq. km of land area),EN.POP.DNST,10.5567295046032,10.889039894783,11.2235423060061,11.5642262165717,11.9109162647961,12.2635247698378,12.6206926786497,12.9811486190267,13.3433143358176,13.7051293292416,14.0396755808856,14.3488820692679,14.6608505041648,14.977071459886,15.2969311705392,15.6217886891714,15.9888206926786,16.3613327487944,16.6692678649715,16.9149057430951,17.1333625602806,17.3321350284963,17.6559842174485
Benin,BEN,Carbon dioxide (CO2) emissions excluding LULUCF per capita (t CO2e/capita),EN.GHG.CO2.PC.CE.AR5,0.213927098618745,0.249328596394432,0.279072457997771,0.303194588193963,0.313478432776973,0.332405902391414,0.443804509295841,0.491044809290718,0.472895495307671,0.492353742177627,0.518418810380298,0.491280484717925,0.454246567279532,0.464018771791588,0.494850228522129,0.511298574442853,0.610839161616305,0.601464478586818,0.665910436007325,0.630789231033362,0.656051195665488,0.481443319028999,0.481049421777723
Benin,BEN,GDP per capita (constant 2015 US$),NY.GDP.PCAP.KD,861.213292013209,879.854463773645,893.137100961634,896.146763201736,907.624431209378,893.91536869992,900.62053578735,926.740113754071,943.203380303862,936.565651071554,928.246655329144,927.716412836707,943.918771531001,982.399206290516,1014.4330062135,1002.41886879614,1006.03926633023,1032.90471194182,1071.50452156932,1114.17304526443,1126.65404122154,1176.37727637273,1218.49668929091
Benin,BEN,Energy use (kg of oil equivalent per capita),EG.USE.PCAP.KG.OE,274.581436432907,283.230273372813,294.724145806201,301.499151686105,305.279536303894,296.647429948477,339.270972775752,358.123373575729,355.191568797727,361.653717680842,363.74357481978,352.901249030589,346.220822053438,366.743087755895,367.294184971858,379.492026672934,409.038821084068,412.304352119196,423.283323822533,414.543641080217,426.185478700943,376.055295296953,375.820983649337
Benin,BEN,Urban population (% of total population),SP.URB.TOTL.IN.ZS,38.333,38.65,39.036,39.536,40.039,40.543,41.049,41.558,42.069,42.58,43.093,43.608,44.125,44.642,45.166,45.695,46.229,46.768,47.312,47.861,48.415,48.972,49.534
Benin,BEN,Trade (% of GDP),NE.TRD.GNFS.ZS,47.3481515012844,48.2571706392197,43.7684225364311,41.6162305574334,39.9029743365096,39.0959311879142,39.7746987128551,49.1137841529705,47.7753592695169,44.7026290629806,51.4308599492924,47.2170288118403,50.7367367791134,59.2001918331875,65.2682749404551,56.7563131849476,58.9869283378276,61.4765969588474,61.7951944903448,63.68133231423,44.8332333768726,48.0548608324409,44.3815928877424
Benin,BEN,Renewable energy consumption (% of total final energy consumption),EG.FEC.RNEW.ZS,70.3,66.9,64,61.7,60.7,59.2,57.3,54.5,54.8,52.8,47.2,48.7,50.3,52,51,49.9,45.4,45.4,44,46.5,46.2,54.5,..
Benin,BEN,"Industry (including construction), value added (% of GDP)",NV.IND.TOTL.ZS,18.7563482119071,21.6063061308323,21.2560648162627,21.7653358858628,20.4994246078487,21.6135923867357,21.1570137776206,19.5111771844474,17.6606220766815,17.9195079292369,18.0090531395068,18.1374491115974,16.9566846878966,17.2437092893088,16.4115774866134,16.3850954444902,15.7020683118185,15.1075858507501,14.6419567509163,16.3125612015902,16.2905490528658,16.4674003775761,17.017826707817
Benin,BEN,Fossil fuel energy consumption (% of total),EG.USE.COMM.FO.ZS,25.4829422387102,27.4617320074295,29.6435660440705,32.0737348630461,32.8184336424217,31.0459223299852,36.3213139062545,39.6651235454911,39.0716137104877,39.7976146205606,42.5987987453749,41.5532937721268,39.0733832245216,37.7470197796043,38.8657461283584,40.5483943070822,0,0,0,0,0,0,0
Benin,BEN,Population density (people per sq. km of land area),EN.POP.DNST,64.0441557289819,66.0304717985101,68.0686945725434,70.1762149698475,72.3580525008868,74.7263568641362,77.0950869102519,79.4073164242639,81.8416637105357,84.3333008158922,86.8879389854558,89.5142160340546,92.2105090457609,94.9701489890032,97.8184107839659,100.750984391628,103.741060659808,106.773501241575,109.820388435615,112.865865555161,115.911395885066,118.955454061724,122.024663001064
Bermuda,BMU,Carbon dioxide (CO2) emissions excluding LULUCF per capita (t CO2e/capita),EN.GHG.CO2.PC.CE.AR5,2.44191714053615,2.40192671375693,2.66325512535805,2.74099958323983,2.76396770841659,2.96439221189265,3.68590253684311,4.3977146484685,4.4044233807267,3.84802957602454,4.84739113377795,2.40534730830182,2.79043459133331,3.11133482241168,4.27836106345134,3.63198033530821,4.9094548377437,4.48582843121835,4.88790712976453,5.59065312680363,4.90043801062409,5.12158148743967,5.13367001806978
Bermuda,BMU,GDP per capita (constant 2015 US$),NY.GDP.PCAP.KD,109502.763102809,116809.925253071,114574.433608566,118018.831592635,120432.12052555,122143.799577518,128662.931924261,132595.482654866,129525.177139097,121727.584908744,118382.908990645,113937.835700983,108040.575659203,107860.394791964,103941.982606956,104855.366822135,104190.876720334,107734.608357327,106843.163739391,106709.881238843,98999.5076617935,103134.729483915,109642.671877743
Bermuda,BMU,Energy use (kg of oil equivalent per capita),EG.USE.PCAP.KG.OE,..,..,..,..,..,..,..,..,..,..,..,..,..,..,..,..,..,..,..,..,..,..,..
Bermuda,BMU,Urban population (% of total population),SP.URB.TOTL.IN.ZS,100,100,100,100,100,100,100,100,100,100,100,100,100,100,100,100,100,100,100,100,100,100,100
Bermuda,BMU,Trade (% of GDP),NE.TRD.GNFS.ZS,..,..,..,..,..,..,..,..,..,..,74.595080341836,76.2704368073774,73.7823030616219,76.2701066974999,76.5167474588353,73.2954985174785,72.7499093828891,72.3924284503794,77.5552703807388,77.5601016506443,69.1937002313222,71.4081698076429,75.1972250263227
Bermuda,BMU,Renewable energy consumption (% of total final energy consumption),EG.FEC.RNEW.ZS,0.5,0.5,0.5,0.5,0.5,0.5,0.4,0.5,0.5,0.4,0.4,0.4,0.4,1.5,0.4,0.6,1.1,0.6,0.7,0.8,0.9,0.9,0.9
Bermuda,BMU,"Industry (including construction), value added (% of GDP)",NV.IND.TOTL.ZS,11.0730100605738,10.3085111383479,9.58402713787467,9.56824574079935,9.61836268756259,9.95111886767338,..,..,..,..,6.59753236327659,5.66742455792625,5.11874218822023,5.29900911819128,5.00463985900816,5.12438047943502,5.34979364226582,5.50930538497597,5.7012359712742,6.37065036340846,5.63399872578246,5.29810754046927,5.32590434727504
Bermuda,BMU,Fossil fuel energy consumption (% of total),EG.USE.COMM.FO.ZS,..,..,..,..,..,..,..,..,..,..,..,..,..,..,..,..,..,..,..,..,..,..,..
Bermuda,BMU,Population density (people per sq. km of land area),EN.POP.DNST,1139.81481481481,1145.68518518519,1150.77777777778,1155.2962962963,1158.42592592593,1161.31481481481,1163.59259259259,1166.85185185185,1172.22222222222,1177.12962962963,1180.09259259259,1180.24074074074,1178.62962962963,1177.2962962963,1176.46296296296,1175.25925925926,1174.98148148148,1177.37037037037,1182.05555555556,1187.16666666667,1192.25925925926,1197.18518518519,1199.05555555556
Bhutan,BTN,Carbon dioxide (CO2) emissions excluding LULUCF per capita (t CO2e/capita),EN.GHG.CO2.PC.CE.AR5,0.682233611398261,0.711696578551852,0.754313278636279,0.752905531605252,0.739381194815416,0.78339238364319,0.811718562490403,0.823262962302602,0.820425700552633,1.13561041401292,1.27673766304844,1.55079738982234,1.46135604137302,1.51611875804008,1.53081475681965,1.76163690323487,1.89779987323932,2.04736622322973,2.36245967471264,2.56804179785153,2.25569670885681,2.41191475313434,2.46723710933598
Bhutan,BTN,GDP per capita (constant 2015 US$),NY.GDP.PCAP.KD,1259.6237645235,1321.09878230279,1427.25693317315,1506.4152751782,1552.73915195801,1632.02169500573,1701.11878173586,1952.25734603779,2017.76018913403,2148.56480375034,2378.72810760985,2552.48871073094,2654.74798946027,2671.07460201171,2797.81883971908,2954.04081911097,3173.36773217431,3211.80903275593,3300.55006461736,3467.38598979356,3092.12428399363,3206.20366997254,3349.73309632799
Bhutan,BTN,Energy use (kg of oil equivalent per capita),EG.USE.PCAP.KG.OE,..,..,..,..,276.691507415332,308.219954220272,314.550260212075,359.542084843091,..,..,..,..,..,..,..,..,..,..,..,..,..,..,..
Bhutan,BTN,Urban population (% of total population),SP.URB.TOTL.IN.ZS,25.418,26.48,27.57,28.688,29.835,30.965,31.712,32.469,33.236,34.01,34.793,35.585,36.371,37.149,37.918,38.678,39.428,40.167,40.895,41.612,42.316,43.008,43.686
Bhutan,BTN,Trade (% of GDP),NE.TRD.GNFS.ZS,74.0264971104432,71.0945747295588,70.2833172005966,72.8499006593611,89.0605518004294,97.7434135429344,108.157794891125,106.929022415,101.954235669521,101.559411565244,105.010666693593,102.795600221106,94.0450271469571,95.0525382780424,87.9342562013295,89.6391604595496,76.3847528498375,76.7884016850221,79.7397203296083,76.1235167041505,71.8303510394637,77.5824482709826,85.5712165226139
Bhutan,BTN,Renewable energy consumption (% of total final energy consumption),EG.FEC.RNEW.ZS,91.4,90.2,89.7,89.7,90.9,88.7,91.6,92,87.8,87.8,84.8,84.9,82.8,81.7,82.1,81.6,80.8,79.7,80,81,83.9,81.8,82.5
Bhutan,BTN,"Industry (including construction), value added (% of GDP)",NV.IND.TOTL.ZS,33.3183174679356,35.4249844481953,35.7295816748361,36.1445809474928,34.5745128686706,34.0427943524964,35.6000595350092,41.6218746913227,40.8156244643724,39.4589101877082,39.32493053906,37.4178826768856,38.2126912443455,38.8444853647316,37.6449550742574,38.4680946453953,38.448996403302,39.0388793784971,35.2652134391702,33.0939030506784,31.7909765311756,31.6232724038612,31.8248447380802
Bhutan,BTN,Fossil fuel energy consumption (% of total),EG.USE.COMM.FO.ZS,..,..,..,..,0,0,0,0,..,..,..,..,..,..,..,..,..,..,..,..,..,..,..
Bhutan,BTN,Population density (people per sq. km of land area),EN.POP.DNST,14.9965577889447,15.3465829145729,15.6886683417085,16.0216834170854,17.0670304588504,17.3640370438387,17.5984206522024,17.8041556260986,18.0064275782459,18.2067843744261,18.407324815699,18.6105149933101,18.8178240680012,19.0275467639111,19.2339113781252,19.4301230422121,19.6063863255034,19.7759804949664,19.920267435763,20.0530676455165,20.1889355007866,20.3314630309386,20.4749344520189
Bolivia,BOL,Carbon dioxide (CO2) emissions excluding LULUCF per capita (t CO2e/capita),EN.GHG.CO2.PC.CE.AR5,0.952868854840033,0.906196645254695,0.950860948804851,0.995922967284298,1.02616313463498,1.0607372012981,1.13141691563335,1.23753350209995,1.30280022308717,1.36259238090009,1.45138472522783,1.55374531992634,1.61903884314347,1.69274207197344,1.79234037626713,1.80983512495341,1.90899479607371,1.9180513138116,1.90640410525628,1.88310968380276,1.56940002956933,1.8270957732698,1.88267865094707
Bolivia,BOL,GDP per capita (constant 2015 US$),NY.GDP.PCAP.KD,2014.19024658446,2013.84581083123,2029.66993638623,2050.07133411878,2099.99081063701,2156.18670325307,2221.42722587104,2283.4273357151,2383.25032578229,2422.57579390006,2481.40700850945,2568.5205166368,2657.23884915854,2793.51457098675,2900.90241586338,2996.01289811344,3077.57057564767,3160.16421228968,3246.76434820658,3272.38171029956,2949.81955038243,3098.35062383781,3172.91046695036
Bolivia,BOL,Energy use (kg of oil equivalent per capita),EG.USE.PCAP.KG.OE,424.497392990293,444.570211427174,520.021917040091,524.19320800163,523.192178579792,567.496536227946,568.36995826632,570.3375548833,572.261293056089,586.284286067628,625.49842839535,660.399933602591,703.763401801031,699.363675306555,757.547132518494,748.85994552389,778.965230116872,800.888183667631,803.127890554365,795.54274549867,657.745469205531,757.863166521587,798.293220052314
Bolivia,BOL,Urban population (% of total population),SP.URB.TOTL.IN.ZS,61.787,62.306,62.783,63.248,63.711,64.17,64.628,65.082,65.535,65.984,66.43,66.874,67.315,67.699,68.047,68.393,68.738,69.08,69.425,69.773,70.123,70.475,70.83
Bolivia,BOL,Trade (% of GDP),NE.TRD.GNFS.ZS,45.5977750218555,45.2278224315522,49.3502603725957,51.967836443987,57.4642660901316,67.6419413613743,74.537848431547,76.0619114476148,82.8670208961798,68.6270739127592,75.5116262512877,82.4803954243518,84.9487611684942,81.2309075267174,85.2644695625131,67.9328451905248,56.4010345026573,56.7046527566598,57.1099646119643,56.3973067281247,45.5032626166675,59.0213965632554,67.7558987681252
Bolivia,BOL,Renewable energy consumption (% of total final energy consumption),EG.FEC.RNEW.ZS,29.2,29,28.1,27,25.8,24.6,23.7,22.1,21.3,20.6,19.9,18.1,17.4,16,15,14.2,13.6,14.3,14.3,13.5,16.9,12.8,..
Bolivia,BOL,"Industry (including construction), value added (% of GDP)",NV.IND.TOTL.ZS,25.7390221812353,25.4206764753126,25.4735692447779,25.5964904919612,26.8396494762825,26.2692194219914,27.652247464959,28.2897904061027,29.7366397824222,29.2286844945559,30.1439417460822,30.3691066361261,29.3342196293346,28.5181929044884,27.6254998805738,25.2024162838659,25.3263589797711,26.3699744281296,26.2465894715173,25.2102745511952,23.4919320116415,26.3623003775663,26.2017588810386
Bolivia,BOL,Fossil fuel energy consumption (% of total),EG.USE.COMM.FO.ZS,..,75.7164290872027,79.933502958493,82.2065064303859,80.7256446999291,81.4270864696426,..,78.6694995391054,82.5477818990669,80.8992307778645,82.6209655342577,81.978472826268,87.5943149007569,87.9231212409312,85.3096607368902,43.4583552774449,0,0,0,0,0,0,0
Bolivia,BOL,Population density (people per sq. km of land area),EN.POP.DNST,7.94454537062679,8.07969722145297,8.21596510661866,8.35474937690391,8.49652635465707,8.64096187575002,8.78952183144097,8.94116126650051,9.09337948859965,9.24607680236315,9.39937690390474,9.55315148158405,9.7071974522293,9.86117234376442,10.0146662974245,10.1677328533186,10.3203360103388,10.4722486845749,10.6234357980246,10.7739185821102,10.9076885442629,11.0194405981723,11.1484851841595
Bosnia and Herzegovina,BIH,Carbon dioxide (CO2) emissions excluding LULUCF per capita (t CO2e/capita),EN.GHG.CO2.PC.CE.AR5,3.43292936077491,3.3726544095163,3.54039945539663,3.63470537316655,3.87149247268827,4.11178537348898,4.59929829949853,4.91420791822643,5.48439738733754,5.58217781665728,5.8285093003438,6.7522618805184,6.35086712588958,6.42805493097349,5.83253783000531,5.91870323523301,6.76696795251832,6.99601187861691,7.10351343371715,6.75333347481552,6.82889260881465,7.07718279753472,7.08708369503015
Bosnia and Herzegovina,BIH,GDP per capita (constant 2015 US$),NY.GDP.PCAP.KD,2566.58782060588,2616.41412523094,2742.33362647095,2854.84504596813,3062.93618997193,3216.86881717187,3418.75501252184,3663.94488965387,3927.87965579966,3876.39718028292,3980.04128344756,4093.05152243746,4138.70218363601,4305.4675564178,4411.38102277262,4662.25883724069,4876.5347244666,5099.81613758953,5360.17443893099,5583.29732033466,5490.75367062899,5995.44817572385,6327.06293910437
Bosnia and Herzegovina,BIH,Energy use (kg of oil equivalent per capita),EG.USE.PCAP.KG.OE,1044.83032752066,1004.95066006105,1052.10768786264,1052.76815633322,1161.36225812454,1230.32229950965,1304.39455421949,1321.60129723785,1510.20925021027,1602.5317512912,1700.48373318065,1909.67028647304,1821.21222097011,1787.39246392599,1682.31287779308,1755.04377103361,1945.25475764264,1966.74296405564,2205.40019359849,2157.71633026544,2152.73018925591,2267.26088940872,2270.72637629896
Bosnia and Herzegovina,BIH,Urban population (% of total population),SP.URB.TOTL.IN.ZS,42.384,42.698,43.014,43.33,43.648,43.965,44.282,44.601,44.92,45.239,45.558,45.878,46.199,46.519,46.84,47.173,47.518,47.876,48.245,48.626,49.02,49.425,49.841
Bosnia and Herzegovina,BIH,Trade (% of GDP),NE.TRD.GNFS.ZS,85.3577431341788,86.0357326558687,78.727479488695,80.5694572639365,81.8126836247759,84.3554628217984,79.8299477752016,83.551858889163,86.1628798430504,73.7474942255023,80.9682159626823,87.8363477136556,88.1451088628529,87.9312413116757,90.5522806874185,88.2919898407608,88.2440351685547,96.6458791411189,98.4320911961869,94.5161278874242,82.1112652572898,96.4859085777747,110.20596766123
Bosnia and Herzegovina,BIH,Renewable energy consumption (% of total final energy consumption),EG.FEC.RNEW.ZS,19.4,20.3,21.2,20.1,20.1,19.7,18.1,14.8,14.3,17.4,19.6,14.2,15.3,19.5,23.6,25.2,23,18.5,35.4,36.8,37.7,36.6,..
Bosnia and Herzegovina,BIH,"Industry (including construction), value added (% of GDP)",NV.IND.TOTL.ZS,21.5373916859689,20.9376174163641,19.8153865976587,19.8200801927973,20.2334920339996,21.4328391329964,21.0300824020691,21.7724374056523,23.2014104320358,22.9076469417103,22.4540096321725,22.1932597066813,21.6232008180939,22.3236757020136,22.156369823245,21.7264560489569,22.3443500361225,23.1210738626282,23.7113591895767,23.2037923056831,23.7775609403246,24.7993816070925,24.663249794412
Bosnia and Herzegovina,BIH,Fossil fuel energy consumption (% of total),EG.USE.COMM.FO.ZS,87.8933953739359,87.295795445006,87.7493637163905,88.8765587594594,89.0004667789069,88.5091881107963,90.4918222158115,91.070412990263,92.3180836887657,92.6039471530521,91.6523647377464,93.9960054991762,91.9474229896214,92.5037418134298,..,85.3254562745835,0,0,0,0,0,0,0
Bosnia and Herzegovina,BIH,Population density (people per sq. km of land area),EN.POP.DNST,81.24552734375,81.6296484375,81.7969140625,81.61177734375,80.87865234375,80.00962890625,79.36078125,78.3871875,77.10046875,75.7772265625,74.4428125,73.0819921875,71.68189453125,70.52458984375,69.62556640625,68.72150390625,67.83208984375,66.9664453125,66.15234375,65.34244140625,64.44041015625,63.37708984375,62.5937890625
Botswana,BWA,Carbon dioxide (CO2) emissions excluding LULUCF per capita (t CO2e/capita),EN.GHG.CO2.PC.CE.AR5,2.44380826788412,2.30999606366812,2.39281782110235,2.32861191077953,2.24276289796176,2.38619212045153,2.21289122098718,2.31393767583839,2.31229198397924,2.07100814649116,1.6595257219109,1.93124302218193,1.66568893260369,2.57497377004151,3.28570691938101,3.21689595433703,3.02075017809391,3.28360421343891,3.56902860677096,3.1461573194436,2.57344580949104,2.74685074503184,2.98484523085448
Botswana,BWA,GDP per capita (constant 2015 US$),NY.GDP.PCAP.KD,5062.64289173588,4971.96371794188,5175.47655317231,5320.440295139,5369.42516766112,5514.21742664705,5865.00026521361,6085.6354476126,6158.61629368051,5179.4138607146,5584.50343260122,5850.07858485864,5742.919242654,6284.97677820877,6547.12253923766,6141.20394726616,6490.83463593483,6662.5764477869,6843.84612121161,6951.73188985979,6254.24806377545,6895.91184943107,7159.5860618268
Botswana,BWA,Energy use (kg of oil equivalent per capita),EG.USE.PCAP.KG.OE,1070.36119676312,1060.85132722236,1057.52604830958,1035.71768168865,1076.41144429025,1090.97560068282,1096.75774429819,1117.65874301485,1158.3591770162,1054.28611010741,1130.54992383335,1069.64525830171,1197.22154587787,1240.35333768798,1333.16636170484,1308.13445233238,1245.11570542658,1280.40747267283,1343.69847257232,1241.6779321074,1119.82959014247,1142.89798614093,1165.14968696121
Botswana,BWA,Urban population (% of total population),SP.URB.TOTL.IN.ZS,53.219,54.062,54.57,55.029,55.488,55.944,56.4,57.928,59.444,60.937,62.412,63.865,64.768,65.572,66.368,67.155,67.933,68.7,69.446,70.172,70.877,71.56,72.224
Botswana,BWA,Trade (% of GDP),NE.TRD.GNFS.ZS,91.924729689918,87.5250655680957,91.8357740585774,85.8340425151264,90.9978228872631,88.5053520573505,86.612433913524,98.4965249407252,99.008222007989,88.4807886337378,94.6390020873926,98.9614677801469,111.875280620952,125.78303991122,119.497541791464,112.900891016005,100.464689766026,81.9239513763494,87.4551039946493,83.0929813601175,77.6634178431966,88.7587495945773,85.6117077589148
Botswana,BWA,Renewable energy consumption (% of total final energy consumption),EG.FEC.RNEW.ZS,38.5,37.5,36.1,36.2,34.3,33,31.8,29,27.8,28.9,29.9,28.9,27.8,26.7,25.8,26.1,26.7,26.7,25.6,26.2,27.7,27.4,..
Botswana,BWA,"Industry (including construction), value added (% of GDP)",NV.IND.TOTL.ZS,46.3005302919992,44.7677938245925,43.9650990818224,39.6164131871252,38.8219550208892,42.8549522076655,46.6243434434334,45.484421235941,41.10966210137,32.9148698460083,37.2789379627304,41.4322152540452,37.5753342991212,39.106229887551,41.7777034040156,37.5439994873569,40.3451621913098,37.1010050249191,34.8003276690785,31.947105419301,26.6905680956407,33.0400332500926,37.457129713918
Botswana,BWA,Fossil fuel energy consumption (% of total),EG.USE.COMM.FO.ZS,65.1102819262992,64.7805328950299,65.3745526277627,64.1429373990273,61.0756255098647,62.1419462970004,62.7015082392294,61.5973581161306,62.253957309928,59.1162628064176,60.7548251259925,58.0889024542047,61.1591281214806,64.3338608160611,70.0667474120925,70.641802169534,0,0,0,0,0,0,0
Botswana,BWA,Population density (people per sq. km of land area),EN.POP.DNST,2.95975508619625,3.02128703262577,3.07864944506202,3.13330157217723,3.18872478958234,3.24647892294391,3.30759973885272,3.37233073950558,3.44073897623207,3.51255977273128,3.58744199177739,3.65877049035696,3.72067298360771,3.77725195419335,3.83259047518219,3.88769431651757,3.94328163322923,3.99969473999965,4.05685423393856,4.11498067863004,4.17464048135797,4.23736347114146,4.30521059411007
Brazil,BRA,Carbon dioxide (CO2) emissions excluding LULUCF per capita (t CO2e/capita),EN.GHG.CO2.PC.CE.AR5,2.00781892560001,1.99268521156943,1.96864504896722,1.91813943107745,1.99938641898312,1.9989539012045,2.0017839938865,2.08455456819624,2.16791589555648,2.00677529327358,2.27034083899082,2.37346407220956,2.52810306680631,2.63609675534352,2.72958719215547,2.56644717813364,2.3739483184063,2.41568284305132,2.28409517314385,2.25651425253649,2.1442619310431,2.41465421184281,2.2772215483774
Brazil,BRA,GDP per capita (constant 2015 US$),NY.GDP.PCAP.KD,6817.784240857,6823.03396999891,6944.62337495755,6941.4404574508,7258.78185165912,7409.56913232718,7622.04007133264,8003.25413096047,8330.76459841304,8246.09706995094,8792.63436120342,9067.99316348047,9167.49923929815,9366.73932434359,9338.34278278114,8936.19661712113,8577.84376650911,8628.25308908043,8722.33630317935,8771.44051292177,8435.01143254978,8799.22945810901,9032.08481566299
Brazil,BRA,Energy use (kg of oil equivalent per capita),EG.USE.PCAP.KG.OE,1081.36193393467,1086.99299318566,1103.40127916211,1107.9739157885,1157.16905577095,1173.71585743449,1202.05933940304,1259.91135986965,1317.23578420454,1262.10043812649,1384.36896688389,1390.00783643031,1433.15306444735,1487.45745839708,1522.42189026812,1482.02057858653,1414.8979311951,1431.95949698072,1403.40232453429,1415.83477031974,1379.24649914162,1430.3934661032,1432.72741132919
Brazil,BRA,Urban population (% of total population),SP.URB.TOTL.IN.ZS,81.192,81.553,81.88,82.203,82.521,82.834,83.143,83.448,83.749,84.044,84.335,84.631,84.923,85.209,85.492,85.77,86.042,86.309,86.569,86.824,87.073,87.317,87.555
Brazil,BRA,Trade (% of GDP),NE.TRD.GNFS.ZS,22.6397613567941,26.936285022064,27.6183574022309,28.1403847231593,29.6782524787535,27.0867952043315,26.04169989179,25.2926113755394,27.257569417356,22.1059756060333,22.772178113177,23.9344051758721,25.1142736107398,25.7859573274674,24.6854058131291,26.95362593736,24.5336820777006,24.3197343743057,28.8762033763866,28.8902578698964,32.3020785437939,37.6563307598082,38.8160659763397
Brazil,BRA,Renewable energy consumption (% of total final energy consumption),EG.FEC.RNEW.ZS,42.7,41.3,42.9,45.1,45.2,46.1,46.7,47.2,47,48.9,46.8,45.2,43.5,42.3,41.7,43.7,45.4,45.3,46.9,47.5,50,46.5,..
Brazil,BRA,"Industry (including construction), value added (% of GDP)",NV.IND.TOTL.ZS,23.0066186321239,22.6395279130452,22.4953278200255,23.0838178175003,24.306623290035,24.1725782826681,23.5440216722512,23.1253804073443,23.0852937526002,21.8785926263461,23.2679773559416,23.1020509663714,22.1336473653626,21.2248099514406,20.4724627471447,19.3600439818506,18.3547582766688,18.188502309123,18.7490514528298,18.754627572495,19.5061183894885,22.1234751955181,22.819456851691
Brazil,BRA,Fossil fuel energy consumption (% of total),EG.USE.COMM.FO.ZS,58.0045650386403,58.6647188400275,56.8051261801499,54.3276915570315,54.3503830157804,53.8920514535431,53.0536747729249,52.1952459992416,52.1126515141109,50.9013650168232,53.0336194267599,54.2857030621842,56.4658179040788,57.7234726683883,58.8412201603963,20.8080468349331,0,0,0,0,0,0,0
Brazil,BRA,Population density (people per sq. km of land area),EN.POP.DNST,20.8202162203552,21.0933536648106,21.3568430296693,21.610392742883,21.8559563491399,22.0967943824822,22.3318951345634,22.5591243984906,22.7762758221327,22.9811837322658,23.175243415401,23.3646162902273,23.555014752086,23.7467066835444,23.93895376244,24.1292359304821,24.3137963709629,24.4915070817191,24.659465024515,24.8207686159839,24.9649852718428,25.0714027283582,25.161867951482
British Virgin Islands,VGB,Carbon dioxide (CO2) emissions excluding LULUCF per capita (t CO2e/capita),EN.GHG.CO2.PC.CE.AR5,1.36850946099501,1.32717830351991,1.44190387307513,1.55417005511882,1.55150561601329,1.57616733572787,1.82909402686482,1.91595048490105,2.08840535605599,2.32934087736057,2.54742547425474,1.9226750261233,1.87839841819081,2.06289625587484,2.12365754505188,2.0783813554409,2.27876498022315,2.05205052142267,2.49300285656577,2.17887072400055,1.73152012925811,1.88050464175196,1.8633054098489
British Virgin Islands,VGB,GDP per capita (constant 2015 US$),NY.GDP.PCAP.KD,..,..,..,..,..,..,..,..,..,..,..,..,..,..,..,..,..,..,..,..,..,..,..
British Virgin Islands,VGB,Energy use (kg of oil equivalent per capita),EG.USE.PCAP.KG.OE,..,..,..,..,..,..,..,..,..,..,..,..,..,..,..,..,..,..,..,..,..,..,..
British Virgin Islands,VGB,Urban population (% of total population),SP.URB.TOTL.IN.ZS,41.774,42.048,42.328,42.615,42.909,43.21,43.517,43.831,44.152,44.479,44.814,45.154,45.502,45.856,46.216,46.583,46.957,47.337,47.723,48.116,48.515,48.92,49.331
British Virgin Islands,VGB,Trade (% of GDP),NE.TRD.GNFS.ZS,..,..,..,..,..,..,..,..,..,..,..,..,..,..,..,..,..,..,..,..,..,..,..
British Virgin Islands,VGB,Renewable energy consumption (% of total final energy consumption),EG.FEC.RNEW.ZS,0.9,0.9,0.8,0.8,0.8,0.8,0.7,0.7,0.7,0.7,0.7,0.9,0.9,1,1,1,1,1.1,1.2,1.2,1.3,1.3,1.3
British Virgin Islands,VGB,"Industry (including construction), value added (% of GDP)",NV.IND.TOTL.ZS,..,..,..,..,..,..,..,..,..,..,..,..,..,..,..,..,..,..,..,..,..,..,..
British Virgin Islands,VGB,Fossil fuel energy consumption (% of total),EG.USE.COMM.FO.ZS,..,..,..,..,..,..,..,..,..,..,..,..,..,..,..,..,..,..,..,..,..,..,..
British Virgin Islands,VGB,Population density (people per sq. km of land area),EN.POP.DNST,134.94,138.64,142.866666666667,147.56,152.54,157.766666666667,163.286666666667,169.106666666667,175.253333333333,181.453333333333,184.5,191.4,202.3,211.353333333333,219.746666666667,229.986666666667,225.853333333333,217.993333333333,231.046666666667,242.633333333333,247.566666666667,252.06,255.46
Brunei Darussalam,BRN,Carbon dioxide (CO2) emissions excluding LULUCF per capita (t CO2e/capita),EN.GHG.CO2.PC.CE.AR5,18.6095385143249,17.5841845535406,16.3420062981661,18.6148622334027,17.7631187466528,16.7418003098218,23.6253746609884,22.0673923418529,23.5779911221224,20.8358444689208,18.8088149832285,19.6828155006773,18.7946453889342,18.9420284920793,19.451949610078,17.4440802251002,18.4748949864816,18.1883301137782,18.3415180100957,17.175612180356,22.1359218960939,21.5757071289579,20.7490612029778
Brunei Darussalam,BRN,GDP per capita (constant 2015 US$),NY.GDP.PCAP.KD,37509.5983267664,37269.3097506594,37976.262662486,38595.1686901058,37948.6589495693,37312.2777967112,38229.3564968534,36174.5163676434,34126.6940866315,32855.6020295133,33121.3176732283,33754.3639675001,33544.538880398,32381.0738305277,31148.729616258,30625.128732694,29492.4145383772,29524.65904505,29200.1951241759,29996.2405849189,30015.9587299585,29256.1832859253,28549.175527547
Brunei Darussalam,BRN,Energy use (kg of oil equivalent per capita),EG.USE.PCAP.KG.OE,7306.50805505588,6624.44570244008,6344.70953602184,7227.93461469148,6509.41375687627,6180.90186134327,8644.25613377398,8703.6654696927,9379.39547102847,7906.16450304433,8261.092768512,9699.3002516897,9446.07290658886,7399.88850699904,8529.79303823974,6437.00247398227,7008.28171997556,8385.25858976533,8304.04242825767,9219.80339333238,9175.89257228992,8962.62325631033,9537.0515607056
Brunei Darussalam,BRN,Urban population (% of total population),SP.URB.TOTL.IN.ZS,71.164,71.652,72.046,72.421,72.794,73.163,73.529,73.892,74.252,74.608,74.961,75.31,75.656,75.997,76.332,76.663,76.99,77.312,77.629,77.942,78.25,78.554,78.854
Brunei Darussalam,BRN,Trade (% of GDP),NE.TRD.GNFS.ZS,87.0553333568928,91.0997879158665,93.216181422048,89.0856160636546,84.8821664082062,81.6201140781985,81.5709545655602,81.0114145688802,89.7454254846842,90.2870881131683,95.3715460725918,99.5379308607069,105.640902145408,110.939599579074,102.42100104727,89.8961883759738,87.3198012511704,85.1768604153529,93.8980616967955,108.50965849074,110.291003563963,147.123112408157,146.973966092536
Brunei Darussalam,BRN,Renewable energy consumption (% of total final energy consumption),EG.FEC.RNEW.ZS,0,0,0,0,0,0,0,0,0,0,0,0,0,0,0,0,0,0,0,0,0,0,..
Brunei Darussalam,BRN,"Industry (including construction), value added (% of GDP)",NV.IND.TOTL.ZS,66.2665825490249,62.747589703032,63.0811811095942,66.4844980628421,70.1910453455162,73.1530053254546,74.9262612239589,73.3951064270473,76.4320817859321,67.2954810785281,68.6533506775087,73.6724143877158,72.6556143000405,70.0224439279192,67.8496306363655,61.3627776894002,57.2893640811557,59.7205892141163,63.244818370328,62.5153213959076,59.1336301292727,62.7015640831986,67.9255854818627
Brunei Darussalam,BRN,Fossil fuel energy consumption (% of total),EG.USE.COMM.FO.ZS,99.9785500560792,99.9783603348675,99.9793603471158,99.9786638385478,99.976767012194,99.9768045994321,99.977178944974,99.9777405866144,99.9775092438545,99.9773340176557,99.9767038924654,99.972176417489,99.9726961276348,99.9716728017693,99.9718900881513,83.9758649172129,0,0,0,0,0,0,0
Brunei Darussalam,BRN,Population density (people per sq. km of land area),EN.POP.DNST,61.9400379506641,63.253320683112,64.5349146110057,65.7755218216319,66.9660341555977,68.1055028462998,69.1960151802657,70.3743833017078,71.6874762808349,73.0459203036053,74.4462998102467,75.7853889943074,76.9557874762808,78.026944971537,79.0796963946869,80.1161290322581,81.1316888045541,82.1199240986717,83.0759013282732,84,84.896394686907,85.715559772296,86.4079696394687
Bulgaria,BGR,Carbon dioxide (CO2) emissions excluding LULUCF per capita (t CO2e/capita),EN.GHG.CO2.PC.CE.AR5,5.89642421236664,6.29558072512636,6.07292615272291,6.87562079382642,6.66863206019029,6.85315209404082,7.10868880526855,7.63874328757704,7.28199610253423,6.25086389942135,6.69421097601425,7.45511087692329,6.83217426820669,6.20822192163274,6.68895432180516,7.13811482304765,6.83513923928717,7.24329121559769,6.88935950687236,6.73642825772142,6.02850445204601,7.03602000276305,7.74436949669897
Bulgaria,BGR,GDP per capita (constant 2015 US$),NY.GDP.PCAP.KD,3717.92891507381,3937.70165394319,4260.40482745795,4519.18444688932,4849.87144447444,5231.33817610444,5629.80131778982,6048.74234259616,6464.72203037118,6288.72548913763,6428.71747401797,6605.30857880385,6693.42776100824,6792.73551393835,6941.01854679167,7268.65445473873,7586.50414873238,7898.70694583532,8211.93640364397,8644.24951911477,8450.60388758371,9168.85176416607,9601.43271269533
Bulgaria,BGR,Energy use (kg of oil equivalent per capita),EG.USE.PCAP.KG.OE,2276.85216577279,2419.77111113907,2410.06924541046,2489.50818804189,2439.63673677668,2599.1917342682,2696.78264240444,2665.00511750437,2647.46208110447,2337.23945196707,2393.89142256038,2592.51617710519,2493.07808043547,2353.30761322829,2499.7069748767,2637.50353455494,2606.61053390992,2732.22244053467,2764.27513129547,2771.124202737,2664.55152991688,2918.91641380678,2968.65663426552
Bulgaria,BGR,Urban population (% of total population),SP.URB.TOTL.IN.ZS,68.899,69.166,69.524,69.879,70.233,70.584,70.932,71.278,71.622,71.963,72.302,72.638,72.975,73.313,73.651,73.99,74.329,74.669,75.008,75.347,75.686,76.025,76.363
Bulgaria,BGR,Trade (% of GDP),NE.TRD.GNFS.ZS,77.7457041594489,79.0813687477668,75.2696110143524,79.0138853713575,93.063897964183,99.7142112127381,111.04746275381,123.532557660753,124.688747515359,92.6926456036375,103.380522321192,117.41810388629,123.971322714174,129.688682986482,130.248377115245,126.73664221295,122.805514356513,129.634429048004,128.865565279241,125.029963140694,110.324081132354,121.157354617771,138.84014681798
Bulgaria,BGR,Renewable energy consumption (% of total final energy consumption),EG.FEC.RNEW.ZS,8,7.2,8.7,9.2,9.6,9.8,10,8.8,9.9,11.6,14.3,13.2,15.6,18.2,17.1,17.9,17.7,17.1,19.6,19.3,21.1,20.4,..
Bulgaria,BGR,"Industry (including construction), value added (% of GDP)",NV.IND.TOTL.ZS,22.6775829799096,23.9808817257269,24.0045118230475,24.3194023807744,23.1334052420728,24.2323985840088,25.370402523961,26.2601834036365,24.9905785476636,26.5673405144322,23.7541772436849,25.0301012066171,25.3837646988557,23.5074812631202,23.4443018802846,24.0301394911987,24.4597736962039,23.9892951281784,22.1871470437128,21.5227859769958,21.8235786111096,20.7403905758748,25.3027914291274
Bulgaria,BGR,Fossil fuel energy consumption (% of total),EG.USE.COMM.FO.ZS,72.4014393908878,73.1870043247948,70.492873864292,74.1176397918123,74.0091148386035,72.9248872278839,72.3362033247756,77.7529226245004,76.1825440627075,73.474213431802,73.8617612563767,75.7563706188327,72.7741429586005,70.5070300061083,71.9161104454373,36.0044540423489,0,0,0,0,0,0,0
Bulgaria,BGR,Population density (people per sq. km of land area),EN.POP.DNST,73.8513242339329,72.3957516044473,72.0327297794118,71.4841132665257,70.953107760206,70.4986377025037,69.9716652858326,69.4718534204953,68.98592210662,68.5744565217391,68.1245302137067,67.6890935887988,67.2981577008106,65.9543570375829,65.1581798084009,64.3351602800295,63.5053334561533,62.6701179071481,61.816488577745,60.9499447310243,60.3417096536478,59.9419767870302,59.5532148120855
Burkina Faso,BFA,Carbon dioxide (CO2) emissions excluding LULUCF per capita (t CO2e/capita),EN.GHG.CO2.PC.CE.AR5,0.0736905463280256,0.0824400095616096,0.0848520416181915,0.0913890369234335,0.079048730890847,0.0816745588594071,0.0806124683075841,0.109973423201882,0.124943529967998,0.117466088302875,0.121750702778809,0.134102288885523,0.152157950772661,0.17384170097453,0.151364870305271,0.207940498108187,0.201573779499573,0.22411323946474,0.243185730624796,0.263253155049682,0.256975634920007,0.269703771856487,0.272952580203561
Burkina Faso,BFA,GDP per capita (constant 2015 US$),NY.GDP.PCAP.KD,428.309796566198,442.914122870048,448.128856317091,468.263047790124,474.086412333459,499.192797571217,514.113131757062,519.26101218434,533.471299938288,533.470084831931,561.847221302489,581.603658737407,600.731343697818,616.741331164082,624.576885187665,630.124750752312,648.420480176012,669.276310328333,694.492813126351,717.021595096634,713.8421779224,745.472563435144,739.363021191451
Burkina Faso,BFA,Energy use (kg of oil equivalent per capita),EG.USE.PCAP.KG.OE,122.87633161526,138.808404306933,140.366660183959,145.412202886927,149.202025520624,152.454065294215,160.051947053493,167.380496993818,168.80031087063,171.44988829824,227.93902505697,235.67491386243,249.069045065321,258.229706435665,264.949904576004,279.219982120516,271.615575346763,285.313799439353,299.913437292717,302.330693379864,263.88298802906,303.171853475007,312.929085804227
Burkina Faso,BFA,Urban population (% of total population),SP.URB.TOTL.IN.ZS,17.844,18.54,19.258,19.996,20.757,21.537,22.339,22.996,23.534,24.079,24.633,25.196,25.767,26.346,26.934,27.53,28.134,28.743,29.358,29.98,30.607,31.24,31.877
Burkina Faso,BFA,Trade (% of GDP),NE.TRD.GNFS.ZS,35.1229419704263,31.6581708148511,31.3125228527966,30.3682364077323,35.4809436017462,34.1721697681049,35.1065423554549,33.7797172895073,35.3853169801502,40.2959836735924,49.0732385398039,57.4972531038508,61.2386079818398,64.0358513024234,58.8235624937426,59.0891813101662,57.8931727994406,59.2687802020168,60.5956256236488,60.4086928753226,60.7397786403239,62.4203586607795,64.8438739203037
Burkina Faso,BFA,Renewable energy consumption (% of total final energy consumption),EG.FEC.RNEW.ZS,83.9,81.7,81.8,80.8,82,85.4,84.8,82.9,83.5,83.3,82.1,81.4,79.2,78.7,78.9,78.8,77.1,74.6,73.7,72.7,73.1,71.2,71.4
Burkina Faso,BFA,"Industry (including construction), value added (% of GDP)",NV.IND.TOTL.ZS,21.8707545475914,20.6389246484114,20.6338145094446,22.6250739908394,22.6591757180332,20.1658324331189,20.5038527918156,22.5483344043863,20.5479237002055,22.9558804915607,26.0555520336446,28.3722709055706,26.8675103794383,24.0957515828697,24.9295392471244,24.3613757844362,24.8815173666488,25.1500158888108,25.5894433780973,27.4259133812459,29.4694767840377,28.5306243008568,28.7354846571486
Burkina Faso,BFA,Fossil fuel energy consumption (% of total),EG.USE.COMM.FO.ZS,0,0,0,0,0,0,0,0,0,0,0,0,0,0,0,0,0,0,0,0,0,0,0
Burkina Faso,BFA,Population density (people per sq. km of land area),EN.POP.DNST,43.5875219298246,44.9378691520468,46.348307748538,47.8162719298246,49.3440533625731,50.9215021929825,52.5354788011696,54.1531688596491,55.7678837719298,57.419831871345,59.1246271929825,60.8987865497076,62.764206871345,64.6762024853801,66.6281469298246,68.6311659356725,70.6683333333333,72.713475877193,74.7013450292398,76.6153216374269,78.5039839181287,80.3919700292398,82.2698757309942
Burundi,BDI,Carbon dioxide (CO2) emissions excluding LULUCF per capita (t CO2e/capita),EN.GHG.CO2.PC.CE.AR5,0.0455473205285653,0.0353311884407927,0.0324436866109858,0.0260394703850008,0.0298878787348222,0.0242378743740032,0.029533864586913,0.0455655159587124,0.026029796474973,0.0249004039721732,0.0342560569870625,0.0431056748636393,0.0401250001489421,0.0437671305113991,0.0376396381965011,0.0390854829745519,0.0428846569107335,0.0465986869286077,0.0607869878576116,0.0648044247828048,0.0699134091398328,0.068443276419903,0.0630278422265073
Burundi,BDI,GDP per capita (constant 2015 US$),NY.GDP.PCAP.KD,302.219163799824,300.799882759047,305.4383585397,292.318595090044,295.235119511615,287.030688980174,291.866399549575,290.979116170807,292.793764973044,288.941917826614,289.856950614392,290.948032142504,293.232620547249,296.816900573427,299.077479357732,280.966831311923,274.513363399011,269.47688960656,265.672394335817,261.750180238427,255.078218433565,255.917950730796,253.69164159159
Burundi,BDI,Energy use (kg of oil equivalent per capita),EG.USE.PCAP.KG.OE,..,..,..,..,..,..,..,..,..,..,..,..,..,..,..,..,..,..,..,..,..,..,..
Burundi,BDI,Urban population (% of total population),SP.URB.TOTL.IN.ZS,8.246,8.461,8.682,8.908,9.139,9.375,9.617,9.864,10.118,10.376,10.642,10.915,11.194,11.482,11.776,12.078,12.388,12.706,13.032,13.366,13.708,14.058,14.417
Burundi,BDI,Trade (% of GDP),NE.TRD.GNFS.ZS,22.5537244890286,20.9640456147222,21.6738294069666,27.3763120796107,31.5761181816532,35.0999988412936,42.4,38.7999987731993,47.1999995814015,35.8000035591914,39.5000053977394,43.0000028373483,43.7053731916201,46.6040790867655,42.995025805263,22.8382834157721,23.0437252570449,22.2402931011977,26.5997024647774,29.0262099997889,26.773329999595,28.8186599995439,28.315320358729
Burundi,BDI,Renewable energy consumption (% of total final energy consumption),EG.FEC.RNEW.ZS,93.2,94.7,94.6,95.8,96,96,95.3,95.3,95,94.6,93.2,92.1,91.7,90.8,91.3,91.2,89.6,88.2,85.7,84.8,83.4,83.1,83
Burundi,BDI,"Industry (including construction), value added (% of GDP)",NV.IND.TOTL.ZS,15.5395706894248,15.5731910756723,15.8040004931229,15.7417123072253,16.3230191571129,16.9330035986109,15.3152912436064,17.1561942189062,15.415205278109,16.9195289638327,15.3861562777509,14.8096813161324,15.7508130170673,15.5848005138924,15.498211588581,11.7664286894227,12.2073630909389,10.9931308053063,11.1072170298745,10.9359800008699,10.7429500000783,10.599389999527,10.6377881445908
Burundi,BDI,Fossil fuel energy consumption (% of total),EG.USE.COMM.FO.ZS,..,..,..,..,..,..,..,..,..,..,..,..,..,..,..,..,..,..,..,..,..,..,..
Burundi,BDI,Population density (people per sq. km of land area),EN.POP.DNST,251.954595015576,258.347546728972,265.73722741433,274.266121495327,284.682866043614,295.455568535826,306.290771028037,317.829984423676,331.216394080997,348.428582554517,365.126323987539,378.425934579439,392.173987538941,406.516394080997,420.552375389408,430.201713395639,437.673325545171,448.082632398754,461.816433021807,477.232710280374,491.317601246106,504.886331775701,518.734306853583
Cabo Verde,CPV,Carbon dioxide (CO2) emissions excluding LULUCF per capita (t CO2e/capita),EN.GHG.CO2.PC.CE.AR5,0.623404813849911,0.701292437642979,0.769089126124622,0.760906073940129,0.812107557836327,1.2533110705709,1.35961265711351,1.5064793728209,1.45346112036381,1.40296873796037,1.47807698947005,1.72041286780448,1.48177085876688,1.44721557909122,1.51524615186424,1.53026772366577,1.60451386585609,1.69528537141275,1.70446909420255,1.80527675334174,1.89593902218664,1.92142053889585,1.99541694805682
Cabo Verde,CPV,GDP per capita (constant 2015 US$),NY.GDP.PCAP.KD,2037.31720912714,2051.21733888102,2127.70872296502,2186.89500422765,2379.79636224135,2514.16779255327,2683.83943856892,3056.97102851154,3238.44159287498,3159.58698693977,3194.61667734233,3309.20121643898,3341.7421054836,3361.09387702205,3383.8422809791,3415.06266730931,3560.1400729534,3719.71306047915,3853.67940035241,4115.90283469406,3255.93628984058,3471.6553421786,3997.76763250653
Cabo Verde,CPV,Energy use (kg of oil equivalent per capita),EG.USE.PCAP.KG.OE,..,..,..,..,185.660345870622,204.075322346248,207.854452975987,207.581773111107,..,..,..,..,..,..,..,..,..,..,..,..,..,..,..
Cabo Verde,CPV,Urban population (% of total population),SP.URB.TOTL.IN.ZS,53.435,54.291,55.146,55.997,56.846,57.689,58.529,59.363,60.194,61.016,61.821,62.322,62.821,63.317,63.81,64.3,64.784,65.261,65.732,66.195,66.652,67.102,67.545
Cabo Verde,CPV,Trade (% of GDP),NE.TRD.GNFS.ZS,87.5206083614917,92.1637224974152,101.089702293616,98.7683808076547,101.567169989502,104.343839857053,117.816697232822,65.8209895991719,78.184115830287,68.479572252645,85.5484498816191,90.5564501122747,90.649916554117,86.1698600308418,91.3038524117221,94.0084870167993,95.3781398609533,100.052133904219,105.867524052105,103.602656463726,78.3934545931901,77.4550586265341,96.9941368513357
Cabo Verde,CPV,Renewable energy consumption (% of total final energy consumption),EG.FEC.RNEW.ZS,27.9,26,26,24.8,24.4,23.9,21.2,21,23.8,22.1,21.2,20.8,24.3,25.9,26.1,26.4,23.9,21.8,21.9,19.7,23.4,22.6,21.8
Cabo Verde,CPV,"Industry (including construction), value added (% of GDP)",NV.IND.TOTL.ZS,21.7471907808972,19.1640713762081,19.0535136023722,18.5259962998519,18.2180833159781,19.2110778495222,19.0922781266815,14.0115441145192,15.4815103318879,15.9694598343425,14.9414577543955,14.5699784845003,14.00680796227,14.5782787253826,15.4556956659682,14.6158909934146,12.6668493291087,12.5188038438799,14.6286899740782,13.2851974278212,14.6866327211119,12.5191470013199,11.0789238411144
Cabo Verde,CPV,Fossil fuel energy consumption (% of total),EG.USE.COMM.FO.ZS,..,..,..,..,0,0,0,0,..,..,..,..,..,..,..,..,..,..,..,..,..,..,..
Cabo Verde,CPV,Population density (people per sq. km of land area),EN.POP.DNST,112.485607940447,114.216625310174,115.892307692308,117.46476426799,118.950372208437,120.375930521092,121.768734491315,123.124069478908,124.40570719603,125.593300248139,126.497270471464,126.909925558313,127.035980148883,127.102977667494,127.128039702233,127.144913151365,127.184615384615,127.268734491315,127.398263027295,127.569230769231,127.711910669975,128.200744416873,128.967990074442
Cambodia,KHM,Carbon dioxide (CO2) emissions excluding LULUCF per capita (t CO2e/capita),EN.GHG.CO2.PC.CE.AR5,0.160555773813192,0.172785303516598,0.174831417007274,0.185242964353296,0.182646216068865,0.200964313208478,0.220492252087172,0.267053996707069,0.291507889256461,0.341364772662801,0.355699431876721,0.364290670713782,0.376732551203289,0.375176134697692,0.456504779053687,0.544957000306786,0.668090053222764,0.737163303381518,0.757988468109847,0.962005190851403,0.992486072442551,0.988405710867102,1.00888143537241
Cambodia,KHM,GDP per capita (constant 2015 US$),NY.GDP.PCAP.KD,598.561915252147,632.833573980849,662.188341283454,719.333494240509,775.847139030978,866.340290123209,947.065220050691,1030.23117620792,1090.57475806147,1117.25834194514,1155.85236856699,1221.38839852454,1295.25271477893,1376.29557595926,1464.53115866927,1547.32010444393,1645.46671578126,1753.93530504662,1884.28374817086,2008.32094006706,1908.63427518336,1938.76436741791,2011.27433313199
Cambodia,KHM,Energy use (kg of oil equivalent per capita),EG.USE.PCAP.KG.OE,273.111060087066,276.164207089023,272.095279032918,275.5985706572,279.272336910563,286.390391082312,289.726360027538,298.213771742013,296.389616055637,311.4624062289,323.255970747488,325.063800981871,334.025964498856,337.778887518004,359.949524640373,379.745573981888,412.747652430932,418.953616262105,440.94962587052,489.36782496618,516.116717657277,501.330977178892,501.644136152087
Cambodia,KHM,Urban population (% of total population),SP.URB.TOTL.IN.ZS,18.586,18.703,18.82,18.937,19.055,19.174,19.293,19.413,19.571,19.93,20.294,20.663,21.037,21.415,21.799,22.188,22.582,22.98,23.388,23.805,24.232,24.668,25.114
Cambodia,KHM,Trade (% of GDP),NE.TRD.GNFS.ZS,110.397125303731,111.771741244001,118.269562072288,120.074969093599,131.351481056276,133.551965265648,140.348734318483,133.700023826819,130.393510678736,102.2879490147,109.998400607758,109.790505166814,116.740233418212,124.887552768657,124.454908526693,122.109596815379,122.704555602667,121.155451298689,118.43765541305,115.736679072448,122.105396346568,146.179846509715,145.873632761406
Cambodia,KHM,Renewable energy consumption (% of total final energy consumption),EG.FEC.RNEW.ZS,81.6,80.5,81,79.9,80.7,79.2,78,74.8,74.1,68,64.8,64,64.4,65,63.7,60.6,58,56.3,58.1,53,51.4,52.4,..
Cambodia,KHM,"Industry (including construction), value added (% of GDP)",NV.IND.TOTL.ZS,21.6455986512559,23.2646257907737,25.3793058382166,26.3428745441044,27.6802685813967,27.4192470160455,29.0700225848228,28.1400350776131,26.0495966887473,25.5665162922046,26.0088985136981,26.6606926732023,27.6110297650086,28.9581198037895,29.9169916479613,31.4639051712341,33.0562094608004,34.2980809169165,36.8714237524226,39.0455946521572,37.4576122779361,40.3205085730071,40.8649626222329
Cambodia,KHM,Fossil fuel energy consumption (% of total),EG.USE.COMM.FO.ZS,20.3886659359163,21.2353312872785,21.2651748279249,22.3621471950697,22.3875994291799,24.2814861738565,25.5395432657374,27.778821920693,27.4169342416262,31.9280887363429,33.9831522700168,33.5709810521477,33.6066986349734,33.3024862164916,35.1882284155401,42.3837208806863,0,0,0,0,0,0,0
Cambodia,KHM,Population density (people per sq. km of land area),EN.POP.DNST,70.6001359619307,71.7113301608883,72.8259743938364,73.934783593927,75.0324665760254,76.1341604350782,77.2661907999094,78.4147405393157,79.6140890550646,80.8792771357353,82.1477792884659,83.4046227056424,84.6651087695445,85.9404486743712,87.2239519601178,88.5069737140267,89.8074042601405,91.0569453886245,92.1964763199638,93.3679129843644,94.7511556764106,96.160803308407,97.4491502379334
Cameroon,CMR,Carbon dioxide (CO2) emissions excluding LULUCF per capita (t CO2e/capita),EN.GHG.CO2.PC.CE.AR5,0.38394968667836,0.37229195747213,0.357196273473298,0.354788327473308,0.339207393497855,0.320294585042549,0.317582378573899,0.37306586143211,0.38042848584068,0.403437819890306,0.397812372604403,0.366992310910315,0.360733777299813,0.381924885349178,0.401837851162741,0.403234769617598,0.413406388742705,0.408142187771268,0.423802212519254,0.401370731191897,0.396042693940358,0.380123049107515,0.391799287881769
Cameroon,CMR,GDP per capita (constant 2015 US$),NY.GDP.PCAP.KD,1151.27689302947,1169.92670464984,1189.96707897027,1221.09446141454,1271.74326874167,1264.74345218659,1277.32990712342,1295.73067471287,1295.02211276052,1290.89961351149,1290.9013745759,1297.3064962694,1319.66961634054,1347.2130636706,1381.81938454907,1415.00009710569,1435.61830727839,1444.90682916573,1461.01969999317,1470.31785276187,1434.51913723409,1443.57600237663,1458.66180431693
Cameroon,CMR,Energy use (kg of oil equivalent per capita),EG.USE.PCAP.KG.OE,425.839473286279,419.668248263033,429.502648089236,435.147080636702,437.082365532497,428.539594062507,385.035153073309,352.800578879997,345.872865150161,363.548840943917,356.141255871575,363.1696926603,368.67461829541,375.371615915553,395.092656580176,402.983607731397,400.082970120892,392.776292653391,392.392157002433,387.419411707774,386.883842275205,385.081685358061,384.104863153688
Cameroon,CMR,Urban population (% of total population),SP.URB.TOTL.IN.ZS,45.542,46.139,46.738,47.338,47.94,48.541,49.143,49.746,50.35,50.954,51.559,52.164,52.769,53.373,53.976,54.578,55.179,55.777,56.374,56.968,57.56,58.148,58.733
Cameroon,CMR,Trade (% of GDP),NE.TRD.GNFS.ZS,47.9279442460149,51.5722691890366,48.4817227279603,40.2431925894529,41.8377424272557,44.9976813478478,47.1044341803567,53.2156908605178,56.9244171562734,42.1761073594765,47.2385853965951,51.521987603918,50.0360127271229,49.6745363462134,50.8323893087648,45.5401468279393,40.6386315268268,39.1990216052629,40.587602877028,43.3785132480415,33.7388313623871,36.7308347188558,41.2866025594679
Cameroon,CMR,Renewable energy consumption (% of total final energy consumption),EG.FEC.RNEW.ZS,84.6,85.3,85.2,85.3,85.5,86.3,85.5,80.8,80.8,79.2,78.7,78.6,78.6,77.7,76.9,78.1,78.8,79.2,78.7,78.9,78.9,79.2,..
Cameroon,CMR,"Industry (including construction), value added (% of GDP)",NV.IND.TOTL.ZS,28.4827009917297,26.1843316001578,27.4755881959079,28.4233912786935,27.6768854698155,27.9657412557505,28.704565046287,27.1251768898711,27.6000470998579,26.5112531811637,25.8445117305141,25.7767597299444,26.624872181086,26.7419459294765,25.7078027839026,25.0914880063978,24.1821445706245,24.2621952863109,24.6822312095632,23.826878053897,23.0380654380784,24.4925542356924,27.1303593377196
Cameroon,CMR,Fossil fuel energy consumption (% of total),EG.USE.COMM.FO.ZS,16.2026977455823,15.4241769277092,15.2992618537887,16.0987189011651,16.1199403147697,14.7836868211283,16.9552051914999,28.7568003105585,27.4968083384449,30.7379922621886,30.9957454446254,27.1756032011853,31.8344689482544,32.4081828047836,33.4259258806985,4.34350508010314,0,0,0,0,0,0,0
Cameroon,CMR,Population density (people per sq. km of land area),EN.POP.DNST,31.5471028749127,32.3866429734933,33.2667555160669,34.1865837405598,35.1388525734594,36.1206532546381,37.1272175329483,38.1838674874659,39.2927080027924,40.4348839669142,41.607044488164,42.8006684859639,44.0217659876034,45.2759112352182,46.6668634046244,48.1551352837892,49.6163842525015,51.0431363838294,52.4769583888642,53.9571724736096,55.4474371178947,56.9392608576083,58.4560745488777
Canada,CAN,Carbon dioxide (CO2) emissions excluding LULUCF per capita (t CO2e/capita),EN.GHG.CO2.PC.CE.AR5,17.6969816263129,17.2242093262742,17.6672529167598,18.1301922122935,17.5250534561294,18.0225329540933,17.6088453376577,18.0614265864767,17.2814795355701,16.110707355373,16.5148773292354,16.7706629104953,16.3415448128885,16.397634935751,16.3820544895977,16.1640586572594,15.9473357598833,16.2277461463686,16.5528683972161,16.1423151032491,14.375353122034,14.6869220036975,14.7761011717351
Canada,CAN,GDP per capita (constant 2015 US$),NY.GDP.PCAP.KD,37906.8601321366,38200.456120621,38921.6673033743,39270.0234577749,40108.7587456658,41006.2229523971,41663.5123057295,42106.8724378248,42067.5687072607,40376.4153847836,41164.3399119626,42043.6419795513,42320.6431330726,42851.170527104,43643.2356440047,43594.1941045394,43551.3425975115,44339.3886689254,44907.3436912123,45100.2915069262,42366.1285377884,44639.193269037,45677.686578804
Canada,CAN,Energy use (kg of oil equivalent per capita),EG.USE.PCAP.KG.OE,8224.74786425172,8017.16666642228,7943.44588697183,8303.4318789013,8371.02231862308,8369.95929648006,8427.44174185883,8356.30636250042,8098.35289361915,7696.33407281264,7660.75452103288,7716.24822782698,7637.78487245197,7668.79466344868,7780.1475931021,7690.40816617685,7944.50789345873,8175.19037647623,8161.77967501099,8125.58121311618,7495.07932297849,7524.86361233157,7578.02093601237
Canada,CAN,Urban population (% of total population),SP.URB.TOTL.IN.ZS,79.478,79.81,79.888,79.967,80.045,80.122,80.213,80.396,80.578,80.758,80.937,81.096,81.137,81.178,81.218,81.259,81.3,81.35,81.411,81.482,81.562,81.653,81.752
Canada,CAN,Trade (% of GDP),NE.TRD.GNFS.ZS,82.7653578503214,78.3442183943698,75.7070320779233,69.8400946170607,70.1924199909562,69.7591330167357,68.0521644769988,66.2834197482347,67.0236083618983,58.4743918224897,60.2081215044483,62.4987387708328,62.5955489395005,62.2310749013405,64.3786621564923,66.1649020669781,65.3636845215556,65.1010608504649,66.5998858508762,66.1714852804959,61.1567709632763,62.2468367159421,67.3176215563989
Canada,CAN,Renewable energy consumption (% of total final energy consumption),EG.FEC.RNEW.ZS,20.3,19.8,20.1,19.7,20.4,21.6,21.5,21.6,21.6,22.2,21.4,21.5,21.8,22.2,22.2,22.3,22.1,22.8,22.3,22.4,23.9,23.8,..
Canada,CAN,"Industry (including construction), value added (% of GDP)",NV.IND.TOTL.ZS,29.5000375204667,28.4475354619999,27.5731410327833,27.9074104477255,28.3911197223378,29.2129915241778,28.8475544811015,28.6859019053535,29.3420195046589,25.0760182112778,26.3511331619895,27.1393405983891,26.6346687974256,26.6132351758366,27.1379424601872,24.4156825468916,23.2953005455848,24.0278028870792,24.6223059554353,24.0774078769413,22.4516173195,25.3317475177596,..
Canada,CAN,Fossil fuel energy consumption (% of total),EG.USE.COMM.FO.ZS,76.4757593649725,76.5272658627825,75.6427069926961,76.9003402916653,75.9608183161309,76.2188115924218,72.904135590506,73.4577012847781,75.9704557180976,76.0463697861155,76.6407827531288,76.5825123037239,75.3732737696945,73.892619748229,74.3072940366545,73.5167429679308,0,0,0,0,0,0,0
Canada,CAN,Population density (people per sq. km of land area),EN.POP.DNST,3.42261133957721,3.45999036315513,3.497728426127,3.529322777419,3.56237648609852,3.59627553791775,3.63291127522004,3.66834597611535,3.70832237476842,3.75101571675707,3.79293521117963,3.83011279793076,3.8718472515473,3.91284812265562,3.9522291338328,3.98239245827659,4.02771072511681,4.07614836279598,4.13498944297029,4.19587500655283,4.24162135453439,4.351026204103,4.43022676846405
Cayman Islands,CYM,Carbon dioxide (CO2) emissions excluding LULUCF per capita (t CO2e/capita),EN.GHG.CO2.PC.CE.AR5,3.31451328325856,3.16873129061306,3.35418920826081,3.41876451040197,3.07152937025931,3.131144737967,3.39815889865649,4.121802483547,4.34595609079001,4.31221255083812,4.55830976543005,3.57875049455095,3.33239988798656,3.68425539169721,3.84807180851064,4.05892086564355,4.16164817749604,4.34492910823584,4.09001986624407,5.59359543719459,4.44936229689593,4.82255947965995,4.74221620036038
Cayman Islands,CYM,GDP per capita (constant 2015 US$),NY.GDP.PCAP.KD,..,..,..,..,..,..,96066.6290832355,96202.7379415493,93115.3168416314,84001.4215657607,79483.0972813604,78233.0187551876,77074.3890872511,76038.879554035,76104.6215727416,76379.2095108681,77031.8643873625,77717.1752058822,79305.769672996,80714.5718222987,75199.6450417809,77285.7966767064,79587.3887913705
Cayman Islands,CYM,Energy use (kg of oil equivalent per capita),EG.USE.PCAP.KG.OE,..,..,..,..,..,..,..,..,..,..,..,..,..,..,..,..,..,..,..,..,..,..,..
Cayman Islands,CYM,Urban population (% of total population),SP.URB.TOTL.IN.ZS,100,100,100,100,100,100,100,100,100,100,100,100,100,100,100,100,100,100,100,100,100,100,100
Cayman Islands,CYM,Trade (% of GDP),NE.TRD.GNFS.ZS,..,..,..,..,..,..,..,..,..,..,..,..,..,..,..,..,..,117.436583687346,117.117123372744,114.838539695171,105.472789465325,..,..
Cayman Islands,CYM,Renewable energy consumption (% of total final energy consumption),EG.FEC.RNEW.ZS,0,0,0,0,0,0,0,0,0,0,0,0,0,0,0,0,0,0,0,0,0,0,0
Cayman Islands,CYM,"Industry (including construction), value added (% of GDP)",NV.IND.TOTL.ZS,..,..,..,..,..,..,9.82859336348034,9.65080180505381,9.08453243344707,7.90355892124877,7.06530769853434,6.81332537051651,6.85794609285449,6.92395060087452,6.89618044864104,7.00603829734849,7.28391279038289,7.19381823523329,7.41439077440039,7.70795357512228,8.13491486287445,8.37449585910057,8.19059449963044
Cayman Islands,CYM,Fossil fuel energy consumption (% of total),EG.USE.COMM.FO.ZS,..,..,..,..,..,..,..,..,..,..,..,..,..,..,..,..,..,..,..,..,..,..,..
Cayman Islands,CYM,Population density (people per sq. km of land area),EN.POP.DNST,165.308333333333,171.204166666667,177.141666666667,183.058333333333,188.966666666667,194.95,200.966666666667,207.029166666667,213.129166666667,219.241666666667,225.4125,231.691666666667,238.066666666667,244.395833333333,250.666666666667,256.841666666667,262.916666666667,268.895833333333,274.754166666667,280.529166666667,286.183333333333,292.116666666667,298.295833333333
Central African Republic,CAF,Carbon dioxide (CO2) emissions excluding LULUCF per capita (t CO2e/capita),EN.GHG.CO2.PC.CE.AR5,0.0674333283943094,0.0692692691671129,0.0692947239905773,0.0639031207242549,0.0611043720869886,0.0589674058771547,0.0617693021645069,0.0599851661636159,0.0441765095029945,0.043298292113109,0.0446917924457962,0.0480611151624494,0.0485810853014456,0.0324615249075967,0.0350624310269421,0.0500073444911996,0.0528675893885498,0.0540939616076817,0.0551791199914239,0.0589519734552308,0.0602988723255431,0.060327458383052,0.0692030798508995
Central African Republic,CAF,GDP per capita (constant 2015 US$),NY.GDP.PCAP.KD,437.168928414826,446.658634192083,452.808702217035,418.240532289858,433.825227770233,427.968043155237,439.294330902768,450.762785401893,450.313616886022,492.215398914836,519.141456408484,532.38295493852,553.729578314912,349.821171688973,351.561554911625,366.322853938121,376.858254120398,387.35795131742,395.020015455909,401.82582161435,398.834274122139,396.020622931961,398.915397976511
Central African Republic,CAF,Energy use (kg of oil equivalent per capita),EG.USE.PCAP.KG.OE,..,..,..,..,..,..,..,..,..,..,..,..,..,..,..,..,..,..,..,..,..,..,..
Central African Republic,CAF,Urban population (% of total population),SP.URB.TOTL.IN.ZS,37.639,37.72,37.802,37.884,37.966,38.069,38.193,38.339,38.506,38.694,38.904,39.135,39.388,39.663,39.959,40.277,40.618,40.98,41.364,41.77,42.198,42.648,43.12
Central African Republic,CAF,Trade (% of GDP),NE.TRD.GNFS.ZS,45.6597819937269,39.7304997372329,36.1085647794782,36.2312260023474,33.2439549188203,35.0709368656226,36.3958702287378,37.5808990187896,34.4375218095517,31.4942464896799,34.4304819543042,34.4756183327299,33.0594485943314,38.3992875721315,53.0950920179825,53.1451477769621,50.53064402191,57.1435457117119,49.6602000024318,50.0658000014868,49.5210200011921,44.159119995104,45.23357000162
Central African Republic,CAF,Renewable energy consumption (% of total final energy consumption),EG.FEC.RNEW.ZS,88.9,88.9,89.2,90.2,90.6,91,90.8,90.9,93.6,93.9,93.8,93.3,93.1,95.1,94.8,92.9,92.1,91.6,91.4,91.3,90.9,90.9,90.9
Central African Republic,CAF,"Industry (including construction), value added (% of GDP)",NV.IND.TOTL.ZS,..,..,..,..,..,..,..,..,..,24.5736807244034,24.5099241422375,26.6383554299084,27.5230753744847,24.1910676004515,19.4826086120024,22.1252513485047,21.6382374370791,20.7372245546503,20.5557559569889,20.5119712162628,20.4481887695507,21.5873200020514,21.157300000739
Central African Republic,CAF,Fossil fuel energy consumption (% of total),EG.USE.COMM.FO.ZS,..,..,..,..,..,..,..,..,..,..,..,..,..,..,..,..,..,..,..,..,..,..,..
Central African Republic,CAF,Population density (people per sq. km of land area),EN.POP.DNST,6.15335323766413,6.29151337121577,6.43050659732255,6.58622427686282,6.73027384506726,6.88434620694083,7.02683713762882,7.16358470576905,7.31802626087515,7.26997174869177,7.21210151208707,7.32771678063501,7.40127772962214,7.45195511894443,7.42107611801342,7.430928761758,7.56631513050178,7.6944861793316,7.83116151401329,7.93717775851552,8.06868278275386,8.20588140871296,8.18331086070179
Chad,TCD,Carbon dioxide (CO2) emissions excluding LULUCF per capita (t CO2e/capita),EN.GHG.CO2.PC.CE.AR5,0.0284536364910487,0.0274644019098323,0.0287620094004163,0.041684966419624,0.0458970108576219,0.0465913742828782,0.0467009339439574,0.0512017152664853,0.0423481583256479,0.0419127552158889,0.0422657323914778,0.0539631643974514,0.0922488974716369,0.0967564353401218,0.0989450884712445,0.109362469168201,0.109833800374537,0.138426253647003,0.139986733538282,0.141736193756595,0.124280980795056,0.122849812766497,0.135841618750933
Chad,TCD,GDP per capita (constant 2015 US$),NY.GDP.PCAP.KD,528.492179115295,570.530862613474,597.786883652378,658.928454990582,842.158764877398,949.086011648517,910.773451555824,918.265540053882,914.250602943879,870.353795767171,956.724153813537,965.593242567789,1016.65896756228,1008.54996552116,993.25648925195,993.990730610869,923.494348293965,878.913785540893,898.669040353434,917.085339933556,884.730874687626,857.290294251454,934.967732795261
Chad,TCD,Energy use (kg of oil equivalent per capita),EG.USE.PCAP.KG.OE,241.652052714378,242.464236204338,240.376196903121,237.538539726345,224.324118812548,228.51576486102,224.010107053053,218.838867716358,217.080678711419,224.07076139036,219.108373918314,208.551559825517,229.379599396786,227.279984715064,221.117166458392,217.019809756483,212.843968377387,204.267378434246,200.502145341686,190.365580148423,193.032680479683,195.892702847717,198.544774520873
Chad,TCD,Urban population (% of total population),SP.URB.TOTL.IN.ZS,21.637,21.67,21.702,21.735,21.768,21.801,21.834,21.868,21.901,21.934,21.985,22.054,22.142,22.248,22.372,22.515,22.677,22.858,23.059,23.279,23.52,23.781,24.063
Chad,TCD,Trade (% of GDP),NE.TRD.GNFS.ZS,51.5711720135652,64.3219080406854,126.350807849912,83.3789149599315,101.768590921564,77.577493649797,77.0815766029615,75.1059962731949,69.0677746090641,64.8597511917067,63.7311691270791,57.5437561870898,54.3851887421013,51.5308164549816,40.8116269859319,48.5114982079885,43.9580149331537,43.2900613852468,46.7384317860183,46.6777247152768,40.6428170621932,43.9465041015895,47.9883784319429
Chad,TCD,Renewable energy consumption (% of total final energy consumption),EG.FEC.RNEW.ZS,88.7,88.6,88.5,83.9,84,83.8,83.7,82.4,79.8,79.4,79.2,80.7,76.1,72.6,72.5,72.7,72.7,72.8,73.1,72.8,71.9,69.9,70
Chad,TCD,"Industry (including construction), value added (% of GDP)",NV.IND.TOTL.ZS,10.9126742297265,13.0831347755703,14.2598695954881,30.0655483375136,39.0982018059117,39.9644961738127,39.4591190324475,41.0245051426906,42.2215131050333,34.9025737106603,37.9286133933223,41.0747792133064,43.4028876654672,38.4745522079809,37.1094347348857,33.9182904673272,25.3450186548517,26.4585882128612,29.0064942875454,28.75903709786,23.903002699075,28.6098546099848,33.0636052300641
Chad,TCD,Fossil fuel energy consumption (% of total),EG.USE.COMM.FO.ZS,0,0,0,0,0,0,0,0,0,0,0,0,0,0,0,0,0,0,0,0,0,0,0
Chad,TCD,Population density (people per sq. km of land area),EN.POP.DNST,6.75992137865311,6.99183926302414,7.23966963151207,7.53481019695044,7.87804637865311,8.20210609911055,8.50256035578145,8.80055590851334,9.11395806861499,9.44548443456163,9.77809323379924,10.1294448856417,10.4915803684879,10.8728391041931,11.2680098475222,11.6324817344346,12.0033791296061,12.4068924714104,12.830790184244,13.2506535895807,13.6790652795426,14.1584124841169,14.6563818297332
Channel Islands,CHI,Carbon dioxide (CO2) emissions excluding LULUCF per capita (t CO2e/capita),EN.GHG.CO2.PC.CE.AR5,..,..,..,..,..,..,..,..,..,..,..,..,..,..,..,..,..,..,..,..,..,..,..
Channel Islands,CHI,GDP per capita (constant 2015 US$),NY.GDP.PCAP.KD,..,..,..,..,..,..,..,..,..,67622.4695883823,64727.4333131603,65010.9566350941,60866.085192313,60784.8479832989,61897.0637706602,61852.0735568957,62438.478592806,63397.7524683734,63864.3732883742,64598.9625726294,58640.735167679,64272.111712561,67513.5800895208
Channel Islands,CHI,Energy use (kg of oil equivalent per capita),EG.USE.PCAP.KG.OE,..,..,..,..,..,..,..,..,..,..,..,..,..,..,..,..,..,..,..,..,..,..,..
Channel Islands,CHI,Urban population (% of total population),SP.URB.TOTL.IN.ZS,30.465,30.495,30.557,30.619,30.681,30.743,30.805,30.867,30.929,30.992,31.054,31.091,31.059,31.027,30.995,30.962,30.93,30.914,30.914,30.931,30.963,31.012,31.077
Channel Islands,CHI,Trade (% of GDP),NE.TRD.GNFS.ZS,..,..,..,..,..,..,..,..,..,..,..,..,..,..,..,..,..,..,..,..,..,..,..
Channel Islands,CHI,Renewable energy consumption (% of total final energy consumption),EG.FEC.RNEW.ZS,..,..,..,..,..,..,..,..,..,..,..,..,..,..,..,..,..,..,..,..,..,..,..
Channel Islands,CHI,"Industry (including construction), value added (% of GDP)",NV.IND.TOTL.ZS,..,..,..,..,..,..,..,..,..,..,..,..,..,..,..,..,7.67577166610065,8.01938108801916,7.92367533443251,7.93089515501041,7.65409465237542,8.86439875936375,8.38306788106733
Channel Islands,CHI,Fossil fuel energy consumption (% of total),EG.USE.COMM.FO.ZS,..,..,..,..,..,..,..,..,..,..,..,..,..,..,..,..,..,..,..,..,..,..,..
Channel Islands,CHI,Population density (people per sq. km of land area),EN.POP.DNST,748.030303030303,751.767676767677,756.974747474747,762.424242424242,767.873737373737,773.363636363636,778.858585858586,784.388888888889,789.939393939394,795.510101010101,801.116161616162,806.59595959596,811.954545454545,817.055555555556,821.848484848485,825.525252525253,827.691919191919,829.893939393939,833.075757575758,836.560606060606,839.570707070707,842.126262626263,..
Chile,CHL,Carbon dioxide (CO2) emissions excluding LULUCF per capita (t CO2e/capita),EN.GHG.CO2.PC.CE.AR5,3.47348218659688,3.29366216162882,3.29123766192613,3.37723791294867,3.61355633748436,3.61715719670302,3.65572639974269,4.06349583761732,4.23522482467474,4.010533735072,4.20891956587634,4.55673342778646,4.64295036753846,4.8285164826653,4.40520269735076,4.67367312873577,4.86291264555238,4.83419570633295,4.75223057873072,4.95970776566246,4.51602385137412,4.57816462237953,4.54379565403552
Chile,CHL,GDP per capita (constant 2015 US$),NY.GDP.PCAP.KD,8465.35303258864,8632.0148244056,8810.69052712257,9130.7842621819,9642.37478651228,10104.4208391373,10611.6144012877,11051.3450717678,11356.0922105983,11116.4093443103,11649.2897090856,12252.8441074615,12882.834417927,13182.7329619856,13285.9540361192,13433.9202987032,13505.097711133,13473.3458532934,13763.0068844795,13630.5935435578,12679.024004022,14051.4713630677,14283.1489501524
Chile,CHL,Energy use (kg of oil equivalent per capita),EG.USE.PCAP.KG.OE,1623.48012689232,1574.84475911504,1612.43130205148,1612.22953620512,1699.73240740445,1735.08874376693,1788.47442583539,1836.95620548021,1801.2828820239,1735.83895157902,1795.6817303266,1937.32339633854,2123.49178972428,2177.50491871487,1946.21181666587,1968.30286182049,2070.46958170364,2065.97571745805,2067.9764736837,2154.35451877758,1946.16760616995,2032.98120427379,2124.6984823137
Chile,CHL,Urban population (% of total population),SP.URB.TOTL.IN.ZS,86.073,86.363,86.606,86.665,86.725,86.783,86.842,86.9,86.959,87.017,87.074,87.132,87.189,87.246,87.303,87.36,87.422,87.49,87.564,87.643,87.727,87.817,87.912
Chile,CHL,Trade (% of GDP),NE.TRD.GNFS.ZS,58.7119230876973,62.1447669687645,62.4838519016295,65.693419590905,69.8893600532458,72.0625342380294,73.7116350448521,76.9770247140928,80.6766262406468,66.6860309631418,69.7176801370338,72.4816428077334,68.156142891334,65.1432879523879,65.6346281218887,59.3491104775309,56.0578610877723,56.0261589675707,58.177050633437,57.6117545680829,58.1828635629748,64.8774063237834,75.2016177425303
Chile,CHL,Renewable energy consumption (% of total final energy consumption),EG.FEC.RNEW.ZS,31.4,32.1,33.1,31.6,31.4,32.3,32.9,30.5,30.8,31.5,27,28.8,30.3,30.2,27,25.1,24.6,24.1,25.5,25.3,26.7,24.2,..
Chile,CHL,"Industry (including construction), value added (% of GDP)",NV.IND.TOTL.ZS,27.8329007305146,28.4825729751045,28.5180345922146,29.7153366007983,32.7525021838824,34.0353024141328,38.684729192628,37.4665970166252,31.9839914243068,31.8892011542261,33.4669030156191,32.4417542348483,30.5583003272184,29.4304373078105,28.9028670653185,27.8806404106495,26.7795650481896,27.3811560671383,27.8615227739821,27.1184422429165,29.8295676046618,30.860053303873,31.0330474006021
Chile,CHL,Fossil fuel energy consumption (% of total),EG.USE.COMM.FO.ZS,74.5053148076826,73.1003577799168,73.1942380188991,74.5569951582889,75.1763064312062,74.2376962382907,74.0021876923414,76.0197656669821,75.1772773383737,73.4651836977955,77.5945604954581,76.6642948421161,70.0496946256346,68.972325661819,76.0638394134275,75.7299683205292,0,0,0,0,0,0,0
Chile,CHL,Population density (people per sq. km of land area),EN.POP.DNST,20.8513352485165,21.0937108288547,21.3278312164103,21.5522021917012,21.7708477913526,21.9879951367258,22.2037450977228,22.4221432298812,22.6472942657478,22.876931994857,23.107901206673,23.3370130673596,23.5620242302954,23.7878208335351,24.0860324163393,24.333348398175,24.6093854617587,25.002288872834,25.4526848895971,25.84400416762,26.0767352343796,26.192118041714,26.3222982801325
China,CHN,Carbon dioxide (CO2) emissions excluding LULUCF per capita (t CO2e/capita),EN.GHG.CO2.PC.CE.AR5,2.90418209393773,3.02302606439439,3.24162605435801,3.71846041601987,4.25958135138784,4.80528434019575,5.30270079785205,5.73304043979558,5.87581400440115,6.27210695130929,6.82816644925451,7.42320645931147,7.6044757382642,7.9165358997682,7.95775283192162,7.81014936297885,7.78579720274681,7.90503403845396,8.24974792551826,8.41813886747955,8.51990149528736,8.93654217055142,8.87059061376954
China,CHN,GDP per capita (constant 2015 US$),NY.GDP.PCAP.KD,2237.44298500334,2405.89396743215,2610.72960252379,2857.0373538115,3127.86276523632,3465.81734409951,3883.35412942474,4409.75700836878,4811.47471804961,5237.76666540352,5764.86534987407,6275.90956436258,6723.19443752823,7198.06876478162,7686.57792954381,8175.33285077393,8679.37704460133,9221.51403820573,9798.6528523316,10356.4804194995,10573.6420059282,11469.5707134928,11830.5983703496
China,CHN,Energy use (kg of oil equivalent per capita),EG.USE.PCAP.KG.OE,898.07500446721,921.506436459842,976.159336791292,1105.13742396493,1249.04415339994,1369.79197119649,1490.18647938836,1595.46606847798,1629.97754209383,1728.61645229501,1899.79996108685,2027.46525356855,2085.21872095825,2137.32572690907,2177.55011435267,2175.1544486832,2149.2047500244,2215.91139022057,2310.87757050979,2397.96868908473,2465.96954605987,2623.79959356116,2676.48200976111
China,CHN,Urban population (% of total population),SP.URB.TOTL.IN.ZS,35.877,37.093,38.425,39.776,41.144,42.522,43.868,45.199,46.539,47.88,49.226,50.511,51.765,53.013,54.259,55.5,56.736,57.96,59.152,60.308,61.428,62.512,63.56
China,CHN,Trade (% of GDP),NE.TRD.GNFS.ZS,39.0109424774998,38.0826469518334,42.1944423387413,51.0774801301803,58.6403340408439,61.3600749408237,63.5695798621627,61.2664640006176,56.7111330003209,44.4197644331119,49.8540722339456,49.9458272253443,47.48021307841,45.9160413795144,44.0684564812401,38.6971848362233,36.1771706929069,36.9508526159275,36.8943843914148,35.1994202739021,34.0389507864018,36.5206911762564,37.4407198763585
China,CHN,Renewable energy consumption (% of total final energy consumption),EG.FEC.RNEW.ZS,29.6,28.4,27,23.9,20.2,17.4,16.4,14.9,14.1,13.4,12.3,11.3,11.5,11.5,11.9,12.2,12.6,13.1,13.5,14.3,14.9,15.2,..
China,CHN,"Industry (including construction), value added (% of GDP)",NV.IND.TOTL.ZS,45.0738315177586,44.276543602601,43.8758028122184,44.9827621327146,45.2328326582556,46.3816216984585,46.8865028592172,46.1852362301075,46.2364191302482,45.1788587231356,45.7066207106778,45.8002054108107,44.6820698165478,43.3938707801605,42.2827157791092,40.0475902161032,38.811156093921,39.129944350895,38.9777001747097,37.7642333162735,36.9115624066306,38.0924722040717,37.8945266620066
China,CHN,Fossil fuel energy consumption (% of total),EG.USE.COMM.FO.ZS,79.922462606017,80.8331458521972,81.9217928499847,84.2309775025242,86.0923723329147,87.3709947582302,88.2842653796328,89.3091739828854,89.5211571180054,90.1612712655318,90.8066275814595,91.4247318781345,91.1492191796216,91.0001219143645,89.5548400213043,71.0695588904552,0,0,0,0,0,0,0
China,CHN,Population density (people per sq. km of land area),EN.POP.DNST,134.492481002789,135.473048750848,136.383779609948,137.235919250104,138.053436689892,138.867766063821,139.645342881819,140.376588050196,141.097705219827,141.801244134798,142.487743405,143.268509836432,144.243669001474,145.207643927049,146.125816729087,146.977949259981,147.822641376791,148.720043543977,149.417194545073,149.948179684945,150.305542803154,150.439753691066,150.42004812419
Colombia,COL,Carbon dioxide (CO2) emissions excluding LULUCF per capita (t CO2e/capita),EN.GHG.CO2.PC.CE.AR5,1.60077527887358,1.56644815005628,1.48206011802202,1.44757991519204,1.42708172180694,1.44914745971638,1.36249058468508,1.39597265886956,1.37793972815713,1.44023222503143,1.46890884646309,1.56417595607422,1.55461316336733,1.75354111356178,1.76463745238984,1.77821602497257,1.80981245390778,1.62427693807315,1.6726587429358,1.65717970781629,1.5971737071207,1.71812539588002,1.77356293864325
Colombia,COL,GDP per capita (constant 2015 US$),NY.GDP.PCAP.KD,4016.80951748167,4020.50789754842,4058.28493578738,4154.17528523618,4311.91591255233,4457.27537460443,4694.03442939175,4947.25260813108,5048.57187245249,5046.97121757727,5214.24547620131,5517.1011086899,5675.75617978305,5910.80592301166,6121.83982019825,6248.51490534512,6316.07067782542,6309.67745292518,6353.5464285392,6439.96359812647,5891.95523215403,6457.16921807086,6856.72590505374
Colombia,COL,Energy use (kg of oil equivalent per capita),EG.USE.PCAP.KG.OE,667.583045920418,656.363849955728,633.502528932254,637.730006109548,631.890053306001,652.562904286665,678.542899481449,666.0281887489,691.923098284556,714.941179061526,700.696762170174,710.261245359868,681.235570018512,881.628352144932,885.243525415168,887.262025874734,910.977529760876,859.140165402896,816.327425217962,889.78306823908,810.052298592826,872.65899160931,851.232776568033
Colombia,COL,Urban population (% of total population),SP.URB.TOTL.IN.ZS,73.957,74.379,74.797,75.211,75.62,76.024,76.423,76.816,77.204,77.587,77.964,78.335,78.701,79.061,79.415,79.764,80.108,80.446,80.778,81.104,81.425,81.74,82.05
Colombia,COL,Trade (% of GDP),NE.TRD.GNFS.ZS,32.6670854693067,33.9011117949445,32.9826392144234,36.51618351723,35.8634269337995,37.422697494955,39.6413559606293,37.0988970982903,39.1676494164355,35.1561285074585,34.2646031687681,39.4704235545367,38.835151018669,37.9866487978457,37.4874656411103,38.3607641184453,36.202652984202,35.2829149424588,36.5347527968973,37.558533980839,34.0555709680101,40.0591463936128,48.2826551123359
Colombia,COL,Renewable energy consumption (% of total final energy consumption),EG.FEC.RNEW.ZS,27.9,27.1,28.6,30.6,29,28.9,30.6,31,30.8,31.4,30.6,29.6,29.6,32,32.1,31.1,30.5,32.2,30.4,31.5,32,29.7,..
Colombia,COL,"Industry (including construction), value added (% of GDP)",NV.IND.TOTL.ZS,27.3057722832576,27.2228150417753,27.5290127709183,28.9037801318181,29.7258920854426,30.3481497700898,30.9134600266245,30.5790350660201,32.1310911250351,31.2470343359106,31.3713561004301,33.3021551703249,33.4055006173979,32.7475552904174,30.9858527230854,28.5894478881361,27.689162311787,26.8148589146209,26.8954667535946,25.993426836769,23.439238595813,24.5553120236384,26.1230022316952
Colombia,COL,Fossil fuel energy consumption (% of total),EG.USE.COMM.FO.ZS,75.1919433025363,75.6278685868121,73.9451565092256,72.9148175779848,74.2064125069934,74.7958494030102,73.9753842642884,73.1009800068001,73.3431006673658,74.9912048817248,76.5298270461352,73.6115931275459,76.5246491681514,63.4911448203386,63.2656606290606,27.6736856274002,0,0,0,0,0,0,0
Colombia,COL,Population density (people per sq. km of land area),EN.POP.DNST,35.2320270392068,35.790231635872,36.3449121225777,36.8971870211807,37.4431464623704,37.9711374493015,38.477768364128,38.9683406940063,39.4401153672826,39.9022451554754,40.3581063542136,40.7928021631365,41.2039747634069,41.5967408742677,41.969742226228,42.3343307796305,42.7557566471383,43.3808724650744,44.1860883280757,44.9824109959441,45.6331653898152,46.1362532672375,46.6317656602073
Comoros,COM,Carbon dioxide (CO2) emissions excluding LULUCF per capita (t CO2e/capita),EN.GHG.CO2.PC.CE.AR5,0.169564244142665,0.176163151931581,0.178557690415317,0.227098024212089,0.241258885766242,0.229129863315094,0.27002759804416,0.173278199851846,0.170187205926519,0.207182212861809,0.239143846703602,0.212706719197193,0.216246350659449,0.253952932524361,0.21784869494577,0.233664794229113,0.267478809988931,0.337267682434459,0.361202192874454,0.404918520477308,0.416872879950833,0.415926196628101,0.380250015584017
Comoros,COM,GDP per capita (constant 2015 US$),NY.GDP.PCAP.KD,1030.93947568487,1033.51343021937,1035.39872091786,1037.00510726154,1037.06257910624,1044.94496999226,1051.1859194001,1038.68653866198,1058.62282121214,1105.09838128939,1135.3590787937,1178.42049434859,1227.8383415516,1309.47579833416,1331.21227800861,1329.3704808998,1338.59046548627,1385.61417581045,1413.98188639216,1437.37135466649,1465.89782581729,1476.38688314725,1488.85613490824
Comoros,COM,Energy use (kg of oil equivalent per capita),EG.USE.PCAP.KG.OE,..,..,..,..,58.5496225271395,62.4286078251729,69.4498415055403,66.4584302518775,..,..,..,..,..,..,..,..,..,..,..,..,..,..,..
Comoros,COM,Urban population (% of total population),SP.URB.TOTL.IN.ZS,28.08,28.036,27.992,27.947,27.903,27.875,27.863,27.867,27.886,27.921,27.973,28.04,28.123,28.223,28.338,28.47,28.619,28.784,28.965,29.164,29.38,29.613,29.864
Comoros,COM,Trade (% of GDP),NE.TRD.GNFS.ZS,35.7574785467961,35.7572288808942,35.7571190715765,35.7569591302191,35.7570631161898,35.7574093340398,35.7572745643301,33.1561792127495,36.2185263542809,37.8969223253542,39.5501057977388,40.0009485841888,40.8104424055408,39.2433304243612,39.2358244155675,37.8049520714563,37.1328797158337,40.164358921352,42.996153341343,42.2680785350184,33.7299346157491,42.0677236496077,50.3887704882382
Comoros,COM,Renewable energy consumption (% of total final energy consumption),EG.FEC.RNEW.ZS,69.9,69.5,70.3,64.4,63.5,65.7,61.8,74.4,73.4,68.5,66,69,68.3,63.6,68,67,64,59.5,57.7,55.3,50.8,41.2,39.3
Comoros,COM,"Industry (including construction), value added (% of GDP)",NV.IND.TOTL.ZS,12.2062715534526,12.2063718039978,12.2063143265816,12.2062786679167,12.2062936644416,12.2064983234001,12.2064320924947,12.4102413287259,12.1356370474847,12.073328072351,11.7753249597724,11.6973185669348,11.2226651445449,11.6482403154856,11.6109251452812,10.4084081560234,9.85451807028183,9.13735009601101,8.87679586458954,8.53100061504245,8.08945323604662,9.37922763874058,9.63879809027371
Comoros,COM,Fossil fuel energy consumption (% of total),EG.USE.COMM.FO.ZS,..,..,..,..,0,0,0,0,..,..,..,..,..,..,..,..,..,..,..,..,..,..,..
Comoros,COM,Population density (people per sq. km of land area),EN.POP.DNST,288.060182697474,294.046211714132,300.334766254702,306.178398710371,312.038688876948,318.472326706072,324.961311123052,331.502955400322,338.155292853305,344.94734013971,351.873186458893,358.976894142934,366.270822138635,374.095647501343,382.322944653412,390.479312197743,398.571198280494,406.592692101021,414.610424502955,422.664159054272,431.038688876948,439.642127888232,448.247178936056
"Congo, Dem. Rep.",COD,Carbon dioxide (CO2) emissions excluding LULUCF per capita (t CO2e/capita),EN.GHG.CO2.PC.CE.AR5,0.0371489809363143,0.0349876735587141,0.0356015133917578,0.0418872067613201,0.0388453991536261,0.0422300199994134,0.0420830122680007,0.045104055600464,0.0449040252170718,0.0423010621386687,0.0429444214534368,0.0475346895046022,0.0411605449911704,0.0553322796678876,0.0686961388662984,0.043078634235148,0.0320392432192346,0.0359333704456503,0.0344562040956896,0.0360902885310173,0.0360266701953676,0.0354043147938295,0.0380089379208962
"Congo, Dem. Rep.",COD,GDP per capita (constant 2015 US$),NY.GDP.PCAP.KD,327.240142486849,310.380267408895,309.911785375198,317.778121357431,329.3490636773,338.980980805364,346.179697463638,356.886805082139,367.843747648712,366.830226544363,380.578038274352,393.616173563894,407.671076943679,427.458520350728,452.339650501681,467.9145805459,462.47214741215,462.482920889479,473.294077418165,478.632426258904,471.504423341186,484.784649973339,511.29926733563
"Congo, Dem. Rep.",COD,Energy use (kg of oil equivalent per capita),EG.USE.PCAP.KG.OE,275.387991752247,275.762066091527,276.777259129011,278.852304991619,281.570244519871,283.637336009607,285.454693557021,287.041319589996,288.80618607177,288.416335052288,289.77384157959,297.445424445388,355.439956409565,357.441615003334,359.366872219799,358.542081264932,355.065446444122,342.47376862199,339.760214710945,334.541728823177,372.066377241717,394.033246290347,390.899911233015
"Congo, Dem. Rep.",COD,Urban population (% of total population),SP.URB.TOTL.IN.ZS,35.122,35.587,36.055,36.526,37,37.481,37.971,38.47,38.976,39.491,40.013,40.544,41.082,41.627,42.18,42.74,43.307,43.88,44.46,45.046,45.638,46.235,46.837
"Congo, Dem. Rep.",COD,Trade (% of GDP),NE.TRD.GNFS.ZS,27.0144029227569,25.0419375138391,29.3168456429821,54.0313561776419,49.3364146254994,52.3146046950079,47.9632596230374,80.1420550528087,83.7722916507983,62.9468793626564,90.7476102929543,85.1981441919418,68.3517113952036,77.4659451472265,78.690150124216,59.3324309644245,55.9252102624116,74.2913796171904,69.9197291501817,55.2351580399854,58.4917573282023,80.4813114206906,93.7286668861721
"Congo, Dem. Rep.",COD,Renewable energy consumption (% of total final energy consumption),EG.FEC.RNEW.ZS,97.9,98.3,98.3,98,97.9,97.4,97.3,97.2,97,97,96.8,96.2,95.5,93.9,92.9,95.8,97,96.7,96.4,96.3,96.2,96.3,..
"Congo, Dem. Rep.",COD,"Industry (including construction), value added (% of GDP)",NV.IND.TOTL.ZS,22.4057063027137,30.0162665475473,32.6183368838049,28.8579384069788,31.7824234941503,31.7922104949414,29.7345361457846,30.2069711450062,33.2234553971698,33.0159156601163,38.6891499625549,40.9427375179796,40.2547563774492,41.2863459650154,42.9798478570155,41.7048638993049,41.1613816297449,55.884401703307,65.8764295078008,39.6519158406748,41.1337667085316,45.3420353474724,47.7796330714614
"Congo, Dem. Rep.",COD,Fossil fuel energy consumption (% of total),EG.USE.COMM.FO.ZS,2.03620740382037,1.63945200273131,1.7141515418219,2.01464223951809,2.11185613051278,2.54519980916382,2.67718571819013,2.87221322984141,3.06573488861342,2.74102680581028,3.07518080266974,3.692565532155,2.8844573777935,4.2375266742842,5.45931564519388,3.10787107738843,0,0,0,0,0,0,0
"Congo, Dem. Rep.",COD,Population density (people per sq. km of land area),EN.POP.DNST,22.2789272402461,22.995807767804,23.709456783044,24.4122833638429,25.1418102820846,25.9260819126177,26.7377905207208,27.5590533953817,28.4028424604662,29.2944769634547,30.2432844445425,31.2517637458371,32.3127491674202,33.430844048433,34.5838168545025,35.7449244613043,37.0333318629938,38.4126499194989,39.7201843805827,40.9992907081891,42.3413678569066,43.7347795593392,45.1674943208134
"Congo, Rep.",COG,Carbon dioxide (CO2) emissions excluding LULUCF per capita (t CO2e/capita),EN.GHG.CO2.PC.CE.AR5,1.43161094707181,1.34406425351341,0.853266307963152,1.0349261830433,1.01510172051805,1.17146634570512,1.25532618493364,1.07131641556314,1.07735059804056,1.14822437254436,1.18569165159593,1.05225388765141,0.944762628020547,1.11963952145097,1.06035515325932,1.12796638248612,1.07032292357583,1.03358038322104,1.16475698680933,1.28225648654957,1.28087392710773,1.19120536480282,1.27911631680249
"Congo, Rep.",COG,GDP per capita (constant 2015 US$),NY.GDP.PCAP.KD,2057.01922023551,2056.16505922617,2100.16876714574,2058.88683675038,2058.88402946896,2140.03686200251,2226.0233547376,2004.10103961966,2061.55829880574,2211.31572382028,2332.28508055953,2307.49384399715,2467.06102906839,2390.65754938662,2488.68118548992,2439.35189403696,2174.19310251224,2003.27121075187,1909.9560382117,1885.51080877731,1725.51040049963,1701.79060456872,1686.00234391385
"Congo, Rep.",COG,Energy use (kg of oil equivalent per capita),EG.USE.PCAP.KG.OE,225.662303752435,243.309874139573,239.240008598283,274.55383829075,283.381960024439,293.789280034956,369.707983010852,316.33461657179,327.786840368286,359.405355169563,375.619909098947,484.212624823738,539.866446808636,553.991199731793,535.524998656392,552.356622008088,561.321718306384,548.018753920295,552.165155128985,582.586127914209,586.736109679603,588.291763608764,627.585966198745
"Congo, Rep.",COG,Urban population (% of total population),SP.URB.TOTL.IN.ZS,58.695,59.156,59.617,60.076,60.533,60.988,61.441,61.893,62.346,62.8,63.256,63.712,64.169,64.627,65.085,65.543,66.001,66.459,66.916,67.373,67.829,68.283,68.736
"Congo, Rep.",COG,Trade (% of GDP),NE.TRD.GNFS.ZS,123.909884405671,130.732481081873,135.45607107226,156.861777335368,131.368198717322,119.552892262402,125.600762974491,148.586625395069,133.108486659608,135.552365681975,124.064754399607,124.591742710141,97.444435145443,93.0028633915235,104.197620103417,117.320721558581,122.259818284021,94.6170952583422,100.583216779714,91.5757547930374,69.3066247188397,85.5462031552188,98.1613366922001
"Congo, Rep.",COG,Renewable energy consumption (% of total final energy consumption),EG.FEC.RNEW.ZS,64.9,61.2,68.6,62.1,63.1,63.1,69.3,60.2,56.8,55.9,54.5,64.3,65.1,62.3,62.1,64.2,67.7,69.8,70.6,69.8,71.4,71.4,..
"Congo, Rep.",COG,"Industry (including construction), value added (% of GDP)",NV.IND.TOTL.ZS,72.1526717557252,65.4884538397696,63.3189225141337,61.1723594842012,65.864484078508,61.7104106958137,62.6291888487541,57.0704175228573,63.9419789342891,55.6979481298564,66.1791697837805,65.8738951997526,65.3102191154701,61.989308125115,58.0014155398265,48.6789561936062,38.4474514101503,45.9671895089887,54.391991835456,50.1286715725578,33.9517597969829,42.893702942357,49.2455523632312
"Congo, Rep.",COG,Fossil fuel energy consumption (% of total),EG.USE.COMM.FO.ZS,26.1778355209239,29.3587152053269,24.2545741203107,32.5059689161549,32.1094227117996,33.3349098730943,28.9711701543791,35.1769665768803,35.4944641666512,40.2754146409605,42.061780300957,36.6013135629668,41.4674466882558,40.5911259706361,39.9246727210792,7.32948374290622,0,0,0,0,0,0,0
"Congo, Rep.",COG,Population density (people per sq. km of land area),EN.POP.DNST,9.22795021961933,9.58283162518302,9.81192093704246,10.0900527086384,10.4408609077599,10.8239912152269,11.2369224011713,11.6557247437775,12.0454377745242,12.5365124450952,13.0667349926794,13.4984597364568,13.8812591508053,14.2228374816984,14.5706588579795,14.9270307467057,15.2929311859444,15.6691390922401,16.0559824304539,16.4470307467057,16.845654465593,17.2538301610542,17.6723396778917
Costa Rica,CRI,Carbon dioxide (CO2) emissions excluding LULUCF per capita (t CO2e/capita),EN.GHG.CO2.PC.CE.AR5,1.30016235205025,1.37701995062544,1.38238660550751,1.46330419756141,1.46837749203705,1.49083365405375,1.59718976058352,1.75782284473391,1.71957290628767,1.62820895459367,1.59031177169608,1.67162237764362,1.63913125700321,1.68468031212768,1.68990956592441,1.61268964669851,1.6937545484917,1.70781553361501,1.70512511754163,1.64148674891535,1.42627008215608,1.5846875526187,1.59196657066984
Costa Rica,CRI,GDP per capita (constant 2015 US$),NY.GDP.PCAP.KD,7726.51985682502,7854.23395802299,7989.55926102644,8207.45746763548,8445.52914946306,8655.33965419113,9160.29437453794,9779.51149390415,10104.9092039753,9883.675670469,10285.0856660482,10612.4694861206,11001.5192856643,11151.1437869836,11422.6735793246,11714.7105980803,12084.4351325708,12468.5654531785,12679.5253643093,12877.6501010869,12242.2098908608,13146.6927918545,13686.1614090906
Costa Rica,CRI,Energy use (kg of oil equivalent per capita),EG.USE.PCAP.KG.OE,729.765643709357,721.224052506606,749.371708338678,788.059466397896,921.916666058511,908.919718136397,974.343838741737,1014.83038205,1006.22785721082,1002.15369604859,998.694530541271,992.84219730848,1017.65462461791,1060.1064484558,1064.11783400047,1024.45144520777,1001.15093508133,972.752740541664,950.307226341185,996.673606298647,948.979659241415,996.593947554107,1009.21522950084
Costa Rica,CRI,Urban population (% of total population),SP.URB.TOTL.IN.ZS,59.052,60.41,61.753,63.08,64.388,65.672,66.935,68.174,69.39,70.575,71.736,72.868,73.946,74.97,75.941,76.862,77.735,78.56,79.34,80.076,80.771,81.425,82.042
Costa Rica,CRI,Trade (% of GDP),NE.TRD.GNFS.ZS,86.5249235130705,80.852758718109,80.4139443360039,83.3277075355642,85.2564771965872,89.2226638923224,89.8145546136931,86.4565958439349,86.4015127113254,69.7593177251535,67.5120896837726,68.639146507318,67.0485392950742,64.0664105879215,65.1912420532231,60.7535619395756,62.178478176606,65.0719537437267,66.9453420166008,65.7605300176058,60.1398862509037,70.781642302675,82.227532535289
Costa Rica,CRI,Renewable energy consumption (% of total final energy consumption),EG.FEC.RNEW.ZS,33,32.1,32.5,33.3,39.2,41.7,42.4,41.2,40.7,40.7,40.4,38,38.1,37.8,37.6,38.3,34.1,33.3,33.1,33.4,36.4,34.2,..
Costa Rica,CRI,"Industry (including construction), value added (% of GDP)",NV.IND.TOTL.ZS,25.4449908253979,25.2166020654827,24.569597934029,24.1792374989641,24.6690619237543,24.2695341122995,23.7198679368366,23.8937947565006,23.5536024382425,23.5227381446589,23.3229652114086,22.5898706745103,22.2048773812493,21.3449724794568,20.6164054193168,19.967878467693,19.6500112825377,19.3145397059151,19.5581432646272,19.2336569312099,20.3678511278986,20.6057923604771,20.6464381115517
Costa Rica,CRI,Fossil fuel energy consumption (% of total),EG.USE.COMM.FO.ZS,59.0262833276527,57.200151177563,54.7677339943999,56.6389048177675,47.9294568869581,46.8015096867284,47.4055277438671,49.7619374871037,50.2939758486845,48.6187750936153,48.5192977322827,49.0890135484772,47.7442304865706,47.8303557069415,48.2377466247926,47.2809930395726,0,0,0,0,0,0,0
Costa Rica,CRI,Population density (people per sq. km of land area),EN.POP.DNST,77.119839404622,78.5144339992166,79.8218762240501,81.0572659616138,82.257696827262,83.4555424990208,84.63258911085,85.7862906384645,86.9576184880533,88.1275166470819,89.2276145710928,90.2826674500588,91.3422248335292,92.3648061104583,93.3630826478653,94.360321190756,95.3191931061496,96.2235996866432,97.0978848413631,97.9152565609087,98.5961613787701,99.0988640814728,99.5253623188406
Cote d'Ivoire,CIV,Carbon dioxide (CO2) emissions excluding LULUCF per capita (t CO2e/capita),EN.GHG.CO2.PC.CE.AR5,0.39364361972007,0.38434091191261,0.39600057272212,0.304007070753864,0.305981117632049,0.318684175934195,0.305575534333762,0.296463840854817,0.321570086024553,0.291445471712351,0.325274762412862,0.307997563310417,0.384372523924794,0.409402344006993,0.426425227791211,0.44620325590139,0.43877495464017,0.461213796748124,0.449418229341914,0.467857120181815,0.452374092479076,0.489660231791538,0.485714723756228
Cote d'Ivoire,CIV,GDP per capita (constant 2015 US$),NY.GDP.PCAP.KD,1717.95385651231,1636.57318705218,1551.27925902838,1441.58801755037,1451.86547141894,1431.73320203111,1437.77453798586,1420.1738958245,1454.62731800082,1473.9183699329,1540.52927270246,1426.46463864534,1503.43433046682,1632.32712787006,1742.53693001178,1814.71855088017,1889.27777949938,1972.81431788947,2013.32307598499,2093.09994335779,2055.08483996432,2146.47635317946,2227.09845246984
Cote d'Ivoire,CIV,Energy use (kg of oil equivalent per capita),EG.USE.PCAP.KG.OE,383.698511747895,359.274350379988,374.217410519231,345.063532585105,474.644512103845,479.367342054554,460.427068503443,484.162880249649,475.685968287363,426.33967683994,369.59298919728,412.202996239574,442.184553267778,446.309801337907,438.71877312695,383.892794978009,391.655583364613,392.585250514189,358.541401840133,364.149863069511,375.317183892023,468.414497630569,471.775424802239
Cote d'Ivoire,CIV,Urban population (% of total population),SP.URB.TOTL.IN.ZS,43.155,43.568,43.983,44.399,44.817,45.234,45.652,46.071,46.491,46.91,47.33,47.751,48.172,48.593,49.014,49.444,49.881,50.326,50.779,51.239,51.706,52.18,52.661
Cote d'Ivoire,CIV,Trade (% of GDP),NE.TRD.GNFS.ZS,54.9639916295152,53.1141047180447,55.9019482275388,53.260060681877,58.1182963035946,62.8209360402806,63.690377061452,61.4309423484426,61.9406212969499,66.6729037469185,67.472940081257,64.7159030611345,70.3010893191249,58.3526792527234,53.6804175610344,52.7128647411445,47.5655783613535,48.6625074729482,46.0375087102874,44.6604105830795,41.9426318190526,45.1140327762435,52.8663910413483
Cote d'Ivoire,CIV,Renewable energy consumption (% of total final energy consumption),EG.FEC.RNEW.ZS,63.7,64.7,65.3,70.3,75.4,77.9,74.8,76.3,74.2,73.7,75.4,79.1,74.9,72.2,71.9,64.5,64,62.5,60.5,61.1,61.8,58.2,..
Cote d'Ivoire,CIV,"Industry (including construction), value added (% of GDP)",NV.IND.TOTL.ZS,13.9368025202647,14.1786160309594,14.5005281247497,15.2123312134125,15.5260750475447,16.2241764456125,16.5839543942617,16.483170824856,17.4088361491375,18.0163071461274,15.9765793754723,16.7624007263304,17.7324551897287,18.9795295741683,19.8455486242141,20.1215578301808,20.820713814142,19.8085626532407,19.1116818893978,21.6420400540965,20.7022034045474,22.1030350664638,23.0445423474416
Cote d'Ivoire,CIV,Fossil fuel energy consumption (% of total),EG.USE.COMM.FO.ZS,37.1238808155335,34.2923676488115,37.842295781413,32.4957223803779,24.9261686348224,25.3866790606212,21.4451992274362,24.2490250930659,24.6123144972248,22.7137229390084,28.4064194630193,25.6655127863525,30.0453240763709,33.7567412653877,34.1595191336343,3.19028629602242,0,0,0,0,0,0,0
Cote d'Ivoire,CIV,Population density (people per sq. km of land area),EN.POP.DNST,55.6572452830189,57.166393081761,58.6628018867925,60.143213836478,61.6194968553459,63.108358490566,64.6125849056604,66.1338301886792,67.6554685534591,69.1759119496855,70.7171855345912,72.2704402515723,73.7958427672956,75.2823113207547,77.1301729559748,79.3910125786164,81.7276886792453,84.0672075471698,86.3653238993711,88.6572610062893,90.9290849056604,93.2067169811321,95.5817672955975
Croatia,HRV,Carbon dioxide (CO2) emissions excluding LULUCF per capita (t CO2e/capita),EN.GHG.CO2.PC.CE.AR5,4.33600951770941,4.77718842638527,4.9640019208893,5.28542670572726,5.27949170654648,5.3010745578165,5.34294838116618,5.68500379447253,5.41092719803328,5.03367918793658,4.87464924907349,4.77788041083749,4.40933740935055,4.34091605844416,4.20668517073742,4.34084627474122,4.44927970640393,4.65070704336386,4.4535979091325,4.54847457455455,4.40600213683184,4.56823583307059,4.52389109878228
Croatia,HRV,GDP per capita (constant 2015 US$),NY.GDP.PCAP.KD,8879.96498049361,9515.40905552687,10061.694309434,10618.9433102196,11058.7184484755,11522.3950059819,12105.053757832,12719.0032844824,12970.9291075827,12099.7971276004,11965.4854792127,11995.1325319122,11780.5330067439,11839.2458156921,11863.8584044911,12285.3032582105,12849.34640034,13485.8816667037,14060.7189510749,14641.2298817935,13544.9715102628,15394.4707328085,16616.3915356348
Croatia,HRV,Energy use (kg of oil equivalent per capita),EG.USE.PCAP.KG.OE,1882.60707106679,2033.21443990495,2081.90027621886,2229.34173996566,2228.32579300293,2260.50892445087,2247.14619166641,2335.40182770311,2276.1355193129,2199.79195573117,2181.04401120231,2137.20950653716,2020.48417283556,1990.54136695236,1909.83580091578,2018.54259233172,2057.18869470229,2159.96952184034,2127.63878608554,2173.19836034448,2104.84530641676,2212.49721053261,2154.95483266747
Croatia,HRV,Urban population (% of total population),SP.URB.TOTL.IN.ZS,53.428,53.642,53.81,53.979,54.147,54.315,54.483,54.651,54.819,54.987,55.155,55.322,55.506,55.706,55.923,56.155,56.403,56.667,56.947,57.242,57.553,57.878,58.219
Croatia,HRV,Trade (% of GDP),NE.TRD.GNFS.ZS,74.6016854703406,79.4405856034588,81.1609977960211,81.4432514353208,81.6444126603338,81.4923355714118,83.5058793177563,83.2514767234118,82.0719814536512,69.6952439244403,72.6386568634317,77.7657386922551,79.0022669647168,80.9105173733355,85.2091769480039,90.6409410989512,92.1307890861689,97.2213314044204,99.06781797397,101.382013330328,89.5334538008947,102.308430815836,125.213857590974
Croatia,HRV,Renewable energy consumption (% of total final energy consumption),EG.FEC.RNEW.ZS,26.8,26.9,24.6,24.8,26.6,26.8,25.5,22.7,24.1,27.2,29.8,27.2,29.4,32.8,33.6,33.1,31.8,29.8,32.8,31.6,32.4,34.1,..
Croatia,HRV,"Industry (including construction), value added (% of GDP)",NV.IND.TOTL.ZS,24.2022887541673,23.8042548140776,22.9131996881856,23.3409303583976,24.1488165361816,23.7734716436971,23.4027470407603,22.9386279400237,22.7563430578984,22.6893545214602,21.3656674685662,21.499361926697,21.0382549947145,20.5054371522646,20.6508431747505,20.3676183983865,20.2753465952331,19.7709861228507,19.2899088316712,19.576023376529,20.0952775136724,19.5841524472658,20.0651495635468
Croatia,HRV,Fossil fuel energy consumption (% of total),EG.USE.COMM.FO.ZS,77.6684233824335,77.455902950159,79.6971898186382,79.6167856887837,78.1297955677278,77.0660224423595,77.6826677070762,79.7621625589918,78.1865477447193,76.382673208056,74.4449547385396,74.7497807405616,72.3692794494993,71.4295453701934,70.8748159731388,28.9491579322369,0,0,0,0,0,0,0
Croatia,HRV,Population density (people per sq. km of land area),EN.POP.DNST,79.9166905136643,76.9001645442839,76.9454499928459,76.8958437567007,76.9173039811307,77.0163855335573,77.0345043242084,77.0176720749053,77.0085233364306,76.927685655064,76.7533950396684,76.4888499749839,76.1269387463369,75.6543849617611,75.0767993710242,74.1856371953399,73.3840861982703,72.2144056893717,71.2739439639768,70.5701879779859,69.946497498213,69.3170300214439,68.8999463902788
Cuba,CUB,Carbon dioxide (CO2) emissions excluding LULUCF per capita (t CO2e/capita),EN.GHG.CO2.PC.CE.AR5,2.6097322476537,2.49633618840839,2.37638960983655,2.30115252552259,2.25233112988662,2.32995997177905,2.37701654911314,2.45348034494074,2.36871800875718,2.3870890457744,2.4967671790939,2.45689736409213,2.55980288724186,2.5750991289118,2.3856934946869,2.61378537507323,2.42963276207276,2.35540565205961,2.39135279418992,2.19392465093245,1.9326248971713,1.90145482427527,1.88498546992627
Cuba,CUB,GDP per capita (constant 2015 US$),NY.GDP.PCAP.KD,4112.26168350671,4229.90309433356,4277.39565642359,4426.96599591833,4670.18802138025,5182.35283601732,5799.41163668615,6215.76603727772,6469.08507847668,6561.25305093006,6716.49048497058,6902.16397571139,7109.24834185635,7307.82004410741,7392.48324633027,7727.91997207998,7774.0698462623,7927.27769340823,8120.43123558256,8124.75282059108,7252.31672155863,7379.01400369289,7552.33152218841
Cuba,CUB,Energy use (kg of oil equivalent per capita),EG.USE.PCAP.KG.OE,1146.62965504967,1116.77994621466,1037.52939903133,1029.43346967314,1003.51882706152,946.329944254021,943.950122138325,896.176370398525,951.380570130012,922.433325080438,1000.18410148569,969.828922638862,989.672645686508,939.539657450213,957.502047515328,977.911020303909,960.436964626777,923.435423623599,879.967792727537,865.534592725481,854.374889761112,814.636458485932,815.615862798832
Cuba,CUB,Urban population (% of total population),SP.URB.TOTL.IN.ZS,75.323,75.555,75.785,75.947,76.041,76.134,76.227,76.32,76.413,76.505,76.597,76.689,76.781,76.827,76.861,76.896,76.93,76.977,77.037,77.109,77.194,77.292,77.401
Cuba,CUB,Trade (% of GDP),NE.TRD.GNFS.ZS,31.0759878817225,29.3610963815873,24.7293133475239,26.5871335777077,31.3114153338743,39.3613744331974,37.1880142882062,37.9676096642032,44.917220748508,32.9139819587629,40.2919413008332,46.9604290476881,45.8662036340766,44.3238969253902,39.2741528539069,31.6138124793419,27.269113252912,26.2224363809981,27.0835484496642,22.8208911354416,15.6825502693015,80.0239031587188,93.8607755890525
Cuba,CUB,Renewable energy consumption (% of total final energy consumption),EG.FEC.RNEW.ZS,34.4,34,34.8,33.6,33.8,26.3,22,18.6,18.7,19,15.6,19.2,19.4,18.2,23.2,21.1,19.2,22,24,23.1,24.5,20.9,..
Cuba,CUB,"Industry (including construction), value added (% of GDP)",NV.IND.TOTL.ZS,25.535082151714,24.8623841628159,23.7013441300368,22.5059329493165,22.0396303955187,21.5268299936084,22.2047369498775,22.5269990563768,22.3864961360912,22.6047036082474,22.8936077602288,22.258298304102,23.3671948701822,23.150308497952,22.1520752925073,22.3538093576701,22.9428012239707,24.3566251406905,24.8779064616327,24.5495399680549,23.0178720803936,23.3474359517543,23.7832356383659
Cuba,CUB,Fossil fuel energy consumption (% of total),EG.USE.COMM.FO.ZS,70.8964517381802,69.7294678542221,72.6257289412371,75.2667270686015,75.4353276365931,81.114545827851,84.2836317079556,85.1951039174884,87.1268781292087,95.6005212387679,98.1841402549621,92.7501676817059,93.7682773671183,95.0739876444525,92.6694754880276,14.0633280330647,0,0,0,0,0,0,0
Cuba,CUB,Population density (people per sq. km of land area),EN.POP.DNST,103.436769087523,103.762867783985,105.060795187518,105.351343984962,105.617479560192,105.811292747088,105.971530583482,106.043517474634,106.085700864337,106.113481773769,106.138754227734,105.757568101214,105.984819360707,108.40689886778,108.496202653336,108.309942363112,108.2815455594,108.360587668593,108.16105973025,107.927225433526,107.672003853565,107.149980732177,106.549325626204
Curacao,CUW,Carbon dioxide (CO2) emissions excluding LULUCF per capita (t CO2e/capita),EN.GHG.CO2.PC.CE.AR5,..,..,..,..,..,..,..,..,..,..,..,..,..,..,..,..,..,..,..,..,..,..,..
Curacao,CUW,GDP per capita (constant 2015 US$),NY.GDP.PCAP.KD,21523.6458973702,22171.0655460422,22231.8793091625,21840.8913168396,21512.1116035171,21112.3219220136,20913.6630394407,21011.1570622011,21202.4305115575,20952.8998451864,20706.4374577658,20518.0986087103,20277.5111916571,19921.4770634064,19529.5286704975,19361.8130008678,18953.0537415003,18651.4798142441,18355.1767135889,17980.5299262806,14901.2436825212,15787.3376825672,17307.719460018
Curacao,CUW,Energy use (kg of oil equivalent per capita),EG.USE.PCAP.KG.OE,15737.4929646986,16822.3232965303,16514.1127118309,15429.1801756291,15940.4432872767,14857.2079227624,14173.7542929601,15739.9605046222,14857.6293771313,15357.3651335183,13360.0021450019,14346.8108243342,14573.1049283609,13626.2436481406,14937.500719369,15175.8915126441,12894.4531964629,10612.5565556293,9497.71301546317,5972.17142455573,5097.78998455475,5497.70838327985,5774.97008786204
Curacao,CUW,Urban population (% of total population),SP.URB.TOTL.IN.ZS,90.752,91.011,90.894,90.775,90.655,90.534,90.411,90.287,90.161,90.034,89.905,89.775,89.654,89.544,89.443,89.352,89.272,89.203,89.145,89.098,89.062,89.038,89.025
Curacao,CUW,Trade (% of GDP),NE.TRD.GNFS.ZS,..,..,..,..,..,134.911459782692,144.555511068893,146.049122473292,166.739541731544,144.702341659916,143.932211823816,172.9234179922,183.23646073841,166.406149086576,164.35981815222,148.313815925541,139.052979137029,139.812449543914,155.268858771687,..,..,..,..
Curacao,CUW,Renewable energy consumption (% of total final energy consumption),EG.FEC.RNEW.ZS,0.1,0.6,0.6,0.6,0.6,0.6,0.6,0.6,0.5,0.5,0.5,0.5,0.6,1.1,1.4,1.3,1.4,1.9,2.5,2.5,2.8,2.8,..
Curacao,CUW,"Industry (including construction), value added (% of GDP)",NV.IND.TOTL.ZS,14.7899219306528,17.4657123656503,16.5039464506558,15.483181105965,15.02736671908,15.4098404091381,16.0921965506674,16.3959922621749,15.2140225018826,16.9450402530542,15.0197289233141,13.6386615548987,13.786324580771,15.3389619224941,16.3585486908817,16.5035972652616,17.1537621268712,15.4098970219318,14.4127509424641,13.2746385720823,11.9846935947428,11.4367683798018,11.1890590301999
Curacao,CUW,Fossil fuel energy consumption (% of total),EG.USE.COMM.FO.ZS,..,..,..,..,..,..,..,..,..,..,..,..,..,..,..,0,0,0,0,0,0,0,0
Curacao,CUW,Population density (people per sq. km of land area),EN.POP.DNST,..,..,..,..,..,..,..,..,..,..,..,339.709459459459,342.540540540541,346.445945945946,351.146396396396,355.810810810811,359.603603603604,360.754504504504,358.864864864865,354.596846846847,348.97972972973,343.173423423423,337.828828828829
Cyprus,CYP,Carbon dioxide (CO2) emissions excluding LULUCF per capita (t CO2e/capita),EN.GHG.CO2.PC.CE.AR5,7.52595584735989,7.25786125686761,7.31048255624389,7.8464170309827,7.65152892054525,7.62938992482756,7.59717683119977,7.74512125319517,7.78496571117462,7.46963820038562,7.01657007880718,6.67749388788244,6.11019249234381,5.43924925774667,5.67157125014873,5.62114699278886,5.836739114971,5.86944649299396,5.67599747233298,5.60788266775267,5.2228187125791,5.24113932266461,5.39692196759729
Cyprus,CYP,GDP per capita (constant 2015 US$),NY.GDP.PCAP.KD,22383.96484375,23019.25,23604.189453125,23930.783203125,24799.6484375,25631.3671875,26395.50390625,27156.818359375,27449.2265625,26183.685546875,26090.048828125,25538.78125,24285.49609375,22738.490234375,22581.828125,23487.228515625,24916.6328125,26105.5859375,27406.4765625,28625.779296875,27391.591796875,30228.03515625,31967.541015625
Cyprus,CYP,Energy use (kg of oil equivalent per capita),EG.USE.PCAP.KG.OE,2264.91863707719,2202.31996036706,2193.91481710233,2345.28181012039,2162.85328059404,2161.54002386306,2209.33213219678,2293.75458684904,2399.21662682596,2311.55219411824,2192.46748939146,2093.44029665285,1936.16516091053,1646.32678982431,1659.57813297538,1677.40248205105,1761.87442919766,1794.01732213218,1773.61456364017,1758.05457120745,1638.57191138119,1666.21660995085,1682.70492545045
Cyprus,CYP,Urban population (% of total population),SP.URB.TOTL.IN.ZS,68.648,68.769,68.694,68.553,68.41,68.268,68.125,67.982,67.839,67.695,67.551,67.406,67.261,67.137,67.031,66.946,66.881,66.836,66.81,66.805,66.821,66.856,66.911
Cyprus,CYP,Trade (% of GDP),NE.TRD.GNFS.ZS,137.494903248556,131.849067868114,123.64133212338,114.004632981485,113.903613489207,111.917065271958,109.806498040343,111.275122844623,112.925930874708,102.7910918992,108.901699269523,110.617136857424,112.344273297273,120.926200639389,130.84436307939,137.276426477193,139.022098457248,148.013355558135,147.623567410054,150.506169561162,160.66871645997,176.82773681987,207.632427046376
Cyprus,CYP,Renewable energy consumption (% of total final energy consumption),EG.FEC.RNEW.ZS,3.1,3,3.2,3.2,3.3,3.4,3.5,4.3,5.7,6.3,6.5,7.6,8.6,9.7,9.5,10.4,10.3,10.9,12,12,15,15.6,..
Cyprus,CYP,"Industry (including construction), value added (% of GDP)",NV.IND.TOTL.ZS,17.6860389784449,17.3938040761177,17.9301859605063,18.0129342330248,18.067453251524,17.8911353003281,17.830157800694,18.1971192501955,17.8966297974596,15.9545009113836,14.4791152125979,12.7453642913525,11.7579854336711,10.7492783120679,9.97287676875997,10.1909463210663,10.836514879496,11.3472324007128,12.0224270287232,12.7890118881986,12.8234844954585,11.4804477138081,10.314473599827
Cyprus,CYP,Fossil fuel energy consumption (% of total),EG.USE.COMM.FO.ZS,97.4295125888816,97.4089992778306,97.3193910549069,97.2833385402216,96.7311462141824,96.5463462136465,96.6214399819533,95.8411345745387,94.8502704016628,94.3247258529301,94.2278918195237,93.6268191903496,92.9279828772837,92.1116522523391,91.9006736410977,90.7086388884335,0,0,0,0,0,0,0
Cyprus,CYP,Population density (people per sq. km of land area),EN.POP.DNST,102.561363636364,104.342748917749,106.21645021645,108.180735930736,110.159632034632,112.137554112554,114.114502164502,116.094588744589,118.076406926407,120.061796536797,122.058008658009,124.079329004329,126.125216450216,128.127164502165,130.065043290043,131.980735930736,133.88658008658,135.744047619048,137.525649350649,139.250108225108,140.935822510823,142.565909090909,144.087662337662
Czechia,CZE,Carbon dioxide (CO2) emissions excluding LULUCF per capita (t CO2e/capita),EN.GHG.CO2.PC.CE.AR5,12.9022318049143,12.9418725692145,12.4937383028359,12.817571673057,12.898440448908,12.6372902110777,12.7733385552459,12.849005731526,12.1444026314728,11.4619047837903,11.5509226772677,11.2530401803034,10.8482097198259,10.416879076364,10.1880536575184,10.267788185141,10.392272360929,10.4182024567986,10.285949255724,9.6799529979282,8.82341119128708,9.43748826835382,9.3170352876533
Czechia,CZE,GDP per capita (constant 2015 US$),NY.GDP.PCAP.KD,12543.9364342367,12958.4667607533,13179.9878092741,13618.9349633164,14259.63342798,15147.7214417611,16107.3042502688,16892.542854974,17190.6470333289,16272.8084766719,16665.9317825137,16926.2846674435,16772.3539223328,16759.7808635642,17118.0425571578,17931.5987670768,18359.0978103904,19257.6930680911,19736.6295261285,20360.0599221814,19233.1469549829,20373.8783043424,20627.348651011
Czechia,CZE,Energy use (kg of oil equivalent per capita),EG.USE.PCAP.KG.OE,4021.61848184496,4141.00267465915,4201.38475973945,4387.20916861071,4486.66998957412,4431.36895897075,4519.45697588637,4485.47979116894,4360.02770432797,4077.69663054804,4308.57118358445,4144.39895277279,4109.54462324211,4110.99172821634,3984.15406100189,3982.18836315647,3927.72515918366,4089.51341285553,4081.41868670154,4002.2461173426,3764.47161158552,4056.31700066788,3895.62928915395
Czechia,CZE,Urban population (% of total population),SP.URB.TOTL.IN.ZS,73.988,73.877,73.809,73.74,73.671,73.602,73.533,73.463,73.394,73.324,73.255,73.185,73.197,73.29,73.384,73.477,73.57,73.675,73.792,73.921,74.061,74.214,74.377
Czechia,CZE,Trade (% of GDP),NE.TRD.GNFS.ZS,97.4983956327874,98.5368737300189,90.8792715456582,94.6468600665608,113.173975970415,121.191287316105,127.051015055016,129.876739504889,123.904809929948,113.049254784875,126.756480116798,136.750855542438,145.480195396935,145.502230624961,156.415122826886,154.018400997633,148.547004664435,147.750834854762,145.141717890789,138.154609993871,128.780430305965,137.378116302868,144.011494109397
Czechia,CZE,Renewable energy consumption (% of total final energy consumption),EG.FEC.RNEW.ZS,5.9,6.3,7.3,6.7,7.1,7.5,7.9,8.3,9,10.2,10.9,12.2,12.8,13.9,14.8,14.8,14.8,14.5,14.7,15.9,17,17.2,..
Czechia,CZE,"Industry (including construction), value added (% of GDP)",NV.IND.TOTL.ZS,33.3054131766471,33.7406533635544,33.0610183304209,32.2100439891755,33.4524157670713,33.5317423512837,34.2768164992188,34.147619592136,33.6216094655094,32.9918730301951,32.7825374564339,33.3153047782183,32.6118775656289,32.3750644937133,33.5256056944841,33.515061761941,33.0261220764687,32.2345069182507,31.2449402120943,30.8172927602906,29.6728490106408,28.5164055991395,29.2185730464326
Czechia,CZE,Fossil fuel energy consumption (% of total),EG.USE.COMM.FO.ZS,89.2116575551985,88.3792352279571,86.0875652333688,83.680480718792,83.1976142719604,83.099378720968,82.4651733875899,82.7563697608175,80.8758491156647,78.8186096330918,79.2383606364025,78.0047278876059,76.1590423537245,74.9100503458559,73.9740382544337,75.349458412504,0,0,0,0,0,0,0
Czechia,CZE,Population density (people per sq. km of land area),EN.POP.DNST,132.717264138734,132.219554807817,131.96474699107,131.926983305293,131.984222107171,132.166916903961,132.542459546926,133.318161812298,134.445921802175,135.214085965821,135.626181535673,135.90687556649,136.097177262722,136.159958559959,136.30337995338,136.589288952208,136.851858567543,137.21587877218,137.675534257221,138.226810266108,138.575928842168,136.108349053848,138.290511305111
Denmark,DNK,Carbon dioxide (CO2) emissions excluding LULUCF per capita (t CO2e/capita),EN.GHG.CO2.PC.CE.AR5,9.95498552704914,10.2176557625117,10.0959815146437,11.0756479736666,10.0173502823468,9.34972521105533,10.7814911595374,9.86619274996805,9.21687171357471,8.77100611160953,8.75259094652668,7.80664894018065,6.90183368827228,7.18425441305433,6.41524946952011,5.99519695932934,6.23364833511115,5.82350675978061,5.80885647631298,5.19435981770845,4.76672513171785,5.01916341414232,4.76729181944819
Denmark,DNK,GDP per capita (constant 2015 US$),NY.GDP.PCAP.KD,49266.9882757886,49557.1509962227,49624.5965359582,49708.0909084109,50956.3045398814,52015.1841169021,53823.1590295482,54113.9771471341,53572.5346568185,50635.9118061988,51209.4492757775,51667.5313210425,51470.689845427,51970.3909324806,52368.3625969272,53094.0133607574,54300.2039621991,55601.0145717787,56355.0733084714,57114.6227336347,55934.5555945523,59803.9202218941,60248.671222365
Denmark,DNK,Energy use (kg of oil equivalent per capita),EG.USE.PCAP.KG.OE,3491.17168608231,3586.44822949877,3536.23974586372,3729.38314390985,3598.35312921664,3484.59359006274,3729.69717999863,3626.53224599977,3502.69455323849,3359.26672454922,3498.02225565498,3218.55317400981,3072.08722081193,3075.55142847176,2881.05250715935,2847.9879109495,2891.02688317679,2896.57067618882,2870.41628591658,2757.24986480703,2637.04300572344,2756.12264765988,2580.54319180783
Denmark,DNK,Urban population (% of total population),SP.URB.TOTL.IN.ZS,85.1,85.15,85.25,85.36,85.566,85.856,86.098,86.293,86.487,86.654,86.795,86.957,87.142,87.292,87.41,87.526,87.642,87.757,87.874,87.994,88.116,88.24,88.367
Denmark,DNK,Trade (% of GDP),NE.TRD.GNFS.ZS,83.0420859548864,83.922664599029,84.4845925538271,80.7613001763544,82.0077308240144,89.3987952460671,97.4298607727841,100.047674594039,104.470310168489,89.3948566562728,94.3877282319057,102.012930474308,104.362280505171,103.612813249189,103.210859225139,105.130362453899,101.452783808643,104.215676920442,108.813985501909,111.891475065653,104.433432671151,111.414043682799,131.54315114232
Denmark,DNK,Renewable energy consumption (% of total final energy consumption),EG.FEC.RNEW.ZS,10.7,11.1,11.9,12.7,14.4,16.1,15.3,17.7,18.5,19.3,21.2,23.8,26.9,27,30.2,32.5,32,35,34.6,37.2,39.5,39.5,..
Denmark,DNK,"Industry (including construction), value added (% of GDP)",NV.IND.TOTL.ZS,23.6797577866217,22.8976347853224,22.6551034070512,22.1695327851468,22.1370994736383,22.1118631886264,22.6855310952049,22.0583080495124,22.6089943597854,19.8459601671915,19.3679354644121,19.8459237938884,19.8506421545794,19.734359858156,19.4044479337978,19.5644428511085,20.2319629319966,20.4236252284711,20.5755636281273,20.6402200527554,19.5550544065806,19.796771565732,20.8355183946708
Denmark,DNK,Fossil fuel energy consumption (% of total),EG.USE.COMM.FO.ZS,88.2406818685338,88.209355004404,87.9614995013398,89.6424295575336,85.4467546699108,82.2589646853174,86.6011716965985,81.9475896642818,80.1043572366936,78.863832481976,78.56007908311,75.0927557993699,71.3120377525016,71.3967301938113,67.50530308518,64.2118546852856,0,0,0,0,0,0,0
Denmark,DNK,Population density (people per sq. km of land area),EN.POP.DNST,133.4904,133.969575,134.398275,134.76435,135.113075,135.4858,135.9318,136.53595,137.340525,138.077375,138.692075,139.2643,139.7893,140.3733,141.086875,142.087075,143.20025,144.1245,144.8409,145.36055,145.7851,146.418325,147.575925
Djibouti,DJI,Carbon dioxide (CO2) emissions excluding LULUCF per capita (t CO2e/capita),EN.GHG.CO2.PC.CE.AR5,0.9899400255313,0.972627195444651,0.978413070311498,1.0080895467715,0.957725474626085,0.899701728023147,0.853856904473663,0.856118957883567,0.907997230978096,0.80118306972805,0.876752618379341,0.667223301052756,0.835068533959764,0.900059299935826,0.883499531772175,0.793580009271665,0.711991388257924,0.629289153531196,0.670129734429723,0.649852256204367,0.664864258388618,0.70706926567539,0.658255767323076
Djibouti,DJI,GDP per capita (constant 2015 US$),NY.GDP.PCAP.KD,..,..,..,..,..,..,..,..,..,..,..,..,..,2140.13769442336,2253.14082249768,2376.12554719873,2502.85181449431,2596.45134698268,2677.1650334451,2781.94350113484,2773.40661780097,2854.15987035097,2959.78673011268
Djibouti,DJI,Energy use (kg of oil equivalent per capita),EG.USE.PCAP.KG.OE,..,..,..,..,160.992780744779,165.640450589692,167.102144983897,163.51677705002,..,..,..,..,..,..,..,..,..,..,..,..,..,..,..
Djibouti,DJI,Urban population (% of total population),SP.URB.TOTL.IN.ZS,76.532,76.578,76.624,76.67,76.716,76.761,76.807,76.853,76.899,76.944,76.999,77.064,77.138,77.222,77.314,77.417,77.528,77.648,77.777,77.915,78.062,78.217,78.38
Djibouti,DJI,Trade (% of GDP),NE.TRD.GNFS.ZS,..,..,..,..,..,..,..,..,..,..,..,..,..,347.720317058403,298.564535821251,268.363456254629,213.071998607921,305.967966403468,300.398900523844,320.93923036418,225.744871323723,263.477728733891,302.285409231545
Djibouti,DJI,Renewable energy consumption (% of total final energy consumption),EG.FEC.RNEW.ZS,31.4,31.7,32.4,32.9,33.6,33.1,33,32.5,33.1,34.4,32.5,32,32.3,29.9,29.4,24.8,23.6,23.3,24.7,23.4,27.5,26.6,26.9
Djibouti,DJI,"Industry (including construction), value added (% of GDP)",NV.IND.TOTL.ZS,..,..,..,..,..,..,..,..,..,..,..,..,..,11.3865800627511,11.612957172612,11.3951494809576,11.3387071221455,12.4061244543166,13.991615352663,14.6103467336685,14.5456933567204,15.4059788148715,15.0308727802738
Djibouti,DJI,Fossil fuel energy consumption (% of total),EG.USE.COMM.FO.ZS,..,..,..,..,0,0,0,0,..,..,..,..,..,..,..,..,..,..,..,..,..,..,..
Djibouti,DJI,Population density (people per sq. km of land area),EN.POP.DNST,32.2397756686799,33.2749352890423,34.3215703192407,35.0957290767903,35.639516824849,36.2022001725626,36.9182053494392,37.7276962899051,38.5131147540984,39.3238567730802,40.1316220880069,40.9213977566868,41.7060828300259,42.4859361518551,43.2578515962036,44.0169542709232,44.7650129421915,45.5065142364107,46.2416738567731,46.9676013805004,47.6785159620362,48.3713546160483,49.0550474547023
Dominica,DMA,Carbon dioxide (CO2) emissions excluding LULUCF per capita (t CO2e/capita),EN.GHG.CO2.PC.CE.AR5,0.808629271211922,0.817127460168697,0.741585852823731,0.8404955421634,0.89586155661408,0.88020484767364,0.93305816353225,1.11551701599198,1.06892845731548,1.0891031598513,1.12258383072656,0.861656988110582,0.785613009635695,0.859212508068565,0.950648686285933,1.02826303081949,1.11628307904491,1.01027797243635,1.09865931293455,1.2389510901591,1.01223861601527,1.12347846790274,1.13428904917248
Dominica,DMA,GDP per capita (constant 2015 US$),NY.GDP.PCAP.KD,6879.59746131755,6897.65674086518,6676.97271467957,7047.66189595946,7323.8530008275,7381.74728529453,7698.53701483824,8106.18951878325,8682.57378179773,8582.71481435718,8574.27308682238,8553.8384670104,8532.34388117289,8459.6586988024,8576.26367623609,8282.59874702141,8499.52291903149,7985.6341102129,8261.16492553236,8624.51695993537,7302.94454951254,7738.31730070386,8590.92209069816
Dominica,DMA,Energy use (kg of oil equivalent per capita),EG.USE.PCAP.KG.OE,..,..,..,..,568.107328584539,596.502458754037,610.41188268465,624.573329266344,..,..,..,..,..,..,..,..,..,..,..,..,..,..,..
Dominica,DMA,Urban population (% of total population),SP.URB.TOTL.IN.ZS,65.265,65.382,65.689,65.994,66.299,66.601,66.903,67.203,67.502,67.799,68.094,68.389,68.685,68.982,69.28,69.579,69.88,70.181,70.483,70.786,71.09,71.395,71.7
Dominica,DMA,Trade (% of GDP),NE.TRD.GNFS.ZS,..,..,..,..,..,..,..,..,..,..,..,..,..,..,..,..,..,..,..,..,..,..,..
Dominica,DMA,Renewable energy consumption (% of total final energy consumption),EG.FEC.RNEW.ZS,11.1,9.4,13.6,10.6,11.4,10,9.8,7.8,8,7.5,10.3,13.8,11.3,11.4,9.9,8.7,10.7,9.7,7.9,7.6,8.6,8.8,8.9
Dominica,DMA,"Industry (including construction), value added (% of GDP)",NV.IND.TOTL.ZS,15.8601463842642,20.7378697934553,21.9320066334992,17.6366125639906,16.8272462469191,16.0776967254217,16.4681516773035,16.1554158164328,14.5994243871575,13.1643405618567,13.542839229991,14.7847029833916,15.0217799795012,13.4469362528695,13.5409587791002,11.9415971243125,12.5108806035108,11.6477982459601,16.4273165670357,16.4478298361598,12.143682386304,13.0406747989946,12.6067753689955
Dominica,DMA,Fossil fuel energy consumption (% of total),EG.USE.COMM.FO.ZS,..,..,..,..,0,0,0,0,..,..,..,..,..,..,..,..,..,..,..,..,..,..,..
Dominica,DMA,Population density (people per sq. km of land area),EN.POP.DNST,91.348,91.0506666666667,91.156,91.3746666666667,91.532,91.6453333333333,91.7413333333333,91.796,91.8053333333333,91.8186666666667,91.812,92.0706666666667,92.1573333333333,92.9533333333333,93.8306666666667,93.88,92.808,91.328,90.8986666666667,90.5066666666667,90.0973333333333,89.6026666666667,89.1013333333333
Dominican Republic,DOM,Carbon dioxide (CO2) emissions excluding LULUCF per capita (t CO2e/capita),EN.GHG.CO2.PC.CE.AR5,2.21432657012485,2.19492876549993,2.37388636880968,2.09249472753552,1.91341094435826,2.03643693887741,2.20260110523474,2.19426294817346,2.16381684987042,2.04580277073396,2.1303795502626,2.12358785841528,2.17248332764174,2.10683263106233,2.10302371337657,2.28736858074052,2.35654314154574,2.22925377264857,2.3762450434996,2.61836675327975,2.44363798224976,2.66699006677409,2.63956033505913
Dominican Republic,DOM,GDP per capita (constant 2015 US$),NY.GDP.PCAP.KD,4123.10573163115,4158.98430282429,4280.80182397408,4162.66686117661,4212.01044121773,4549.24957008857,4904.71715839398,5204.78500652254,5308.92664966814,5294.64953374426,5666.45633430206,5773.57403459156,5860.29893321013,6075.03399972737,6430.27811051339,6800.95309395474,7177.75376475488,7379.39978067137,7818.70593240469,8117.04639185786,7395.8734262396,8344.90510312395,8698.13592094395
Dominican Republic,DOM,Energy use (kg of oil equivalent per capita),EG.USE.PCAP.KG.OE,856.256386147598,819.653073657806,882.200793773631,783.89236996528,749.386905892802,772.037711488806,792.6097043369,812.279711429867,772.574772036856,743.587387722268,773.404254862996,780.082749539865,791.42994660033,762.355920346053,745.786212900828,797.923170664734,842.638249219176,824.396571608205,860.8644315883,938.583494670767,842.611820450654,939.195582252068,950.470105292014
Dominican Republic,DOM,Urban population (% of total population),SP.URB.TOTL.IN.ZS,61.753,62.565,63.371,64.605,66.003,67.37,68.71,70.02,71.3,72.542,73.753,74.827,75.802,76.749,77.67,78.566,79.436,80.277,81.074,81.828,82.54,83.213,83.848
Dominican Republic,DOM,Trade (% of GDP),NE.TRD.GNFS.ZS,79.3003930961432,70.5105678080061,68.7232829028777,84.4495031861592,81.3514229381911,61.6535587358027,63.7664826351505,61.229259153164,61.4285058325394,50.6509376792025,56.0573964175321,59.0692578401698,58.5062536731089,56.8137658014945,55.6601041506633,52.3471238667007,51.7306571245477,50.7595355508472,52.3351709577013,50.912982200697,44.7331613466756,51.9500227303115,54.3781976712844
Dominican Republic,DOM,Renewable energy consumption (% of total final energy consumption),EG.FEC.RNEW.ZS,19.1,18.9,17.9,18.9,20.7,19.4,18,17.9,17.7,17.3,16.9,16.8,16.5,16.6,17.3,14.9,15.3,16.9,15.9,14.4,16,14.8,..
Dominican Republic,DOM,"Industry (including construction), value added (% of GDP)",NV.IND.TOTL.ZS,31.6704245093107,29.7327726328976,31.088108747831,31.8823029095459,31.8129445090859,30.2693576810614,31.1098612659885,30.5469468544139,29.3755031583439,27.3561708818325,27.2729956898842,27.543253721519,27.3630347889582,28.042816852784,28.3860007406051,26.9345632876959,25.8795514870557,25.7840049829017,26.9196437003489,27.3564369481505,28.8243175766758,30.8689593199686,30.8255427451738
Dominican Republic,DOM,Fossil fuel energy consumption (% of total),EG.USE.COMM.FO.ZS,85.5998233215579,85.9133721629627,83.9784626964257,85.4077284545217,80.7540945275813,83.9085340085235,82.5765319164984,82.3772458919111,85.9990467011553,84.3537318667616,84.673265659493,85.4849027506766,86.1798819691375,85.2286919310309,85.9892429037111,76.7792422041232,0,0,0,0,0,0,0
Dominican Republic,DOM,Population density (people per sq. km of land area),EN.POP.DNST,177.689712274891,180.506789484579,183.238149451459,185.895673773546,188.468060442972,190.954957565721,193.359200993583,195.728793210515,198.160422272821,200.688573794245,203.274166839164,205.870854895467,208.453963982612,211.008755951149,213.527799627406,215.997288346098,218.410888014904,220.799896501759,223.18470296005,226.026774543851,228.397349102723,230.786990834893,233.012351959686
Ecuador,ECU,Carbon dioxide (CO2) emissions excluding LULUCF per capita (t CO2e/capita),EN.GHG.CO2.PC.CE.AR5,1.73712208628341,1.88285876719692,1.84923330506013,1.85733111402027,1.92717144714988,2.03933031844273,2.14623163734598,2.152284776931,2.18674842379543,2.33877024035013,2.47893188792371,2.46292189199599,2.43528946531234,2.55258893329642,2.6530883078921,2.59821808686404,2.48237230840649,2.37262775858901,2.42655713961198,2.35444928238553,2.03535664549288,2.25588597600763,2.37098542479234
Ecuador,ECU,GDP per capita (constant 2015 US$),NY.GDP.PCAP.KD,3953.39879728357,4049.0001889951,4174.89793579965,4220.21298466638,4430.23717984188,4589.32849203452,4706.98056823816,4715.30359842555,4939.90215021789,4909.33681705683,5022.20374387205,5359.45724615639,5579.85624282158,5893.32172683036,6055.04172761485,5976.1596805651,5849.13587933672,6104.27253521751,6063.0956178776,5971.38938386723,5355.68934196443,5815.09477390949,6107.49495006543
Ecuador,ECU,Energy use (kg of oil equivalent per capita),EG.USE.PCAP.KG.OE,638.756054226183,668.563680952542,709.305743944436,770.215737177298,785.591926855098,837.891418715488,811.02739152362,875.476008346416,762.824711258849,830.344069134027,867.465226710609,891.346717905666,872.14170563726,911.670139950059,983.236124319332,936.659126017204,885.602158222866,897.948107586853,869.583266013291,903.972772011095,785.425200484029,886.141180629787,904.739923624519
Ecuador,ECU,Urban population (% of total population),SP.URB.TOTL.IN.ZS,60.299,60.799,61.118,61.316,61.514,61.711,61.907,62.104,62.3,62.495,62.69,62.851,62.988,63.125,63.261,63.398,63.534,63.67,63.821,63.986,64.166,64.361,64.57
Ecuador,ECU,Trade (% of GDP),NE.TRD.GNFS.ZS,65.4042953826391,56.128486744205,54.7966439366136,52.3575426975979,56.0745467239942,61.9581507902572,65.8423556166562,68.8505854462677,74.5902963648439,57.3473460627608,65.7773849135062,70.0356837525249,67.0029290916898,63.4333003342414,61.4263766217565,47.8280397077826,40.5344917996647,43.6177233172817,48.0093476154836,48.0828494933307,43.9893109378389,53.261275610573,61.880792818786
Ecuador,ECU,Renewable energy consumption (% of total final energy consumption),EG.FEC.RNEW.ZS,19.4,17.1,17.1,16.6,16.7,16.2,14.2,15.9,15.3,12.9,11.8,13.2,13.2,11.8,12.2,13.1,14.8,17,16.3,17.7,20.2,18.9,..
Ecuador,ECU,"Industry (including construction), value added (% of GDP)",NV.IND.TOTL.ZS,34.6929113152167,28.4638100268279,27.9809746339912,27.5468648555501,29.6637383769892,32.1244730702211,34.7933483797009,35.4352292862054,38.9201614839835,31.0916213331503,33.9061751825852,37.4057005178901,37.0917503800762,36.8322936524171,35.7119955282529,28.0900423392523,27.5339637947157,28.4680086969835,28.0147488586162,26.6504631266844,23.9811344799811,27.3494898826986,29.5835905417542
Ecuador,ECU,Fossil fuel energy consumption (% of total),EG.USE.COMM.FO.ZS,91.4791858896178,93.0592328321189,83.7002780253,76.6780386594361,70.2682196083149,68.3230922647109,69.7376485250137,72.4003840636073,73.1030667210873,82.2992675694856,79.0559786263319,78.6800018791574,77.9734582917102,79.8213831147488,78.1462784827833,36.9527235657162,0,0,0,0,0,0,0
Ecuador,ECU,Population density (people per sq. km of land area),EN.POP.DNST,51.0919874375906,51.9839748751812,52.9009180222258,53.8424303430504,54.7942543082622,55.7503744564342,56.7165847962635,57.6935617651796,58.6857867611532,59.6954179416975,60.7050048316959,61.7097237880496,62.700088581092,63.6460299565147,64.5640360766629,65.4945442100177,66.4565107102593,67.4807497181511,68.6485223063295,69.8180906748269,70.6477089708488,71.1968674504751,71.7663754227734
"Egypt, Arab Rep.",EGY,Carbon dioxide (CO2) emissions excluding LULUCF per capita (t CO2e/capita),EN.GHG.CO2.PC.CE.AR5,1.75019912898276,1.89142615266358,1.90135284453705,1.89908236423599,2.01835255318921,2.19951900965369,2.28380507408168,2.39630690624788,2.35271293801234,2.40378248470691,2.37393749805485,2.40778169498073,2.50041645645263,2.39935251338005,2.38999504699409,2.40360330097966,2.46050874385453,2.52735357140918,2.42779916908157,2.2041556418083,2.06914095436602,2.25075012837405,2.19467715046185
"Egypt, Arab Rep.",EGY,GDP per capita (constant 2015 US$),NY.GDP.PCAP.KD,2458.60835003016,2492.03441188721,2498.48121191713,2524.80477192682,2574.42341789124,2635.70305227819,2761.62410769792,2902.06559804963,3052.21297844721,3135.09661303014,3233.84521246786,3222.37650111856,3220.99194203067,3216.3783902629,3235.66246235257,3306.98159414141,3381.22246306207,3452.90961245539,3568.63966286161,3701.2446345188,3770.86947867421,3837.31992324447,4029.78295457978
"Egypt, Arab Rep.",EGY,Energy use (kg of oil equivalent per capita),EG.USE.PCAP.KG.OE,569.881356092312,634.095104088458,636.526193894253,647.53985335306,692.141360028845,778.769640304157,806.402489163819,844.384421346476,859.150259001023,862.435116243687,838.166707475228,860.053119855617,866.240866672303,825.189960336054,832.772090858109,810.817127279737,872.581407763809,897.218073562482,870.813573488394,844.783013447093,805.259456646637,857.821938469275,902.48842991302
"Egypt, Arab Rep.",EGY,Urban population (% of total population),SP.URB.TOTL.IN.ZS,42.797,42.843,42.889,42.935,42.981,43.027,43.073,43.078,43.058,43.039,43.019,43,42.946,42.893,42.839,42.785,42.732,42.705,42.704,42.73,42.783,42.862,42.967
"Egypt, Arab Rep.",EGY,Trade (% of GDP),NE.TRD.GNFS.ZS,39.0179359012055,39.8104265402844,40.9870678279229,46.1796407185629,57.8199052132701,62.9526462395543,61.5185365063947,65.077873254565,71.6806253489671,56.5534446363462,47.9363500745898,45.2556341623514,40.7117692721084,40.373038056332,36.9201877934272,34.8459429600229,30.2465490514505,42.8321343581608,45.9110196733959,41.1240171551108,32.1262555667523,29.8569734808122,36.9831048772713
"Egypt, Arab Rep.",EGY,Renewable energy consumption (% of total final energy consumption),EG.FEC.RNEW.ZS,8.3,7.8,7.3,7.4,7.6,6.5,6.2,6,5.9,5.7,5.4,5.4,5.3,5.3,5.4,5.3,5.1,4.9,5,6.2,6.7,6.1,..
"Egypt, Arab Rep.",EGY,"Industry (including construction), value added (% of GDP)",NV.IND.TOTL.ZS,30.7518670979124,30.8988569835517,32.5835048825548,33.3705868263473,34.6679167525242,34.1486722376973,36.1547353084021,35.0653866809882,36.2125516471245,35.8164459796584,35.7845184816841,35.9517175990081,39.2513148623634,39.8869544184046,39.890323943662,36.6302017267482,32.4559533476046,34.3958677753768,35.3298750589345,35.8254244102931,32.3694442999707,31.1876357851451,32.7114314313038
"Egypt, Arab Rep.",EGY,Fossil fuel energy consumption (% of total),EG.USE.COMM.FO.ZS,91.489819853051,90.7295038968966,91.9207572540109,91.9563705184466,92.861632024063,93.6670787511882,93.7797321927131,93.9044419229283,94.2153883779026,94.4713931437623,94.3283973018108,94.0586478546803,93.893044095937,93.8973902079236,90.2206573455579,62.7106573100733,0,0,0,0,0,0,0
"Egypt, Arab Rep.",EGY,Population density (people per sq. km of land area),EN.POP.DNST,73.4173328645336,74.9932482796725,76.587610628359,78.2094007735195,79.8407182681199,81.4717002360741,83.0784097644281,84.6614345270983,86.2572595308654,87.9015882264303,89.6037691496308,91.5094268923602,93.5868210357125,95.7693033301522,97.9744376914963,100.052581244663,102.109185795369,104.170030639409,106.165145411623,108.044761665578,109.814781254709,111.464169973379,113.13300517354
El Salvador,SLV,Carbon dioxide (CO2) emissions excluding LULUCF per capita (t CO2e/capita),EN.GHG.CO2.PC.CE.AR5,0.97542369088493,1.01096503721477,1.0116207262482,1.09668941031064,1.13694821914473,1.17066167486294,1.23062436368344,1.29396468182762,1.17529456585071,1.13996064004323,1.10753530384136,1.15265248163134,1.14408384070919,1.07974814130164,1.10471356678736,1.1745279021734,1.18157334537479,1.06681657601239,1.14135374296984,1.30240852364023,1.06725725631481,1.2039102385601,1.26076398348555
El Salvador,SLV,GDP per capita (constant 2015 US$),NY.GDP.PCAP.KD,2964.89346881406,2978.59734844669,3016.06307728602,3057.16467629097,3081.23629665234,3163.36118376833,3302.34817354347,3359.1623024135,3420.44927357444,3337.81150878211,3398.49346060363,3514.069144355,3601.44222914588,3665.1547327058,3713.94992016222,3790.34089108162,3875.84691357954,3954.84014277572,4046.16291720583,4143.11437097867,3808.53195436409,4247.54750394978,4355.96083888359
El Salvador,SLV,Energy use (kg of oil equivalent per capita),EG.USE.PCAP.KG.OE,537.110967454389,568.00569056859,582.453658736363,622.386657178414,627.60446428589,643.90315216252,686.957827636037,694.537311720365,702.300695812568,689.42246753204,697.036927315506,692.505312990967,701.457404594185,660.094150213557,649.043175650273,674.353996656659,686.997805008996,674.665441622059,694.567755248769,734.803208380046,669.910725026867,722.148396888114,768.683429492147
El Salvador,SLV,Urban population (% of total population),SP.URB.TOTL.IN.ZS,58.912,59.464,60.014,60.561,61.107,61.648,62.187,62.774,63.678,64.57,65.452,66.325,67.187,68.036,68.874,69.7,70.501,71.275,72.023,72.746,73.444,74.118,74.767
El Salvador,SLV,Trade (% of GDP),NE.TRD.GNFS.ZS,68.7100889044911,65.8907385362251,65.9190907767708,68.23698247861,69.7822641767691,69.7158116750578,73.4555675070266,77.6210560347995,80.6659739399085,66.0711911744487,73.5372876725398,79.2766437025052,77.6485716222883,80.4511944908271,78.1044257477935,76.5602707370519,72.8190933731491,74.3046511916519,75.6336168879956,76.0420130991468,66.4595069497083,81.8450759800765,88.7011093776867
El Salvador,SLV,Renewable energy consumption (% of total final energy consumption),EG.FEC.RNEW.ZS,33.5,33.1,34,33.9,33.3,34.1,34.8,28.2,31.5,32.2,32.6,29.5,30.3,27.5,24,21,20.7,25,23.2,19.4,23.7,21.9,..
El Salvador,SLV,"Industry (including construction), value added (% of GDP)",NV.IND.TOTL.ZS,26.8777211081236,27.0779450585016,27.2751357818747,26.9525306163395,25.6039214354494,24.4712886106953,24.4717932435785,24.5219333695828,25.8812946540508,24.9700311675857,25.2759118643186,26.1954132809565,26.589358065851,26.1216427113687,26.0135339989829,25.2889295441979,24.8348278708617,25.1714727339037,25.0755067570813,25.3481437171191,23.7247499015898,24.1049005031825,23.7319470400488
El Salvador,SLV,Fossil fuel energy consumption (% of total),EG.USE.COMM.FO.ZS,55.846899230095,54.1123722366261,53.6494924783026,53.2710248272676,51.7757675780498,51.391377038244,50.8513969091027,51.3173185998995,47.3897063372528,47.7132411176402,46.6790148498238,48.2096827179224,47.7459212671036,47.14748723196,49.2268560591848,51.9297349111333,0,0,0,0,0,0,0
El Salvador,SLV,Population density (people per sq. km of land area),EN.POP.DNST,286.841988416988,288.033783783784,288.930067567568,289.507673745174,289.800723938224,289.844498069498,289.68721042471,290.049420849421,290.989237451737,291.905357142857,292.86916023166,293.925048262548,295.076013513513,296.276013513514,297.439913127413,298.439961389961,299.266409266409,299.880936293436,300.183735521236,300.304922779923,300.901206563707,301.919980694981,303.104198841699
Equatorial Guinea,GNQ,Carbon dioxide (CO2) emissions excluding LULUCF per capita (t CO2e/capita),EN.GHG.CO2.PC.CE.AR5,3.90257636016432,4.80185000453432,4.02553019774249,4.23488728118491,6.97831022194269,6.75102679320686,6.44857387793926,6.88812444259124,6.0917632522844,4.82339546682892,4.8069734291493,4.79451779020562,4.32560768096682,4.25139167653382,4.08471612226645,3.71883517902943,3.57336561935995,3.12788819223808,2.89689202448371,2.7273157276145,2.603602280963,2.47795922869525,2.30723380897067
Equatorial Guinea,GNQ,GDP per capita (constant 2015 US$),NY.GDP.PCAP.KD,3839.08642737128,5882.85050306586,6604.0054631081,7082.65489186921,9208.60566707162,10212.4545051498,10521.9996774827,11594.9172068456,13048.0703050168,12627.862381545,10984.3243932426,11203.9073679091,11650.7196270884,10731.6455729191,10363.4872473549,9068.91003238645,7971.83401904573,7259.10936454803,6578.90039765711,6018.12066321865,5575.26241511492,5487.92479201992,5524.24312418579
Equatorial Guinea,GNQ,Energy use (kg of oil equivalent per capita),EG.USE.PCAP.KG.OE,342.94581014711,346.083765897848,450.928237072084,453.514851450604,1539.1056670147,1455.03413482451,1362.7589016065,1453.90111971209,1403.26066049911,1375.88349844257,1352.16483458066,1451.36432822459,1434.92228201116,1674.89731821487,1480.61701335792,1329.54186375437,1510.32394648061,1291.24482554605,1409.34005936781,1273.74315217578,1121.3790829434,1300.88396062046,1283.9351679017
Equatorial Guinea,GNQ,Urban population (% of total population),SP.URB.TOTL.IN.ZS,49.092,50.832,52.573,54.307,56.033,57.74,59.431,61.1,62.745,64.358,65.94,67.488,69,69.544,70.083,70.616,71.138,71.646,72.143,72.627,73.1,73.561,74.01
Equatorial Guinea,GNQ,Trade (% of GDP),NE.TRD.GNFS.ZS,..,..,..,..,..,131.02447181321,118.532782368937,134.083789857569,128.688006601458,122.212077110801,144.668225001248,114.37734663649,116.675422472364,106.893284926066,104.379198671388,98.8780591680756,92.6007307237942,102.428258251803,103.645681622953,94.8787924253545,77.9278846441807,76.9666485998527,81.8130161368099
Equatorial Guinea,GNQ,Renewable energy consumption (% of total final energy consumption),EG.FEC.RNEW.ZS,45.9,46.1,31.3,29.5,7.2,7.1,7,8.5,7.2,9.2,5.7,5.6,4.4,3.7,4.9,5.5,4.8,5,4.8,7.4,6.5,5.2,4.2
Equatorial Guinea,GNQ,"Industry (including construction), value added (% of GDP)",NV.IND.TOTL.ZS,..,..,..,..,..,..,82.9149022419933,81.3016985801085,84.3491943279293,75.3247324271881,74.7445614275894,78.0648736933954,77.3115042713314,72.4492577432395,70.1909452181904,59.1005872679086,52.3302543282798,56.8622280929059,57.2950816179221,52.0754100364789,45.4054105758078,50.201792113968,56.2109990617835
Equatorial Guinea,GNQ,Fossil fuel energy consumption (% of total),EG.USE.COMM.FO.ZS,0,0,0,0,0,0,0,0,0,0,0,0,0,0,0,0,0,0,0,0,0,0,0
Equatorial Guinea,GNQ,Population density (people per sq. km of land area),EN.POP.DNST,25.0723351158645,26.7321212121212,28.4476648841355,30.2268092691622,32.0826024955437,33.7742245989305,35.3063458110517,36.935614973262,38.6641711229947,40.4874509803922,42.3916221033868,44.272192513369,46.1134759358289,47.9935115864528,49.9047415329768,51.8332620320856,53.7677718360071,55.7003921568627,57.6264527629233,59.5428520499109,61.1931550802139,62.7018181818182,64.297504456328
Eritrea,ERI,Carbon dioxide (CO2) emissions excluding LULUCF per capita (t CO2e/capita),EN.GHG.CO2.PC.CE.AR5,0.298304740789068,0.318025465392835,0.303178717063007,0.28084492460212,0.276066819485476,0.227039153168759,0.200998556686845,0.193203466580539,0.164398523324884,0.166523251445262,0.175438834762898,0.205637180109289,0.208858250345408,0.193048309241598,0.192428662307406,0.185989838823833,0.191090466982729,0.186042997803099,0.205151655620842,0.207857924556369,0.204115674461325,0.212585402051172,0.195750219903697
Eritrea,ERI,GDP per capita (constant 2015 US$),NY.GDP.PCAP.KD,845.132430060544,893.268735439193,889.009113592982,830.379672282601,808.591420184592,809.794793468889,789.402432018085,789.072701743247,693.398874212494,702.430936480778,703.877374381654,751.374899794668,..,..,..,..,..,..,..,..,..,..,..
Eritrea,ERI,Energy use (kg of oil equivalent per capita),EG.USE.PCAP.KG.OE,315.395535029609,322.668541220259,299.832707809687,330.949471726041,268.667667611852,264.190146723474,245.383387133755,244.433724354807,239.25916399818,244.677921933455,248.894956494924,258.760972689353,262.063036384126,260.936166552643,265.941391175018,271.621174865657,277.263825443909,278.046653683449,282.970999568768,285.072046929144,284.944148661073,286.998662898016,289.547794683649
Eritrea,ERI,Urban population (% of total population),SP.URB.TOTL.IN.ZS,26.587,27.455,28.341,29.244,30.164,31.099,32.051,33.017,34,34.585,35.175,35.771,36.372,36.979,37.59,38.206,38.827,39.451,40.08,40.712,41.347,41.985,42.625
Eritrea,ERI,Trade (% of GDP),NE.TRD.GNFS.ZS,67.8813619265146,72.0627109589752,76.5901636574451,74.0078242901552,65.570906849032,61.1060310218073,45.2608460537354,34.5595595326375,30.5609500494496,27.9721416148149,37.4714654565691,47.3937901188684,..,..,..,..,..,..,..,..,..,..,..
Eritrea,ERI,Renewable energy consumption (% of total final energy consumption),EG.FEC.RNEW.ZS,76.8,74.8,74.7,75,69.8,74.7,77.3,79.1,81.4,81.7,80.9,77.1,78.4,79.7,80.5,81.2,81.4,81.6,80.8,80.6,80.9,80.7,..
Eritrea,ERI,"Industry (including construction), value added (% of GDP)",NV.IND.TOTL.ZS,19.160680418751,18.5335104260986,19.1738449069837,19.69660113404,19.6127388525368,20.4623875049573,18.1529072515031,19.1952082293037,25.9146824489119,21.8193391437224,..,..,..,..,..,..,..,..,..,..,..,..,..
Eritrea,ERI,Fossil fuel energy consumption (% of total),EG.USE.COMM.FO.ZS,28.2336671744401,28.2096624683844,28.0090508788278,28.8126619863405,37.5133097067773,37.2914788422334,27.0599177389734,27.8887350288519,19.1234598043383,22.6839250270413,21.806119266234,21.4244040018466,22.1528988296017,22.4753636823767,22.8865360415514,23.2919424073388,0,0,0,0,0,0,0
Eritrea,ERI,Population density (people per sq. km of land area),EN.POP.DNST,22.2478316831683,22.8918712871287,23.6928514851485,24.6921089108911,21.4765054072847,21.9889099906246,22.3422474247986,22.6651485964038,23.2643755206101,23.8530992984597,24.3272910774296,24.7626561652109,25.0820517513238,25.3975905581196,25.572294764578,25.6468528978016,25.8074296058691,26.0206072238481,26.3695100817645,26.7606490641362,27.1914115855899,27.6467466920618,28.1358115568642
Estonia,EST,Carbon dioxide (CO2) emissions excluding LULUCF per capita (t CO2e/capita),EN.GHG.CO2.PC.CE.AR5,12.4385730698612,12.7937526789927,12.3237756914489,13.8835794327069,14.2397710175773,14.3031868760495,13.8965407147259,16.6045588805681,15.05919571607,12.5973855670412,16.1910662986537,16.3273792618719,15.5164905617013,17.3857755366666,16.6755797633402,15.197577631866,15.1846419261432,16.1097295852994,16.9131535571345,11.0843486085592,8.63528395919737,9.24878205648373,9.33261172563091
Estonia,EST,GDP per capita (constant 2015 US$),NY.GDP.PCAP.KD,10006.7696280939,10662.9455020331,11474.6622721923,12424.0441535693,13348.5284463324,14703.6179707772,16234.5152041417,17543.4661785723,16688.997772178,14274.8511086787,14657.939813612,15820.922342204,16460.6843479001,16809.5326683781,17413.6867560212,17722.1557669523,18264.9873304279,19270.8141210511,19914.3454922878,20579.8756732376,19946.945696898,21351.3954794853,21080.6531409009
Estonia,EST,Energy use (kg of oil equivalent per capita),EG.USE.PCAP.KG.OE,3377.645508595,3589.37747318315,3375.56515275032,3680.05850823958,3952.3382123667,4015.42832630309,4006.73962643142,4690.13970340714,4142.50947696917,3360.6644887123,4419.42268300424,4311.6949178562,3984.06344804238,4435.56686367547,4226.20121103955,3695.11919135189,4579.42111654538,4444.84667060588,4282.71513259126,3661.49925395092,3368.23730668515,3427.29968051085,3559.04893160478
Estonia,EST,Urban population (% of total population),SP.URB.TOTL.IN.ZS,69.368,69.242,69.116,68.989,68.862,68.735,68.607,68.479,68.351,68.223,68.094,67.965,67.974,68.122,68.269,68.416,68.563,68.717,68.88,69.051,69.229,69.415,69.609
Estonia,EST,Trade (% of GDP),NE.TRD.GNFS.ZS,126.495626368659,126.546640067292,123.28234538757,122.744772807796,129.949500077661,135.912792115107,136.620737662645,133.980829235754,136.681988157836,116.759079859802,143.671762256978,166.7460724339,169.156067773865,164.601632156916,157.953944842229,148.507157123558,147.7462327097,144.635650944133,143.485224864735,140.352147998549,137.392641283846,160.394681627556,174.563994182116
Estonia,EST,Renewable energy consumption (% of total final energy consumption),EG.FEC.RNEW.ZS,19.8,18.9,19.3,19.9,20,18.9,17.2,18.6,20.5,24.2,25.3,25.2,25,24.5,25.3,28.2,27.2,27.5,28.6,31.3,40.4,38,..
Estonia,EST,"Industry (including construction), value added (% of GDP)",NV.IND.TOTL.ZS,24.8827014515579,25.378642214491,25.4828331665145,26.1058068328068,25.4261030005361,26.2552926540896,26.9431146026321,26.8422158711628,26.1319416506077,23.2761523015463,24.0345491849484,25.3466745057015,24.6316781428684,24.6780044555117,24.1060210413845,23.1154851402023,23.2340417592371,23.180862044638,23.288660554967,22.313384878363,21.7717078135052,22.6516169764727,23.3390486819003
Estonia,EST,Fossil fuel energy consumption (% of total),EG.USE.COMM.FO.ZS,28.6267085500235,31.4498914259412,29.9395471183584,29.2143864277728,28.8097037459524,29.0098243692973,29.5949070653684,25.876130431314,27.820664307059,25.2860003557502,19.6591779791039,18.5541325298788,20.4941461383658,17.9264721073035,15.7466116982443,14.7458979553125,0,0,0,0,0,0,0
Estonia,EST,Population density (people per sq. km of land area),EN.POP.DNST,32.9555319650861,32.7462845010616,32.5395140363293,32.3359282849729,32.1431941495636,31.9597782495872,31.7718801604152,31.6272705826846,31.5425807973579,31.4818353385232,31.4101203113942,31.3149091766926,31.2030195800896,30.3196917414309,30.2402806533241,30.26011042098,30.2689210950081,30.816,30.9234385964912,31.0385497076023,31.0999298245614,31.1329122807018,31.5665808565411
Eswatini,SWZ,Carbon dioxide (CO2) emissions excluding LULUCF per capita (t CO2e/capita),EN.GHG.CO2.PC.CE.AR5,1.05337550676292,1.05749982874497,1.02101013647763,0.940939345645449,0.925398752654546,0.917219482086556,0.920294051470073,0.946085330130512,0.9223279309274,0.949280325891528,0.769216929789052,0.732488663333432,0.721084331453211,0.851511960282834,0.86447317123398,0.893059494422972,0.974939691537329,0.958387836245192,0.949672734614335,0.994851992670404,0.968367500077553,1.03249397269833,1.10967358729101
Eswatini,SWZ,GDP per capita (constant 2015 US$),NY.GDP.PCAP.KD,2288.1859079469,2291.0910767816,2372.53399061179,2447.82157729362,2521.26197648362,2657.98544901873,2803.19134323489,2910.69700039141,2914.87429866549,2941.57575783243,3035.32777964884,3086.37215510448,3235.47890805132,3342.18695835877,3371.35427308353,3420.75357067279,3559.85099149342,3584.61802626857,3560.81449068718,3742.38415901165,3596.06416104047,3676.8490229898,3680.42326804666
Eswatini,SWZ,Energy use (kg of oil equivalent per capita),EG.USE.PCAP.KG.OE,913.698267523096,896.447007609265,895.040020351145,877.574503283173,855.867486067816,858.521707685069,900.421781084863,902.867073860652,888.920326582466,995.276783530389,835.944523913655,1001.76421858039,995.751763389746,1022.77677200785,1005.34809850195,1046.30784939115,1035.35273669945,996.714704846792,989.952755531414,1023.13885273742,991.485746872995,951.152984722388,958.916943750887
Eswatini,SWZ,Urban population (% of total population),SP.URB.TOTL.IN.ZS,22.686,22.555,22.425,22.296,22.166,22.038,21.91,21.829,22.045,22.262,22.48,22.7,22.849,22.999,23.149,23.3,23.459,23.625,23.799,23.981,24.171,24.369,24.576
Eswatini,SWZ,Trade (% of GDP),NE.TRD.GNFS.ZS,..,..,..,..,..,..,..,..,..,..,..,..,..,85.178074262072,91.5997199256524,88.2380778212486,89.3135033741698,86.8600357143891,85.4753716503961,86.6412229625686,84.3006119726657,90.3327981678426,92.6789042197449
Eswatini,SWZ,Renewable energy consumption (% of total final energy consumption),EG.FEC.RNEW.ZS,60.1,60.9,63.6,66.5,66.6,67,66.8,66.9,67.8,66.7,68.5,69.3,68.8,66.1,68.3,68.8,64.3,65.3,65.7,64.4,63.7,65.4,64.7
Eswatini,SWZ,"Industry (including construction), value added (% of GDP)",NV.IND.TOTL.ZS,39.3941080920233,39.4712572115964,39.2822319228053,38.3261795000479,39.8248475820452,39.7817244937248,39.8249253137507,40.4170425965253,39.5914384100804,39.9097643395819,37.705563884448,36.7774862971204,36.7989607730523,36.5590039170573,36.1594083271285,36.9576047456835,37.8039644128254,34.9043700505776,33.9980394121019,34.6484917752975,31.2181532819887,32.8137336710958,34.5409382976808
Eswatini,SWZ,Fossil fuel energy consumption (% of total),EG.USE.COMM.FO.ZS,0,0,0,0,0,0,0,0,0,0,0,0,0,0,0,0,0,0,0,0,0,0,0
Eswatini,SWZ,Population density (people per sq. km of land area),EN.POP.DNST,60.5473255813953,61.1083720930233,61.5954069767442,62.0174418604651,62.3929651162791,62.7338372093023,63.0486046511628,63.4130813953488,63.8425,64.2530813953488,64.6308139534884,64.9902906976744,65.3408720930233,65.6970930232558,66.0638953488372,66.4426162790698,66.8318023255814,67.3369186046512,67.960988372093,68.5973255813954,69.3447093023256,70.1507558139535,70.8672674418605
Ethiopia,ETH,Carbon dioxide (CO2) emissions excluding LULUCF per capita (t CO2e/capita),EN.GHG.CO2.PC.CE.AR5,0.0574976130925091,0.0688898283988481,0.0686921823988511,0.0712367641405539,0.0753195378915466,0.0698172341151246,0.0717800432174618,0.0763929511898438,0.0802175094946829,0.078468191101054,0.0759511029748069,0.0854450087316185,0.0938091405706714,0.106078143961823,0.122677398672668,0.130066165779965,0.150223726679251,0.144700548930717,0.15502002802098,0.162690735801413,0.14192508025153,0.141454885658249,0.131907277982926
Ethiopia,ETH,GDP per capita (constant 2015 US$),NY.GDP.PCAP.KD,257.412698845664,270.451435406908,266.316614456911,252.806674812798,278.648105685268,302.475022727211,325.543392093065,352.360703147015,379.238310448137,401.068729929542,438.78661648794,474.159034335212,500.91935528473,539.072451759432,578.632922927814,621.845673808133,662.32729587522,706.164227383539,734.227726647201,774.512169656681,799.47559527955,822.305881122416,843.648005300445
Ethiopia,ETH,Energy use (kg of oil equivalent per capita),EG.USE.PCAP.KG.OE,363.603550531224,366.971780860921,366.758089028477,367.63116772625,367.777166433932,365.389330954915,366.046138985671,367.675946638422,368.664919304241,368.511855785931,368.354746710272,371.365873516346,371.835988806056,376.060890534794,380.177588735816,380.062892430497,383.623509864643,382.08010457893,384.725728343228,386.237241195762,380.656754967252,373.902183810576,377.921752731092
Ethiopia,ETH,Urban population (% of total population),SP.URB.TOTL.IN.ZS,14.74,14.927,15.118,15.31,15.504,15.7,15.899,16.116,16.51,16.91,17.319,17.735,18.16,18.575,18.998,19.428,19.866,20.31,20.763,21.225,21.695,22.174,22.661
Ethiopia,ETH,Trade (% of GDP),NE.TRD.GNFS.ZS,..,..,..,..,..,..,..,..,..,..,..,48.232935411689,45.3979041835072,41.4717870807625,40.7410841498626,39.6561241449515,34.8990210816111,31.1036494929016,31.1993689777881,28.8152939288346,24.0061143401794,24.3450574647644,26.5954996967313
Ethiopia,ETH,Renewable energy consumption (% of total final energy consumption),EG.FEC.RNEW.ZS,95.5,94.6,94.5,94.2,94.1,94.7,94.5,94.1,94.1,94.2,94.1,93.6,93.3,92.4,91.4,91.5,90.4,90.8,90,89.3,90.7,90.6,..
Ethiopia,ETH,"Industry (including construction), value added (% of GDP)",NV.IND.TOTL.ZS,11.4104671171237,11.9279294612334,12.7402796419574,12.8995022232624,12.6855403366012,11.7888335264129,11.5923160493911,11.5894966658928,10.2068542889297,9.68348044252178,9.43512813822331,9.6646421928884,9.47613796506918,10.9445569914695,13.4713245062584,16.2977936386153,21.9325618536317,23.5819066692345,27.3057073050799,24.8223642571985,23.102295222549,21.8500262615029,22.7175269590867
Ethiopia,ETH,Fossil fuel energy consumption (% of total),EG.USE.COMM.FO.ZS,4.43057160146509,5.32797825438623,5.39461845828241,5.66138359830019,5.75323127388069,5.27063422258358,5.46087481183759,5.96042802359756,6.27769341640976,6.21270617804369,5.85648556122915,5.82958495699859,6.37679634866068,7.34009188714172,8.26709638822342,8.3447242593854,0,0,0,0,0,0,0
Ethiopia,ETH,Population density (people per sq. km of land area),EN.POP.DNST,67.411494,69.487762,71.635517,73.832663,67.4086372526321,69.4377847665754,71.5067748631684,73.6318622061839,75.7983969601131,77.9802631357432,80.224030211657,82.537679592612,84.8841807786957,87.224157853982,89.598740246565,92.0367822337439,94.5614799764478,97.1744352590326,99.8298825389562,102.552159549746,105.370090895445,108.230378298522,111.107151376678
Faroe Islands,FRO,Carbon dioxide (CO2) emissions excluding LULUCF per capita (t CO2e/capita),EN.GHG.CO2.PC.CE.AR5,0.0393408226603138,0.0385976198134448,0.0380268300411957,0.0395569620253165,0.0392691798941799,0.0392894807584938,0.039308989345195,0.039274050188102,0.041197190351618,0.04099116640364,0.0411040549150174,0.0412005850483077,0.0414155846845168,0.0414542138208349,0.0412984224002643,0.0408989591214904,0.0404334465469837,0.0398565165404544,0.0392187622558632,0.0386152568879964,0.0399490174444043,0.0393959290873276,0.0389415320711332
Faroe Islands,FRO,GDP per capita (constant 2015 US$),NY.GDP.PCAP.KD,..,..,..,..,..,..,..,..,44623.0315871975,42378.2165335393,42333.5215714088,43946.251738291,47303.8655939098,50120.7530887167,52644.7898999399,52635.0375463609,52757.3960429144,53831.0294952424,54433.5931539501,56028.4173545459,54299.5934165413,56495.2991897127,57829.4905587025
Faroe Islands,FRO,Energy use (kg of oil equivalent per capita),EG.USE.PCAP.KG.OE,..,..,..,..,..,..,..,..,..,..,..,..,..,..,..,..,..,..,..,..,..,..,..
Faroe Islands,FRO,Urban population (% of total population),SP.URB.TOTL.IN.ZS,36.337,37.175,38.022,38.714,39.247,39.781,40.147,40.341,40.536,40.731,40.926,41.088,41.225,41.363,41.501,41.638,41.777,41.914,42.064,42.225,42.398,42.583,42.779
Faroe Islands,FRO,Trade (% of GDP),NE.TRD.GNFS.ZS,110.545353366722,104.903331365787,98.6231560125168,108.259300809557,93.4144311539504,100.96086420923,97.3947177610908,99.5067894980719,103.496222535589,96.8608080332117,97.1839685226701,105.846453473678,117.158504925495,114.062282820929,106.142539193387,105.610671594387,104.552703002397,107.238400162626,106.874168106959,108.623704975373,96.2241937518396,104.473032035173,124.535531033936
Faroe Islands,FRO,Renewable energy consumption (% of total final energy consumption),EG.FEC.RNEW.ZS,2.8,2.6,3.4,3.1,3.4,3.8,4.3,4.5,4.5,5.1,3.4,5,4.7,4.5,6.5,7.5,6.3,6,5.9,5.4,5.3,5.1,7.9
Faroe Islands,FRO,"Industry (including construction), value added (% of GDP)",NV.IND.TOTL.ZS,17.8387590428492,18.6171259332898,19.3701882481498,18.8179052585832,18.1192660550459,17.2377522979248,16.9418353654979,16.8681133127567,17.323554204054,15.9632461064758,14.2357139589148,14.3028113524523,14.1939613784274,13.813416288844,15.6681830410644,16.4855344459202,15.6007434708684,17.3064999745896,17.8879353159704,19.1133470734853,20.98884824361,19.52491938039,17.9467876458585
Faroe Islands,FRO,Fossil fuel energy consumption (% of total),EG.USE.COMM.FO.ZS,..,..,..,..,..,..,..,..,..,..,..,..,..,..,..,..,..,..,..,..,..,..,..
Faroe Islands,FRO,Population density (people per sq. km of land area),EN.POP.DNST,32.7750716332378,33.4061604584527,33.9075931232092,34.4068767908309,34.6590257879656,34.64111747851,34.6239255014327,34.6547277936963,34.775787965616,34.9505730659026,34.8545845272206,34.7729226361032,34.5924068767908,34.5601719197708,34.6905444126075,35.0293696275072,35.432664756447,35.945558739255,36.5300859598854,37.1010028653295,38.4824304538799,38.9087591240876,39.3627737226277
Fiji,FJI,Carbon dioxide (CO2) emissions excluding LULUCF per capita (t CO2e/capita),EN.GHG.CO2.PC.CE.AR5,1.73692991750594,1.86217920046705,1.52392229348207,1.75588662404795,2.26289677320481,1.96106208329981,2.08936784352485,1.91973554072477,1.42926879485144,1.17157661873001,1.86276868123359,1.36343373249842,1.31640212565498,1.49778687665875,1.69902515843219,1.75967636934479,1.73178729413403,1.90452556111015,2.01170980614492,2.09651557166419,2.11462102839131,2.2123657292211,2.32602656886609
Fiji,FJI,GDP per capita (constant 2015 US$),NY.GDP.PCAP.KD,3960.88903149999,3998.79729208866,4086.10434130576,4087.72449101022,4264.59723774175,4255.45097421846,4295.40679748343,4223.44800626706,4240.77265686856,4164.29314800855,4272.35915090198,4375.58085420338,4427.97844455036,4630.35126544716,4883.24300436249,5097.53106864695,5218.85823412744,5500.67840152348,5720.21447177107,5701.10435269429,4729.3813108251,4489.96060809938,5362.78680848613
Fiji,FJI,Energy use (kg of oil equivalent per capita),EG.USE.PCAP.KG.OE,..,..,..,..,761.694759402813,655.047320935788,627.8324058111,583.628117509735,..,..,..,..,..,..,..,..,..,..,..,..,..,..,..
Fiji,FJI,Urban population (% of total population),SP.URB.TOTL.IN.ZS,47.908,48.3,48.692,49.085,49.479,49.871,50.264,50.657,51.146,51.658,52.171,52.683,53.196,53.706,54.216,54.726,55.235,55.742,56.248,56.75,57.247,57.74,58.229
Fiji,FJI,Trade (% of GDP),NE.TRD.GNFS.ZS,135.895641463483,129.997341839447,126.052579068143,128.975969916537,125.121987598815,117.740079365079,118.048331674709,110.389514898623,130.997847976458,108.869117411674,121.227903395671,124.476125636503,125.285791685112,126.348386724849,110.812306063192,101.189048956211,97.1744905841206,97.0216625258442,103.235419948556,107.411464142265,72.3435757807252,81.7252085972258,117.506559634974
Fiji,FJI,Renewable energy consumption (% of total final energy consumption),EG.FEC.RNEW.ZS,50.1,40.4,49,40.8,35.7,40,39.1,36,42.1,41.6,28,33.4,33.3,32.8,33.2,32.7,27.7,28.6,25.8,26.5,31.8,29.7,28.4
Fiji,FJI,"Industry (including construction), value added (% of GDP)",NV.IND.TOTL.ZS,19.5873526859446,20.6243487506645,19.9006036116931,18.655828671008,19.7616287741578,16.4509285714286,16.1619035995268,15.4808293965184,16.0860936934707,16.677811857564,16.972580397166,17.4133402875203,16.7229680523622,16.3372143531674,15.0127657452154,15.1712702717256,16.2026860305427,15.6940487656539,15.5373182374238,15.818662942965,17.1889958831309,16.6732887295944,15.7071309217372
Fiji,FJI,Fossil fuel energy consumption (% of total),EG.USE.COMM.FO.ZS,..,..,..,..,0,0,0,0,..,..,..,..,..,..,..,..,..,..,..,..,..,..,..
Fiji,FJI,Population density (people per sq. km of land area),EN.POP.DNST,46.0267651888342,46.5022441160372,46.9649151614669,47.415763546798,47.8580186097428,48.2966064586754,48.7337164750958,49.1424192665572,49.4471264367816,49.6573070607553,49.8313628899836,49.972030651341,50.0776135741653,50.1561029009305,50.2235905856596,50.2779419813903,50.3101258894362,50.2878489326765,50.2014230979748,50.0765736179529,50.0800766283525,50.1757525998905,50.3241379310345
Finland,FIN,Carbon dioxide (CO2) emissions excluding LULUCF per capita (t CO2e/capita),EN.GHG.CO2.PC.CE.AR5,11.1133843320469,12.2535470261418,12.6373159394362,14.2125457556799,13.474958360207,11.101760242283,13.2636242591528,12.8697492020754,11.2590264725085,10.690556111957,12.2763711947305,10.8044100223597,9.663904738315,9.80464690754062,9.05196216725332,8.38958662703067,8.88094796592654,8.36441721400076,8.60023297872823,7.99415967021189,7.13709975670684,7.1171772257692,6.50702128433115
Finland,FIN,GDP per capita (constant 2015 US$),NY.GDP.PCAP.KD,37872.6020343504,38784.1308115726,39343.0698997627,40038.9839702277,41521.962874476,42529.3506920884,44069.3958834717,46213.6898975737,46359.8732844055,42412.5133513534,43556.5385834368,44391.4535667984,43507.9345371578,42883.6384986417,42502.4880199858,42560.3456767103,43529.6761616969,44862.220404205,45337.2409550575,45898.5708448954,44690.9801103074,45792.0454180872,46016.1492103929
Finland,FIN,Energy use (kg of oil equivalent per capita),EG.USE.PCAP.KG.OE,6257.21912070832,6405.85272256556,6722.82613567459,7072.1791412038,7128.99567069435,6555.77647291287,7106.70978937984,6968.91134494832,6654.45363101075,6255.05051638905,6812.6019950935,6522.93869318769,6265.77228948066,6138.31405576065,6246.04153603753,5921.59681653244,6120.63301519281,6070.15750826277,6165.44402350648,6024.65366583164,5739.2544528356,5996.8929932427,5683.95102157914
Finland,FIN,Urban population (% of total population),SP.URB.TOTL.IN.ZS,82.183,82.368,82.503,82.638,82.772,82.905,83.037,83.168,83.299,83.429,83.77,84.313,84.841,85.125,85.175,85.225,85.275,85.325,85.382,85.446,85.517,85.596,85.681
Finland,FIN,Trade (% of GDP),NE.TRD.GNFS.ZS,74.9255788717317,70.2841376639721,69.3209377526273,68.0715029595159,70.967802899062,76.5889740444293,82.0005669294983,82.8631608209175,86.1896598765527,70.1279335295898,75.4612085231229,78.7159444486606,79.4303765882482,77.485171771574,74.6277719754196,71.9618253787014,71.7222101178859,75.9387822310041,79.1436148422846,80.5641502947367,72.1845955995888,79.7892781913782,94.5625340522667
Finland,FIN,Renewable energy consumption (% of total final energy consumption),EG.FEC.RNEW.ZS,31.7,29.2,29.5,28.4,31.1,31.5,31.2,31.8,34.6,32.5,33.4,35.1,38.7,38.5,41.2,43.2,42.4,44.4,44.2,45.4,47.3,50.2,..
Finland,FIN,"Industry (including construction), value added (% of GDP)",NV.IND.TOTL.ZS,31.6029504494596,30.9494996991972,30.1192400970089,29.5358371673016,29.3761536087085,29.2555840307046,30.2474242310296,30.6721408753388,29.5650517623923,25.6620904063609,26.1853763280839,25.0390832511194,23.3588517701544,23.2981321591964,23.0618639333511,23.3039316434498,23.4765920163918,24.4706416384075,24.1107349992454,24.1466052876512,24.227220617039,24.2326060040842,25.1808292783738
Finland,FIN,Fossil fuel energy consumption (% of total),EG.USE.COMM.FO.ZS,49.8262696277191,50.371919857699,51.3908041928673,54.4596986805194,53.3786735682675,49.2323372321222,51.7435436432029,49.8634779775679,47.8241764293654,48.5816044005833,48.9159419757879,47.094510856443,43.1020346822723,42.4733444078944,41.9617975513844,40.2290546321528,0,0,0,0,0,0,0
Finland,FIN,Population density (people per sq. km of land area),EN.POP.DNST,16.9940214714863,17.0327587905053,17.0740930431071,17.1148560359828,17.1646212941988,17.2234676122,17.3169839860577,17.3919563287185,17.4840375123396,17.5678545574202,17.6484106614018,17.7309947678436,17.8155615518773,17.8978314521702,17.9720030274112,18.0301108880919,18.0820078312658,18.1238944459068,18.1479501184522,18.1673609054717,18.1928768835954,18.2301659134121,18.2798093224591
France,FRA,Carbon dioxide (CO2) emissions excluding LULUCF per capita (t CO2e/capita),EN.GHG.CO2.PC.CE.AR5,6.58601475170309,6.60551805162138,6.46977417478915,6.50351073106917,6.47317992840037,6.46027355059177,6.246640527631,6.09641299350843,5.94956753165307,5.72394220568724,5.80934663408268,5.57559339237044,5.57648270706697,5.4697532037822,4.94763494553714,5.00350933229341,5.03218147372949,5.07106755400115,4.89336336861651,4.78988465490837,4.25028967719613,4.70830726633659,4.56119637966729
France,FRA,GDP per capita (constant 2015 US$),NY.GDP.PCAP.KD,33255.1379642335,33640.6738002565,33753.5782979758,33840.6175720101,34557.1471111581,34946.0372494703,35645.4162427116,36322.1685141004,36257.3658930938,35052.8510772683,35578.1968010183,36269.9561530888,36161.2918253465,36256.086680981,36444.3949089146,36702.4323733379,36920.5342846914,37580.5979329356,38062.4435961412,38705.2072940618,35709.2045925926,38030.8571685178,38881.2230613595
France,FRA,Energy use (kg of oil equivalent per capita),EG.USE.PCAP.KG.OE,4130.17270058081,4240.43326978854,4220.32024855816,4296.5464931216,4327.20397302417,4313.6963002429,4214.29234630039,4142.17819118209,4137.71989985562,3938.38637955439,4040.43918739374,3951.00450412595,3929.20601557226,3925.86545930191,3755.83244171123,3799.19260526718,3718.17053401513,3705.41111644137,3669.37065950443,3605.53190025511,3228.48915727036,3469.83398574773,3105.63006347506
France,FRA,Urban population (% of total population),SP.URB.TOTL.IN.ZS,75.871,76.127,76.38,76.632,76.883,77.13,77.377,77.621,77.868,78.117,78.369,78.622,78.878,79.135,79.394,79.655,79.917,80.18,80.444,80.709,80.975,81.242,81.509
France,FRA,Trade (% of GDP),NE.TRD.GNFS.ZS,57.7860470318197,56.8932328560722,55.1325248503102,52.5988822870657,53.7497648292028,55.8228361241299,57.8692775292673,58.1525611309659,59.1797928411748,52.1991123027613,56.587555247796,60.6056354816406,61.6589570771102,61.8192338733962,62.1992669379507,63.5046871956484,63.3427564383351,65.3958481559711,66.8022607812266,66.4289771741449,58.8388907240647,63.788482630872,75.7901436111221
France,FRA,Renewable energy consumption (% of total final energy consumption),EG.FEC.RNEW.ZS,9.3,9.4,8.7,8.8,8.9,8.6,8.5,9.4,10.5,11.2,11.9,10.6,12.3,13.4,13.2,13.3,14.2,14.1,15.2,15.5,16.8,16.2,..
France,FRA,"Industry (including construction), value added (% of GDP)",NV.IND.TOTL.ZS,21.1286830497341,20.764024725913,20.3641075404744,19.9232786673445,19.6686920294036,19.3552308487449,19.0188918781413,18.8988946301681,18.6335203970131,18.0198241569733,17.5945885002022,17.6800048726048,17.4684347699959,17.5699939241217,17.3416195349368,17.236441547058,16.9433572396904,16.7483032647876,16.725283255726,16.907003960354,16.272651205236,16.0877289574672,16.1980918380604
France,FRA,Fossil fuel energy consumption (% of total),EG.USE.COMM.FO.ZS,52.8684173341992,53.4646898801474,52.8720718852001,52.3758824672276,52.1043243394395,51.9741272416698,51.5783029344945,51.3524274113987,50.5099418556655,50.5302791877511,49.5463820747788,47.3979454513166,47.8591536148997,47.4024408546966,45.0352121657311,45.17655073785,0,0,0,0,0,0,0
France,FRA,Population density (people per sq. km of land area),EN.POP.DNST,113.032119862696,113.859127933946,114.6899378421,115.50209666945,116.351401799796,117.229527785509,118.048690973189,118.780758883013,119.445432785973,120.060183690509,120.653513312923,121.237276185175,121.825139623342,122.456502458484,123.039367288246,123.477636144355,123.803885332591,124.163688653864,124.609607570276,125.024698023935,125.431134613601,125.879601076167,126.291891641154
French Polynesia,PYF,Carbon dioxide (CO2) emissions excluding LULUCF per capita (t CO2e/capita),EN.GHG.CO2.PC.CE.AR5,2.98955217049393,3.44453229658701,3.58833619210978,3.71090102012025,3.45349574033655,3.62572107881483,3.36292801160993,3.55805102875716,3.61280129965459,3.46517936329463,3.65658954837756,3.52118118552812,3.38467284791493,3.61594012987391,3.55696903255218,3.61793094513183,3.60880871701925,3.58852785027509,3.7542662116041,3.88483123920382,3.93898477484608,4.12199062160462,4.34163878763669
French Polynesia,PYF,GDP per capita (constant 2015 US$),NY.GDP.PCAP.KD,22498.8285530328,22076.5919162624,21932.9195333418,22055.6419702196,21919.9410589378,21661.4244664054,21545.5997136473,21648.532237682,21493.4178311249,20499.7723032831,19913.0252687915,19241.6437951625,18968.4422157904,18930.1268887012,18928.1858620128,19166.9594761931,19516.0718353276,20287.7685831663,20687.4899594195,21305.5211608622,19790.8686331117,20163.2925023796,21019.8374847547
French Polynesia,PYF,Energy use (kg of oil equivalent per capita),EG.USE.PCAP.KG.OE,..,..,..,..,..,..,..,..,..,..,..,..,..,..,..,..,..,..,..,..,..,..,..
French Polynesia,PYF,Urban population (% of total population),SP.URB.TOTL.IN.ZS,56.047,55.967,55.888,56.242,56.831,57.417,58.002,58.585,59.166,59.742,60.317,60.889,61.459,61.583,61.633,61.683,61.734,61.784,61.834,61.897,61.975,62.066,62.17
French Polynesia,PYF,Trade (% of GDP),NE.TRD.GNFS.ZS,27.9447311178519,..,..,..,..,58.8757396449704,56.6132574828647,57.455468093766,58.0396477672874,51.6750777052154,54.0438821122259,56.2319854247632,57.8806819793666,56.0619675585513,56.2324578944225,55.6304686354336,53.6164949427793,54.5776905038178,65.0146628512067,63.3061124024003,45.8331834386023,51.6376084244727,67.2309662556929
French Polynesia,PYF,Renewable energy consumption (% of total final energy consumption),EG.FEC.RNEW.ZS,8.8,6.7,6.2,7.2,7.7,8,10.1,9.8,9.3,9.3,7.5,6.9,6.6,6.5,7.4,7.8,8.1,8.1,7.7,7.7,8.2,7.4,7
French Polynesia,PYF,"Industry (including construction), value added (% of GDP)",NV.IND.TOTL.ZS,..,..,..,..,..,11.3765528432702,10.4789642043309,10.9597415980395,11.4106060108903,11.773205502115,11.0986590055797,10.6655686354141,10.8171081124528,10.61847623722,10.7946268451445,10.8248430549639,10.6679176130323,10.3548389714295,10.2875467388464,10.6834624276376,10.646123379638,..,..
French Polynesia,PYF,Fossil fuel energy consumption (% of total),EG.USE.COMM.FO.ZS,..,..,..,..,..,..,..,..,..,..,..,..,..,..,..,..,..,..,..,..,..,..,..
French Polynesia,PYF,Population density (people per sq. km of land area),EN.POP.DNST,69.241428983002,70.3246902909824,71.3843272832037,72.4969749351772,73.6542783059637,74.7643330452319,75.8349178910977,76.7611639297033,77.320368769807,77.637856525497,77.9544799769519,78.2849322961683,78.675885911841,79.1495246326707,79.6274848746759,80.0535868625756,80.431575914722,80.6934600979545,80.6150965139729,80.3900893114376,80.4405070584846,80.6084701815039,80.7772976087583
Gabon,GAB,Carbon dioxide (CO2) emissions excluding LULUCF per capita (t CO2e/capita),EN.GHG.CO2.PC.CE.AR5,5.17689318987874,5.14711104018131,4.81126429689213,5.3112453430752,4.66007179189214,4.36701184493285,3.78330572014079,3.32526472510292,3.43366466004013,3.2790348324101,3.46379018523978,3.26545958579898,3.18865941591509,3.17637877347222,3.16725796970176,3.15538202312702,3.09478714054047,2.60869766794937,2.37655707723754,2.39841496208062,2.28611876915737,2.16167477727728,2.21948232374657
Gabon,GAB,GDP per capita (constant 2015 US$),NY.GDP.PCAP.KD,7596.09970650519,7556.76995314898,7338.75620613605,7301.67154442842,7148.98713447497,7130.22505771754,6724.08148977274,6908.67399162999,6468.38523357609,6264.83611480154,6481.49612073562,6699.23394606512,6803.22668079211,6938.25753862236,6998.60545439576,7047.12654634355,6991.3251446736,6840.05959347802,6724.5961429108,6817.56879468764,6534.27966529444,6479.0490069252,6527.48207901861
Gabon,GAB,Energy use (kg of oil equivalent per capita),EG.USE.PCAP.KG.OE,1153.06155311667,1205.62017172291,1417.03968600606,1621.16641537009,1829.65618455084,2074.20458463989,2263.43017323991,2419.6346592973,2578.18479820338,2728.50138573496,2957.4674143756,2295.78142116486,1955.40804605842,2771.53824040148,2602.65376634085,2550.96047927478,2489.24179859903,2263.59335681829,2294.91220106774,2205.67182377894,2140.11585242125,2101.49682483071,2096.2456480631
Gabon,GAB,Urban population (% of total population),SP.URB.TOTL.IN.ZS,78.879,79.633,80.368,81.083,81.778,82.452,83.107,83.742,84.359,84.955,85.533,86.092,86.634,87.156,87.651,88.118,88.559,88.976,89.37,89.741,90.092,90.423,90.735
Gabon,GAB,Trade (% of GDP),NE.TRD.GNFS.ZS,101.701928939637,83.6386132424108,84.7590815376223,80.3026082056312,81.7675371418698,83.9495998399241,88.6494092562519,85.1324791636578,88.9988725945748,83.5045774235636,89.1576627248353,90.4983773331323,92.3428089420545,90.6350361478645,73.5203290162438,73.9497814588281,70.1333810645308,75.0687404456638,77.0365976973024,73.4280894486644,70.1140546463796,85.3483122054787,92.0630888496921
Gabon,GAB,Renewable energy consumption (% of total final energy consumption),EG.FEC.RNEW.ZS,72.8,72.4,79.8,83.6,85.8,85.2,86.2,87.3,87.3,87.9,85.8,79.7,75.5,82.2,81.3,81.9,81.5,90.2,90.3,90.2,91.3,91.3,..
Gabon,GAB,"Industry (including construction), value added (% of GDP)",NV.IND.TOTL.ZS,56.2551964968682,47.7100745088105,47.3156667989635,47.039168102841,51.5005373966573,59.9223608108533,59.4663196551434,57.2222057277107,61.7420000109434,50.4467532257807,55.1924628115731,60.8812104614947,58.8246016166913,56.6086168756874,52.7222416503812,48.1836272968661,45.0378509048684,45.4673089938161,47.1270856238547,47.6788640928906,41.6943815012901,50.0677458030493,55.6590964573237
Gabon,GAB,Fossil fuel energy consumption (% of total),EG.USE.COMM.FO.ZS,32.4268271906459,35.1778224434218,28.0727812342581,23.5722636469243,20.9543763418147,20.1624196767743,18.5084398186623,18.1957895125429,17.0803648682296,16.4279805153545,18.8862012255762,26.237139856612,30.8224882045986,22.0287327083771,22.4601927155325,6.48820032387538,0,0,0,0,0,0,0
Gabon,GAB,Population density (people per sq. km of land area),EN.POP.DNST,4.950409438429,5.08242713548337,5.22037877905849,5.36480769977103,5.5171692474871,5.67972600613187,5.85375480265456,6.03965149221873,6.23733845616486,6.44838747234835,6.67473512632437,6.91576434974968,7.16765242364264,7.42445375868359,7.67803391935421,7.92094151434005,8.15114681569449,8.37078433655451,8.58585788023441,8.80081499592502,9.01361819381379,9.22389878526798,9.43356618931191
"Gambia, The",GMB,Carbon dioxide (CO2) emissions excluding LULUCF per capita (t CO2e/capita),EN.GHG.CO2.PC.CE.AR5,0.184319255795542,0.198058743380483,0.2003658288028,0.198147705613107,0.201071724627956,0.198735840896153,0.216000349798137,0.218544389032798,0.215804146872243,0.232496999607785,0.229779459470682,0.235761554685389,0.220401019238469,0.214752212641766,0.223974926635276,0.226699674402986,0.222614458817858,0.218727011355616,0.215491375344219,0.227690484214708,0.233450847128849,0.231947857345274,0.236718035858553
"Gambia, The",GMB,GDP per capita (constant 2015 US$),NY.GDP.PCAP.KD,659.911237641141,679.539755947951,640.03893213613,665.834222326194,693.563314497133,658.676285443081,636.596026908866,637.20930597537,657.675679192228,681.433469086571,701.014524591061,625.464360270983,639.139881889048,638.522368532214,611.879472952196,619.536364296461,615.193365494386,628.777299272925,658.127833258563,682.797642940426,670.758642891251,689.49323955737,710.686979384658
"Gambia, The",GMB,Energy use (kg of oil equivalent per capita),EG.USE.PCAP.KG.OE,..,..,..,..,66.6127185884025,64.7856046386493,66.4616460917346,75.3210773292618,..,..,..,..,..,..,..,..,..,..,..,..,..,..,..
"Gambia, The",GMB,Urban population (% of total population),SP.URB.TOTL.IN.ZS,47.868,48.775,49.683,50.555,51.288,52.02,52.751,53.481,54.211,54.937,55.662,56.384,57.105,57.82,58.528,59.228,59.918,60.599,61.27,61.931,62.582,63.222,63.852
"Gambia, The",GMB,Trade (% of GDP),NE.TRD.GNFS.ZS,56.3598198850954,46.9292631865623,59.642950918834,68.8587930342232,49.9342995615683,50.0187233950976,50.374468581975,44.2938444656791,39.0890994561344,41.7773944257977,41.0125150279466,42.6397020468894,47.7006731141985,45.4619193623296,58.2579307752264,44.5223730803813,38.1140879565948,55.7335796090833,64.8124640003735,55.9979116186993,47.3955201736291,42.0979827971754,44.7219215522334
"Gambia, The",GMB,Renewable energy consumption (% of total final energy consumption),EG.FEC.RNEW.ZS,62.9,59.6,61,62.4,61.2,61.7,60.2,57.3,56.3,53.9,56.6,56.2,57,59.3,53.2,49,48.6,48,48.1,47.4,49.8,48.6,47.7
"Gambia, The",GMB,"Industry (including construction), value added (% of GDP)",NV.IND.TOTL.ZS,14.8226733584981,14.7668246416842,15.8069767662158,14.849025053224,11.4516644496493,11.4940795967501,12.1238923802598,11.8795399698303,11.16205074884,10.211007546291,9.82816623642272,11.5126603208193,11.9583688371148,11.8946963108623,13.214834279827,17.1434530643603,20.9355929614924,17.8927550195818,17.3104257988738,17.2826008332323,16.8536853891411,15.8821231471213,15.5889695316243
"Gambia, The",GMB,Fossil fuel energy consumption (% of total),EG.USE.COMM.FO.ZS,..,..,..,..,0,0,0,0,..,..,..,..,..,..,..,..,..,..,..,..,..,..,..
"Gambia, The",GMB,Population density (people per sq. km of land area),EN.POP.DNST,143.783003952569,147.728359683794,151.748122529644,155.890415019763,160.208695652174,164.726976284585,169.493577075099,174.483596837945,179.629644268775,184.923122529644,190.378458498024,196.026086956522,201.886758893281,207.887351778656,213.886166007905,219.815118577075,225.668873517787,231.441600790514,237.117786561265,242.771146245059,248.590217391304,254.546442687747,260.520750988142
Georgia,GEO,Carbon dioxide (CO2) emissions excluding LULUCF per capita (t CO2e/capita),EN.GHG.CO2.PC.CE.AR5,1.27837442554581,0.966203190386145,0.902899700013699,1.00080066077289,1.09718027978224,1.27557707697358,1.46388969852438,1.70840157319985,1.47584130645878,1.69606432853863,1.6617129185213,2.01855958871709,2.21817631810568,2.46011747149019,2.64482523322222,2.85764061508463,2.95736692506113,2.99597318028629,2.98788503787284,3.20410863938416,3.10157959941075,3.27540507090258,3.40306887376761
Georgia,GEO,GDP per capita (constant 2015 US$),NY.GDP.PCAP.KD,1561.19867638847,1661.83019106421,1768.5970116888,1977.46143338741,2105.00472843799,2321.60084285163,2554.81253503914,2891.13702331846,2970.15858282428,2887.25607935922,3090.06513662318,3362.1030031968,3609.780798626,3806.50600649051,3960.35080091901,4086.6223465965,4225.09154904806,4442.50744127374,4713.65354845303,4975.81148194814,4659.60925318234,5175.19865185825,5736.30449578597
Georgia,GEO,Energy use (kg of oil equivalent per capita),EG.USE.PCAP.KG.OE,703.790688330461,640.36762423724,639.469430603328,684.636577306364,708.052613597414,727.945648077707,781.34402083108,865.688124609239,780.788490925027,811.604883767971,824.605083052625,943.642090063012,993.847722414941,1118.86616651538,1193.781897604,1259.15997860484,1300.49894445527,1312.78610346067,1301.87728809329,1371.17934672286,1327.38644455455,1425.96785615054,1543.58379982411
Georgia,GEO,Urban population (% of total population),SP.URB.TOTL.IN.ZS,52.638,52.398,52.441,52.83,53.218,53.605,53.992,54.379,54.765,55.15,55.535,55.919,56.303,56.685,57.067,57.448,57.837,58.231,58.632,59.039,59.453,59.872,60.297
Georgia,GEO,Trade (% of GDP),NE.TRD.GNFS.ZS,62.6613956413099,63.3299250824094,71.6291255364807,77.6333765369391,79.0407459055607,84.5295975354749,89.125374368197,88.3934140686603,86.2982243681487,78.1930390303569,81.6733870603639,85.4659350932986,89.7348800946338,93.8139137895532,94.9506979383393,97.0163115086257,94.9262528383443,102.584277697146,109.847740556266,117.810080239714,92.8910841752194,101.60090754891,114.695437688718
Georgia,GEO,Renewable energy consumption (% of total final energy consumption),EG.FEC.RNEW.ZS,47.2,53.1,56.8,55.3,54.5,41.5,37.2,36.2,36.3,36.7,39.1,31.5,28.7,32.4,30.7,27.5,27.2,27.5,27.4,24.7,23.4,25.2,..
Georgia,GEO,"Industry (including construction), value added (% of GDP)",NV.IND.TOTL.ZS,20.9975012824544,20.536409949056,22.7373927038627,24.0854263728821,24.1757682481195,23.7580566049101,21.7144431794284,20.9005637350092,18.9437428243398,18.9263871900367,16.8779105151474,17.6800367830185,18.8467444528085,18.03372091427,18.1712886955425,19.7698929026282,19.1221601510136,21.2674893565554,20.9042764578834,20.0073713952459,21.0709552310751,21.0675612607865,21.329779714521
Georgia,GEO,Fossil fuel energy consumption (% of total),EG.USE.COMM.FO.ZS,59.0064252309834,55.0847258006662,49.5855823128478,52.1405444779906,53.7682575254446,64.4076475508237,70.399977151229,70.6830053691647,66.7833304421081,66.9876694364067,64.6984762219457,72.7574950293429,74.4547473085834,64.5893709875788,71.3923935449501,73.9831016961049,0,0,0,0,0,0,0
Georgia,GEO,Population density (people per sq. km of land area),EN.POP.DNST,71.3308898141992,70.232915777319,69.6055670247384,69.13705867945,68.7102417859267,68.2751145946324,67.8880821582281,67.5348682599111,67.3300150460128,66.7346478183281,66.2496063543161,65.7203016200707,65.238006928164,65.0419538822212,65.0725007872914,65.1750586094685,65.2140557752196,65.2227859617201,65.197330207495,65.0855698239966,65.1302704783232,64.8834808775675,64.9515728331992
Germany,DEU,Carbon dioxide (CO2) emissions excluding LULUCF per capita (t CO2e/capita),EN.GHG.CO2.PC.CE.AR5,10.6035726774407,10.7567590377283,10.5507028586229,10.641365099471,10.4673272879794,10.211048890339,10.3895650954907,10.0526202857226,10.1127039223934,9.38377840809783,9.97076314799296,9.82308149476656,9.95283318393894,10.146596333427,9.62211712407002,9.61463807085839,9.58987934583375,9.37546948533168,9.01281529435426,8.38829767556006,7.72661459979177,8.14706553835386,7.87013912088698
Germany,DEU,GDP per capita (constant 2015 US$),NY.GDP.PCAP.KD,35087.0891588694,35601.3628316391,35460.4121391449,35252.9745130135,35670.4870225493,36006.8578127742,37437.3918784909,38570.9146369495,38996.1434106777,36927.1920288238,38517.4397880176,40712.6577301892,40829.0348938423,40875.0262868442,41588.0763814971,41911.0109851054,42528.0637054999,43520.1864273682,43874.0130996238,44207.6320584483,42362.6472083477,43898.7713207389,44180.4298386858
Germany,DEU,Energy use (kg of oil equivalent per capita),EG.USE.PCAP.KG.OE,4094.27901518469,4210.00080103251,4108.61729515583,4096.47794323132,4131.61083697,4109.8805864045,4235.93876578004,4023.73935857078,4081.87998694017,3821.62500577239,4029.83085754355,3891.87175356307,3913.43920397127,3986.18505186393,3794.44720253102,3780.85027551891,3765.21799936242,3763.19404182465,3659.22924485198,3570.88159282488,3349.19931383762,3467.03057027911,3237.71606625231
Germany,DEU,Urban population (% of total population),SP.URB.TOTL.IN.ZS,74.965,75.17,75.374,75.577,75.779,75.98,76.179,76.378,76.575,76.771,76.966,77.16,77.17,77.18,77.19,77.2,77.224,77.261,77.312,77.376,77.453,77.544,77.648
Germany,DEU,Trade (% of GDP),NE.TRD.GNFS.ZS,59.1955992975405,59.5592863682118,58.3325687248129,58.9145442942507,62.9064909465164,66.9531024934321,72.7591934646234,74.8838416816798,76.1014102128448,66.1152685310257,73.8626407651201,78.4073134605377,79.3004877909427,77.5643815741748,76.8303312709159,77.791356764377,75.9845875141969,77.5666369468435,79.227659692288,79.1337471144706,72.9932572283324,80.15661805106,89.0641273695259
Germany,DEU,Renewable energy consumption (% of total final energy consumption),EG.FEC.RNEW.ZS,3.7,3.9,4.4,5.4,6.3,7.3,8.6,10.5,10.2,10.7,11.6,12.5,13.6,13.6,14,14.6,14.2,15.2,16,17.1,18.5,17.6,..
Germany,DEU,"Industry (including construction), value added (% of GDP)",NV.IND.TOTL.ZS,27.2536461219162,26.5785482320897,25.7983862262522,25.6207353590889,25.8386247078115,25.6870805044481,26.2600466577088,26.4597084438011,26.0600923666244,23.8731076168297,26.0631254634833,26.3124087910008,26.576107528264,25.9077941463687,26.014632332497,25.9152852721469,26.2157748012428,26.1175704194698,25.9385391984565,25.631053953741,25.3774618653649,25.3066536831626,25.6868874641173
Germany,DEU,Fossil fuel energy consumption (% of total),EG.USE.COMM.FO.ZS,83.6175092899349,83.6009676624179,83.2737787331121,82.9391601509415,82.2218793344823,81.3900776296437,80.6716583069331,80.5058880958319,79.9104868875012,79.3162024847903,78.9137435234329,79.9147448510039,79.8734282244706,80.1391869348281,79.3957288542964,79.6280369964341,0,0,0,0,0,0,0
Germany,DEU,Population density (people per sq. km of land area),EN.POP.DNST,235.596813297034,236.027300085985,236.451570830706,236.616427281328,236.592195429653,236.464680582636,236.225197866483,235.943361918146,235.522178240542,234.939637417171,234.606908225034,230.304633348634,230.750625466231,231.155712565925,232.108053883634,234.152986871524,235.712929356538,236.588722557747,237.294012250272,237.822954291766,238.017318755545,238.118085806692,239.861418021525
Ghana,GHA,Carbon dioxide (CO2) emissions excluding LULUCF per capita (t CO2e/capita),EN.GHG.CO2.PC.CE.AR5,0.309918675819891,0.325937299069091,0.373937715865032,0.341794657906,0.310979848546055,0.320172825707263,0.378521453035589,0.38961133992201,0.360677091817029,0.404107942736949,0.441534924736982,0.464903586452745,0.547619257800513,0.568282710926634,0.53483767968666,0.55019733017081,0.551610938298262,0.56531257929042,0.624474807658632,0.646259814590671,0.694591465973721,0.769081387566187,0.74779288471693
Ghana,GHA,GDP per capita (constant 2015 US$),NY.GDP.PCAP.KD,1022.27520714566,1035.22666053257,1052.46591644399,1077.69990866645,1108.30475353633,1143.31178934301,1185.26570738595,1205.31705804209,1282.63416886747,1311.63053760125,1381.2279503506,1537.81834019283,1640.54072088003,1718.59704769958,1726.36930134647,1722.77282833606,1740.81101902928,1841.44636153249,1915.4532323781,1999.55372220211,1970.19411460398,2030.04866500967,2067.20895910766
Ghana,GHA,Energy use (kg of oil equivalent per capita),EG.USE.PCAP.KG.OE,322.127334642966,313.165728366048,303.745365125789,281.217826361178,270.192103863779,261.893368449293,275.072843065691,264.071017059123,275.17472403187,274.01988137685,296.099589771501,303.487492260089,329.325111415578,323.671149524462,321.354700935333,329.310413380585,327.900376302991,321.689981223707,350.473174277428,354.248843433875,367.161102921615,361.944978890071,359.179379052306
Ghana,GHA,Urban population (% of total population),SP.URB.TOTL.IN.ZS,43.929,44.601,45.275,45.951,46.63,47.308,47.988,48.669,49.351,50.031,50.713,51.394,52.073,52.748,53.419,54.086,54.749,55.407,56.06,56.707,57.349,57.985,58.615
Ghana,GHA,Trade (% of GDP),NE.TRD.GNFS.ZS,116.048430162968,110.045854160811,97.4892431746551,97.2871457139532,99.6703343472122,98.1715141146279,64.5190542439152,65.3543222852532,69.5142256111434,71.5947385281523,75.3778157916824,86.2954538549695,93.1680351286831,60.7593219028775,63.8365624430783,76.5212709243242,67.8769994445865,70.5483652904116,67.9585174644902,76.824802732152,66.5754987162431,62.7078309128346,70.1154557958907
Ghana,GHA,Renewable energy consumption (% of total final energy consumption),EG.FEC.RNEW.ZS,71.6,69.3,65.7,64.5,62.4,61.4,58.6,54.5,57.3,51.9,51.9,50.1,46.5,46.2,47.7,44,45.2,45.3,42.1,42.6,40,39,..
Ghana,GHA,"Industry (including construction), value added (% of GDP)",NV.IND.TOTL.ZS,25.4039222907651,25.2159797429519,25.2756743481642,25.2099150968066,24.716756265122,25.1254359413042,19.3820947702815,19.4928065701,19.3995645523361,18.5140921293401,18.0149428066597,23.8636600934779,27.1365335859295,34.0898222065997,33.8982030516643,31.1193795046839,27.6932546491989,29.9522176933621,31.1777436281076,31.1077243700312,29.8767542337189,28.4050146696866,31.470050505779
Ghana,GHA,Fossil fuel energy consumption (% of total),EG.USE.COMM.FO.ZS,28.1293639543572,32.180850342065,35.9261332084055,36.4653569400348,37.09842644159,37.6398689633033,42.5727949878269,45.956373552365,40.3634080877924,45.8578930967139,48.7807883919743,49.739070356932,51.1379950192196,53.0217178703547,52.6743906404964,52.1823372352759,0,0,0,0,0,0,0
Ghana,GHA,Population density (people per sq. km of land area),EN.POP.DNST,86.301692010196,88.6308736925376,91.1021710468489,93.5954337698866,96.1074887931792,98.6615012745012,101.260007031731,103.903836688055,106.574430869298,109.267223345346,111.958315021535,114.683519381208,117.492607893118,120.357708534763,123.238076821658,126.114388678914,129.017939702909,131.88166476224,134.647029093786,137.382028101418,140.147712389575,142.918455784436,145.689425270181
Gibraltar,GIB,Carbon dioxide (CO2) emissions excluding LULUCF per capita (t CO2e/capita),EN.GHG.CO2.PC.CE.AR5,12.3136886932044,12.6550240445457,12.7986777334627,12.8209662587536,13.7140867142608,13.9320371703871,14.3643981888221,14.0638538958875,14.1814355703153,15.3099957823703,15.2041730670763,14.5104232469994,14.6367354584907,15.4287653901935,16.3746076250267,17.6904769077818,18.1947828153782,18.9750328515112,19.7882595971768,20.2118667943878,17.6761673071075,17.545715991101,17.9478316360446
Gibraltar,GIB,GDP per capita (constant 2015 US$),NY.GDP.PCAP.KD,..,..,..,..,..,..,..,..,..,..,..,..,..,..,..,..,..,..,..,..,..,..,..
Gibraltar,GIB,Energy use (kg of oil equivalent per capita),EG.USE.PCAP.KG.OE,4613.31422552377,4697.98487780164,4773.31348870741,4768.63933812775,5086.34044184976,5143.33995412235,5304.09958990312,5195.45146733217,5220.16464960047,5548.24845035493,5535.46461653978,5303.4954304843,5366.18399616438,5613.1402126548,5915.64502450763,6357.37503902618,6576.81314975242,6890.92556192057,7190.5950344648,7476.80384692666,6822.75357269776,6723.81850183662,6522.23499259331
Gibraltar,GIB,Urban population (% of total population),SP.URB.TOTL.IN.ZS,100,100,100,100,100,100,100,100,100,100,100,100,100,100,100,100,100,100,100,100,100,100,100
Gibraltar,GIB,Trade (% of GDP),NE.TRD.GNFS.ZS,..,..,..,..,..,..,..,..,..,..,..,..,..,..,..,..,..,..,..,..,..,..,..
Gibraltar,GIB,Renewable energy consumption (% of total final energy consumption),EG.FEC.RNEW.ZS,0,0,0,0,0,0,0,0,0,0,0,0,0,0,0,0,0,0,0,0,0,0,..
Gibraltar,GIB,"Industry (including construction), value added (% of GDP)",NV.IND.TOTL.ZS,..,..,..,..,..,..,..,..,..,..,..,..,..,..,..,..,..,..,..,..,..,..,..
Gibraltar,GIB,Fossil fuel energy consumption (% of total),EG.USE.COMM.FO.ZS,..,..,..,..,..,..,..,..,..,..,..,..,..,..,..,98.1711007130715,0,0,0,0,0,0,0
Gibraltar,GIB,Population density (people per sq. km of land area),EN.POP.DNST,2770.9,2765.7,2783.1,2827.4,2871.5,2916.3,2959.4,3000.6,3041.3,3082.3,3124.8,3166,3202.9,3240.7,3281.3,3319.3,3365.8,3424.5,3485.4,3549.4,3617.3,3685.8,3760.9
Greece,GRC,Carbon dioxide (CO2) emissions excluding LULUCF per capita (t CO2e/capita),EN.GHG.CO2.PC.CE.AR5,8.88916404955557,9.03224155257918,8.99592754445001,9.31836088165614,9.27198472388443,9.43127683435642,9.28993076633962,9.59392306973099,9.19226047747029,8.66246085695196,8.01089544866936,7.75654960932108,7.38308001685105,6.73638655927369,6.51868415198726,6.41792356501775,6.32481286373172,6.35806052416813,6.2035807344197,5.74720223190943,4.8953045160399,5.12795330813371,5.26328648728615
Greece,GRC,GDP per capita (constant 2015 US$),NY.GDP.PCAP.KD,18002.9064613985,18742.4235780691,19548.3677447396,20632.2557041942,21688.1050959558,21880.5265835801,23220.5324419197,23973.6936091313,23923.8800731311,22878.1346644397,21547.724178239,19448.255802525,17924.6620496886,17644.8766635021,17903.5252440012,17980.7298238137,18049.928997892,18352.0884461258,18769.0389621976,19216.6759579785,17486.951333323,19232.9683327114,20595.4952639016
Greece,GRC,Energy use (kg of oil equivalent per capita),EG.USE.PCAP.KG.OE,2512.02003858494,2583.56128087388,2603.6056227148,2672.75982215817,2717.47100440097,2758.67496021751,2748.70086926019,2737.50471822283,2749.77926334315,2654.84323438585,2487.52918925294,2413.16129816794,2408.75576544664,2133.12835852595,2128.79231677777,2148.04707916151,2109.41656684289,2148.0515638287,2089.36044213673,2058.5433840771,1839.48818892263,1924.00171997177,1957.79872050503
Greece,GRC,Urban population (% of total population),SP.URB.TOTL.IN.ZS,72.716,72.913,73.303,73.689,74.073,74.452,74.827,75.199,75.568,75.932,76.292,76.649,77.004,77.355,77.702,78.046,78.387,78.724,79.058,79.388,79.715,80.038,80.357
Greece,GRC,Trade (% of GDP),NE.TRD.GNFS.ZS,59.1126577488086,56.8576339551067,50.0533371904633,47.8943121550822,49.825317672568,50.3555334391407,51.1047465834807,54.5256818189044,57.1052836264926,46.3779593986083,50.9225173052303,56.2929962856516,62.3942789758861,62.9547463104465,66.4335682565667,65.2718011391214,63.6576625890375,70.8826066741577,79.2381636063709,80.590100891173,70.2937864486395,88.0126627401059,107.679207902405
Greece,GRC,Renewable energy consumption (% of total final energy consumption),EG.FEC.RNEW.ZS,7.8,7.1,7.3,7.6,7.8,8,8.5,8.1,8.3,9.2,11.4,11.4,14.2,16.6,16.4,17.5,16.4,16.4,17.9,18.5,20.1,21.5,..
Greece,GRC,"Industry (including construction), value added (% of GDP)",NV.IND.TOTL.ZS,18.7134135325555,19.1521007737425,19.0244609362316,20.5063379712513,20.4773277813422,18.4006884390429,20.5013778070463,18.74614719736,16.6711382140503,16.0934799769726,15.0655277858101,14.3792409788507,14.7998191105367,15.064315279116,14.144282569928,14.4406143927451,14.3053359941807,13.5438938901132,13.6804076386379,13.4139572418293,14.2956021874194,14.7711977789358,16.6977234545458
Greece,GRC,Fossil fuel energy consumption (% of total),EG.USE.COMM.FO.ZS,94.3886036178297,94.1882635056551,93.8600266363724,93.7674650901746,93.5722400188684,93.2203134477544,92.6808393896466,92.9326086541332,92.6355471207879,92.1905329033872,90.1886980512198,90.6497138980801,89.9414482657562,87.790124791457,85.8514763736282,83.8825769351693,0,0,0,0,0,0,0
Greece,GRC,Population density (people per sq. km of land area),EN.POP.DNST,83.83093871218,84.2678975950349,84.5773622963538,84.7794414274632,84.9894569433669,85.2390535298681,85.4954383242824,85.7135221101629,85.9413576415826,86.1677036462374,86.278828549263,86.1512723041117,85.6866640806827,85.067579519007,84.5028161365399,83.947889837083,83.5994647013189,83.4342823894492,83.2651823118697,83.1775174553918,82.999216446858,81.9953995345229,80.968828549263
Greenland,GRL,Carbon dioxide (CO2) emissions excluding LULUCF per capita (t CO2e/capita),EN.GHG.CO2.PC.CE.AR5,0.0231378481801192,0.0248319409709289,0.0247371675943105,0.0246691688252189,10.7701500931491,10.8755598489506,11.18273888155,11.0582618689771,11.4401363442693,9.92134651918399,11.509887855096,12.162067147126,9.60922372821686,9.68610024255086,8.68816058264499,9.37555690202089,9.35642330829744,9.15046642455316,9.26940720775396,9.31614050689195,9.35831248780315,9.67998164263146,10.1621926898572
Greenland,GRL,GDP per capita (constant 2015 US$),NY.GDP.PCAP.KD,31623.0591501943,31914.1710964481,31483.6074780094,32787.9680355213,34961.9356097257,36681.8055890619,38828.8524943222,39896.875364094,42527.6668469766,42899.7441985862,43481.5161087805,42994.8790874739,43655.7004664255,43338.3839246907,45545.1429414917,44536.3549705377,46561.7831434013,46597.9452470348,47012.9860350276,48170.7896955512,48169.9406957389,48709.9339758895,49679.3365414895
Greenland,GRL,Energy use (kg of oil equivalent per capita),EG.USE.PCAP.KG.OE,..,..,..,..,..,..,..,..,..,..,..,..,..,..,..,..,..,..,..,..,..,..,..
Greenland,GRL,Urban population (% of total population),SP.URB.TOTL.IN.ZS,81.6,81.849,82.095,82.338,82.58,82.858,83.172,83.482,83.787,84.087,84.383,84.755,85.2,85.551,85.813,86.071,86.326,86.574,86.816,87.052,87.282,87.507,87.727
Greenland,GRL,Trade (% of GDP),NE.TRD.GNFS.ZS,..,..,..,87.2971972810315,88.1524357295282,99.7079265489358,89.6938562419079,94.9670539629143,107.37322125158,85.7573657356888,110.472368234124,130.547942353994,100.978401084907,95.9116681587586,87.0885837878503,83.1013810084573,85.8376729204278,84.2072558673104,89.7766906266033,92.1907515607492,82.6595028892583,83.6838572277142,93.3651328766632
Greenland,GRL,Renewable energy consumption (% of total final energy consumption),EG.FEC.RNEW.ZS,9.2,8.7,9.5,9.5,6.7,7,7.1,6.9,6.9,8.8,10.1,10.2,10.1,11.2,12.5,13.1,12.4,11.3,11.4,10.9,11.8,11.6,11.7
Greenland,GRL,"Industry (including construction), value added (% of GDP)",NV.IND.TOTL.ZS,..,..,..,14.6329587285511,15.7106615256395,16.2443320622729,16.7222152612455,16.7841075175753,18.2172094154952,17.9822750464506,18.0842449211536,18.0605185920164,18.911785135448,18.1332272290195,15.6961945959501,17.0467116297327,17.6874070578423,17.0105529266181,18.2130067733894,17.1422282695694,20.6552283701417,18.9809292464903,19.5118889646021
Greenland,GRL,Fossil fuel energy consumption (% of total),EG.USE.COMM.FO.ZS,..,..,..,..,..,..,..,..,..,..,..,..,..,..,..,..,..,..,..,..,..,..,..
Greenland,GRL,Population density (people per sq. km of land area),EN.POP.DNST,0.136886344256304,0.137358996223657,0.137885247898648,0.138265318552808,0.138623462053843,0.138713607016689,0.13832379096114,0.137787793884761,0.137234742355951,0.137222560604215,0.13773663052747,0.138603971251066,0.138409063223292,0.137612376659764,0.137154342794494,0.136713363381654,0.136888780606651,0.136854671701791,0.136491655500061,0.136983798270191,0.137329760019491,0.138026556218784,0.138046047021562
Grenada,GRD,Carbon dioxide (CO2) emissions excluding LULUCF per capita (t CO2e/capita),EN.GHG.CO2.PC.CE.AR5,0.533266326046291,0.538953762952948,0.583926792369285,0.639212372800411,0.605545036268672,0.648841744582354,0.737276978253961,0.816127105915564,0.889121338912134,0.953673575781545,1.06375351746635,0.819957351510988,0.842385280425626,1.07941878805502,0.962920127571584,1.02026579231923,1.10657517588813,1.10795405325803,1.13059788574738,1.29503970477923,1.04778195133272,1.15521733168792,1.15727079110108
Grenada,GRD,GDP per capita (constant 2015 US$),NY.GDP.PCAP.KD,6677.1265230922,6509.51660313374,6707.36873532777,7309.78547094579,7233.29494434962,8162.91232124727,7808.24358323434,8257.36225682689,8307.49221491819,7733.12990600058,7670.71165827663,7695.37616017287,7559.5628483956,7688.75297701343,8206.62862112333,8694.12438005692,8983.68397337899,9357.40728883583,9744.16919577204,9785.56040240592,8413.28335500372,8781.46248494156,9406.19337643226
Grenada,GRD,Energy use (kg of oil equivalent per capita),EG.USE.PCAP.KG.OE,..,..,..,..,676.893242958938,719.922722219184,735.461025105552,732.885760301117,..,..,..,..,..,..,..,..,..,..,..,..,..,..,..
Grenada,GRD,Urban population (% of total population),SP.URB.TOTL.IN.ZS,35.698,35.919,35.913,35.907,35.901,35.895,35.889,35.883,35.877,35.871,35.865,35.859,35.869,35.896,35.938,35.997,36.072,36.164,36.272,36.396,36.537,36.694,36.868
Grenada,GRD,Trade (% of GDP),NE.TRD.GNFS.ZS,..,..,..,..,..,..,..,..,..,..,..,..,..,..,..,..,..,..,..,..,..,..,..
Grenada,GRD,Renewable energy consumption (% of total final energy consumption),EG.FEC.RNEW.ZS,10.5,10.4,10.5,10.4,10.6,10.6,10.4,9.9,10.8,10.5,10.8,11.4,11.5,10.8,11,10.5,10.4,10.2,10.7,10.4,10.3,10.2,10
Grenada,GRD,"Industry (including construction), value added (% of GDP)",NV.IND.TOTL.ZS,17.9095188316552,16.5118570725163,16.6171559487198,17.0087138352588,16.7118338408484,22.8478487752929,19.4226500215903,18.8185412969453,17.5549887040486,14.7258701794622,14.709329695351,13.3430366681412,12.3180285968292,13.3978295173335,12.8104378636674,12.3242889833279,12.1551895563471,12.715876749963,13.4331770166911,13.6417603413492,13.0941605347134,14.5479555080553,16.0854479095063
Grenada,GRD,Fossil fuel energy consumption (% of total),EG.USE.COMM.FO.ZS,..,..,..,..,0,0,0,0,..,..,..,..,..,..,..,..,..,..,..,..,..,..,..
Grenada,GRD,Population density (people per sq. km of land area),EN.POP.DNST,316.032352941176,317.608823529412,318.835294117647,320.247058823529,321.538235294118,322.747058823529,323.926470588235,325.064705882353,326.164705882353,327.217647058824,328.194117647059,329.644117647059,331.691176470588,333.785294117647,335.682352941176,337.282352941176,338.617647058824,339.523529411765,340.267647058824,341.120588235294,342.179411764706,343.2,343.861764705882
Guam,GUM,Carbon dioxide (CO2) emissions excluding LULUCF per capita (t CO2e/capita),EN.GHG.CO2.PC.CE.AR5,0.00187423859057258,0.00185955407893187,0.00184825801681915,0.00183894518104415,0.001831390025029,0.00182520609618836,0.00121330510376792,0.00181524442266151,0.00181057739313067,0.00180534743911466,0.00180156375734137,0.00180133659175108,0.001803632515887,0.0018075991468132,0.00120856144930689,0.00121281950213759,0.00182667308031882,0.00183497461618448,0.00184412247432059,0.00247206565806388,0.0024667299794028,0.00244304647895926,0.00242160067804819
Guam,GUM,GDP per capita (constant 2015 US$),NY.GDP.PCAP.KD,..,..,29576.221681311,29685.9531745657,31483.8141949558,32520.3729565352,31242.462900947,31385.0475162113,31941.2706025874,31988.7229358255,32644.1484056205,32665.3787483379,33404.9317636913,34044.3190415455,34755.2691107298,35165.7014644795,35373.8483143417,35850.9025520506,35731.2203743081,36830.1264410973,32884.8852646787,33239.4846327875,34627.9862781837
Guam,GUM,Energy use (kg of oil equivalent per capita),EG.USE.PCAP.KG.OE,..,..,..,..,..,..,..,..,..,..,..,..,..,..,..,..,..,..,..,..,..,..,..
Guam,GUM,Urban population (% of total population),SP.URB.TOTL.IN.ZS,93.129,93.233,93.334,93.435,93.534,93.631,93.727,93.822,93.916,94.008,94.099,94.188,94.277,94.364,94.449,94.534,94.617,94.699,94.78,94.859,94.938,95.015,95.091
Guam,GUM,Trade (% of GDP),NE.TRD.GNFS.ZS,..,..,68.8862698880377,64.023536004483,68.0020677177565,66.4372181343461,72.7701746106654,79.4632704116443,78.2739373121511,72.0173985086993,72.0347544958577,77.7889245585875,76.7521367521368,79.5332468975736,78.3600713012478,71.3398861872737,70.4117946110829,69.2665890570431,72.9631465873409,78.0645161290323,63.6747802569304,61.8383060635226,71.8668596237337
Guam,GUM,Renewable energy consumption (% of total final energy consumption),EG.FEC.RNEW.ZS,0.4,0.4,0.4,0.5,0.5,0.4,0.4,0.4,0.4,0.5,0.5,0.5,0.5,0.6,0.7,2.3,4.4,3.9,4.5,4.5,4.6,4.5,6.7
Guam,GUM,"Industry (including construction), value added (% of GDP)",NV.IND.TOTL.ZS,..,..,..,..,..,..,..,..,..,..,..,..,..,..,..,..,..,..,..,..,..,..,..
Guam,GUM,Fossil fuel energy consumption (% of total),EG.USE.COMM.FO.ZS,..,..,..,..,..,..,..,..,..,..,..,..,..,..,..,..,..,..,..,..,..,..,..
Guam,GUM,Population density (people per sq. km of land area),EN.POP.DNST,296.416666666667,298.757407407407,300.583333333333,302.105555555556,303.351851851852,304.37962962963,305.257407407407,306.05,306.838888888889,307.727777777778,308.374074074074,308.412962962963,308.02037037037,307.344444444444,306.455555555556,305.37962962963,304.135185185185,302.759259259259,301.257407407407,299.644444444444,300.292592592593,303.203703703704,305.888888888889
Guatemala,GTM,Carbon dioxide (CO2) emissions excluding LULUCF per capita (t CO2e/capita),EN.GHG.CO2.PC.CE.AR5,0.827982374492118,0.85004940088168,0.873109677008455,0.849946853872179,0.847283469356236,0.89946773399521,0.891373596133715,0.930329826165174,0.830194154733913,0.858007439849051,0.812186830005175,0.82112605044062,0.833796840973152,0.87963888748261,0.926760289445198,1.06278945259763,1.10885525387307,1.03531299530758,1.11332961526943,1.1505862175798,1.01641237921166,1.15027004912309,1.11930959631781
Guatemala,GTM,GDP per capita (constant 2015 US$),NY.GDP.PCAP.KD,3165.93228427232,3166.2034225502,3213.26828192736,3222.15459091458,3250.20396755362,3284.8096223167,3388.14993663631,3527.77817138578,3569.92850926098,3516.19217683281,3546.62571493701,3621.37399426819,3655.57305351208,3717.30452279907,3809.61576952923,3893.50522093509,3924.77883374916,3972.74046241476,4040.21201847257,4139.12192015295,4005.83899362197,4268.62845750072,4385.14877653813
Guatemala,GTM,Energy use (kg of oil equivalent per capita),EG.USE.PCAP.KG.OE,615.959274265347,617.59711543474,691.770542221836,690.150548663056,695.803562778047,696.528906315535,686.763346928881,720.41253856336,686.736367338845,721.327289373788,714.074532356674,714.303324282615,734.084473337375,738.982674301733,756.287525577607,787.263517462421,833.55203066865,817.676720672477,833.831068721414,851.576981433866,823.751784803862,924.210448799794,887.8389253262
Guatemala,GTM,Urban population (% of total population),SP.URB.TOTL.IN.ZS,45.332,45.668,46.005,46.318,46.616,46.913,47.21,47.508,47.807,48.104,48.403,48.701,49,49.311,49.634,49.971,50.319,50.68,51.054,51.439,51.836,52.245,52.666
Guatemala,GTM,Trade (% of GDP),NE.TRD.GNFS.ZS,49.1455879049537,70.6690331769476,67.1048115244645,67.0023391862425,70.2148723581872,67.1036996082037,67.9119237396616,69.0013643101763,65.1787305213103,58.0406869738673,63.1251925746222,65.0470510420457,61.9594193352042,56.6852212560209,55.0832793127032,49.8934532700313,46.372737911514,46.0694205080637,47.011682071395,45.5167427491815,41.1407616494521,49.2611509459613,54.4310414653089
Guatemala,GTM,Renewable energy consumption (% of total final energy consumption),EG.FEC.RNEW.ZS,62.7,61.3,63.8,64.3,66.1,65.2,64.7,63.3,66.5,65.3,67.1,67.1,67.4,67.2,66.2,63.3,63.2,65,64,62.8,65.5,62.1,..
Guatemala,GTM,"Industry (including construction), value added (% of GDP)",NV.IND.TOTL.ZS,19.7911162779183,27.3420734989877,27.1826895247297,27.4424966147734,27.8833550863791,27.5811372404814,28.269045356288,27.8843638206437,28.116816136255,27.5259745150329,27.4918265373292,27.9436212267543,28.1234371173336,22.952948927947,23.1927167312783,22.7375109673129,22.6144411762338,21.9049096494366,21.426432384342,21.9422574352816,22.3294633677349,22.2420514337868,22.6306612736692
Guatemala,GTM,Fossil fuel energy consumption (% of total),EG.USE.COMM.FO.ZS,41.3113912201777,42.0511234623579,37.8922585912913,37.0224392587654,37.4133980412961,37.7918417009675,37.2669098438957,37.5639363314029,34.4090385965432,35.6568698781086,32.1564064718524,31.8982617631896,30.8629383101714,34.5892752865059,41.6591026684114,37.136145439901,0,0,0,0,0,0,0
Guatemala,GTM,Population density (people per sq. km of land area),EN.POP.DNST,109.160059723778,111.696733855916,114.286254199328,116.889156401642,119.516629339306,122.131662933931,124.742991787981,127.398656215006,130.040817469205,132.65781075028,135.312728630086,138.037756625607,140.814175065323,143.59217058604,146.339352370287,149.045754012691,151.817469204927,154.603928704741,157.201241134752,159.609957073535,161.97578387458,164.227790220231,166.553536767451
Guinea,GIN,Carbon dioxide (CO2) emissions excluding LULUCF per capita (t CO2e/capita),EN.GHG.CO2.PC.CE.AR5,0.174520028397766,0.183396643543998,0.194706842212176,0.201177325874689,0.201848759413007,0.189696040729218,0.198555878290945,0.20032536830589,0.209145084236888,0.216216557266925,0.242533584273928,0.25113518961115,0.232924152647863,0.2052560818015,0.20736649175049,0.241793411613936,0.265293799485299,0.259388701077593,0.255549606785607,0.264393779327325,0.269317980316327,0.267896613350646,0.270989887896504
Guinea,GIN,GDP per capita (constant 2015 US$),NY.GDP.PCAP.KD,614.137235083638,628.320554864936,650.554963973291,644.071217908894,645.182843390689,651.359606871604,645.472001923653,673.698997420626,684.775780377366,660.756701330284,675.736917327708,696.199991395571,719.505916794546,729.833143236326,738.272274481308,747.356966759448,807.236421043888,867.907502577607,899.907328045175,926.42221954853,945.570903389665,973.646890096159,987.502501465337
Guinea,GIN,Energy use (kg of oil equivalent per capita),EG.USE.PCAP.KG.OE,..,..,..,..,..,..,..,..,..,..,..,..,..,..,..,..,..,..,..,..,..,..,..
Guinea,GIN,Urban population (% of total population),SP.URB.TOTL.IN.ZS,30.869,31.144,31.42,31.698,31.977,32.257,32.539,32.822,33.106,33.391,33.678,33.966,34.255,34.545,34.836,35.141,35.46,35.793,36.14,36.5,36.875,37.264,37.668
Guinea,GIN,Trade (% of GDP),NE.TRD.GNFS.ZS,36.6796954912881,40.1878781394378,38.0284032674396,35.0751269891585,34.5950959210535,47.9377003917167,69.3862937148949,71.1210322265015,64.1842433909581,69.8153454158123,73.5465739340387,85.9546732708386,86.6743318322581,80.4264477180461,76.7719658952305,72.4427307469345,111.839467415368,101.251633768429,88.984111543709,78.4153132285974,115.765259518929,115.195532789356,94.1652726931221
Guinea,GIN,Renewable energy consumption (% of total final energy consumption),EG.FEC.RNEW.ZS,85.5,84.8,84.3,83.5,83.2,81.6,81.1,80.4,80.2,79.2,75.7,74.8,76.4,78.5,78.6,76.2,75.3,72,73.2,68.3,65.8,66.8,66.6
Guinea,GIN,"Industry (including construction), value added (% of GDP)",NV.IND.TOTL.ZS,21.5230896940631,21.8203987016552,21.4815029343945,21.7573715436192,20.9236440966749,21.9879538645841,34.2753959440443,30.7663957919196,32.9328375718068,32.2887263194246,32.3138372958105,32.6144005582332,31.5767582978151,29.6407139185782,29.6941648521559,26.3246416118291,30.1038432883843,31.653986926333,33.3410014345781,29.390798702636,28.5122742669412,28.8210712335353,26.5029300686511
Guinea,GIN,Fossil fuel energy consumption (% of total),EG.USE.COMM.FO.ZS,..,..,..,..,..,..,..,..,..,..,..,..,..,..,..,..,..,..,..,..,..,..,..
Guinea,GIN,Population density (people per sq. km of land area),EN.POP.DNST,34.3025883118997,34.75484291063,35.3006104509197,36.1011761354387,36.8823294807097,37.6275598241901,38.422476802865,39.3223221552987,40.2851619729774,41.2808643985024,42.3086684030604,43.3697297737262,44.4472611102067,45.5472611102067,46.6910467198437,47.8881246947745,49.1332817841446,50.4055795214065,51.7042731564382,53.0455233599219,54.4163397362852,55.7973018069347,57.1998087253785
Guinea-Bissau,GNB,Carbon dioxide (CO2) emissions excluding LULUCF per capita (t CO2e/capita),EN.GHG.CO2.PC.CE.AR5,0.164163982568004,0.166577735351506,0.172185522920453,0.198892028092077,0.199768369464782,0.199481030845008,0.206245588400505,0.211373507394282,0.196834254670865,0.203095303453865,0.201296392178745,0.199803989363687,0.196619024752682,0.196819171059917,0.196539932296531,0.201180325079193,0.204760867583423,0.159983207889735,0.157166283072031,0.162728388938129,0.166645556573807,0.165772879012998,0.169316119606997
Guinea-Bissau,GNB,GDP per capita (constant 2015 US$),NY.GDP.PCAP.KD,571.094015178625,585.837980688333,594.040535151552,579.092506821836,572.526464627294,595.94255560187,597.257151722046,597.482020935948,608.958620496925,608.202131879882,625.904027290582,658.953470528116,630.66862302825,634.095456089352,623.610159103365,645.066837207039,663.242608032005,677.466131311367,686.456819839526,707.896202374227,706.600783420096,727.143395595501,750.731145294061
Guinea-Bissau,GNB,Energy use (kg of oil equivalent per capita),EG.USE.PCAP.KG.OE,..,..,..,..,63.7243315058282,62.9711526978072,63.5906233506182,65.4727199297581,..,..,..,..,..,..,..,..,..,..,..,..,..,..,..
Guinea-Bissau,GNB,Urban population (% of total population),SP.URB.TOTL.IN.ZS,36.243,36.622,37.004,37.387,37.772,38.157,38.545,38.934,39.325,39.716,40.111,40.508,40.908,41.31,41.715,42.123,42.533,42.945,43.36,43.777,44.196,44.617,45.041
Guinea-Bissau,GNB,Trade (% of GDP),NE.TRD.GNFS.ZS,52.7373461180145,47.5832172774612,39.6760635550924,38.0334709318917,43.192131633446,45.7842315450716,48.7605033860226,46.2445284700147,45.1388893744724,43.5957474099206,43.5145876385454,48.6174602066373,44.1280665609795,39.9574617805787,46.8696583055238,54.3703755891285,54.3006730474711,56.9137475938811,55.0195890357005,50.1779867067114,43.4304481311735,45.5107846892668,46.2708566194737
Guinea-Bissau,GNB,Renewable energy consumption (% of total final energy consumption),EG.FEC.RNEW.ZS,91.2,91.2,91,89,88.6,88.5,88.3,87.9,88.4,87.9,87.8,87.9,87.8,87.7,87.3,87.2,86.8,86.8,86.6,86.2,87.2,87.4,87.4
Guinea-Bissau,GNB,"Industry (including construction), value added (% of GDP)",NV.IND.TOTL.ZS,8.88112869526954,9.96976622237475,15.8232800934822,16.7545534859258,12.4404404161973,12.4400960708697,12.0924056056146,12.5990180965363,12.3813756165574,12.7564033361704,13.7495149088181,12.2556709039964,12.0457512726254,13.1545314595145,14.6822693955448,12.9268475259906,12.0226933283458,11.7058928971019,16.3705721944585,15.6886851413077,12.5077014250069,12.0021192791346,12.8401638420559
Guinea-Bissau,GNB,Fossil fuel energy consumption (% of total),EG.USE.COMM.FO.ZS,..,..,..,..,0,0,0,0,..,..,..,..,..,..,..,..,..,..,..,..,..,..,..
Guinea-Bissau,GNB,Population density (people per sq. km of land area),EN.POP.DNST,43.9097083926031,44.8532361308677,45.8501778093883,46.8992176386913,47.9929943100996,49.1317567567568,50.3308321479374,51.599786628734,52.9179943100996,54.2808321479374,55.702240398293,57.1862019914651,58.7274893314367,60.3119843527738,61.9175675675676,63.5297652916074,65.1455547652916,66.7522048364154,68.3559032716927,69.9749644381223,71.5951280227596,73.2162517780939,74.8765647226174
Guyana,GUY,Carbon dioxide (CO2) emissions excluding LULUCF per capita (t CO2e/capita),EN.GHG.CO2.PC.CE.AR5,2.17315698087946,2.1525827461127,2.12623027242775,2.12252375504684,2.19499014976037,1.94949757791288,1.75844504233391,2.12324323752974,2.12760036363347,2.1659526601728,2.35059846033932,2.45713680706236,2.68341444589756,2.63645951246698,2.73802784035087,2.73412223026143,3.21813428887247,3.21257965409595,3.26041366624724,3.45861217212582,4.12368835923074,4.0096531867043,4.04339142468024
Guyana,GUY,GDP per capita (constant 2015 US$),NY.GDP.PCAP.KD,3759.60789699989,3847.09461851367,3894.87107415198,3873.04123684261,3937.11435304522,3867.93308158647,4076.77981715707,4382.10449666813,4472.34517889699,4649.34144792756,4860.09110980566,5133.89539813637,5403.79899428921,5573.3421790463,5635.71704117947,5640.41560569466,5818.61682204646,5997.18271426826,6080.90612132746,6278.63054079553,9010.61000469878,10711.9973374148,17365.3336428642
Guyana,GUY,Energy use (kg of oil equivalent per capita),EG.USE.PCAP.KG.OE,..,..,..,..,628.2642854707,650.533437418683,658.791039387799,660.623284856797,..,..,..,..,..,..,..,..,..,..,..,..,..,..,..
Guyana,GUY,Urban population (% of total population),SP.URB.TOTL.IN.ZS,28.694,28.606,28.518,28.307,28.064,27.822,27.582,27.343,27.105,26.869,26.634,26.4,26.4,26.4,26.414,26.441,26.482,26.538,26.606,26.689,26.786,26.897,27.022
Guyana,GUY,Trade (% of GDP),NE.TRD.GNFS.ZS,206.767370475214,199.577000730114,196.72507835983,189.162485631386,200.725286901642,194.350757310172,..,..,..,..,..,..,..,..,..,..,..,..,..,..,..,..,..
Guyana,GUY,Renewable energy consumption (% of total final energy consumption),EG.FEC.RNEW.ZS,30.4,31,34.2,34.6,35.5,34.7,36.8,33.1,32.6,31.3,30.6,32.8,28.7,26.9,24,25,21.3,22.1,16.8,11.3,12,13.2,12.1
Guyana,GUY,"Industry (including construction), value added (% of GDP)",NV.IND.TOTL.ZS,20.0012299787296,20.0826363267013,19.6492758825796,18.0496168369614,17.1139253470055,16.6691938643683,22.0716791428299,23.6589377907829,24.7390950750695,24.5699983117448,24.9027270750604,26.4538770719167,26.5877498717371,25.6280649781202,24.3921272261287,24.7187387911341,29.382927306177,26.2070906824899,26.2597639752552,28.6893186333175,38.7960801467797,50.3895924190516,67.8206416613225
Guyana,GUY,Fossil fuel energy consumption (% of total),EG.USE.COMM.FO.ZS,..,..,..,..,0,0,0,0,..,..,..,..,..,..,..,..,..,..,..,..,..,..,..
Guyana,GUY,Population density (people per sq. km of land area),EN.POP.DNST,3.88535433070866,3.88355092710185,3.87935991871984,3.87656083312167,3.87309118618237,3.8654508509017,3.85555499110998,3.84486156972314,3.83340614681229,3.82064516129032,3.80622809245618,3.79046482092964,3.79115062230124,3.8101143002286,3.83149098298197,3.85461518923038,3.8788315976632,3.90388112776226,4.02111252222504,4.10294640589281,3.82438666287771,3.86228095102775,3.89143222506394
Haiti,HTI,Carbon dioxide (CO2) emissions excluding LULUCF per capita (t CO2e/capita),EN.GHG.CO2.PC.CE.AR5,0.204091193813048,0.204306616975236,0.226659081158241,0.22110952712767,0.200925606797465,0.201803874577005,0.200823257088706,0.232927670266681,0.226896577339889,0.219049719487355,0.26498236205096,0.296866212723794,0.273849325868483,0.291214496219171,0.311166188754039,0.331979441316659,0.335240070779463,0.331492100855686,0.324473867949261,0.323642255408588,0.30793728268116,0.299773547802091,0.294872755551607
Haiti,HTI,GDP per capita (constant 2015 US$),NY.GDP.PCAP.KD,1342.89490450523,1314.11419693969,1304.5293810385,1326.47161042212,1286.90282128221,1304.33303731231,1305.03813815611,1343.61111422048,1356.53400140048,1412.89653523429,1317.58389339746,1369.16921255852,1354.88546124499,1392.38204736859,1411.76834802154,1411.12684746796,1416.74881879698,1432.67228609541,1437.35251928349,1394.42114071112,1331.69778506932,1292.71954963551,1256.72143592448
Haiti,HTI,Energy use (kg of oil equivalent per capita),EG.USE.PCAP.KG.OE,367.668711281342,354.939290686259,361.247287034171,356.879162298398,357.794531363988,363.221446517241,367.726653817866,369.82614447503,368.507033755957,377.427344980307,388.995522336097,402.476697495403,408.922012927348,415.229471165857,400.493565620537,400.138818358845,408.56544100745,410.595545177212,419.506914918994,409.8045053234,398.394138508433,406.126296523889,377.526060418635
Haiti,HTI,Urban population (% of total population),SP.URB.TOTL.IN.ZS,35.6,37.251,38.935,40.645,41.679,42.638,43.604,44.574,45.551,46.528,47.509,48.492,49.477,50.46,51.444,52.427,53.396,54.346,55.278,56.192,57.088,57.964,58.82
Haiti,HTI,Trade (% of GDP),NE.TRD.GNFS.ZS,27.1535220636918,27.569933019116,24.9396784759828,37.1973434444641,33.7809703531059,34.9651045038228,37.0570704128996,34.2825489611293,36.1450381454244,33.0964998246108,44.7215241260457,44.1635704019387,40.2582414988129,40.3325097562551,42.3515259071619,41.9457381172044,41.4109022161974,42.0745477868911,45.1385763027223,44.5687187758294,37.4138801252638,37.1654017679449,36.529550283828
Haiti,HTI,Renewable energy consumption (% of total final energy consumption),EG.FEC.RNEW.ZS,80.8,80.9,79.1,79,81.1,81.1,81.4,79.3,79.6,80.3,79,79,82.2,80.4,77.8,76.1,76.1,76.2,76.2,76.4,76.3,76.7,..
Haiti,HTI,"Industry (including construction), value added (% of GDP)",NV.IND.TOTL.ZS,23.048486874758,23.5984895487098,23.2116928683578,25.3098723727845,25.6128699974092,25.0367007859813,26.494693007675,25.2963112825586,26.701201891474,26.2255411512356,23.5332687261618,24.5925802703743,25.3732825170097,25.6899193261312,26.5606297593527,26.0556909416746,24.4486778891376,23.7054083866046,24.1385210331551,23.3823262210182,23.327525652015,25.6143027374247,29.3411380317267
Haiti,HTI,Fossil fuel energy consumption (% of total),EG.USE.COMM.FO.ZS,15.3482915714116,17.0326394047426,18.5378812517279,17.4204709883945,19.8874646778093,20.1762025080187,20.0546120790987,22.2568655224443,21.9674673920579,19.9201127694032,17.6960027608492,17.6873286176864,17.8501321515988,18.0523797832469,22.0077495437999,22.7893905749418,0,0,0,0,0,0,0
Haiti,HTI,Population density (people per sq. km of land area),EN.POP.DNST,301.275435413643,306.818505079826,312.323693759071,317.848766328012,323.304172714078,328.783490566038,334.418069666183,340.105079825835,345.81908563135,351.581313497823,355.70732946299,359.757039187228,365.376306240929,370.912989840348,376.387336719884,381.830261248186,387.208164005806,392.516473149492,397.763497822932,402.944956458636,407.977068214804,412.720827285922,417.402249637155
Honduras,HND,Carbon dioxide (CO2) emissions excluding LULUCF per capita (t CO2e/capita),EN.GHG.CO2.PC.CE.AR5,0.759436362428439,0.870894657629861,0.895781280467005,0.966427047484041,1.07225735491768,0.948256668746001,1.063416305856,1.10547840544198,1.08072461490902,0.997008632218786,0.953504222748646,1.11047454254587,1.138452493128,1.09088724641079,1.09525172451612,1.13950984621597,1.10136862302627,0.973932683690273,0.921270510311606,1.02183980442561,0.870989481839275,0.960380770343513,0.987053358450868
Honduras,HND,GDP per capita (constant 2015 US$),NY.GDP.PCAP.KD,1789.47798512637,1789.18816032117,1807.97305547292,1842.29750018813,1908.90950050464,1975.85647913236,2056.53491469231,2134.19540639485,2175.14709403064,2076.30859895638,2108.47314459603,2144.56265540491,2188.39378817891,2205.40126728067,2229.24772232218,2271.20265980349,2315.72983058198,2383.37398439714,2430.13503657762,2447.61649282181,2189.43168668222,2423.76634916911,2482.22384904714
Honduras,HND,Energy use (kg of oil equivalent per capita),EG.USE.PCAP.KG.OE,456.244812117242,478.946954835196,488.702609745866,517.349761686349,546.865600910087,529.297368453255,563.815954585841,589.594179013274,585.573728824361,565.847197127184,561.818507536758,607.415805872968,611.212692944522,613.620494738777,604.093043217727,659.394073401803,616.39140542774,537.592382183152,565.077916293092,583.591911432311,544.573855679284,569.966470568883,573.344445082903
Honduras,HND,Urban population (% of total population),SP.URB.TOTL.IN.ZS,45.458,45.964,46.61,47.267,47.927,48.585,49.245,49.905,50.566,51.225,51.885,52.543,53.202,53.858,54.514,55.165,55.813,56.457,57.096,57.73,58.359,58.982,59.6
Honduras,HND,Trade (% of GDP),NE.TRD.GNFS.ZS,120.392164584236,115.943071737954,117.997454450299,122.248277175534,135.461758741854,136.489768018486,133.13183510432,135.070634917917,135.748955193053,96.9050060188904,109.441838241682,122.216902597337,121.188215808285,116.306049247436,112.97509728471,107.26440535424,99.8157169505924,101.813111079622,103.551162215452,99.4599779937589,88.0008563836292,103.372643459918,112.698524913966
Honduras,HND,Renewable energy consumption (% of total final energy consumption),EG.FEC.RNEW.ZS,55.2,50.4,49.8,47.9,46.7,51.4,52.2,50.6,50,50.5,53.6,50.9,49.3,51.1,52.2,50.8,52.7,45.6,48.9,46.2,50.2,45.9,..
Honduras,HND,"Industry (including construction), value added (% of GDP)",NV.IND.TOTL.ZS,29.3809338966492,27.6950607056328,27.2623882644585,27.3716581546558,26.5378388000557,26.2400447570959,26.7848832699915,26.1566692583548,25.9497768626944,26.0219596984677,25.5871307044098,25.8142160143128,26.1135718011836,25.4093197152808,24.510778796214,25.6499709386427,25.8278974975697,26.5389223099615,26.5924587973715,26.7243168964313,25.357857215276,25.8201593146773,25.9084247689488
Honduras,HND,Fossil fuel energy consumption (% of total),EG.USE.COMM.FO.ZS,48.1095638421309,52.6315810913911,53.0011381163005,54.2140710275274,55.6409307906332,56.9643793078887,46.6947981034151,55.6610189624763,53.8087229944555,48.8561491119739,49.6855911557841,50.8673126124542,49.5303428017981,48.9493248157627,51.3275604966269,48.8732258537591,0,0,0,0,0,0,0
Honduras,HND,Population density (people per sq. km of land area),EN.POP.DNST,58.7878541424613,60.3985432120833,62.015005809277,63.6268924836893,65.2336580570203,66.8366699436947,68.431781213692,70.0223254982572,71.6112878720172,73.1959871302172,74.7687729019573,76.3301724908392,77.8896773616945,79.4465814639378,81.0002859951738,82.5570202877826,84.121726695862,85.6925283760837,87.2750916078291,88.8697202609706,90.4427562784878,91.9642237912235,93.5192778621861
"Hong Kong SAR, China",HKG,Carbon dioxide (CO2) emissions excluding LULUCF per capita (t CO2e/capita),EN.GHG.CO2.PC.CE.AR5,6.28670667666917,6.23397822557824,6.07216678281757,6.61396862185773,6.00744453453232,6.3120706863148,6.18806784209068,6.42411404941949,6.19885596021731,6.47451525929325,6.01174510976339,6.38924712936252,6.24423434637278,6.43354831520149,6.57781312677225,6.06824571749894,6.14444020390917,5.96963425850782,5.91189651933553,5.79498927796055,4.69937174174576,4.73150234045136,4.44139066987926
"Hong Kong SAR, China",HKG,GDP per capita (constant 2015 US$),NY.GDP.PCAP.KD,26933.2625903122,26885.4586402706,27210.1053814274,28097.1363117749,30304.3273665324,32401.4023905402,34458.0453527129,36371.700188665,36924.1048376005,35938.6106493032,38090.0349982822,39656.3437262937,39887.8335718295,40959.9781577833,41796.8665669247,42432.1619740441,43087.5489578666,44380.8145772171,45280.5051888948,44195.2969768982,41451.3262581172,44530.9483473055,43281.7214533226
"Hong Kong SAR, China",HKG,Energy use (kg of oil equivalent per capita),EG.USE.PCAP.KG.OE,2121.26333389026,2078.72020108504,1934.25829611026,2027.39386284231,1823.00666629868,1864.70663999897,1899.44680195877,2045.97032642374,1985.30653602798,2043.27170232303,1922.62411959812,2037.95845611292,1944.99681879757,1907.46340816256,1904.11999210825,2030.16882885741,2081.70251975178,1868.11658156736,1916.57759637005,1876.91855569536,1655.13405911583,1671.63130147382,1566.39613487602
"Hong Kong SAR, China",HKG,Urban population (% of total population),SP.URB.TOTL.IN.ZS,100,100,100,100,100,100,100,100,100,100,100,100,100,100,100,100,100,100,100,100,100,100,100
"Hong Kong SAR, China",HKG,Trade (% of GDP),NE.TRD.GNFS.ZS,247.654020445592,240.848977626932,255.996457369342,292.454655919737,326.841054589054,342.689209524653,359.208661184248,362.14946363969,376.656806171877,348.397554309339,404.770560908659,421.854706554386,430.568530415663,442.620019127299,425.975871734797,389.405949263639,371.727231773253,376.795666734722,376.892773545026,353.743521139731,350.679705044448,402.459681454463,384.881143223724
"Hong Kong SAR, China",HKG,Renewable energy consumption (% of total final energy consumption),EG.FEC.RNEW.ZS,0,0.1,0.1,0.1,0.1,0.1,0.1,0.1,0.1,0.1,0.1,0.5,0.2,0.3,0.2,0.2,0.2,0.2,0.2,0.2,0.3,0.4,..
"Hong Kong SAR, China",HKG,"Industry (including construction), value added (% of GDP)",NV.IND.TOTL.ZS,12.0823834898067,11.3479853036237,10.6365250153969,9.85860238455791,9.17294443444659,8.45767902983093,7.99587055850563,6.89108505436297,7.00210309068239,6.87119744221016,6.83582798711052,6.71717250042648,6.84452438540072,6.94769922906227,7.0675064878175,7.05801657854796,7.47571466772237,7.21876244307908,6.47887850480474,6.25471437479218,6.17058195458318,5.98949153287008,6.26265366403118
"Hong Kong SAR, China",HKG,Fossil fuel energy consumption (% of total),EG.USE.COMM.FO.ZS,90.2527821136958,95.7497053361106,95.0606768590198,94.0354708403181,97.5612501874424,94.0722798293702,97.0232499407669,95.9315589173848,95.7261190051477,97.9046527856321,95.1456025701096,96.591210571672,95.6667207543071,95.4242482827168,96.4202282995676,86.9623924479696,0,0,0,0,0,0,0
"Hong Kong SAR, China",HKG,Population density (people per sq. km of land area),EN.POP.DNST,6347.61904761905,6394.57142857143,6422.95238095238,6410.28571428571,6460.47619047619,6488.7619047619,6530.57142857143,6586.95238095238,6626.47619047619,6640.7619047619,6689.71428571429,6734.85714285714,6809.61904761905,6837.04761904762,6885.2380952381,6944.09523809524,6987.2380952381,7041.14285714286,7097.71428571429,7150.38095238095,7124.7619047619,7060.09523809524,6996.28571428571
Hungary,HUN,Carbon dioxide (CO2) emissions excluding LULUCF per capita (t CO2e/capita),EN.GHG.CO2.PC.CE.AR5,5.82488188439669,5.98784244652506,5.90370255452322,6.18698635438171,6.01639671574943,6.06764207428028,6.02370879036318,5.88047868986792,5.7605117576997,5.1572388539957,5.23348796297769,5.15732129449593,4.80261708191697,4.53653466202979,4.55833690462703,4.8516216214837,4.9454520118589,5.2600168031356,5.24446160509094,5.23738233927712,5.06738125824744,5.21792698775155,4.95583896594654
Hungary,HUN,GDP per capita (constant 2015 US$),NY.GDP.PCAP.KD,8979.73578602949,9365.95393193015,9836.94065083321,10253.723920764,10786.4881991495,11272.7345428122,11734.4544729813,11791.7074416876,11929.7209867703,11142.885928524,11287.3686666108,11536.3578996772,11440.7622718825,11729.5720798501,12287.3779441033,12782.9412577973,13145.6559885563,13734.2442804335,14533.7783144312,15290.8085466331,14664.2971195385,15787.9535427563,16506.4721041768
Hungary,HUN,Energy use (kg of oil equivalent per capita),EG.USE.PCAP.KG.OE,2448.35399628198,2512.91908128888,2520.39755573852,2580.49625909654,2579.6047628527,2781.00595449852,2760.46242793694,2709.84388699596,2676.90840527171,2548.81278026798,2651.34338122621,2600.71787062735,2490.18578889625,2420.16949827793,2423.51498608604,2571.15090547951,2613.09354239281,2737.45332524366,2738.8272901507,2749.24131881139,2713.17923384455,2850.7057950255,2672.86765529203
Hungary,HUN,Urban population (% of total population),SP.URB.TOTL.IN.ZS,64.575,64.67,65.081,65.489,65.896,66.365,66.895,67.421,67.943,68.46,68.911,69.358,69.678,69.953,70.227,70.5,70.779,71.062,71.351,71.644,71.942,72.245,72.552
Hungary,HUN,Trade (% of GDP),NE.TRD.GNFS.ZS,137.26231309347,130.903714236387,118.269335242555,116.787088540862,123.615686104174,128.004810647538,149.231531568461,155.60143236807,158.453224115619,145.30587733019,157.838960085896,166.754347209897,166.17569860957,164.476024791467,168.358355086413,167.290738494524,163.97194450015,165.032855840268,162.700858777925,159.925556464831,154.295498794188,158.729782791959,183.808014139622
Hungary,HUN,Renewable energy consumption (% of total final energy consumption),EG.FEC.RNEW.ZS,5.2,5.1,5.2,5,4.6,7.3,7.9,9,9,12.3,13.5,14.7,16.5,17.2,15.7,15.6,15.3,14.6,13.6,13.6,14.8,15.3,..
Hungary,HUN,"Industry (including construction), value added (% of GDP)",NV.IND.TOTL.ZS,27.0147480291097,27.1118163721943,26.7953724802925,26.4183352658643,26.8778725721925,27.2089503526625,27.2157712360963,26.7120407420711,25.7747485981168,25.1371137759844,25.2266979655838,25.1359185300274,25.0498656722544,25.0561210392632,25.6873886769853,26.3916783181703,25.4486066021034,25.1587549896178,24.9697501840475,24.6337376234071,24.3596848911298,23.8973355623043,24.2940340200039
Hungary,HUN,Fossil fuel energy consumption (% of total),EG.USE.COMM.FO.ZS,80.5318851834748,80.9739660353546,80.7839692717273,83.1278652140568,81.8109098961968,78.9242540917781,78.6936497051961,77.466655207618,76.6532302653739,72.1119396451219,71.9638137063787,70.4644119879523,68.1935623381483,65.4246631721303,65.3462673027725,66.1101625958775,0,0,0,0,0,0,0
Hungary,HUN,Population density (people per sq. km of land area),EN.POP.DNST,113.936297701406,113.675251060031,113.352019638474,113.027806293238,112.777795135015,112.566287244727,112.391139381765,112.217163263029,112.020845887736,110.710814094775,110.460874848117,110.148315475533,109.580934496852,109.05483265216,107.747512601359,107.360891957046,106.944499232961,106.582905982906,106.366031119877,106.233004602235,105.965581854043,105.532895025203,105.249550734166
Iceland,ISL,Carbon dioxide (CO2) emissions excluding LULUCF per capita (t CO2e/capita),EN.GHG.CO2.PC.CE.AR5,10.149535036717,10.3836220207181,10.8867812314145,10.7118309207277,10.8766956319289,10.5427756846199,10.6744310064454,11.1568656400249,11.9109428065555,12.0198179586121,11.7506862322782,11.2991906311322,11.368001596428,11.4632880740292,10.5826150171357,10.9725979777217,9.47892165192479,9.69918462434479,9.39524439996485,8.80484131760608,8.26550020056595,8.6620852571674,8.50804836611231
Iceland,ISL,GDP per capita (constant 2015 US$),NY.GDP.PCAP.KD,42174.6650593404,43288.0763008799,43143.4605820114,43763.7756125094,46766.016848183,48850.7658808777,50731.6906753664,53646.3690104976,53821.4708095087,49527.3988380364,48193.7014101286,48933.5456639925,49191.5744141001,50946.816244297,51233.2440371844,52951.6815110898,55513.6423111384,56501.4576670531,57697.8044156909,57493.4195273629,52641.7234922236,54392.3831477619,57804.7610694483
Iceland,ISL,Energy use (kg of oil equivalent per capita),EG.USE.PCAP.KG.OE,11404.9435876155,10925.4513900466,11168.371424924,11092.6178434139,10892.7840096937,10877.230192953,13184.4771597611,15188.3777309195,17341.072624835,17936.5957485126,17024.5130942471,18161.5241113303,17633.6482755645,18212.7336453087,17947.0382271585,16910.7212326475,15701.4730096728,16234.9829641811,17346.7502731224,16700.5920009676,16083.6099695089,15779.653070706,15806.7848368996
Iceland,ISL,Urban population (% of total population),SP.URB.TOTL.IN.ZS,92.401,92.532,92.662,92.789,92.914,93.037,93.159,93.278,93.395,93.511,93.574,93.587,93.6,93.633,93.667,93.7,93.735,93.773,93.813,93.855,93.898,93.944,93.992
Iceland,ISL,Trade (% of GDP),NE.TRD.GNFS.ZS,71.139007768483,74.7346556223368,69.4320112878179,68.1992117488105,70.4319020602726,72.4506153719683,77.5361532018636,74.6709135585578,82.6880266963066,89.3947432104364,93.6463981817789,101.408701748757,104.085475471704,98.7895236023721,96.6655918887019,95.8182079086458,88.3330236353413,86.9789469759093,88.6369069643521,82.8627457813882,67.9750756256744,76.6527676301274,92.0771911313757
Iceland,ISL,Renewable energy consumption (% of total final energy consumption),EG.FEC.RNEW.ZS,60.7,62.1,61.9,61.9,61.9,62.7,64.2,67.6,74,74.7,76,77.1,77.7,76.8,77.6,78,80.9,80.8,81.4,81.7,82.9,82.4,..
Iceland,ISL,"Industry (including construction), value added (% of GDP)",NV.IND.TOTL.ZS,22.8576113961342,24.4555514027071,22.1813100994323,21.2498280604811,21.5435357301157,20.4897111162663,22.017425216791,19.8527529207757,22.8031060291457,19.6288639439593,21.9840191633894,22.3569420766641,21.0242177675944,21.0800537102401,20.7770589661454,20.0609398683861,19.5776787703931,19.5602567935748,19.8218480286442,19.8481632552758,20.728491127372,21.0492946293687,21.8741188538847
Iceland,ISL,Fossil fuel energy consumption (% of total),EG.USE.COMM.FO.ZS,22.0005931931242,22.1871621210258,22.334115497043,22.1287828946679,23.2744376387915,22.8926112820509,19.0399155489292,15.6808843135966,12.417439022104,11.4745203547073,11.5188805402876,10.2527357540378,10.3286188157782,10.3844443357095,10.9096604926827,11.6681557626704,0,0,0,0,0,0,0
Iceland,ISL,Population density (people per sq. km of land area),EN.POP.DNST,2.80503740648379,2.84257356608479,2.86805985037406,2.88799002493766,2.91345635910224,2.95994014962594,3.03024438902743,3.10789027431421,3.16622443890274,3.17704738154613,3.17247880299252,3.18218453865337,3.19916209476309,3.22956608478803,3.2656957605985,3.29990024937656,3.34602493765586,3.42543640897756,3.49817514628583,3.5759496181692,3.63446394922146,3.69453535654071,3.78858474660319
India,IND,Carbon dioxide (CO2) emissions excluding LULUCF per capita (t CO2e/capita),EN.GHG.CO2.PC.CE.AR5,0.941139242916713,0.938682658523786,0.956523083565259,0.968644599081604,1.02713496240707,1.05357135746307,1.10701549074687,1.1874471099305,1.24478231356937,1.34070298945647,1.40226678905551,1.46709109594735,1.58192315310593,1.60762730152084,1.70912130103464,1.70187477972263,1.71388197178672,1.78999731844213,1.8718236887863,1.8300789248723,1.65329990364908,1.80206214055006,1.922811819624
India,IND,GDP per capita (constant 2015 US$),NY.GDP.PCAP.KD,756.704109527449,778.507377528365,793.615912906381,841.278894571674,892.596614581612,947.732565646672,1008.23275343783,1069.24696813025,1086.50605251513,1155.10163274172,1235.15939133951,1281.61054354933,1333.09626557668,1399.4537980287,1484.31640682913,1583.99815907985,1694.46534973825,1788.69770318446,1883.35772705062,1936.03067741067,1806.50110583878,1965.30943437506,2098.2112447615
India,IND,Energy use (kg of oil equivalent per capita),EG.USE.PCAP.KG.OE,394.916803104241,393.38088619861,397.344252941148,399.699897139001,415.47995649887,425.369642526643,441.785886693878,461.201738250187,481.553027437162,509.446000134302,531.86706609011,546.675890208969,572.133085479526,577.254621645988,610.165371779455,622.339883988149,627.273531026365,648.014718317903,668.303370218852,666.977347524506,632.239828540427,676.814293488143,727.902200094024
India,IND,Urban population (% of total population),SP.URB.TOTL.IN.ZS,27.667,27.918,28.244,28.572,28.903,29.235,29.569,29.906,30.246,30.587,30.93,31.276,31.634,32.003,32.384,32.777,33.182,33.6,34.03,34.472,34.926,35.393,35.872
India,IND,Trade (% of GDP),NE.TRD.GNFS.ZS,26.9009229104474,25.9932547534365,29.5086629350614,30.592436132908,37.503814059447,42.0016696148691,45.7244804992652,45.686268679348,53.3682204392226,46.2728696428837,49.2552064974161,55.6238800135298,55.7937217287511,53.8441319466777,48.9221857470669,41.9229138658647,40.082485713276,40.7424969545225,43.6169693323889,39.9054035306442,37.7581053292768,45.4230887840446,50.0752701498882
India,IND,Renewable energy consumption (% of total final energy consumption),EG.FEC.RNEW.ZS,46.9,47.1,45.8,45.6,44.9,44.2,43.2,41.5,39.4,37.4,36.2,35,34.8,34.9,33.9,33.4,33,32.5,32.9,33.5,36.1,34.9,..
India,IND,"Industry (including construction), value added (% of GDP)",NV.IND.TOTL.ZS,27.3258283775917,26.4877773440307,27.6606541607882,27.4741071211988,29.219106305293,29.5337641914637,30.9272399435883,30.9032382510869,31.1367192409548,31.1213721116744,30.7250782285817,30.1616797630407,29.3985276965289,28.4048995600246,27.6564012026443,27.34739147794,26.6189999399789,26.5000166464804,26.4120919013735,24.5914753075066,25.1229058078344,26.466523606501,25.3845195629461
India,IND,Fossil fuel energy consumption (% of total),EG.USE.COMM.FO.ZS,67.251600486733,67.1290170686448,67.936664276446,68.1654620036029,69.0182873531346,69.3475084968063,70.043890715119,70.9531749565034,71.4399671029214,75.572444969932,74.8456936081965,74.91097352691,75.0747477888592,74.981867206836,75.7857287344087,45.956629150643,0,0,0,0,0,0,0
India,IND,Population density (people per sq. km of land area),EN.POP.DNST,355.82076254797,362.539418940599,369.165905979773,375.624499611528,382.078344471763,388.36277600826,394.485011048739,400.470881780175,406.274393496547,412.191872366045,418.231449722352,424.199245255096,430.068210238834,435.838110245225,441.370107863944,446.666542669658,452.020992940243,457.30592394028,462.351569862673,467.185182245332,471.755150192218,475.652042419085,479.425536881262
Indonesia,IDN,Carbon dioxide (CO2) emissions excluding LULUCF per capita (t CO2e/capita),EN.GHG.CO2.PC.CE.AR5,1.38418807411905,1.45863468834129,1.46322212683732,1.57139226933304,1.58017941991504,1.57060210727476,1.63894504151653,1.69525705806233,1.65423079997496,1.69136729151269,1.80144503739144,2.00412047888782,1.99554706542114,1.85645776868745,1.95132793342072,1.95725313176892,1.91619146584425,2.00382979913667,2.21327139952212,2.338843802504,2.16241358646151,2.23779360089659,2.35508357838392
Indonesia,IDN,GDP per capita (constant 2015 US$),NY.GDP.PCAP.KD,1828.10265968361,1868.59172307292,1926.37435868149,1991.91820506473,2065.70617470842,2155.4478015921,2244.0802226202,2355.1528565328,2464.60193418272,2546.21969707767,2670.8129098953,2799.62468790318,2930.518445323,3055.24246006469,3170.72103011429,3288.22269725538,3416.81005170972,3553.51999262321,3701.32155461912,3850.90321738979,3739.44906563161,3850.68877253903,4024.91225288391
Indonesia,IDN,Energy use (kg of oil equivalent per capita),EG.USE.PCAP.KG.OE,585.786495774263,591.12494475388,606.322305750967,597.275615070065,634.752388297531,637.329758271386,643.624656628862,628.600516176574,632.507070175417,674.894542379565,669.112078931141,664.807893671477,680.546536439194,696.192807739943,704.653772045539,698.660737586188,718.57953489745,755.351304203294,826.038659966956,844.870039441295,848.436766186593,896.813534898965,953.65392850686
Indonesia,IDN,Urban population (% of total population),SP.URB.TOTL.IN.ZS,42.002,42.783,43.568,44.356,45.149,45.942,46.738,47.535,48.335,49.134,49.914,50.595,51.276,51.955,52.635,53.313,53.989,54.659,55.325,55.985,56.641,57.29,57.934
Indonesia,IDN,Trade (% of GDP),NE.TRD.GNFS.ZS,71.4368759173731,69.7932075256238,59.0794617663723,53.6164937473016,59.761294836691,63.9879358688635,56.6571268148867,54.8292499782075,58.5613996312961,45.5121213687054,46.7012738758737,50.1800131841104,49.5828982992627,48.6373726752893,48.0801755855227,41.9376402415294,37.4213418023318,39.3554970704606,43.0743089552002,37.6277775357108,32.9721754002427,40.2047582749671,45.4646701959453
Indonesia,IDN,Renewable energy consumption (% of total final energy consumption),EG.FEC.RNEW.ZS,45.6,44.3,44.7,43,41.5,41.6,40.1,40,41.1,38.2,36,32.4,30.1,30.6,29.3,26.6,27.8,25.2,22,19.8,21.9,20.2,..
Indonesia,IDN,"Industry (including construction), value added (% of GDP)",NV.IND.TOTL.ZS,41.9690746433564,47.8935007853871,47.7453311592597,43.7495660917608,44.6276159754602,46.5410588710711,46.9435587410796,46.7991415207073,48.0607447690172,47.6521225811621,42.7758663362749,43.9134234267133,43.5937444233376,42.6356774375889,41.9283421270033,40.0478624042506,39.3084439802081,39.3791548040237,39.7297374523848,38.9517679950779,38.2383937187942,39.8448191919686,41.4292641760979
Indonesia,IDN,Fossil fuel energy consumption (% of total),EG.USE.COMM.FO.ZS,76.1856536311886,75.5969247991414,76.749784323962,76.9738488136914,78.5253356984644,79.4076809996555,79.6418004317631,79.36813335575,78.4457999612242,80.5786967611829,86.4289259899708,80.4494057173061,80.5468356422125,79.6993173511336,81.7023114546128,54.7548702495725,0,0,0,0,0,0,0
Indonesia,IDN,Population density (people per sq. km of land area),EN.POP.DNST,115.08687262286,116.695437968937,118.288280970792,119.864570212072,121.397785588322,122.966345480392,124.606809305259,126.263615441442,127.912368929422,129.543311146252,131.186593584406,132.872174396105,134.591727167608,136.271572751061,137.882705314833,139.438934572699,140.945267664402,142.393583234045,143.781152680745,145.132688936836,146.371283592869,146.235107708626,147.330175215419
"Iran, Islamic Rep.",IRN,Carbon dioxide (CO2) emissions excluding LULUCF per capita (t CO2e/capita),EN.GHG.CO2.PC.CE.AR5,5.32876311158285,5.45801418356652,5.65074339025077,5.89775618029779,6.19109034979859,6.52918540430808,6.89497424043823,7.21834833530306,7.34922531925252,7.49465211703315,7.44708511436752,7.47323566341009,7.46289872141542,7.61662863422734,7.80814640908704,7.61735124509918,7.66192732640397,7.83565723325155,7.67841235696166,8.00417701454658,8.12054880244497,8.34976909516343,8.49550522882929
"Iran, Islamic Rep.",IRN,GDP per capita (constant 2015 US$),NY.GDP.PCAP.KD,3885.30183362976,3917.29935490307,4198.95356080112,4511.4313402737,4607.45169101785,4650.3584147747,4778.79345868067,5084.71796041484,5035.94008526563,5023.89314380531,5249.06133359393,5321.75870744451,5058.64637811833,4916.97291948474,5093.20319702186,4952.73355532178,5312.61724954192,5381.18709991831,5215.34606957702,5000.98599002449,5127.95975696418,5325.54680453553,5460.69457075433
"Iran, Islamic Rep.",IRN,Energy use (kg of oil equivalent per capita),EG.USE.PCAP.KG.OE,1852.22331549631,1978.79412795832,2029.89444244191,2074.56132136016,2214.59322138687,2404.02751143882,2459.04565215879,2559.87450273493,2710.16359978519,2671.57890823769,2639.09104238657,2658.13529591614,2740.3010468402,2758.13748400425,2883.07105746991,2736.74412885975,2860.59701763688,3028.21640684666,2911.05556416118,3188.80398470773,3252.6054710927,3336.19069126419,3266.12248660454
"Iran, Islamic Rep.",IRN,Urban population (% of total population),SP.URB.TOTL.IN.ZS,64.042,64.758,65.468,66.172,66.869,67.558,68.239,68.864,69.458,70.045,70.626,71.2,71.755,72.295,72.83,73.358,73.88,74.394,74.898,75.391,75.874,76.345,76.807
"Iran, Islamic Rep.",IRN,Trade (% of GDP),NE.TRD.GNFS.ZS,41.2572474648948,40.53556648018,48.1726865518116,50.6791057749094,51.3138573270476,54.4404952626169,53.1673587139261,49.8873069219141,48.2294027737655,43.6995802244165,43.7706437373524,41.2194147918578,44.0893466807452,47.0867179194755,45.3514201413161,39.42258866118,40.3878469208426,44.7448707659087,58.5650897152156,50.7543343501077,43.8101646870977,44.3738340508665,51.597506811024
"Iran, Islamic Rep.",IRN,Renewable energy consumption (% of total final energy consumption),EG.FEC.RNEW.ZS,0.4,0.5,0.7,0.8,0.7,1.4,1.4,1.3,0.7,0.8,0.9,0.9,0.9,1,0.9,0.9,1,1,1,1,0.9,0.9,..
"Iran, Islamic Rep.",IRN,"Industry (including construction), value added (% of GDP)",NV.IND.TOTL.ZS,40.3059101611596,39.9172619780987,45.5029348794145,45.0599495540528,47.470472480013,49.6372490535759,48.2599008755093,48.2356631347908,47.6687887773276,43.096517297254,44.2093794195433,46.2322885720868,42.0941632127045,42.7788684660118,39.2282280462408,32.1747396532204,34.3675077733411,36.2293263183709,37.3527826815851,33.2971452640649,36.1405561421958,38.0137347471642,39.8556929760804
"Iran, Islamic Rep.",IRN,Fossil fuel energy consumption (% of total),EG.USE.COMM.FO.ZS,99.6653060818788,99.5848165610328,99.4061311189367,99.2273146967517,99.3303015676947,98.8845251927427,98.8036287209358,98.8784928858145,99.555338407807,99.5380425630778,99.4263846494756,99.3980416935449,98.9820727557948,98.5885569501419,99.9071314132566,59.1011251942274,0,0,0,0,0,0,0
"Iran, Islamic Rep.",IRN,Population density (people per sq. km of land area),EN.POP.DNST,40.778665365063,41.4131026056632,41.7565000368378,42.2218988678504,43.1348485964783,44.1000853409956,45.0605043100273,45.8033399641445,46.3630025295317,46.9423518504875,47.5336096171321,48.1247071391734,48.7306785530097,49.3717220462192,50.0393213241976,50.7253137356025,51.4576905130283,52.4047790446841,53.0773485362096,53.6527876733436,54.0668369799692,54.518020338983,55.1767309707242
Iraq,IRQ,Carbon dioxide (CO2) emissions excluding LULUCF per capita (t CO2e/capita),EN.GHG.CO2.PC.CE.AR5,3.63618557048837,3.99446539862147,3.6549049030285,3.09251033638118,3.27512508395316,3.07086366927434,2.96552882138164,2.76239735214706,3.12968787170745,3.22206188885657,3.59128315639764,3.60387649502087,3.95319639295885,4.09301471070693,3.78350962443043,3.67151053625834,3.95906100155325,4.21176025748352,4.43234159242137,4.70127927950192,4.04701423583406,4.05924504885642,4.32205397205041
Iraq,IRQ,GDP per capita (constant 2015 US$),NY.GDP.PCAP.KD,4172.78025105244,4116.09405320279,3660.92527507177,2250.06990123369,3354.26588756715,3310.86344473993,3471.98744698568,3565.58054079041,3781.78001712762,3768.17284328983,3881.94327045302,4030.01686860986,4387.90469058707,4504.82687537354,4446.97343234862,4440.14189252367,4932.9272911439,4736.32710809857,4749.00921836896,4898.14897652265,4213.99843766061,4182.5006404573,4412.99733146512
Iraq,IRQ,Energy use (kg of oil equivalent per capita),EG.USE.PCAP.KG.OE,1090.52205809652,1183.92315753963,1092.98165469695,939.517629598492,980.249444124443,949.253481740859,916.179043545813,909.133658720632,962.301839872785,995.7798442565,1064.17152061051,1125.37331940921,1190.03229059907,1175.83271780348,1082.71904877674,998.349545341439,1076.62803028259,1185.88106304283,1287.12364484767,1319.43951211192,1143.12626352051,1275.01138784403,1411.58869867393
Iraq,IRQ,Urban population (% of total population),SP.URB.TOTL.IN.ZS,68.496,68.55,68.604,68.658,68.712,68.766,68.819,68.873,68.927,68.98,69.103,69.268,69.432,69.595,69.758,69.921,70.094,70.278,70.473,70.678,70.893,71.119,71.354
Iraq,IRQ,Trade (% of GDP),NE.TRD.GNFS.ZS,125.336595640904,126.780255976775,119.762047746987,154.234525288266,120.233977121676,115.742540308642,89.6505198581778,74.092853105498,81.0555432665835,78.6873788189898,73.4974796202443,72.1713282233655,73.6086845912812,67.4100184095672,68.9824868569036,69.5917685983115,54.588320188677,59.7809123923157,65.8017917701083,68.9899384202806,57.742316395146,61.5032683117218,68.75879409409
Iraq,IRQ,Renewable energy consumption (% of total final energy consumption),EG.FEC.RNEW.ZS,0.4,0.3,0.3,0.3,0.4,2.4,2.6,2,1.1,1.2,1.7,1.1,1.3,1.5,1,0.8,0.9,0.5,0.5,0.9,1.1,1.1,..
Iraq,IRQ,"Industry (including construction), value added (% of GDP)",NV.IND.TOTL.ZS,84.7959791546848,77.4195775516813,74.1578564186036,70.8382337998589,61.8350607638528,63.6084344986755,61.4441919202983,60.1077106310903,62.788858419665,51.989792420915,55.7934951548678,62.5480287876873,60.576988513607,57.69152678908,55.3075963759279,45.340288824262,46.1825020614016,51.3296814634291,54.1699427538136,53.1094032824868,39.9040972152303,54.6088877710074,65.2721245594509
Iraq,IRQ,Fossil fuel energy consumption (% of total),EG.USE.COMM.FO.ZS,97.164837187003,97.0132436723526,96.8336441699527,..,95.8495420554026,95.5746023803202,92.1027764049728,95.5274173450761,96.46848007587,..,..,..,..,..,..,49.0864111182936,0,0,0,0,0,0,0
Iraq,IRQ,Population density (people per sq. km of land area),EN.POP.DNST,55.8430070649564,57.6121819054805,59.4612319089101,61.281429910602,63.0538857260443,64.9506093239134,65.4286187895832,64.9143905617669,66.2391933603128,69.2075105912691,71.4803969423467,74.0500644685946,77.4885844538589,81.2709362215752,84.1918950171378,86.5194942505436,88.6135586739395,90.6123378358457,92.7505804739616,94.8844148066247,97.0138092276507,99.2127035680556,101.514640775804
Ireland,IRL,Carbon dioxide (CO2) emissions excluding LULUCF per capita (t CO2e/capita),EN.GHG.CO2.PC.CE.AR5,11.5166087017309,11.9095980257837,11.4393200111802,11.1228240762403,11.0513770366625,11.3153541154937,11.1580635582581,10.6725208015927,10.3092207137295,9.07724278587768,8.97399320856418,8.10976392572713,8.17393852810709,7.85736283623743,7.75919222627283,8.00624080569006,8.29821686002248,7.93202201164384,7.58871642471185,7.11735419744493,6.64749639218,6.9232191617985,6.6630908779789
Ireland,IRL,GDP per capita (constant 2015 US$),NY.GDP.PCAP.KD,42643.6343973429,44196.9160883397,46022.1411657126,46643.157670155,48906.9630689605,50599.6044822938,51710.3622722266,52904.4732631139,49512.4262943009,46514.5426665922,47040.3543944159,47607.8853496781,47217.44319652,47999.1238187925,52098.1049907962,64311.8234684057,64267.5727331783,69777.9773596176,73960.9612252979,76464.5428903812,80908.7924330406,92757.2299985155,98776.1598658208
Ireland,IRL,Energy use (kg of oil equivalent per capita),EG.USE.PCAP.KG.OE,3627.38542635217,3714.01794514649,3663.16912074715,3515.79431954715,3558.69801147061,3513.15701936975,3433.690849782,3407.88558886571,3311.73521178354,3173.7335600355,3149.89842034979,2875.40675480961,2858.91735604826,2802.60964399377,2726.60528005402,2825.9812059763,2932.30415263032,2854.85820468032,2820.44138030583,2747.90158131447,2633.97691248454,2689.36333693732,2600.15740643769
Ireland,IRL,Urban population (% of total population),SP.URB.TOTL.IN.ZS,59.155,59.399,59.649,59.925,60.202,60.477,60.738,60.94,61.141,61.342,61.542,61.742,61.942,62.141,62.34,62.538,62.737,62.947,63.17,63.405,63.653,63.912,64.183
Ireland,IRL,Trade (% of GDP),NE.TRD.GNFS.ZS,174.954555860946,174.84073239778,163.719354360002,146.531500811248,146.587525808196,148.17558480428,150.021804736753,153.396863813395,160.039444160284,173.591493317409,189.863837690715,186.025845166548,190.063317884557,189.817861757825,201.6549599218,216.205677349797,229.764433064961,225.953602553095,216.423647734722,249.745765682248,250.10845231469,224.418835854724,232.129490581307
Ireland,IRL,Renewable energy consumption (% of total final energy consumption),EG.FEC.RNEW.ZS,2,2,2.2,2,2.3,2.9,3.2,3.5,4.2,5.3,5.3,7,6.9,7.7,8.8,9.5,8.6,10.1,10.8,12.3,13.7,12.7,..
Ireland,IRL,"Industry (including construction), value added (% of GDP)",NV.IND.TOTL.ZS,31.5013226058138,34.0831218990801,35.105250232772,32.2589942766588,30.7660924583293,30.0341921238419,30.0803731990164,28.5265724364426,25.9255497868699,25.6117521529089,23.3319042137528,24.2655344384155,24.0269938956477,23.8027029676725,24.4016673840897,38.4033028786772,36.4831744397148,36.2358904469279,36.8782374335931,35.9150001809721,37.3727562066088,38.1839140893978,40.6817053341015
Ireland,IRL,Fossil fuel energy consumption (% of total),EG.USE.COMM.FO.ZS,92.499440267728,92.5090346273655,91.4130277205018,91.9839500956153,93.2608869821289,90.6693112949155,90.7205012104889,91.1491228770293,89.4396432558328,88.2082508470058,90.0632515749254,88.0143137582618,86.6778423949809,86.6588047582079,84.9011662601824,85.1584419832208,0,0,0,0,0,0,0
Ireland,IRL,Population density (people per sq. km of land area),EN.POP.DNST,55.2355058789374,56.1219770648861,57.075729423719,58.0130788213093,59.0834954274931,60.3848744375091,62.0349978226158,63.8545797648425,65.1697488750181,65.8350268544056,66.1947307301495,66.4840179997097,66.7663376397155,67.1188271156917,67.6112643344462,68.2531136594571,69.1351720133546,70.0746842792858,71.0991725939904,72.237712294963,73.1564377993903,74.1847147626651,75.6689795325882
Isle of Man,IMN,Carbon dioxide (CO2) emissions excluding LULUCF per capita (t CO2e/capita),EN.GHG.CO2.PC.CE.AR5,..,..,..,..,..,..,..,..,..,..,..,..,..,..,..,..,..,..,..,..,..,..,..
Isle of Man,IMN,GDP per capita (constant 2015 US$),NY.GDP.PCAP.KD,46274.9709691403,48252.7638498277,50714.5824703383,53224.3527757804,55464.0220993356,58201.5990838178,62075.7601604994,66029.9755907183,68520.6825624937,69192.0258221691,70747.8417587183,71727.5055082703,77009.2978612012,80383.8273088527,84778.5806639347,84753.5187422732,90783.7647245394,93200.3108083857,95040.4061748938,95110.1385990737,86595.0676099275,89873.5420093569,86103.3379308107
Isle of Man,IMN,Energy use (kg of oil equivalent per capita),EG.USE.PCAP.KG.OE,..,..,..,..,..,..,..,..,..,..,..,..,..,..,..,..,..,..,..,..,..,..,..
Isle of Man,IMN,Urban population (% of total population),SP.URB.TOTL.IN.ZS,51.823,51.833,51.851,51.869,51.887,51.905,51.922,51.94,51.958,51.976,51.994,52.012,52.046,52.096,52.162,52.245,52.343,52.458,52.588,52.735,52.898,53.076,53.271
Isle of Man,IMN,Trade (% of GDP),NE.TRD.GNFS.ZS,..,..,..,..,..,..,..,..,..,..,..,..,..,..,..,..,..,..,..,..,..,..,..
Isle of Man,IMN,Renewable energy consumption (% of total final energy consumption),EG.FEC.RNEW.ZS,..,..,1.5,1.1,6.3,2.7,3.3,1.9,1.3,1.9,1.9,2.9,3.5,2.1,1.9,2.2,1.9,1.9,2,1.9,2,3.2,2.7
Isle of Man,IMN,"Industry (including construction), value added (% of GDP)",NV.IND.TOTL.ZS,..,..,..,..,..,..,..,..,..,..,..,..,9.23480170729847,9.01203314860131,8.25754873513739,8.70677272502809,7.90699830002406,7.43195587054351,8.02155779521804,7.59325582917094,8.88444589020917,9.42416820760903,6.93646402700019
Isle of Man,IMN,Fossil fuel energy consumption (% of total),EG.USE.COMM.FO.ZS,..,..,..,..,..,..,..,..,..,..,..,..,..,..,..,..,..,..,..,..,..,..,..
Isle of Man,IMN,Population density (people per sq. km of land area),EN.POP.DNST,132.735087719298,134.168421052632,135.570175438596,136.928070175439,138.231578947368,139.501754385965,140.866666666667,142.363157894737,143.910526315789,145.50701754386,147.145614035088,148.038596491228,147.956140350877,147.615789473684,147.178947368421,146.654385964912,146.431578947368,146.682456140351,147.026315789474,147.29298245614,147.480701754386,147.554385964912,147.6
Israel,ISR,Carbon dioxide (CO2) emissions excluding LULUCF per capita (t CO2e/capita),EN.GHG.CO2.PC.CE.AR5,9.42933693750994,9.20423978878708,9.51703196347032,9.60951911146987,9.41481862241151,8.94281467799888,9.23553595985086,9.40521719753207,9.28874781085814,8.9664555947419,9.44877748045543,9.17076154420665,9.81757158207446,8.48146907376388,8.03544433219324,8.12323241966086,7.91736484905219,7.79586379442921,7.15739406493448,7.22967749061188,6.67683476033901,6.51884456964808,6.57641642688988
Israel,ISR,GDP per capita (constant 2015 US$),NY.GDP.PCAP.KD,29413.4894578106,28808.1300136037,28195.8676389139,28092.6176251486,28883.247588548,29623.7172812577,30734.9619835354,32103.1628576567,32554.0413211945,32178.5727387015,33344.7213294093,34540.6749784398,34738.6587001,35489.5086561247,36129.3146105805,36213.1041481958,37093.7879065422,37963.0491190696,38729.6426036983,39407.2016076709,37935.5432717179,40804.9689802536,42516.3888090274
Israel,ISR,Energy use (kg of oil equivalent per capita),EG.USE.PCAP.KG.OE,2899.21092060716,2973.01751340231,2862.54444096904,2949.36140375621,2822.35591418715,2661.980099421,2883.01357713219,2899.35253797653,3130.72173959461,2874.86147474045,3043.56517574048,2981.37242150116,2968.58833913788,2662.60942480489,2528.01855666417,2607.84399987972,2569.21718310487,2481.51602271413,2490.06554012289,2407.97500275888,2453.62703150387,2432.5509270456,2501.42064264807
Israel,ISR,Urban population (% of total population),SP.URB.TOTL.IN.ZS,91.203,91.267,91.33,91.393,91.456,91.518,91.58,91.641,91.702,91.763,91.826,91.892,91.96,92.031,92.104,92.179,92.256,92.336,92.418,92.501,92.587,92.674,92.763
Israel,ISR,Trade (% of GDP),NE.TRD.GNFS.ZS,68.3468590369834,62.139584755155,65.4711054145982,66.8817503698504,74.9731995265147,78.3242613769325,78.4352889718463,78.8371062996628,75.380922305658,61.67564796397,65.6330798689153,68.9094378497374,69.9650250827043,64.1340511293501,61.7133541160002,58.897971915566,57.7990316850783,56.2801142540924,58.7437542387448,56.325348642584,51.2366737920366,54.9016842006986,60.6448526742952
Israel,ISR,Renewable energy consumption (% of total final energy consumption),EG.FEC.RNEW.ZS,6,6.3,6.5,6.5,6.7,7,6.9,6.7,8.9,8.5,8.6,9.1,2.9,3.3,3.7,3.7,4,3.9,3.8,4.5,5.6,6.2,..
Israel,ISR,"Industry (including construction), value added (% of GDP)",NV.IND.TOTL.ZS,23.0248113388922,21.6994586043176,21.4703406244911,21.282371238445,20.5600049745173,21.2815520903908,21.583247837902,21.8363414090712,21.3620647541489,20.6116501009124,20.8142494931167,20.1347126935193,20.4568472081077,20.5672452681451,19.9174851566845,19.9747306038652,19.1238077128283,18.564684688678,18.8202979612975,18.9233446958735,19.4382959029959,18.8400586353819,19.4269429799466
Israel,ISR,Fossil fuel energy consumption (% of total),EG.USE.COMM.FO.ZS,97.2145469738059,97.1549267189842,96.9186497825764,96.9247063609605,96.6492413022686,96.6035208272683,96.9321275467904,97.0328955464287,96.4893610574338,96.3627938575036,96.3156389549734,96.4452722159678,99.8871139276641,..,..,..,0,0,0,0,0,0,0
Israel,ISR,Population density (people per sq. km of land area),EN.POP.DNST,290.619223659889,297.550831792976,303.604436229205,309.135859519408,314.648798521257,320.244916820702,325.956561922366,331.797597042514,337.744916820702,345.914972273567,352.292051756007,358.863216266174,365.549907578558,372.435304990758,379.653419593346,387.250462107209,394.916820702403,402.647874306839,410.480591497227,418.391866913124,425.836414048059,433.059149722736,441.658964879852
Italy,ITA,Carbon dioxide (CO2) emissions excluding LULUCF per capita (t CO2e/capita),EN.GHG.CO2.PC.CE.AR5,7.98561409071824,7.96943242745698,8.08143146491396,8.38261568317766,8.51922036140892,8.48411810733849,8.3550096120948,8.18159982205807,7.85994962674364,6.95507585249875,7.08867441631442,6.91202457247417,6.56004518397833,6.00380891819292,5.69211332353913,5.87784860950026,5.81295523099033,5.76535027385305,5.662784695878,5.56659661313055,4.97779978956861,5.65294542878665,5.63879211234238
Italy,ITA,GDP per capita (constant 2015 US$),NY.GDP.PCAP.KD,32609.66746283,33243.599343976,33267.4474482048,33110.1698494812,33348.9744820456,33407.6754716472,33873.0493680093,34159.9109244074,33550.6340800063,31587.0638416305,31928.5543621096,32039.5032494316,30953.4147447427,30330.0221599668,30325.0287793923,30639.8829751432,31077.6792675211,31635.52277108,31819.3971830067,32180.4341017428,29469.7989238626,32267.7091050201,33891.8866526216
Italy,ITA,Energy use (kg of oil equivalent per capita),EG.USE.PCAP.KG.OE,3012.48356350836,3020.75373063924,3035.91851152815,3164.10814422149,3162.43494730256,3204.1351997897,3162.24131154867,3132.89653716264,3067.89962633863,2848.10100531328,2904.35856014464,2798.23628262725,2680.46208450702,2576.45615324387,2433.16257781775,2533.02354460955,2511.46353090755,2557.32535513975,2503.3498604998,2494.02659804115,2313.10006204514,2531.08698798735,2411.65172417311
Italy,ITA,Urban population (% of total population),SP.URB.TOTL.IN.ZS,67.222,67.282,67.382,67.501,67.62,67.738,67.856,67.974,68.092,68.209,68.327,68.444,68.684,68.979,69.272,69.565,69.855,70.144,70.438,70.736,71.039,71.346,71.657
Italy,ITA,Trade (% of GDP),NE.TRD.GNFS.ZS,50.2747311455639,49.8632723203495,47.8713186791542,45.9940859777074,47.2663923891771,49.1221742288618,52.9235429597012,54.8280415572531,54.2142548956671,45.1414765721604,51.6621118138339,54.4722149449288,54.8844952702204,54.0341846317499,54.4545299332032,55.4356858148221,54.4321467018313,57.5829940274911,59.2749835128154,58.6941902594738,53.9394839042764,60.3019776202798,72.0165023032697
Italy,ITA,Renewable energy consumption (% of total final energy consumption),EG.FEC.RNEW.ZS,5.1,5.4,5.6,6.2,5.9,6.7,7.5,8.7,10.8,12.5,12.8,11.9,14.4,16.3,17.1,16.6,16.1,16.4,17.1,17.3,18.7,17.5,..
Italy,ITA,"Industry (including construction), value added (% of GDP)",NV.IND.TOTL.ZS,24.1021086902835,23.8448641171014,23.7128374796933,23.1424281792157,23.0557086867301,22.8922792357491,23.0039063656952,23.4052972949308,23.2117440039014,21.3840948097691,21.369080166955,21.2407342221272,20.7948320119101,20.6001539419293,20.1870844682284,20.2895283210976,20.6626457226581,20.7926142437946,20.9865490224579,21.0122984359559,20.9642039077686,22.5572771105288,23.2791441111799
Italy,ITA,Fossil fuel energy consumption (% of total),EG.USE.COMM.FO.ZS,91.7213086333747,91.394792901625,91.0271395679261,90.2068333492971,90.3967244779413,89.7913694468965,89.1808272808267,88.1728336234335,86.8313842118204,84.8408523582119,84.6193782902182,84.4546593692901,82.1863077399564,79.9548600048126,78.5887352149793,78.9818167175667,0,0,0,0,0,0,0
Italy,ITA,Population density (people per sq. km of land area),EN.POP.DNST,192.555434569421,192.673361107542,193.054951000615,194.101082788332,195.55177229658,196.6964540542,197.484972169432,198.690127080529,200.22853191216,201.392725501999,202.285308976795,202.986767799052,203.542723134878,203.949752805037,203.980505075782,203.672434549131,203.285640373599,202.903617635721,203.398704170865,201.980545589195,200.999100491348,199.965416259464,199.559268903016
Jamaica,JAM,Carbon dioxide (CO2) emissions excluding LULUCF per capita (t CO2e/capita),EN.GHG.CO2.PC.CE.AR5,3.91605881680756,3.91578579966568,3.8722291988251,3.96386690923025,3.95816220565259,3.94984715671294,4.54722158870449,4.49701525536149,3.60965426405223,2.92828448718394,2.78712405878261,2.74182809308769,2.51743055730893,2.67598332714849,2.57206356047018,2.52353762701898,2.70136285261298,2.58462712073881,3.07110003662995,2.98848392520591,2.08079939549354,2.26914079872234,2.24328177788798
Jamaica,JAM,GDP per capita (constant 2015 US$),NY.GDP.PCAP.KD,4928.33186965499,4963.06605880593,5031.19562964287,5184.14287189691,5222.09797276321,5239.67288765766,5363.82688785661,5414.9087912012,5347.63272984199,5094.03085966818,4998.66716716921,5063.19378701103,5010.45966015885,5016.03133158485,5032.44261647028,5062.8955502426,5119.03970443981,5159.34335938187,5248.77400708373,5289.65490884076,4752.33340904481,4958.84580039288,5215.08605772144
Jamaica,JAM,Energy use (kg of oil equivalent per capita),EG.USE.PCAP.KG.OE,1339.1099922275,1357.36284604569,1290.94473517758,1339.31816349938,1338.63104342676,1303.21146887141,1470.67499756086,1479.15825671767,1177.37176764598,943.351386149021,875.100676933436,923.899986298869,888.692854734165,930.085040039502,902.848499036495,903.435894725802,998.797053907958,919.667703413837,1031.75337490372,1075.71855431766,795.43607562422,880.70616769668,968.879419803617
Jamaica,JAM,Urban population (% of total population),SP.URB.TOTL.IN.ZS,51.814,52.053,52.251,52.437,52.625,52.811,52.998,53.184,53.371,53.557,53.743,53.93,54.132,54.35,54.584,54.833,55.098,55.378,55.674,55.985,56.311,56.652,57.008
Jamaica,JAM,Trade (% of GDP),NE.TRD.GNFS.ZS,89.5130060528716,84.8277345994425,81.846755427102,88.1506308424088,89.3181040726816,90.4878933449097,100.745598824993,101.244422062437,113.577403844226,86.8851243338837,80.920400318881,83.8218202275808,82.0400783486515,83.2595719840011,84.74099862313,76.1175216623476,76.455202373685,83.523172517513,89.9779060412351,90.1106076335994,..,..,..
Jamaica,JAM,Renewable energy consumption (% of total final energy consumption),EG.FEC.RNEW.ZS,9.3,7.9,8,8.1,6.4,5.4,4.8,5.3,5.9,7.4,8.9,9.8,12.2,11.4,11.9,12.1,11.1,11,8.9,9.2,11.7,10.5,..
Jamaica,JAM,"Industry (including construction), value added (% of GDP)",NV.IND.TOTL.ZS,22.5635448178584,22.3173012581486,21.3229059302313,21.4925345723678,22.2583396101571,21.9006506006203,21.2201148487383,21.3153996242232,19.6881228419841,18.0908593404592,17.9863304478474,18.2490235366752,17.9938605582722,18.0990659844033,18.3652279034414,19.2659776570983,19.111969221596,19.4369995118798,20.3485409552147,19.2535844539959,20.3912395369836,20.9347128044777,19.9220815361069
Jamaica,JAM,Fossil fuel energy consumption (% of total),EG.USE.COMM.FO.ZS,92.3326134628258,93.3352239766654,93.1048087639505,93.3124734380964,93.55811029933,94.2895836659511,94.3937736780695,94.1581585110417,94.3283004867578,96.2806367082619,91.8835134652033,92.258947928937,90.8501425685354,90.4883587523854,90.1610857591956,44.6101197894451,0,0,0,0,0,0,0
Jamaica,JAM,Population density (people per sq. km of land area),EN.POP.DNST,240.79649122807,242.327146814404,243.820129270545,245.302216066482,246.742843951985,248.113204062789,249.396860572484,250.581717451524,251.674515235457,252.723453370268,253.792059095106,254.893259464451,255.995383194829,257.034810710988,257.963896583564,258.775069252078,259.456602031394,259.996675900277,260.39676823638,260.689843028624,261.379409048938,262.020498614958,262.155493998153
Japan,JPN,Carbon dioxide (CO2) emissions excluding LULUCF per capita (t CO2e/capita),EN.GHG.CO2.PC.CE.AR5,9.84529536513643,9.71476063516032,9.96060653615285,9.99633019621353,9.9512691666471,10.0413827647469,9.85733101819263,10.1268794775041,9.56528661674332,9.07020156661226,9.52958147887874,9.961007721011,10.2743091303701,10.4100600258935,10.0274639366416,9.71691822464823,9.70188627278164,9.59147213558895,9.29901664682086,8.99842379158671,8.49169181299055,8.63230306127644,8.07175855176299
Japan,JPN,GDP per capita (constant 2015 US$),NY.GDP.PCAP.KD,31430.631130325,31476.0520665746,31416.1241772309,31830.217584972,32515.1158024695,33098.5474664881,33531.518563066,33990.0360341367,33557.6454041595,31651.0837739562,32942.2020783835,33011.1342301291,33518.4449368599,34239.8862473488,34386.9058552671,34960.6393843385,35242.199377148,35861.9728545672,36138.5290824814,36043.7844013518,34642.9718743239,35741.1601062924,36238.3294895302
Japan,JPN,Energy use (kg of oil equivalent per capita),EG.USE.PCAP.KG.OE,4067.03534426909,3990.10602386433,3992.91998129661,3956.90048891144,4085.4919552124,4066.44200433533,4064.36044717698,4020.80546615948,3867.13557310575,3709.02326188514,3900.21212768124,3620.18019068219,3536.70253450885,3567.33780517627,3445.81632921551,3400.59271053608,3370.8877963853,3391.05041453219,3343.05412833973,3261.62024942915,3046.85480668859,3196.03970960845,3129.65861717499
Japan,JPN,Urban population (% of total population),SP.URB.TOTL.IN.ZS,78.649,79.99,81.647,83.196,84.64,85.978,87.118,88.146,89.103,89.989,90.812,91.069,91.148,91.226,91.304,91.381,91.457,91.535,91.616,91.698,91.782,91.867,91.955
Japan,JPN,Trade (% of GDP),NE.TRD.GNFS.ZS,19.5623715839054,19.5596044720071,20.4471220661583,21.3261252678119,23.6643534228975,26.2299545778565,30.0163760986692,32.816578051879,34.1294765412245,24.3901665338555,28.4984726938389,30.1949607286296,30.4709109171752,33.9787686509511,37.4314345686579,35.4274083544798,31.3102468455884,34.4232135721686,36.609931802107,35.2164181084145,31.335208636773,36.7384462280698,46.8129868368938
Japan,JPN,Renewable energy consumption (% of total final energy consumption),EG.FEC.RNEW.ZS,3.7,3.5,3.7,4.2,4.3,4,4.4,4.3,4.4,4.5,4.7,4.8,4.7,5,5.6,6.2,6.4,6.9,7.3,7.8,8.5,8.8,..
Japan,JPN,"Industry (including construction), value added (% of GDP)",NV.IND.TOTL.ZS,32.5135870554896,30.9812266965407,30.2226000788974,30.0789207597555,29.9669305435635,29.8717070448265,29.6655718124813,29.5972958103344,28.7829764402439,27.1112122235818,28.3359701667911,26.7014360671016,26.562641428228,26.6507450551464,27.3136267349767,28.5837114240167,28.6299476490573,28.8824260088632,29.0140076866127,28.8040848106902,29.0568076109153,29.2191940850705,27.7174374582966
Japan,JPN,Fossil fuel energy consumption (% of total),EG.USE.COMM.FO.ZS,81.0069383130129,80.9685177191869,81.8108760949912,84.2322037356209,82.5590688068251,81.5423616339687,81.2431488292719,83.3134736886232,83.0282198621979,80.5598367376525,80.7668676604902,89.5336527279383,94.6392276053142,94.6410356489959,95.0909540310789,93.791450810853,0,0,0,0,0,0,0
Japan,JPN,Population density (people per sq. km of land area),EN.POP.DNST,347.991769547325,348.831275720165,349.643347050754,350.39231824417,350.510288065844,350.543209876543,350.765432098765,351.168724279835,351.338820301783,351.294924554184,351.358024691358,350.707818930041,350.148148148148,349.643347050754,349.179698216735,348.809327846365,348.631001371742,348.345679012346,347.903978052126,347.415637860082,346.395061728395,344.80546776406,343.278433470508
Jordan,JOR,Carbon dioxide (CO2) emissions excluding LULUCF per capita (t CO2e/capita),EN.GHG.CO2.PC.CE.AR5,3.05651904743783,3.00198549017311,3.06379946389519,3.07370753704221,3.23362848498171,3.36946792541512,3.19648577933342,3.12623265639183,2.93184447312724,2.94926189690402,2.82132091040165,2.80914557784425,3.23355599556986,3.01572522566543,2.93929167363346,2.68553460239678,2.52183434807058,2.59421669992435,2.41408538423556,2.2181823258877,1.98041863456524,2.01593008574819,1.98429976271876
Jordan,JOR,GDP per capita (constant 2015 US$),NY.GDP.PCAP.KD,3412.07673213708,3518.76635312228,3644.62434644332,3713.15193593268,3935.15704743447,4151.61313015439,4209.86864014361,4287.35229821209,4489.95545537311,4615.23067817324,4621.5742854131,4631.67703841605,4677.47613977192,4556.52023716712,4282.11872849239,4042.75678097555,3933.14704611068,3940.70199181145,3928.77026821205,3919.06426916073,3806.87949354914,3874.32714084633,3909.80228869045
Jordan,JOR,Energy use (kg of oil equivalent per capita),EG.USE.PCAP.KG.OE,903.243088042685,876.037093986667,900.964957727455,900.985989582586,1057.17652422962,1107.30679497061,1066.3573147471,1055.84777945071,1011.34553533121,1044.29967184826,973.413219547318,944.486189633114,1034.50305837685,966.849898090231,930.16049745624,903.433667037898,887.616759444148,917.041568368822,869.212005052558,811.583012032737,754.943831707803,725.458661893959,754.305503117865
Jordan,JOR,Urban population (% of total population),SP.URB.TOTL.IN.ZS,78.27,78.283,78.296,78.308,78.321,79.485,80.97,82.371,83.692,84.928,86.088,87.172,88.185,89.125,90,90.256,90.506,90.747,90.979,91.203,91.418,91.626,91.827
Jordan,JOR,Trade (% of GDP),NE.TRD.GNFS.ZS,110.328904595996,109.285478573786,114.03885781572,115.706835253918,134.621611934395,146.908891279018,141.747381831126,145.994246288526,140.91292596092,112.151998187109,114.222677694125,118.699679501801,117.855587685189,111.451527997628,109.938805535022,95.3579122266791,88.7207178954687,89.7316005071358,87.6359151906857,85.6878334964204,66.0599488089059,80.3328699444404,104.095459439189
Jordan,JOR,Renewable energy consumption (% of total final energy consumption),EG.FEC.RNEW.ZS,2.1,2.1,2.1,2,1.8,1.7,2.3,2.3,2.7,2.8,3,3,2.9,3.1,3.1,3.2,4.7,5.3,7.2,8.5,10.7,11.5,..
Jordan,JOR,"Industry (including construction), value added (% of GDP)",NV.IND.TOTL.ZS,21.4363112007602,21.4607853921461,22.7818663526641,23.0359539059582,24.7957581974811,24.9215738997938,24.8496543455046,27.5444511305466,29.6449857442188,27.7593449666661,26.2668286391472,26.7946694331519,25.8078043078824,25.6406605947577,25.5087965588519,25.2328062594007,24.6693119626594,24.5139698529782,24.077832929113,24.1116880393062,23.5538100159112,23.4204240200794,24.4882015845826
Jordan,JOR,Fossil fuel energy consumption (% of total),EG.USE.COMM.FO.ZS,98.4551346154963,98.0000120919424,97.9814996955333,96.9638261315982,97.6699738875579,97.8948027431156,97.8915124680251,98.4163241963363,98.0026258213599,97.9606777045814,97.35049824271,96.0033704250095,97.3326463139556,97.6248793313307,97.6313594875912,58.1782306041887,0,0,0,0,0,0,0
Jordan,JOR,Population density (people per sq. km of land area),EN.POP.DNST,61.0487873980054,62.3174750679964,63.6453535811423,65.0705802357208,66.6598028105168,68.3316749773345,72.839653218495,77.3711128739801,79.2142565729828,80.4432642487047,82.1924194638432,84.2579860328903,85.4598670871818,90.0181234512278,99.0280468574003,107.509900878576,112.70969813021,115.276255913494,117.84530299617,120.187073450909,122.364439038674,124.629547041467,126.768283893056
Kazakhstan,KAZ,Carbon dioxide (CO2) emissions excluding LULUCF per capita (t CO2e/capita),EN.GHG.CO2.PC.CE.AR5,8.52965108353902,8.37668011723502,9.29497363968101,10.296868431447,11.0125456785639,11.7478472884436,13.0520496014709,13.5077141753808,15.8044747747926,13.9210014340686,14.8419920400598,15.722979523851,15.4442368491213,16.3016300171868,13.0384701412219,11.3572429012359,11.7477400945348,12.2069827515446,12.0898061858706,11.2930986688656,11.5352145765268,12.40220946501,11.9902714347957
Kazakhstan,KAZ,GDP per capita (constant 2015 US$),NY.GDP.PCAP.KD,4269.33016782791,4822.52862802669,5267.6990320263,5724.43199248054,6233.29439373307,6787.4115548789,7450.39687062615,8036.87599811505,8216.52181589585,8218.39912556048,8704.70655484556,9223.3021336315,9531.91477617058,9959.72586930534,10226.7100539683,10196.1226255982,10151.423313302,10404.2718646317,10670.2120148279,10989.6840718388,10565.0359816235,10873.3915275276,11058.3482413407
Kazakhstan,KAZ,Energy use (kg of oil equivalent per capita),EG.USE.PCAP.KG.OE,2301.832950293,2217.57862083109,2538.1420196136,2737.29872977182,3204.58811216281,3186.46182049893,3763.63490829315,4065.37338873297,4253.35380920843,3819.51468551316,4105.7018942109,4532.00308919896,4270.24340373999,4645.78037421422,3698.18319229425,3050.9438545054,3389.09731833891,3404.26707460291,3814.13873379292,3753.15793323889,3388.38789091494,3540.40029844449,3506.54555005386
Kazakhstan,KAZ,Urban population (% of total population),SP.URB.TOTL.IN.ZS,56.098,56.171,56.244,56.317,56.39,56.463,56.536,56.609,56.682,56.755,56.827,56.9,56.973,57.046,57.118,57.191,57.264,57.336,57.428,57.54,57.671,57.821,57.99
Kazakhstan,KAZ,Trade (% of GDP),NE.TRD.GNFS.ZS,105.699692634521,92.8490685069707,94.03168564978,91.4633324250457,96.4091997009336,97.7625030243024,91.4535267973373,92.1616330969975,94.2948046483658,75.7660674636533,74.1382658957842,73.1178570509129,73.7237324891671,65.4076093299538,64.9720346513507,53.0497288072652,60.3115965864153,56.825387935971,63.5279565118188,64.8586165517565,57.0264423660931,58.6686085779207,68.3343147415612
Kazakhstan,KAZ,Renewable energy consumption (% of total final energy consumption),EG.FEC.RNEW.ZS,2.5,2.4,2.8,2.3,1.9,2.1,2.1,1.8,1.1,1.3,1.4,1.4,1.3,1.2,1.3,1.7,2.1,2,1.9,1.9,1.8,2,..
Kazakhstan,KAZ,"Industry (including construction), value added (% of GDP)",NV.IND.TOTL.ZS,37.7758296698614,36.1418298622593,35.8109321050125,35.0752659061292,35.3518419501918,37.6280181516768,39.3564557485124,37.7308974758662,40.2502455752721,38.4314808509372,40.6024221199984,37.2660880953566,36.3028533254093,33.6988156382046,33.2094258316125,30.8547873936113,31.9797903606788,32.3252253010728,33.4962004017876,33.028795913527,33.0977971542858,35.2669295966944,34.9793974237581
Kazakhstan,KAZ,Fossil fuel energy consumption (% of total),EG.USE.COMM.FO.ZS,97.2469800807272,97.4814924167463,97.9288948433888,98.5065583093762,98.9554413142773,98.6645672316665,..,98.8799171686119,98.9378663133704,99.0458470498182,98.7761559804642,98.9243048305772,98.8312057212115,99.1666233534308,..,..,0,0,0,0,0,0,0
Kazakhstan,KAZ,Population density (people per sq. km of land area),EN.POP.DNST,5.74178723561877,5.76936326258473,5.79941363855243,5.83301107530466,5.87108160165944,5.91477460458569,5.9650020372634,6.02185946586658,6.08457421194948,6.15618253880061,6.23654850538949,6.32144386413305,6.4103811534615,6.50313071822795,6.5993573360003,6.69858465755454,6.80208912101345,6.90889024706449,7.01290032225803,7.11544060451161,7.21640071119013,7.31325813979331,7.42105011667963
Kenya,KEN,Carbon dioxide (CO2) emissions excluding LULUCF per capita (t CO2e/capita),EN.GHG.CO2.PC.CE.AR5,0.290609012400593,0.260942965928581,0.24541057673401,0.214823846852554,0.23190719563927,0.252086210478102,0.272395887189272,0.26427878238261,0.27066788235406,0.309607605910293,0.32574439403165,0.327065092450357,0.29593989997745,0.318713553051606,0.356082241945094,0.37672871731003,0.399468737717385,0.40527856488443,0.380695107567142,0.379148987222912,0.367856773384869,0.403760554985022,0.394260455760707
Kenya,KEN,GDP per capita (constant 2015 US$),NY.GDP.PCAP.KD,1195.41296851656,1202.29348759987,1171.4262517349,1169.14433674051,1191.25443604556,1223.44738472019,1263.54164666211,1309.91092948216,1273.77226103073,1276.73503486074,1340.16467408856,1370.58000874482,1396.30178709756,1413.94142522583,1450.59338202277,1489.11959777284,1517.97796057742,1542.33773973372,1596.69045914945,1645.70961777862,1609.33414078281,1698.89578271444,1747.53198804428
Kenya,KEN,Energy use (kg of oil equivalent per capita),EG.USE.PCAP.KG.OE,460.259557885245,452.428455522956,445.351766080328,435.103052843273,449.67502007767,453.624918249435,459.858505198544,456.223752941816,456.15344235827,470.588388726011,469.595821222952,472.715162690229,462.749845582612,471.435474475568,497.485664126512,530.458901047223,533.407778503543,538.606903918261,546.495296692888,543.883187157453,534.753957479746,539.778643234306,541.12804988998
Kenya,KEN,Urban population (% of total population),SP.URB.TOTL.IN.ZS,19.892,20.239,20.591,20.948,21.31,21.675,22.045,22.42,22.8,23.183,23.571,23.969,24.376,24.794,25.221,25.658,26.105,26.562,27.03,27.507,27.995,28.493,29.002
Kenya,KEN,Trade (% of GDP),NE.TRD.GNFS.ZS,53.3090443862273,55.9468360286644,55.1726722640053,54.132265895729,59.4770033484289,64.4788661639796,55.2364851257303,53.8947888046059,57.5785986473131,45.9451918127805,50.3942873502834,58.4022059745625,51.6236920232481,47.4646425127304,46.170489362216,40.3273846919019,34.8650195731824,35.9950578754074,34.4147531767425,31.759461841481,27.2378155252369,30.8243031771262,33.6911387270322
Kenya,KEN,Renewable energy consumption (% of total final energy consumption),EG.FEC.RNEW.ZS,76.8,78.3,78.8,81.6,80.3,79.2,77.6,78.2,78.2,75.6,74,74.7,76.2,74.3,71.8,69.2,68.3,68.1,68.7,68.1,69,67.7,..
Kenya,KEN,"Industry (including construction), value added (% of GDP)",NV.IND.TOTL.ZS,15.0158560285564,15.3096240912508,15.4535611803669,15.6231500412624,16.2050773387406,17.0126260396617,19.3841059353688,19.3021680815154,18.5827717274425,18.386624667775,18.5746727706851,19.6629008334867,19.26155255789,19.0802591143975,19.0360328023672,18.8940456983605,18.1621592865164,17.5035092078691,17.313146131064,16.9305452274709,17.4002876322786,17.1524357767952,17.5274480968435
Kenya,KEN,Fossil fuel energy consumption (% of total),EG.USE.COMM.FO.ZS,18.1049800915504,16.2892684223266,15.5119524134018,13.0449110219739,13.9530146908421,15.2145833889328,16.7777999391997,16.3514894016699,16.7419663042953,18.5316383922827,19.3968795382154,18.7930602826551,16.9963764189528,18.3728365465698,17.9258722426036,16.0446966269871,0,0,0,0,0,0,0
Kenya,KEN,Population density (people per sq. km of land area),EN.POP.DNST,53.8406894612925,55.55604947816,57.3317777699687,59.1281986857364,60.992822504129,62.8957444565485,64.8417050286397,66.8312699862951,68.8870067118811,70.9999139051903,73.0902185753945,75.1281951716625,77.1133692940226,79.043453280388,80.9140808939804,82.4529008736797,84.0057771361452,85.5601194522199,87.019449386981,88.4453894988127,89.8940686683206,91.6187594501618,93.3976149483117
Kiribati,KIR,Carbon dioxide (CO2) emissions excluding LULUCF per capita (t CO2e/capita),EN.GHG.CO2.PC.CE.AR5,0.371277352081523,0.326562240549067,0.473640856672158,0.474648261215822,0.482905760524536,0.628347018921814,0.661887479128548,0.603519222479132,0.658210358657481,0.54476974085867,0.562076832499264,0.515151789022748,0.496954151971786,0.527943217554771,0.526334044361202,0.533321919274066,0.57225814075187,0.65599667428809,0.660201172962878,0.67623728020271,0.674866573089398,0.695607468627558,0.722010592554553
Kiribati,KIR,GDP per capita (constant 2015 US$),NY.GDP.PCAP.KD,1555.58204812097,1477.95177621217,1467.99273241655,1415.54577869304,1378.9583696722,1368.99728765793,1419.38723031361,1433.35747805619,1361.83599775608,1340.27605600221,1328.78776438805,1348.0602369873,1405.5029344967,1493.49148676402,1492.8508200481,1639.85274740652,1731.43702001694,1769.51178893032,1803.94853904977,1835.2200203881,1777.04492498977,1893.52679117878,1948.24330263386
Kiribati,KIR,Energy use (kg of oil equivalent per capita),EG.USE.PCAP.KG.OE,..,..,..,..,83.2596138835406,81.6035089508849,99.9830028895088,107.771289728416,..,..,..,..,..,..,..,..,..,..,..,..,..,..,..
Kiribati,KIR,Urban population (% of total population),SP.URB.TOTL.IN.ZS,42.958,43.473,43.492,43.512,43.532,43.551,44.03,44.866,45.706,46.547,47.39,48.235,49.082,49.927,50.773,51.619,52.45,53.262,54.057,54.835,55.594,56.335,57.058
Kiribati,KIR,Trade (% of GDP),NE.TRD.GNFS.ZS,94.1665241313018,110.784733057905,125.625496108186,103.928965237073,101.359702114731,123.594268587865,94.0468138646475,96.159058729974,95.4419286649569,97.6360608655351,85.6972657116246,93.4314038207066,96.1286959983954,96.7814166724492,104.187967755713,109.889098401931,111.269790749303,100.561246964827,81.1175388701484,96.5903107369709,76.7089561131334,74.5182495780663,108.143660536647
Kiribati,KIR,Renewable energy consumption (% of total final energy consumption),EG.FEC.RNEW.ZS,54.7,56.4,53,50.5,50.5,48.5,48.1,48.4,49.7,50.4,50.1,50.5,48.7,46.2,48,47.5,48.1,42.5,42.3,42.2,42.2,42.2,41.9
Kiribati,KIR,"Industry (including construction), value added (% of GDP)",NV.IND.TOTL.ZS,11.6259325102142,12.2822276755739,11.6138017660725,10.1856713090117,8.95316220474666,8.42017392703647,9.76536760728317,11.334019453819,11.0150252608097,10.5783605652579,11.9775912538253,13.2156192725983,13.4930420468352,14.377002462176,14.1150891146503,14.7267580401502,14.6506451638455,12.4167594856789,11.0818205349798,9.56441924167428,9.86433671640109,10.7795282926506,9.85991526316407
Kiribati,KIR,Fossil fuel energy consumption (% of total),EG.USE.COMM.FO.ZS,..,..,..,..,0,0,0,0,..,..,..,..,..,..,..,..,..,..,..,..,..,..,..
Kiribati,KIR,Population density (people per sq. km of land area),EN.POP.DNST,109.398765432099,111.524691358025,113.906172839506,116.265432098765,118.623456790123,121.030864197531,123.477777777778,126.00987654321,128.669135802469,131.440740740741,134.202469135802,136.601234567901,138.622222222222,140.540740740741,142.377777777778,144.216049382716,146.269135802469,148.487654320988,150.720987654321,152.988888888889,155.677777777778,158.49012345679,161.072839506173
"Korea, Dem. People's Rep.",PRK,Carbon dioxide (CO2) emissions excluding LULUCF per capita (t CO2e/capita),EN.GHG.CO2.PC.CE.AR5,3.11867576611252,3.21947711220633,3.06728962649599,3.11253288657132,3.1550105065182,3.2684040326715,3.31295140815675,2.7584412690495,3.00661209472321,2.88002427172368,2.76227187472911,2.0283670242348,1.94789107672429,1.49956270272103,1.63776161669311,1.28011151362542,1.40466347885851,2.8506983326832,2.56166840595212,2.81819406618851,2.64309670010061,2.18333844530612,2.25855710723353
"Korea, Dem. People's Rep.",PRK,GDP per capita (constant 2015 US$),NY.GDP.PCAP.KD,..,..,..,..,..,..,..,..,..,..,..,..,..,..,..,..,..,..,..,..,..,..,..
"Korea, Dem. People's Rep.",PRK,Energy use (kg of oil equivalent per capita),EG.USE.PCAP.KG.OE,833.135926035272,855.308188837363,817.139377772628,831.404593215752,845.078255840803,874.547570755458,878.701770260996,742.749190277876,814.468872858035,778.335567143127,752.365886787198,563.185425780586,549.906642052429,439.807523596631,471.17031915804,372.798087935995,409.40016933224,768.533125595482,700.51333125908,763.672802269615,726.927801005035,619.354172479083,640.514278027031
"Korea, Dem. People's Rep.",PRK,Urban population (% of total population),SP.URB.TOTL.IN.ZS,59.412,59.491,59.57,59.648,59.727,59.805,59.884,59.962,60.04,60.195,60.377,60.557,60.738,60.918,61.098,61.277,61.471,61.678,61.899,62.134,62.381,62.642,62.916
"Korea, Dem. People's Rep.",PRK,Trade (% of GDP),NE.TRD.GNFS.ZS,..,..,..,..,..,..,..,..,..,..,..,..,..,..,..,..,..,..,..,..,..,..,..
"Korea, Dem. People's Rep.",PRK,Renewable energy consumption (% of total final energy consumption),EG.FEC.RNEW.ZS,8.7,8.6,9,9.3,9.4,9.2,9,10.9,10.2,10.4,11,14.8,15.4,20.8,18.5,22.6,24,10.2,11.9,10,11.2,14.7,..
"Korea, Dem. People's Rep.",PRK,"Industry (including construction), value added (% of GDP)",NV.IND.TOTL.ZS,..,..,..,..,..,..,..,..,..,..,..,..,..,..,..,..,..,..,..,..,..,..,..
"Korea, Dem. People's Rep.",PRK,Fossil fuel energy consumption (% of total),EG.USE.COMM.FO.ZS,90.454782703013,90.567085693379,90.1248577461832,89.837073413246,89.7014760043892,89.8157462209863,90.0888320081914,87.9885267931291,88.7385754797623,69.6682323947004,66.8867071879039,62.946501955071,66.6709069486018,58.3689002219054,61.6343181279316,56.0040350150796,0,0,0,0,0,0,0
"Korea, Dem. People's Rep.",PRK,Population density (people per sq. km of land area),EN.POP.DNST,196.544390000831,197.785549372976,198.853691553858,200.069595548542,201.436284361764,202.611352877668,203.67500207624,204.687177144755,205.669113860975,206.613503861805,207.518129723445,208.436790964206,209.382343659165,210.360028236857,211.371663483099,212.402209118844,213.423519641226,214.414990449298,215.357088281704,216.241441740719,217.060975002076,217.860094676522,218.659953492235
"Korea, Rep.",KOR,Carbon dioxide (CO2) emissions excluding LULUCF per capita (t CO2e/capita),EN.GHG.CO2.PC.CE.AR5,10.0867252462027,10.1855779937768,10.3111285998101,10.3460575002302,10.7253636191565,10.6962767596866,10.7747048554065,10.9480684249604,11.0757299788636,11.1821417427879,12.0701930850865,12.5940576936717,12.5926085879176,12.4705275604602,12.2869803113541,12.5980842438198,12.8839106980048,13.003046167811,12.9991653784706,12.5784611024066,11.848886258897,12.190010036597,11.3758152802505
"Korea, Rep.",KOR,GDP per capita (constant 2015 US$),NY.GDP.PCAP.KD,16995.5591864626,17684.0503773277,18940.3842233935,19435.4934104303,20364.7599656771,21197.1990880347,22196.2077459266,23365.1402064812,23887.0595538423,23952.8132191069,25455.6174843658,26191.6442615421,26680.2754448705,27399.6159477521,28100.0102759544,28737.4391706499,29467.124342556,30312.8888500809,31059.2668087927,31645.9498343307,31378.1579340648,32771.0724243229,33690.3788793046
"Korea, Rep.",KOR,Energy use (kg of oil equivalent per capita),EG.USE.PCAP.KG.OE,3952.36285253717,3923.08094343002,4093.47640135718,4137.64649746404,4255.20021526328,4324.50929706891,4337.55103463972,4487.98132629667,4512.96932152779,4557.69756825002,4920.34159542887,5114.96282558864,5122.94213308196,5108.23633855207,5136.98533019492,5239.00345362778,5390.84042635905,5467.82224967457,5531.77957372505,5334.67385872126,5195.91011087811,5513.62830573477,5411.97477731382
"Korea, Rep.",KOR,Urban population (% of total population),SP.URB.TOTL.IN.ZS,79.621,79.94,80.299,80.652,81.002,81.345,81.528,81.631,81.733,81.835,81.936,81.923,81.851,81.779,81.707,81.634,81.562,81.503,81.459,81.43,81.414,81.414,81.427
"Korea, Rep.",KOR,Trade (% of GDP),NE.TRD.GNFS.ZS,66.0951601081834,62.2237972179905,58.3530394029217,61.1746012790121,70.0157148656729,68.3248110236401,70.6518735304194,73.8745252877915,95.5163524347469,86.133619369747,91.3995964951756,105.566313581348,105.458327737701,97.9521049538882,90.6144418981567,79.132494389092,73.6038094655981,77.1209178066416,78.9888655134363,75.757138965219,69.0340450909562,80.1994569268269,96.5364092886865
"Korea, Rep.",KOR,Renewable energy consumption (% of total final energy consumption),EG.FEC.RNEW.ZS,0.7,0.7,0.7,0.8,0.8,0.9,0.9,1,1.1,1.2,1.3,1.4,1.6,1.9,2.9,2.7,2.6,2.8,3.2,3.2,3.6,3.6,..
"Korea, Rep.",KOR,"Industry (including construction), value added (% of GDP)",NV.IND.TOTL.ZS,34.7553167849948,33.2209651958152,32.8127498833055,33.1112597254483,34.7348397118927,34.1503317465453,33.5172729953167,33.4537500773177,32.5102179703721,32.9053600052499,34.116775965605,34.4509672575549,34.1346926355836,34.447829188741,34.0916723723005,34.1499356702728,34.2977996755017,34.766308535902,34.0458023068892,32.6791489168007,32.5381602000323,32.4320155023667,31.7263012565745
"Korea, Rep.",KOR,Fossil fuel energy consumption (% of total),EG.USE.COMM.FO.ZS,85.0374110039266,86.1046124355837,85.0004808964394,84.1213977077661,83.9867864766072,81.351129469326,81.9394540796584,83.2231204417839,83.2702741627363,83.305130005045,84.9772705251785,84.3895257817618,85.2613535136449,86.198534712566,84.837677016859,83.7249545111828,0,0,0,0,0,0,0
"Korea, Rep.",KOR,Population density (people per sq. km of land area),EN.POP.DNST,487.332687124197,489.664709530701,492.248538072115,494.755475206612,496.617630654823,497.517408363449,499.982369942197,502.307449442839,505.770780492834,508.013960436843,509.815967078189,513.804280275749,515.875583187751,517.612269825303,520.852499230217,523.525547744882,525.370072521002,526.734806686494,528.969011484824,530.377274590164,531.109006147541,530.425604508197,529.43205942623
Kosovo,XKX,Carbon dioxide (CO2) emissions excluding LULUCF per capita (t CO2e/capita),EN.GHG.CO2.PC.CE.AR5,..,..,..,..,..,..,..,..,..,..,..,..,..,..,..,..,..,..,..,..,..,..,..
Kosovo,XKX,GDP per capita (constant 2015 US$),NY.GDP.PCAP.KD,..,..,..,..,..,..,..,..,2543.59926351696,2680.86121521141,2822.63359634011,2995.64952029477,3021.35142613995,3163.47189486431,3279.02499043758,3520.62850699375,3739.17562318261,3890.17807271082,4009.12140760339,4219.06693858503,3990.94613053859,4429.87597525975,4666.3913779077
Kosovo,XKX,Energy use (kg of oil equivalent per capita),EG.USE.PCAP.KG.OE,856.943688546918,1044.87065723301,1035.03652986506,1091.49742065686,1099.83250794257,1070.06721463477,1084.46350103884,1131.46798118969,1230.09754239368,1356.38701251086,1394.78002150113,1410.72541685059,1310.3856620955,1296.69455079673,1219.31522053323,..,..,..,..,..,..,..,..
Kosovo,XKX,Urban population (% of total population),SP.URB.TOTL.IN.ZS,..,..,..,..,..,..,..,..,..,..,..,..,..,..,..,..,..,..,..,..,..,..,..
Kosovo,XKX,Trade (% of GDP),NE.TRD.GNFS.ZS,..,..,..,..,..,..,..,..,76.7307430830911,77.7553766977497,82.1774799739022,86.1517494661872,81.3639162574412,75.1034836607029,77.0760521643276,74.0204422546574,75.0188123077463,80.4101373469745,86.3150846710967,85.7534085053482,75.6080171280001,98.6384304855253,110.012031619226
Kosovo,XKX,Renewable energy consumption (% of total final energy consumption),EG.FEC.RNEW.ZS,..,..,..,..,..,..,..,..,..,..,..,..,..,..,..,..,..,..,..,..,..,..,..
Kosovo,XKX,"Industry (including construction), value added (% of GDP)",NV.IND.TOTL.ZS,..,..,..,..,..,..,..,..,27.0433986441086,27.9905418756324,27.0411983160464,27.5148247197483,27.508476689053,27.1872162974146,26.5170668316715,26.9432328185615,26.8584265970502,27.5275719677758,27.9083585287373,27.0883844668186,27.5584566251826,27.4491619936227,27.2441813918075
Kosovo,XKX,Fossil fuel energy consumption (% of total),EG.USE.COMM.FO.ZS,83.9226742887478,86.393724686776,86.2771710429033,86.9511042623503,86.7623064279996,87.2096316042926,87.3021201107914,88.0879496877001,87.5746141147357,88.1807859565983,88.3710108168534,88.6430812659121,88.6315303171579,90.2107913104522,86.1215820047413,..,..,..,..,..,..,..,..
Kosovo,XKX,Population density (people per sq. km of land area),EN.POP.DNST,..,..,..,..,..,..,..,..,..,..,..,..,..,..,..,..,..,..,..,..,..,..,..
Kuwait,KWT,Carbon dioxide (CO2) emissions excluding LULUCF per capita (t CO2e/capita),EN.GHG.CO2.PC.CE.AR5,27.8697749895253,28.6363720114475,29.1663389926281,29.9423048029723,31.1633415534089,33.7219262621223,33.0142980201147,30.4285639663988,30.8241128059256,29.876507967851,29.3874848303239,28.6880102042445,27.2007896655458,26.5615289619493,24.8980325575661,24.6926777263915,24.2839582267758,23.1539477598505,22.6664184118709,22.2456034194776,22.4100719342713,24.3401481128171,23.8356883095265
Kuwait,KWT,GDP per capita (constant 2015 US$),NY.GDP.PCAP.KD,31341.9781474791,30573.42848635,30702.2162710115,35169.6336473272,37918.5406622128,40451.2552502823,41137.9700136929,41113.869480244,39852.5129949028,35124.0854675482,32568.4982426309,33545.346320878,33578.3310729295,32311.1800455136,31073.1537945892,29882.2126867068,29454.4426854538,27048.3707374372,26706.0192323243,26580.2264983898,25541.4107576862,26203.2617890389,26579.8322106354
Kuwait,KWT,Energy use (kg of oil equivalent per capita),EG.USE.PCAP.KG.OE,9493.79658571526,9860.50598409608,9710.55321576442,10159.9001917272,10969.8036910729,12017.9810258331,10451.2180900059,9522.59021417333,10648.7276277184,10529.4946836104,11311.9365859367,10504.8801729128,10424.3416746399,9775.19621173225,8681.35167846512,9731.54449633626,9684.89135568875,9526.71485045218,9772.0088330557,8352.78024104055,8871.9407246336,8570.59391176127,9129.59798629005
Kuwait,KWT,Urban population (% of total population),SP.URB.TOTL.IN.ZS,99,99.908,100,100,100,100,100,100,100,100,100,100,100,100,100,100,100,100,100,100,100,100,100
Kuwait,KWT,Trade (% of GDP),NE.TRD.GNFS.ZS,86.618324503254,86.8504672897196,81.2251941328732,86.5551755074577,89.2976416790834,92.2426800942645,89.7130931980522,91.7325033915889,92.6834562516721,88.8110649851457,97.0280216627504,99.1164927304135,101.011435176358,97.6054912474252,100.037189780363,98.6999883228859,96.1576724081222,97.8400465627886,102.785630676596,91.6857123834172,82.01074583049,82.0003751084726,90.9188102145939
Kuwait,KWT,Renewable energy consumption (% of total final energy consumption),EG.FEC.RNEW.ZS,0,0,0,0,0,0,0,0,0,0,0,0,0,0,0,0,0,0,0,0.1,0.1,0.1,..
Kuwait,KWT,"Industry (including construction), value added (% of GDP)",NV.IND.TOTL.ZS,..,..,..,..,..,..,..,..,..,..,66.0655582909657,72.7249733262361,74.8123207784095,73.0986938516288,70.5483166767219,55.9358456586362,52.1347801606119,55.6192158697721,60.127653727139,57.718656737376,48.4612101849271,58.306793157621,65.7663289229711
Kuwait,KWT,Fossil fuel energy consumption (% of total),EG.USE.COMM.FO.ZS,..,..,..,..,98.7454503678746,97.7680493264203,..,..,..,..,96.3669596410327,94.2423149942395,98.9730136748518,98.3030396659889,99.7366240345693,-48.8497990519462,0,0,0,0,0,0,0
Kuwait,KWT,Population density (people per sq. km of land area),EN.POP.DNST,109.691863075196,112.689169472503,115.59898989899,118.399607182941,121.061728395062,125.521212121212,132.701066217733,140.734399551066,148.789057239057,156.873400673401,165.172390572391,175.803254769921,187.267620650954,196.848709315376,205.716947250281,215.183726150393,224.696745230079,233.1544332211,242.621492704826,249.288215488215,246.928563411897,244.717452300786,257.555723905724
Kyrgyz Republic,KGZ,Carbon dioxide (CO2) emissions excluding LULUCF per capita (t CO2e/capita),EN.GHG.CO2.PC.CE.AR5,0.97947028006505,0.815094135111858,1.00953693106223,1.12223960939923,1.09908235781326,1.08723443819441,1.07123427167816,1.2795002643125,1.47087772285446,1.30643161337402,1.20819987492361,1.42494835112115,1.84723276898612,1.67663986567771,1.68326377515981,1.70788717153341,1.57738734300859,1.52799500721138,1.78009921976438,1.55169538577748,1.38371622139935,1.53330266241477,1.47823294462397
Kyrgyz Republic,KGZ,GDP per capita (constant 2015 US$),NY.GDP.PCAP.KD,718.342832397662,749.423779561565,742.44300111832,786.350474964134,831.482103944381,820.709519437592,837.138026647346,900.02796489729,966.409971184817,981.220904665529,962.764789828724,1005.4831781815,985.8472865972,1069.78404438716,1088.58214229508,1105.65193844261,1128.3161612818,1157.18275758067,1175.0712778747,1201.87701429721,1093.32856461422,1132.5546781282,1212.17812721768
Kyrgyz Republic,KGZ,Energy use (kg of oil equivalent per capita),EG.USE.PCAP.KG.OE,473.380207144503,435.881289136656,485.300857386353,511.249605075318,497.875476414423,498.539409578874,485.424849059713,560.621207010433,593.947817714401,535.174330847579,503.615577108919,596.801790099001,731.356416357898,674.45237437711,691.53854362528,659.12770366868,624.353480068472,609.705598460026,707.081191051891,609.881986975567,562.289152674562,595.833222359916,645.014246171812
Kyrgyz Republic,KGZ,Urban population (% of total population),SP.URB.TOTL.IN.ZS,35.298,35.296,35.295,35.293,35.292,35.29,35.289,35.287,35.285,35.284,35.306,35.352,35.423,35.517,35.635,35.777,35.944,36.135,36.351,36.591,36.856,37.146,37.461
Kyrgyz Republic,KGZ,Trade (% of GDP),NE.TRD.GNFS.ZS,89.4309316270309,73.7469123687968,82.9207290212667,83.9327828079655,93.8157321567302,95.0840046303638,120.749981766273,137.058387838563,146.106082230139,133.379153167955,133.232850492333,136.179840420492,139.675937840309,134.026785643922,125.126181075833,110.961570714633,105.823574017406,100.617445813258,98.8755599017608,94.4302823542939,78.9922784304738,100.261376861569,133.786718048766
Kyrgyz Republic,KGZ,Renewable energy consumption (% of total final energy consumption),EG.FEC.RNEW.ZS,35.2,36,28.3,30.5,27.7,28,27.8,24.5,22,24.7,25.6,26,22.4,24.8,26.6,23.5,22.2,24.7,23.4,28.3,30,27.6,..
Kyrgyz Republic,KGZ,"Industry (including construction), value added (% of GDP)",NV.IND.TOTL.ZS,29.1996199376661,26.8324889860388,21.3137031159609,20.2432676693128,21.6893695542269,19.9674526656306,17.5544661208558,16.6822999949964,20.4289120967446,23.6357293329934,26.2652737926744,27.4490880946162,22.2571297250342,24.843594671242,23.8882289228189,25.0780623169816,26.5464240007793,27.3080934715766,27.4785136821163,26.5803149529246,26.9042468476068,23.7483015677374,24.1941421977643
Kyrgyz Republic,KGZ,Fossil fuel energy consumption (% of total),EG.USE.COMM.FO.ZS,62.7837145823665,60.3415561948021,65.8861543371059,65.049721153845,67.1189981166819,66.0225167568358,66.5902413683196,70.2915507132449,74.4087264586456,72.9870694776577,70.5191504385153,70.103342732624,73.8706790771298,73.1718721941938,70.1408609565237,66.6152651896103,0,0,0,0,0,0,0
Kyrgyz Republic,KGZ,Population density (people per sq. km of land area),EN.POP.DNST,25.5389051094891,25.7824452554745,26.020354535975,26.2946193952033,26.6147705943691,26.9167883211679,27.2073670490094,27.468117831074,27.7305995828989,28.1003284671533,28.5039572471324,28.9185974973931,29.4685922836288,30.1206986444213,30.7916996871741,31.4913242961418,32.1967570385819,32.8816266944734,33.5979092805005,34.3598070907195,35.0708863399374,35.7206673618352,36.3671532846715
Lao PDR,LAO,Carbon dioxide (CO2) emissions excluding LULUCF per capita (t CO2e/capita),EN.GHG.CO2.PC.CE.AR5,0.172061042728584,0.186381120141295,0.20574279762084,0.210602243440398,0.217585848686857,0.221926040668041,0.28652401395224,0.298205023714399,0.343065642386553,0.423077773444872,0.467525939369713,0.486447711772495,0.511690636170271,0.596576965340848,0.654511028510084,1.31253542341595,2.29720000660028,2.74204857777986,2.78647230762432,2.67627440783151,2.645846687138,3.19548907488521,3.24790015408108
Lao PDR,LAO,GDP per capita (constant 2015 US$),NY.GDP.PCAP.KD,917.228038617529,954.123505414634,994.492241963795,1038.71192767783,1088.76034728831,1148.68153852071,1228.08927619923,1301.08597549864,1381.73754223953,1463.3379666846,1564.91068311647,1666.40086189871,1774.63585203672,1890.27861294875,2006.31195444447,2121.01339097363,2234.76098741846,2351.57441747595,2459.97874636195,2554.95638019245,2529.74622698761,2556.58912640405,2589.05015191628
Lao PDR,LAO,Energy use (kg of oil equivalent per capita),EG.USE.PCAP.KG.OE,296.828433223862,305.203788340763,308.964836465676,314.0195746722,319.062906873054,324.856817488689,349.385020841441,377.457251010717,406.727596705488,420.269670847966,425.369477265063,424.226591651912,430.517609314187,446.093067662227,458.192519798491,602.339548780014,754.130255846522,811.84123029479,805.88201068311,782.690308446395,701.728790627854,727.414717441626,815.086540442856
Lao PDR,LAO,Urban population (% of total population),SP.URB.TOTL.IN.ZS,21.977,22.993,24.044,25.126,26.242,27.186,27.748,28.316,28.893,29.475,30.064,30.66,31.264,31.872,32.487,33.108,33.736,34.368,35.004,35.645,36.29,36.939,37.592
Lao PDR,LAO,Trade (% of GDP),NE.TRD.GNFS.ZS,68.8373013678325,65.8994368798482,67.2549028523532,60.572095882788,66.0797516222837,71.7926462737852,81.9613754162421,79.2126289035269,81.8491820941317,76.930826218652,84.7203378916677,91.6986958680216,98.1851264313662,98.1791466159604,99.0597382933399,85.798321703681,75.0918909204124,..,..,..,..,..,..
Lao PDR,LAO,Renewable energy consumption (% of total final energy consumption),EG.FEC.RNEW.ZS,81.5,81.1,80.2,78.7,74,73.9,69.8,70.7,69.3,66.4,64.8,63.6,62.4,58.6,58.2,53.3,51.7,50.6,50.2,50.5,50.6,51.5,49.2
Lao PDR,LAO,"Industry (including construction), value added (% of GDP)",NV.IND.TOTL.ZS,16.4770694017999,16.9937147919347,18.3826897329941,20.1201441501939,19.3595097686057,23.2287895606829,26.1754512486046,25.3930205228552,26.9497231702456,25.163093788149,30.4660210858755,30.815970194642,32.4366446720109,30.4277075542967,28.815000545489,27.6933442499915,28.7595046372574,30.91247539947,31.533192488879,31.531381987864,32.4163678323352,34.1299777246213,34.1089797342112
Lao PDR,LAO,Fossil fuel energy consumption (% of total),EG.USE.COMM.FO.ZS,0,0,0,0,0,0,0,0,0,0,0,0,0,0,0,0,0,0,0,0,0,0,0
Lao PDR,LAO,Population density (people per sq. km of land area),EN.POP.DNST,23.5321143847487,23.9232322357019,24.3106109185442,24.6878032928943,25.0503726169844,25.4312088388215,25.8370883882149,26.2401906412478,26.6419800693241,27.0435095320624,27.4445147313691,27.8448440207972,28.2451386481802,28.6455155979203,29.0432062391681,29.4698656845754,29.934150779896,30.4079159445407,30.8840771230503,31.3589081455806,31.8307322357019,32.2928682842288,32.7513301559792
Latvia,LVA,Carbon dioxide (CO2) emissions excluding LULUCF per capita (t CO2e/capita),EN.GHG.CO2.PC.CE.AR5,3.05370530717408,3.28054869778407,3.3176736114568,3.45911523609512,3.51585111187112,3.58625316520152,3.84883947894771,4.05035619737993,3.89340667113087,3.61899994817126,4.23283298888468,3.99658398346563,3.94510398811593,3.86431401035552,3.79770707128462,3.86649588096648,3.81646276645963,3.82561856158431,4.2061069732157,4.10403893361034,3.8005755481994,3.94117241269521,3.54259882099604
Latvia,LVA,GDP per capita (constant 2015 US$),NY.GDP.PCAP.KD,6336.38296707987,6833.4354323157,7443.22944659059,8149.00183600084,8957.23393555082,10106.2626157732,11507.4648265658,12810.0409502542,12506.6945041012,10675.425174228,10500.8666223014,11018.5152421583,11971.0107466522,12353.5386135301,12731.6771959342,13321.9753140616,13787.3367440023,14382.8612727134,15120.0698171804,15328.3859933295,14900.7295718866,16070.1680032322,16404.9770631465
Latvia,LVA,Energy use (kg of oil equivalent per capita),EG.USE.PCAP.KG.OE,1618.63984186997,1759.37012358937,1763.47087642626,1890.17674853578,1961.33307330101,2022.79776925294,2114.39349147162,2179.77647892811,2106.6010583897,2056.15424051112,2149.36312781374,2066.71476050433,2171.07870823934,2156.58828450936,2177.02968269444,2155.8522069549,2172.43884661611,2265.21693915892,2403.49981780927,2343.51581884881,2251.38250119088,2375.51850702838,2256.11904538867
Latvia,LVA,Urban population (% of total population),SP.URB.TOTL.IN.ZS,68.067,67.95,67.85,67.8,67.9,68,67.967,67.9,67.834,67.814,67.841,67.869,67.897,67.925,67.952,67.98,68.021,68.075,68.142,68.222,68.315,68.421,68.54
Latvia,LVA,Trade (% of GDP),NE.TRD.GNFS.ZS,83.6121321100556,88.1768278184248,85.9772056778195,88.5815580418672,97.2352655771748,104.517156602918,105.695342080455,100.880910871828,95.7681628438571,88.8320494963692,110.86235386272,129.734758014485,133.211503650958,129.677184929099,130.042252244959,126.380014406006,123.330518429659,128.714003328884,128.234095559822,125.29163170793,123.88319804656,136.796615414819,159.84434485906
Latvia,LVA,Renewable energy consumption (% of total final energy consumption),EG.FEC.RNEW.ZS,35.8,35.4,34.4,34.3,36.1,36.3,34,33.1,33.7,38.4,33.1,35.5,40.4,39.6,40.2,38.1,38.5,42.6,41,41.5,43.8,44,..
Latvia,LVA,"Industry (including construction), value added (% of GDP)",NV.IND.TOTL.ZS,24.2213861800629,23.2514546840965,23.3580896046646,22.2766161374927,22.3401097520348,21.0400390822509,21.8741590495671,22.7520647205745,22.844745207144,21.5222929684733,20.8612025977954,21.418901034981,21.4155903391561,20.8210958976358,19.6186043266703,19.7834567448988,19.1654365749872,19.7767293914993,19.3453568005874,19.5988527886207,20.3341837659978,21.0918306682746,20.7229871183051
Latvia,LVA,Fossil fuel energy consumption (% of total),EG.USE.COMM.FO.ZS,63.3812478912029,63.6634896880199,63.4049323866857,63.6265543078679,62.9797307763078,63.1742753155234,64.7870848503663,65.130814718536,65.0803458148898,61.1162662884407,65.8282571377097,62.8915501843165,58.0287169811311,58.9125654160649,56.7125719593452,58.9693424720148,0,0,0,0,0,0,0
Latvia,LVA,Population density (people per sq. km of land area),EN.POP.DNST,38.0469892490398,37.5587767367863,37.1249296928986,36.7678821090523,36.3688109663008,35.9779356228004,35.6494287045816,35.3596509553731,34.9899882687579,34.4170376203256,33.7081170552975,33.0999244700853,32.691902228936,32.3436289713468,32.0404647500281,31.7792437366417,31.4901409356067,31.2123033409935,30.9700612274415,30.755491989008,30.5391129680219,30.2826610959344,30.2005945685361
Lebanon,LBN,Carbon dioxide (CO2) emissions excluding LULUCF per capita (t CO2e/capita),EN.GHG.CO2.PC.CE.AR5,3.53552735520888,3.75209170184451,3.68853707759644,3.63908317033137,3.62846002601712,3.54815630230297,3.39541953755902,3.08541203992141,3.71753989662469,4.31820125725945,4.09760362827912,4.11697756288241,4.47594629376314,4.02243535054626,3.93375442532602,4.15659001225035,4.40669549237236,4.75553430058596,4.59412655396726,4.65991232517757,3.8262324025787,2.94836311642179,2.93693660132346
Lebanon,LBN,GDP per capita (constant 2015 US$),NY.GDP.PCAP.KD,5958.97836750301,6085.76041420146,6207.24133893746,6319.76518298647,6633.75258002393,6707.18024635316,6696.37428200596,7179.34520092306,7701.29823027979,8375.48851252821,8955.54336184707,8936.20027462737,8920.8056984673,8443.53856528784,7830.4151113336,7714.1099998804,8019.1416913426,8305.57405425721,8388.7235123835,8064.04873416236,6440.82843092922,5973.41933892988,5909.03651555028
Lebanon,LBN,Energy use (kg of oil equivalent per capita),EG.USE.PCAP.KG.OE,1136.87014459546,1199.71023584992,1175.25346522376,1157.2988164132,1149.06001925911,1079.47193036728,985.785471251008,823.875004803328,1061.37912293521,1336.59416990092,1272.70442631431,1257.01533623898,1383.47674048903,1238.32383382097,1192.55300583176,1284.15018153506,1356.17702319106,1475.80821027467,1431.81356091147,1486.47574871806,1249.32146308929,972.806350423412,617.482998993413
Lebanon,LBN,Urban population (% of total population),SP.URB.TOTL.IN.ZS,86,86.118,86.24,86.366,86.494,86.627,86.762,86.901,87.042,87.187,87.334,87.484,87.636,87.79,87.947,88.106,88.266,88.429,88.593,88.758,88.925,89.093,89.262
Lebanon,LBN,Trade (% of GDP),NE.TRD.GNFS.ZS,50.1152959262106,55.5568083587026,51.0425325574951,54.0908340214699,90.9727970270956,92.762656272585,91.0693970298409,97.9677079660494,106.625673176194,90.3978388619092,95.0966529416243,102.139882412503,88.5455019230591,86.1743285920565,79.8171565925627,71.8390426347811,67.7236177908116,68.4554292593276,68.2573073043718,62.98091601016,50.1298042879627,78.8286204025241,114.888278265666
Lebanon,LBN,Renewable energy consumption (% of total final energy consumption),EG.FEC.RNEW.ZS,4.9,4.6,5.7,7,6.1,6.4,6.4,7.3,5.1,4.3,5.7,6.2,5.6,5.9,4.2,4.2,4,4,4.7,5.1,6.3,6.8,..
Lebanon,LBN,"Industry (including construction), value added (% of GDP)",NV.IND.TOTL.ZS,19.9654112221368,20.4307137219529,19.1154059296204,18.3121387283237,14.5751663754257,14.7600382336009,15.008151375903,15.5098773512385,16.212003826201,15.4395167882731,13.809376206629,14.506216070168,15.4855197381508,16.3437962275105,16.2094101272442,15.7051846447457,15.9539038084869,14.9268797796791,13.8056023781184,12.4991181838946,6.63816639544826,2.7586320737767,2.39076209975393
Lebanon,LBN,Fossil fuel energy consumption (% of total),EG.USE.COMM.FO.ZS,93.7525436366268,94.3714142411316,94.859064615327,94.7137721102877,94.6866090244305,93.9926604607964,95.5864334351542,98.0342328284231,99.2832959300396,95.2500409434034,94.4157470702963,94.6330884551266,95.405328598748,95.1918946721502,96.6475239479447,89.3247284878043,0,0,0,0,0,0,0
Lebanon,LBN,Population density (people per sq. km of land area),EN.POP.DNST,423.200391006843,430.295014662757,436.315151515152,442.3761485826,449.587390029325,456.608211143695,464.431671554252,473.520821114369,481.461779081134,488.004594330401,492.794525904203,498.144672531769,511.802737047898,561.430694037146,620.429130009775,632.694916911046,618.089931573803,602.163049853372,584.957869012708,566.431476050831,557.419159335288,558.956207233627,561.533626588465
Lesotho,LSO,Carbon dioxide (CO2) emissions excluding LULUCF per capita (t CO2e/capita),EN.GHG.CO2.PC.CE.AR5,0.176504668615853,0.181322665883001,0.192111111612445,0.195863196005761,0.206379186750334,0.209106046052483,0.215160125918801,0.273746357386698,0.222980349761332,0.259328794280127,0.262892792539616,0.272739595503297,0.287314793787119,0.286311137736664,0.288833795092422,0.28109707684698,0.30566714012529,0.326501661945844,0.315945709911554,0.334388670252851,0.34704594970674,0.34905387562999,0.372597993972294
Lesotho,LSO,GDP per capita (constant 2015 US$),NY.GDP.PCAP.KD,725.263668707773,752.243212493971,760.033443180306,798.540500554454,817.793597897186,853.960500629797,893.750686627156,927.26863327342,971.881366821351,952.747929746529,995.233432451681,1031.99721564343,1086.39034816283,1093.95323489272,1100.04993684215,1121.19851342518,1147.58748801671,1097.82166812752,1068.44462913373,1040.99351014117,944.834118658555,955.221236301503,967.51928598325
Lesotho,LSO,Energy use (kg of oil equivalent per capita),EG.USE.PCAP.KG.OE,..,..,..,..,14.2050571017929,16.8964238974827,9.76832112893001,9.72728780689593,..,..,..,..,..,..,..,..,..,..,..,..,..,..,..
Lesotho,LSO,Urban population (% of total population),SP.URB.TOTL.IN.ZS,19.548,20.067,20.597,21.137,21.689,22.249,22.82,23.304,23.796,24.293,24.798,25.31,25.704,26.101,26.502,26.908,27.317,27.73,28.153,28.585,29.028,29.48,29.943
Lesotho,LSO,Trade (% of GDP),NE.TRD.GNFS.ZS,..,..,..,..,..,..,..,165.048948833372,161.126590593391,158.894737585637,150.102435487333,149.796606699153,150.208575358438,133.36548975517,126.292475360578,129.722773082867,136.31524774176,146.366771329494,144.434955465602,140.51663349168,141.096604645578,139.186479465407,142.373981443861
Lesotho,LSO,Renewable energy consumption (% of total final energy consumption),EG.FEC.RNEW.ZS,56.7,56.5,56.2,55.9,55.4,55.3,55.5,55.3,55,54,53,42.3,40.8,46.1,43.2,46,45.1,41.5,42.5,41.6,43.2,33.6,34.9
Lesotho,LSO,"Industry (including construction), value added (% of GDP)",NV.IND.TOTL.ZS,35.1643078480714,37.992056881911,38.7001356295907,36.4702881221952,34.6653077489584,33.7701071067011,35.4813196531581,39.1258617120697,40.56384007448,33.3003223937152,31.463352131548,33.1996499097292,30.8179398182836,29.0232445602992,32.1608736210412,33.7385657003649,30.5866475742865,28.5730617255808,31.139042579725,30.5436539026894,31.0792071269451,32.0714582732775,30.4887412826069
Lesotho,LSO,Fossil fuel energy consumption (% of total),EG.USE.COMM.FO.ZS,..,..,..,..,0,0,0,0,..,..,..,..,..,..,..,..,..,..,..,..,..,..,..
Lesotho,LSO,Population density (people per sq. km of land area),EN.POP.DNST,66.0050395256917,65.9042490118577,65.7008893280632,65.3840250329381,64.9251976284585,64.3305665349144,64.0666337285902,64.3368906455863,64.7740777338603,65.2464756258235,65.7526679841897,66.337582345191,67.0077075098814,67.7372859025033,68.5141304347826,69.321837944664,70.1720026350461,71.0510540184453,71.9236824769433,72.7735507246377,73.6405467720685,74.4908432147563,75.3000658761528
Liberia,LBR,Carbon dioxide (CO2) emissions excluding LULUCF per capita (t CO2e/capita),EN.GHG.CO2.PC.CE.AR5,0.13742620257319,0.151724284309089,0.149638972955123,0.160344564505189,0.172606474976021,0.206572826842653,0.207259852864125,0.182090731933334,0.147343511638175,0.132892792036983,0.196605475881337,0.211647080506911,0.226455582531432,0.205469998360267,0.259689726316869,0.262564248724791,0.288690741541355,0.24900364513784,0.278215618014021,0.287981829288337,0.300341996825688,0.307511061784948,0.312657375531657
Liberia,LBR,GDP per capita (constant 2015 US$),NY.GDP.PCAP.KD,754.850917360951,754.422355762017,762.716393927064,528.567395543421,535.995882066218,539.665378841936,551.377446611852,574.609394348543,591.185378141907,603.256211077605,621.783295071575,646.908727016597,674.360011422232,717.007280358975,707.157694930142,692.590082351257,668.031513175601,671.260899835355,665.875439637137,636.699384824869,605.025475431411,621.927983063426,638.005183858289
Liberia,LBR,Energy use (kg of oil equivalent per capita),EG.USE.PCAP.KG.OE,..,..,..,..,..,..,..,..,..,..,..,..,..,..,..,..,..,..,..,..,..,..,..
Liberia,LBR,Urban population (% of total population),SP.URB.TOTL.IN.ZS,44.331,44.673,45.017,45.361,45.706,46.051,46.396,46.742,47.088,47.445,47.813,48.193,48.583,48.985,49.397,49.82,50.254,50.697,51.151,51.615,52.089,52.573,53.065
Liberia,LBR,Trade (% of GDP),NE.TRD.GNFS.ZS,..,..,..,..,..,..,..,..,..,..,..,..,..,..,..,..,..,..,..,..,..,..,..
Liberia,LBR,Renewable energy consumption (% of total final energy consumption),EG.FEC.RNEW.ZS,91.3,91.6,91.1,90.3,89.6,87.8,87.6,89.8,91.8,91.8,88.6,87.1,86.2,87.5,91.2,91.9,92.8,93.6,94.4,89.7,93,93.2,92.8
Liberia,LBR,"Industry (including construction), value added (% of GDP)",NV.IND.TOTL.ZS,4.24715102974828,4.18618101545254,3.24309600862999,4.14903743315508,7.72698996655518,7.2181875658588,7.7032618409294,7.92931536780772,7.0949594438007,5.00973981900453,4.99961461461461,8.30011676396997,14.5889259761557,19.5182541497806,18.554810004303,16.8248454785241,13.7704420019235,15.4416514284322,16.9238649522893,16.9896070200098,16.9489513058722,18.2177905549011,20.6885472727514
Liberia,LBR,Fossil fuel energy consumption (% of total),EG.USE.COMM.FO.ZS,..,..,..,..,..,..,..,..,..,..,..,..,..,..,..,..,..,..,..,..,..,..,..
Liberia,LBR,Population density (people per sq. km of land area),EN.POP.DNST,30.3998857973422,31.3054194352159,32.1302117940199,32.3871677740864,32.7750415282392,34.2713351328904,36.2415593853821,38.0922965116279,39.6698816445183,40.9367524916943,42.1396387043189,43.8245224252492,45.4011939368771,46.4102886212625,47.3867628737542,48.3744912790698,49.3730066445183,50.3418293189369,51.3364410299003,52.3642130398671,53.462032807309,54.60260589701,55.7858596345515
Libya,LBY,Carbon dioxide (CO2) emissions excluding LULUCF per capita (t CO2e/capita),EN.GHG.CO2.PC.CE.AR5,9.29004805070517,9.02132803468181,9.05805849600883,9.57168365721738,9.27830720591114,9.85225979799952,9.61074784819465,8.80412097543076,9.16393897453744,9.46553670151159,9.79827293350912,6.97363776628306,10.1716885719612,9.93041936812132,9.61512011665328,8.37296624416568,7.73910206169183,8.23826900161306,8.38061601198998,8.31797230713766,6.50306675321014,7.84900160122211,7.8970293356479
Libya,LBY,GDP per capita (constant 2015 US$),NY.GDP.PCAP.KD,10853.8059516526,10467.8776146012,10170.3095776338,11267.0627623548,11529.1086646221,12628.896152656,13176.7758911904,13712.9602583972,13403.0004645911,12549.0854345521,12913.9334939386,6569.59477578957,12599.258882136,10126.314927806,7644.24843947404,7458.48917756374,7236.16409923502,9435.60060040046,10020.9165751361,8768.4104874586,6102.79864032512,7733.39007562927,7008.20648391963
Libya,LBY,Energy use (kg of oil equivalent per capita),EG.USE.PCAP.KG.OE,2976.83650740397,3074.78058753118,3089.63282765671,3033.31081378459,3051.03345536709,3114.98564274947,2733.38300724871,2363.56247489929,2578.95942858435,2784.55454632999,3131.50608317262,2631.72794552167,3101.47681342856,2747.59073791604,3550.5742819662,3230.9775723301,3118.86767779323,3485.70959421231,3055.56390358683,3413.9338523206,1687.13966145733,2368.63038927902,2539.19813836223
Libya,LBY,Urban population (% of total population),SP.URB.TOTL.IN.ZS,76.387,76.502,76.629,76.768,76.919,77.08,77.253,77.437,77.632,77.837,78.052,78.277,78.512,78.756,79.009,79.27,79.54,79.817,80.102,80.393,80.691,80.994,81.302
Libya,LBY,Trade (% of GDP),NE.TRD.GNFS.ZS,45.2810937659422,43.1734496124031,78.8597570352145,90.6127305175491,96.1293320792401,90.8608896854615,97.7381011197381,102.732315500893,103.242158045544,107.620930501039,98.077213074239,63.0054352895288,98.2243189168448,106.334360918106,76.5248826381117,56.9049073326883,41.1101760615135,47.5489661921214,63.7811335968183,78.9939691850138,50.9757934373319,164.284069967105,156.321684682347
Libya,LBY,Renewable energy consumption (% of total final energy consumption),EG.FEC.RNEW.ZS,2,2.9,2.9,2.9,2.8,2.7,2.9,3.1,2.9,2.6,2.5,3.2,2.6,2.4,2.3,2.9,2.8,2.9,2.9,3,3.2,3.1,..
Libya,LBY,"Industry (including construction), value added (% of GDP)",NV.IND.TOTL.ZS,..,..,65.8303859757035,70.8938132064248,76.6425137601895,80.9742943873926,86.6695550057577,84.727507668667,85.9203928517569,73.7972544656913,75.7449869936204,53.8989087023988,73.7369299183248,65.1237589148371,46.7692775548728,34.8289693278703,26.0770762664238,38.9800161101817,49.676758007488,49.9776179313478,15.9502036425113,74.9121008371648,76.8380798647142
Libya,LBY,Fossil fuel energy consumption (% of total),EG.USE.COMM.FO.ZS,99.3409321314527,97.288461133607,98.8003243921112,..,..,96.5440647810331,..,..,..,..,..,81.0896780110068,89.1714275457923,..,77.6055473602892,56.6330126672007,0,0,0,0,0,0,0
Libya,LBY,Population density (people per sq. km of land area),EN.POP.DNST,3.01500448980984,3.07105209316071,3.13059663321095,3.19367448310354,3.26033679257079,3.32973277106516,3.39873546495107,3.46930447730657,3.54378417086284,3.61838094047308,3.69291917205633,3.60503483865101,3.51189970105823,3.58311149504984,3.65280243700058,3.71223103765757,3.76923855098492,3.8298475737977,3.89252588744786,3.95048308080521,4.00411414346932,4.05513656978528,4.10550768950976
Liechtenstein,LIE,Carbon dioxide (CO2) emissions excluding LULUCF per capita (t CO2e/capita),EN.GHG.CO2.PC.CE.AR5,..,..,..,..,..,..,..,..,..,..,..,..,..,..,..,..,..,..,..,..,..,..,..
Liechtenstein,LIE,GDP per capita (constant 2015 US$),NY.GDP.PCAP.KD,..,..,..,..,..,..,..,..,..,..,..,..,..,..,..,167187.15730982,..,..,..,..,..,..,..
Liechtenstein,LIE,Energy use (kg of oil equivalent per capita),EG.USE.PCAP.KG.OE,..,..,..,..,..,..,..,..,..,..,..,..,..,..,..,..,..,..,..,..,..,..,..
Liechtenstein,LIE,Urban population (% of total population),SP.URB.TOTL.IN.ZS,15.13,14.962,14.906,14.85,14.795,14.739,14.684,14.629,14.574,14.519,14.464,14.41,14.367,14.334,14.313,14.303,14.303,14.315,14.338,14.371,14.416,14.471,14.538
Liechtenstein,LIE,Trade (% of GDP),NE.TRD.GNFS.ZS,..,..,..,..,..,..,..,..,..,..,..,..,..,..,..,..,..,..,..,..,..,..,..
Liechtenstein,LIE,Renewable energy consumption (% of total final energy consumption),EG.FEC.RNEW.ZS,54,51.6,51.3,50.2,50.3,49.9,50.8,53.4,53,55.1,52.3,55.3,55.5,53.5,55,55.5,55.8,55.3,56.8,56.1,55.2,53.6,56.9
Liechtenstein,LIE,"Industry (including construction), value added (% of GDP)",NV.IND.TOTL.ZS,..,..,..,..,..,..,..,..,..,..,..,..,..,39.3045826652038,39.647172626367,37.2602648896845,41.9543783150565,44.078617141423,41.7550346850839,44.2952285660684,40.3036198267405,40.7763902142195,40.6279720081194
Liechtenstein,LIE,Fossil fuel energy consumption (% of total),EG.USE.COMM.FO.ZS,..,..,..,..,..,..,..,..,..,..,..,..,..,..,..,..,..,..,..,..,..,..,..
Liechtenstein,LIE,Population density (people per sq. km of land area),EN.POP.DNST,204.03125,207.4625,210.5875,212.99375,215.29375,217.20625,218.98125,220.3875,221.70625,223.3875,225.1375,226.95,229.10625,231.15,232.8,234.3375,235.725,237.2625,239.0375,241.01875,243.13125,244.8875,246.83125
Lithuania,LTU,Carbon dioxide (CO2) emissions excluding LULUCF per capita (t CO2e/capita),EN.GHG.CO2.PC.CE.AR5,3.33069869834172,3.56990772780365,3.621712850781,3.65760495758244,3.86864372274824,4.2006568492425,4.34042659902768,4.81707947342458,4.94907966310126,4.1757036860922,4.53268381761816,4.72835410808374,4.84698102028711,4.51208104685521,4.49695685049943,4.69154538699856,4.69759238181297,4.91124620467108,4.97158768444949,5.0848265565409,5.07093552483677,5.10222975523255,4.64398887005017
Lithuania,LTU,GDP per capita (constant 2015 US$),NY.GDP.PCAP.KD,6384.30865426374,6854.52512826671,7374.0979710116,8218.69336289848,8851.92598922347,9692.86853763267,10577.2145522871,11889.3545234657,12324.5197331387,10612.9204044582,10884.1161852582,11836.7200384033,12516.6184065667,13145.8069309969,13753.1895982305,14269.8039878287,14823.107153522,15695.9993288456,16604.9021440809,17431.7239081591,17443.65526328,18569.7057246217,18884.5152531698
Lithuania,LTU,Energy use (kg of oil equivalent per capita),EG.USE.PCAP.KG.OE,2040.58088590544,2388.28142241839,2578.77097536015,2714.29508589632,2784.89403569789,2668.04972447817,2669.90395839998,2927.72851407517,2978.8832571652,2771.81869908328,2276.51776090125,2412.97760145453,2468.16458396119,2352.91337348691,2376.27537817697,2420.60555053468,2504.98383829705,2653.39984329273,2711.1618678975,2707.60764686504,2674.06840356432,2774.31979458134,2453.93993260259
Lithuania,LTU,Urban population (% of total population),SP.URB.TOTL.IN.ZS,66.986,66.919,66.828,66.737,66.646,66.635,66.706,66.777,66.848,66.842,66.757,66.741,66.864,66.986,67.108,67.23,67.366,67.516,67.679,67.855,68.046,68.249,68.465
Lithuania,LTU,Trade (% of GDP),NE.TRD.GNFS.ZS,83.1914942748116,93.4871373685836,100.332229474818,98.0914043206711,104.072070698543,117.449691165186,124.613633047292,116.295810328172,126.759707831841,105.040251236614,131.626507396009,149.645306927215,156.638925650513,156.626637927418,143.290115780694,138.195575009601,134.690449650877,144.918393101325,147.202132525221,148.374996011818,135.796565563519,154.80672767597,175.651612151093
Lithuania,LTU,Renewable energy consumption (% of total final energy consumption),EG.FEC.RNEW.ZS,17.2,17.6,17.9,18.1,18.1,17.5,17.5,17.1,18.3,20.1,21.5,22.7,23.9,26.3,27.7,29,31.5,33.8,33.7,33.5,31.7,33.2,..
Lithuania,LTU,"Industry (including construction), value added (% of GDP)",NV.IND.TOTL.ZS,26.5008484486882,27.2146716594063,26.3988212298317,27.9630623171368,29.527855822781,29.7236068505939,30.1705478851017,29.645016281565,29.2009086287297,25.0207491016076,26.2116518144494,28.3534317115284,28.2001999312223,27.6242689150869,27.726441177948,26.9636978611038,25.9974602207029,25.720457681502,25.5788787201366,25.2564149405008,24.7876900738526,24.8587509219797,25.6398695886222
Lithuania,LTU,Fossil fuel energy consumption (% of total),EG.USE.COMM.FO.ZS,58.5886214105809,57.3586026543257,53.361643982234,52.0621058879902,53.2539247673701,59.7624057163478,61.0563641148812,60.9604722459253,60.1905808139219,55.351300944264,74.2727842079578,73.8607385970176,72.8845095772256,70.0490514414595,68.1948652301111,-61.3788549830684,0,0,0,0,0,0,0
Lithuania,LTU,Population density (people per sq. km of land area),EN.POP.DNST,55.8317804722399,55.3736119974473,54.9308710912572,54.4864869176771,53.8780312699426,53.0077855775367,52.1682992980217,51.5522335673261,51.0288153171121,50.4653530115676,49.418141204627,48.3153301209433,47.6934454478731,47.2477064220183,46.8835275339186,46.4662250598563,45.9328405861882,45.3798470650213,45.0135717707169,44.8912328329607,44.8797349089748,44.8551349624661,45.2309596830873
Luxembourg,LUX,Carbon dioxide (CO2) emissions excluding LULUCF per capita (t CO2e/capita),EN.GHG.CO2.PC.CE.AR5,20.171212468485,21.1405922654436,22.4846752955679,23.1474879879547,25.933922003078,26.0429789447887,25.2667480540034,23.6284695818481,22.9458712780108,21.3139058585769,22.1190130051504,21.3947413605172,20.4683715481424,18.9991902237927,17.6513834688371,16.3434596667158,15.53450604281,15.4077567009203,15.5749650464676,15.5138459454098,12.6041569178594,13.0068243175682,11.120757369052
Luxembourg,LUX,GDP per capita (constant 2015 US$),NY.GDP.PCAP.KD,92527.7108705226,94243.7068360989,96269.5797484275,97597.9973184565,100292.566948333,101222.044353044,105614.178851764,112417.876989455,110094.791529429,104574.349049084,106544.057363484,105290.249021891,104487.744312565,105338.955521681,105583.937273429,105462.012584423,108351.451826983,107142.126672598,106788.728745199,107591.965850496,105274.2471768,110873.185245175,107469.755128407
Luxembourg,LUX,Energy use (kg of oil equivalent per capita),EG.USE.PCAP.KG.OE,7682.15555208276,7986.41389470608,8205.47469644344,8553.03437986234,9381.20382071321,9429.92465262134,9172.05598332149,8779.506079749,8625.43333557115,7958.76292955031,8335.83500727028,8062.97911929005,7723.78432331196,7320.72167920662,6878.68145180459,6548.75962101678,6342.68337961913,6313.35371226953,6414.36478270833,6376.86696643123,5435.81570647944,5631.08725670864,4862.94740833352
Luxembourg,LUX,Urban population (% of total population),SP.URB.TOTL.IN.ZS,84.216,84.843,85.299,85.743,86.177,86.598,87.009,87.409,87.8,88.178,88.547,88.906,89.249,89.574,89.884,90.179,90.46,90.727,90.981,91.223,91.453,91.672,91.881
Luxembourg,LUX,Trade (% of GDP),NE.TRD.GNFS.ZS,272.412326845348,270.765630443257,250.689198161424,244.977946060528,265.226884855637,284.077476869478,305.879547488526,307.485020085196,292.21348078343,263.532701541684,293.671876906939,308.714453874162,311.786835204686,320.533506316768,333.42885319668,351.13197436149,348.437409376889,353.793991980303,361.865445198667,382.66078058442,375.581396376432,397.506180867971,412.177169924175
Luxembourg,LUX,Renewable energy consumption (% of total final energy consumption),EG.FEC.RNEW.ZS,6.8,3.4,1.3,1.3,1.4,1.9,2.1,3.6,4,3.7,3.7,3.8,4.2,5.7,6.8,9.1,13.5,15.3,16,16.4,20.8,20.5,..
Luxembourg,LUX,"Industry (including construction), value added (% of GDP)",NV.IND.TOTL.ZS,16.654678949085,16.3138530501545,16.1080518908929,16.2313623974908,15.4393460205431,14.4661273579401,13.5205791243289,14.4759684439971,12.8051473899025,11.0066049191433,10.997972653402,10.7084382796237,10.4267187903737,10.4429419766443,10.810880633632,11.539623433831,12.0959325625638,10.8183368591649,10.9720784332984,11.6004638626305,11.3427753359144,10.5920031023214,9.1137991530042
Luxembourg,LUX,Fossil fuel energy consumption (% of total),EG.USE.COMM.FO.ZS,83.3856430385505,84.9454884898552,89.8409783692785,89.6639949767496,91.3189743373686,91.1582286370798,90.3191259371886,88.0292046521103,86.9830678453625,88.6265822246323,87.8903570268286,86.9376874777109,87.1976199141495,84.4071017401002,83.1188430288718,80.557939565617,0,0,0,0,0,0,0
Luxembourg,LUX,Population density (people per sq. km of land area),EN.POP.DNST,169.472433053922,171.501984882267,173.30818890175,175.427079853639,177.938286087179,180.681774041935,183.586849281014,186.444147510546,189.806794434561,193.354334501216,196.916246513832,201.342029008025,206.235870823396,211.05785290896,216.091529874226,221.251835336342,226.072263698018,231.635372078028,236.146609386046,240.827591028798,244.874264894386,248.62068161867,253.685433061691
"Macao SAR, China",MAC,Carbon dioxide (CO2) emissions excluding LULUCF per capita (t CO2e/capita),EN.GHG.CO2.PC.CE.AR5,3.43265211333024,3.64323576861028,3.95506386861314,3.95784490532011,4.47371893556191,4.32291446673706,4.0765684505913,3.69994240737186,2.95431847604957,3.16560747663551,3.20316573556797,3.07278020378457,3.06902623701356,3.06656529819226,3.36014154737011,4.2911805879608,4.02406130268199,4.923658235657,3.80254970405221,4.02678571428571,4.18806536329151,4.10798534798535,4.31167872434667
"Macao SAR, China",MAC,GDP per capita (constant 2015 US$),NY.GDP.PCAP.KD,31763.2937989367,32432.1146406589,34959.5328781861,38571.4910549323,47651.1070103642,49454.3091065459,53221.5656127923,58352.9908957074,58122.6075826405,59490.45124494,74158.8818324985,88121.7526560989,93164.0155206906,98998.0880384689,92322.1502647243,70070.2918001631,68570.4684561327,75807.8927510468,79378.1729826817,75835.6453208622,33952.4798688679,42121.7200893806,34121.9031101701
"Macao SAR, China",MAC,Energy use (kg of oil equivalent per capita),EG.USE.PCAP.KG.OE,..,..,..,..,..,..,..,..,..,..,..,..,..,..,..,..,..,..,..,..,..,..,..
"Macao SAR, China",MAC,Urban population (% of total population),SP.URB.TOTL.IN.ZS,100,100,100,100,100,100,100,100,100,100,100,100,100,100,100,100,100,100,100,100,100,100,100
"Macao SAR, China",MAC,Trade (% of GDP),NE.TRD.GNFS.ZS,147.762511725432,150.023588329221,152.382640999662,150.78839554326,148.903750204961,136.372221937073,128.785689078596,130.670598794717,126.607131209269,113.555113336389,119.940087700279,122.888389442116,123.713341833778,121.422551665011,118.635351959792,118.498337540449,112.184468174855,114.925775444445,115.865480655493,114.703063841274,121.50036301495,167.688745835451,168.081022502393
"Macao SAR, China",MAC,Renewable energy consumption (% of total final energy consumption),EG.FEC.RNEW.ZS,0.2,0.9,1.4,2.4,2.5,2.3,2.8,3.4,4.7,3,5.5,6.4,11.1,16.6,11.4,5.4,5.4,3.9,8.4,8.4,11,13.6,11
"Macao SAR, China",MAC,"Industry (including construction), value added (% of GDP)",NV.IND.TOTL.ZS,11.4587356765804,9.82000290317898,9.23336710570753,9.54994179630217,8.41746503946968,10.9716162808602,14.1017023207354,13.7844932886133,11.8033195168377,7.31595528042561,4.80847090890587,4.1606022244938,4.03500637533326,3.71934647920163,5.03926880661139,7.69596450454257,6.62061807606065,4.99677284541064,4.09066117205018,4.21334413101183,8.4851657768273,7.68616442002856,9.25192066381316
"Macao SAR, China",MAC,Fossil fuel energy consumption (% of total),EG.USE.COMM.FO.ZS,..,..,..,..,..,..,..,..,..,..,..,..,..,..,..,..,..,..,..,..,..,..,..
"Macao SAR, China",MAC,Population density (people per sq. km of land area),EN.POP.DNST,21530,16688.4615384615,16237.037037037,16429.6296296296,16239.2857142857,16910.7142857143,17444.0559440559,17839.0410958904,18517.1232876712,18135.593220339,18080.8080808081,18381.27090301,18993.3110367893,19534.6534653465,20518.1518151815,21148.0263157895,21393.4426229508,21051.9480519481,20027.3556231003,20425.5319148936,20832.8267477204,20681.8181818182,20524.2424242424
Madagascar,MDG,Carbon dioxide (CO2) emissions excluding LULUCF per capita (t CO2e/capita),EN.GHG.CO2.PC.CE.AR5,0.102571163171885,0.100411326547932,0.0664390757948487,0.0857355310639406,0.0900701514214735,0.0933208425368927,0.0868839849192959,0.0887512677434248,0.0893669613225871,0.0824141144497125,0.0887197329166843,0.100520105335571,0.121483538922937,0.126465773152175,0.126520593233466,0.134421680011824,0.124548121774324,0.132598561876187,0.122804476724178,0.141756315496694,0.107354689006076,0.137485722565256,0.13108603957498
Madagascar,MDG,GDP per capita (constant 2015 US$),NY.GDP.PCAP.KD,465.529509827021,478.40561494987,406.70122213637,433.601040301214,443.278654985967,450.955230911228,461.540337897729,473.785462328449,490.963935389518,457.789754866068,447.417143030687,441.755158414121,442.641500123543,440.674658903628,443.343869908205,445.320069480568,451.15659433146,456.851859574031,459.330367799543,467.27741349648,422.924255422319,431.599103078558,438.516263353783
Madagascar,MDG,Energy use (kg of oil equivalent per capita),EG.USE.PCAP.KG.OE,255.709986506438,254.167832334244,235.904702374408,247.053924908213,250.245993304321,250.780807193194,250.834742473721,254.441517219544,259.197265939314,253.627612930936,255.486793083651,259.293314846996,265.242059456403,268.494073877684,271.281685784756,275.43076854299,293.322517988217,299.453710205685,292.820905838727,313.77500218938,301.748644745329,308.953475191696,308.672539601401
Madagascar,MDG,Urban population (% of total population),SP.URB.TOTL.IN.ZS,27.121,27.391,27.663,27.936,28.211,28.814,29.425,30.043,30.67,31.301,31.938,32.58,33.227,33.878,34.534,35.193,35.856,36.522,37.191,37.861,38.534,39.207,39.882
Madagascar,MDG,Trade (% of GDP),NE.TRD.GNFS.ZS,42.7771226639725,41.0351260923859,50.1816919379298,34.030602917475,48.7753818852156,59.1300849357677,62.1028389370244,66.7027353570049,74.357353960806,62.4116975958196,57.8748945101807,56.4830925951893,52.6517140811255,56.3675817900932,61.9694322111234,61.2203788365078,60.8346984831423,65.3434015072915,67.8415046683582,62.6013230457128,49.0107073664371,55.2158585926918,70.5471344131153
Madagascar,MDG,Renewable energy consumption (% of total final energy consumption),EG.FEC.RNEW.ZS,82.2,84.1,87.2,84.8,84.3,84.9,85.9,86.2,86.4,87.2,86.7,84.5,83.3,81.4,82.2,83.9,83.8,81.9,84.2,82.5,84.7,83.6,83.1
Madagascar,MDG,"Industry (including construction), value added (% of GDP)",NV.IND.TOTL.ZS,..,..,..,..,..,..,..,18.9068307503233,20.4685954426536,18.8332096319198,18.0075205568584,17.8532728101343,17.2760843242701,17.9096138237139,19.2497828687657,18.950884731327,19.4099444668858,20.1123576645922,21.4819574714216,22.445497353094,19.4661871058768,22.2500946222256,23.3568161542995
Madagascar,MDG,Fossil fuel energy consumption (% of total),EG.USE.COMM.FO.ZS,0,0,0,0,0,0,0,0,0,0,0,0,0,0,0,0,0,0,0,0,0,0,0
Madagascar,MDG,Population density (people per sq. km of land area),EN.POP.DNST,28.4010351824466,29.2893678852701,30.1783419885133,31.075857206727,31.9954053031606,32.946498951061,33.9287220139629,34.9392698696564,35.9800529628229,37.0521030367644,38.1458541114971,39.2273910913638,40.327672118186,41.4391371605363,42.5650532829151,43.7035097971812,44.8606943966999,46.0439584049502,47.2583808869027,48.5038741835682,49.7654795462358,51.0331436919904,52.3156772086628
Malawi,MWI,Carbon dioxide (CO2) emissions excluding LULUCF per capita (t CO2e/capita),EN.GHG.CO2.PC.CE.AR5,0.274276768120586,0.272792562583574,0.263197322658083,0.25873503703216,0.251705159463798,0.277935466043657,0.287391918341055,0.300338611067796,0.306709509311292,0.288910895325772,0.302749212674662,0.37645540242261,0.362422234538842,0.311388274683984,0.299105895014047,0.286773875547852,0.278765961835974,0.298413805317878,0.298077280642286,0.293554756731823,0.268727864109797,0.310621033559802,0.289167127884622
Malawi,MWI,GDP per capita (constant 2015 US$),NY.GDP.PCAP.KD,418.592985038462,388.260039763569,385.308980237095,397.224846758815,408.064916052765,410.267979592536,417.877689776503,445.254305419586,465.55147298007,489.631418790158,508.088650552846,517.833736624232,512.74031797451,525.357645516557,539.562601918057,539.605363240686,538.221990810959,544.795729220349,553.528790902088,569.866249371948,559.447086086067,569.968967322435,560.635759714941
Malawi,MWI,Energy use (kg of oil equivalent per capita),EG.USE.PCAP.KG.OE,..,..,..,..,..,..,..,..,..,..,..,..,..,..,..,..,..,..,..,..,..,..,..
Malawi,MWI,Urban population (% of total population),SP.URB.TOTL.IN.ZS,14.61,14.698,14.786,14.875,14.964,15.054,15.144,15.235,15.326,15.429,15.544,15.672,15.812,15.966,16.132,16.313,16.506,16.714,16.937,17.174,17.427,17.695,17.98
Malawi,MWI,Trade (% of GDP),NE.TRD.GNFS.ZS,..,..,..,..,..,..,..,..,..,..,..,..,..,..,..,..,..,..,..,..,..,..,..
Malawi,MWI,Renewable energy consumption (% of total final energy consumption),EG.FEC.RNEW.ZS,82.6,83.1,83.3,82.8,82.4,83.2,82.8,82.2,80.4,80,81.2,80.2,80.2,79.8,82.8,81,78.9,76.9,73.2,70.9,71.5,71.1,62.9
Malawi,MWI,"Industry (including construction), value added (% of GDP)",NV.IND.TOTL.ZS,19.0442214399711,17.8929694043274,19.8051602224861,21.1842295520251,18.4439345804436,17.5211453129149,19.2118062737994,21.2991638406833,18.9378891840899,18.0681311857964,17.9317288193438,18.1661996680566,17.7185220797601,17.4239449035616,17.2649267145494,17.556172133103,17.655842210407,17.747962478614,18.3907940135861,18.4990069222553,19.0817402966585,18.4239731099779,16.9073435383995
Malawi,MWI,Fossil fuel energy consumption (% of total),EG.USE.COMM.FO.ZS,..,..,..,..,..,..,..,..,..,..,..,..,..,..,..,..,..,..,..,..,..,..,..
Malawi,MWI,Population density (people per sq. km of land area),EN.POP.DNST,120.024840899448,122.964128128978,126.012303775986,129.206342808655,132.591610097582,136.19040093339,139.994707254985,144.000243954179,148.243710224862,152.691854051761,157.259896054306,161.911561306746,166.626824352991,171.423589308443,176.299724225711,181.221754348748,186.229730589733,191.341907085278,196.521860415783,201.800509121765,207.190156979211,212.635320322444,218.166397963513
Malaysia,MYS,Carbon dioxide (CO2) emissions excluding LULUCF per capita (t CO2e/capita),EN.GHG.CO2.PC.CE.AR5,5.69403725630682,5.88304152527669,6.08051197393529,6.344348664942,6.7160126400951,7.01158082434438,7.10770863810607,7.59083810519213,7.84104959659317,7.03938356420093,7.52290218907351,7.48674329665357,7.41258985024052,7.86251794368479,8.19206012795682,8.09817295267622,7.78769276889658,7.35156129174867,7.7287671310296,7.63165524920668,7.47703466654832,7.55240028563929,7.90714805522435
Malaysia,MYS,GDP per capita (constant 2015 US$),NY.GDP.PCAP.KD,6455.61419792583,6334.92795651698,6516.90671560155,6732.92049458099,7025.34558004381,7234.02442689141,7469.8106921211,7769.59693350488,7976.11785374773,7700.46111294033,8118.92270511981,8400.32248683558,8710.52671359902,8964.80724896203,9341.73055971278,9648.6797937523,9901.47960179812,10293.7629205362,10610.1950240479,10902.9834855856,10171.4657842762,10388.2667120857,11174.2100761842
Malaysia,MYS,Energy use (kg of oil equivalent per capita),EG.USE.PCAP.KG.OE,2102.39212549567,2135.7884053911,2154.46190610282,2254.16675979207,2371.20028657265,2515.14872740447,2472.12683283587,2584.76582554848,2678.81949826316,2483.79273364834,2529.59168934211,2591.22470848139,2587.43170352026,2869.7691156446,2879.92352228516,2706.92696275778,2759.17228283076,2617.76462271235,2839.45244829846,2878.2988852867,2722.6031659631,2793.49953523,2867.09651939173
Malaysia,MYS,Urban population (% of total population),SP.URB.TOTL.IN.ZS,61.977,62.922,63.856,64.78,65.694,66.594,67.483,68.36,69.225,70.075,70.912,71.609,72.275,72.93,73.577,74.213,74.84,75.447,76.036,76.607,77.16,77.696,78.214
Malaysia,MYS,Trade (% of GDP),NE.TRD.GNFS.ZS,220.406788982074,203.364636010653,199.356232695655,194.195129056831,210.374265897124,203.854644595624,202.577146840398,192.465506357652,176.668324785148,162.558970452699,157.944764886771,154.937684607226,147.841754766013,142.720991464873,138.312231176843,131.37007244526,126.8990100257,133.155173371956,130.402625502126,123.028562027943,116.788182437638,134.035994690727,146.505418280787
Malaysia,MYS,Renewable energy consumption (% of total final energy consumption),EG.FEC.RNEW.ZS,4.4,4.2,3.5,3.3,3.2,3,3.1,2.8,3,2.3,2,2.2,2.5,2.8,3,3.4,4.4,5.2,5.3,5.7,7,7.5,..
Malaysia,MYS,"Industry (including construction), value added (% of GDP)",NV.IND.TOTL.ZS,48.3205714911013,46.2026949988513,45.1153796974529,46.5786626994835,48.5303176049683,46.3683224854575,46.5156572562267,44.5959960321039,45.1050654004356,40.9678238412473,40.4989323548818,39.8242687277964,40.1350010090069,39.8853736547897,39.9244244845871,38.4496697879603,37.6832735037439,38.1147163565611,38.2914391724977,37.4765552390649,35.9347385342535,37.6826861838931,39.0948343009769
Malaysia,MYS,Fossil fuel energy consumption (% of total),EG.USE.COMM.FO.ZS,96.1567961651963,96.373691089,96.8499640265728,97.2228929717422,97.3520002354589,97.9412912306169,97.8512852253165,..,99.1148659611841,99.4684728611386,98.0917365271954,98.0304675352063,98.1387008200664,98.1079781319051,98.049556898084,67.1334615888337,0,0,0,0,0,0,0
Malaysia,MYS,Population density (people per sq. km of land area),EN.POP.DNST,69.9066078222493,71.6071769898037,73.3601491401613,75.1167310911581,76.8734500076092,78.6366489118856,80.4075757114594,82.1743691979912,83.9143478922538,85.6027332217319,87.2189194947497,88.7598204230711,90.2840693958302,91.8407091766854,93.4291188555775,95.0625414700959,96.7575254907929,98.4801217470705,100.170345457312,101.782364936844,103.148860143053,104.344541165728,105.601865773855
Maldives,MDV,Carbon dioxide (CO2) emissions excluding LULUCF per capita (t CO2e/capita),EN.GHG.CO2.PC.CE.AR5,2.25445803296941,1.96047662387932,2.33526281136837,1.94744528501708,2.45112188259962,2.23444908934859,2.66495884990011,2.70525981650584,2.84320433114198,2.82564065752638,2.92024213397193,3.06202732863405,3.72810986045117,4.05229084910141,5.3017646760167,3.70964652905263,3.91082497947251,4.00447754354804,4.50180617587439,5.06590723165023,5.00300726124138,5.10351561743201,5.30579691894388
Maldives,MDV,GDP per capita (constant 2015 US$),NY.GDP.PCAP.KD,7037.08545152972,6647.65038915578,7012.25568637991,7845.29307268562,8174.41607710658,7141.88376878034,8620.72815257681,8933.17166852079,9396.49734252794,8313.40982952913,8569.52494527593,9005.81390804487,8907.6613557359,9213.32792208085,9612.07862077246,9644.90655028145,9909.07669383367,10263.299119384,10793.8941387462,11194.9253726428,7295.60221324907,9759.22193251033,10939.9963243616
Maldives,MDV,Energy use (kg of oil equivalent per capita),EG.USE.PCAP.KG.OE,..,..,..,..,829.42673341893,734.264707322088,917.632889492147,921.47719883259,..,..,..,..,..,..,..,..,..,..,..,..,..,..,..
Maldives,MDV,Urban population (% of total population),SP.URB.TOTL.IN.ZS,27.706,28.859,30.042,31.252,32.49,33.75,34.794,35.2,35.61,36.021,36.434,36.849,37.267,37.685,38.106,38.529,38.954,39.38,39.808,40.238,40.669,41.102,41.536
Maldives,MDV,Trade (% of GDP),NE.TRD.GNFS.ZS,..,..,..,..,..,..,..,..,..,..,..,..,..,..,165.97925116043,143.720506661302,144.380212278942,141.912110574952,142.491128546618,137.125230875185,114.361902904327,142.607296696261,162.243570519228
Maldives,MDV,Renewable energy consumption (% of total final energy consumption),EG.FEC.RNEW.ZS,2.3,2.3,1.8,2.2,1.7,2,1.6,1.5,1.5,1.5,1.4,1.3,1.2,1.3,1.2,1.5,1.2,1.3,1.3,1.3,1.6,1.4,1.2
Maldives,MDV,"Industry (including construction), value added (% of GDP)",NV.IND.TOTL.ZS,..,..,..,12.3754592610708,11.0588125194448,11.7319293605781,9.51763428908971,8.74551343333508,11.4493071778151,9.62024684635871,9.43175580619357,10.0744819854785,9.79079162730297,8.05840306592254,8.4139107553832,10.7232266023621,11.2741492757581,11.4251984593511,13.0536487046675,11.9425437773352,12.5605139140038,9.19229759630424,9.91860129412384
Maldives,MDV,Fossil fuel energy consumption (% of total),EG.USE.COMM.FO.ZS,..,..,..,..,0,0,0,0,..,..,..,..,..,..,..,..,..,..,..,..,..,..,..
Maldives,MDV,Population density (people per sq. km of land area),EN.POP.DNST,940.063333333333,955.89,972.053333333333,988.303333333333,1004.71,1021.43,1046.17,1081.59666666667,1120.56666666667,1160.91666666667,1202.64,1245.58,1289.39333333333,1333.56666666667,1378.72333333333,1427.18,1477.69333333333,1527.62333333333,1576.99666666667,1625.77,1673.72666666667,1720.51333333333,1747.02
Mali,MLI,Carbon dioxide (CO2) emissions excluding LULUCF per capita (t CO2e/capita),EN.GHG.CO2.PC.CE.AR5,0.0694160281470575,0.0695256056879031,0.0706540093830998,0.0701460903881803,0.0697352677664084,0.06985927028011,0.0818862485926694,0.0933407803067899,0.104981118123536,0.130406848766344,0.125203838798364,0.132703473042068,0.135802059239963,0.15884084500145,0.16194543621357,0.188473933930697,0.236576084076479,0.255735990859744,0.265497115501738,0.296429653787271,0.298367363555661,0.29472995891218,0.296676063077307
Mali,MLI,GDP per capita (constant 2015 US$),NY.GDP.PCAP.KD,596.578639012468,667.920530395715,667.601809829487,705.686954046396,693.861121985899,721.897987084722,745.087500057101,748.926158364864,772.091975202052,781.972286784084,809.373887616452,815.12426700512,787.149724118126,782.702450304467,816.004655542979,838.11986940103,860.75307554569,878.561348378099,892.978322787306,909.751069706998,872.389721102137,872.332803686266,876.168301872624
Mali,MLI,Energy use (kg of oil equivalent per capita),EG.USE.PCAP.KG.OE,..,..,..,..,..,..,..,..,..,..,..,..,..,..,..,..,..,..,..,..,..,..,..
Mali,MLI,Urban population (% of total population),SP.URB.TOTL.IN.ZS,28.356,29.075,29.806,30.547,31.3,32.06,32.832,33.612,34.403,35.2,35.999,36.799,37.599,38.398,39.196,39.991,40.783,41.572,42.356,43.136,43.909,44.677,45.437
Mali,MLI,Trade (% of GDP),NE.TRD.GNFS.ZS,55.4225754322684,60.2008030180009,57.8292913721816,58.6281417028541,40.1303621546819,41.6557421435865,45.4398076879091,44.2077103313541,51.6061784639021,39.1346822998692,47.0196635730197,43.0309525232702,49.1038212559888,54.5264954580149,51.4954510008387,53.5751760102265,53.6126193604252,49.4919984941972,50.6998462523276,53.9987132798636,56.0415474422019,56.7150525565465,61.6636979670454
Mali,MLI,Renewable energy consumption (% of total final energy consumption),EG.FEC.RNEW.ZS,83.5,82.1,83.6,85.8,81.5,82.3,81.7,78.9,75,78.7,84,83.6,81.2,84.8,84.6,81.2,77.9,77,77.2,74.9,72.8,71.2,71.1
Mali,MLI,"Industry (including construction), value added (% of GDP)",NV.IND.TOTL.ZS,21.5209477946314,22.6703385481688,22.6011138032382,22.7592079275042,24.1883141459689,26.3738624155344,29.6487224275055,27.3213023047178,26.481875371738,26.7507395652983,26.582174947023,24.2628453634457,23.9081028780387,22.7970762794672,23.4386609060195,22.3555320283093,21.8908239361417,22.1743386291663,23.2080317204235,23.0829741121544,26.7389536942111,25.7809386341484,24.796496641708
Mali,MLI,Fossil fuel energy consumption (% of total),EG.USE.COMM.FO.ZS,..,..,..,..,..,..,..,..,..,..,..,..,..,..,..,..,..,..,..,..,..,..,..
Mali,MLI,Population density (people per sq. km of land area),EN.POP.DNST,9.47335251067457,9.76254353830141,10.0706037584311,10.3958850670797,10.7380071956007,11.0955236479565,11.4655414320721,11.8487899425499,12.2446356714938,12.6501110482794,13.0677992771618,13.497118481548,13.8970430834542,14.3089313959301,14.7684106573566,15.2378088658324,15.7281152935199,16.2376441373884,16.7531531974529,17.2664953818668,17.7954548062187,18.348478515641,18.9090551471492
Malta,MLT,Carbon dioxide (CO2) emissions excluding LULUCF per capita (t CO2e/capita),EN.GHG.CO2.PC.CE.AR5,5.47262533742473,6.34763935393916,5.86939886708303,6.55674365626145,6.4961571817339,6.52421539543476,6.56266345593968,6.69717056283868,6.67474394143324,6.10555255202108,6.26091655649589,6.20345546619005,6.48742464788062,5.60862503236741,5.4657528242299,3.7641258835712,3.00392734953411,3.33564544236212,3.2388722533235,3.31982568384956,3.14322295291858,3.1405963524076,3.31285432666871
Malta,MLT,GDP per capita (constant 2015 US$),NY.GDP.PCAP.KD,17178.2854995031,16920.7309078359,17255.4273597633,17775.5868136847,17728.4915052597,18123.2974963382,18479.2305078956,19342.3919067213,20064.439792432,19635.8764593794,20750.6053684063,20867.8390402328,21529.492771186,22626.4659542464,23865.980898379,25529.6813131565,25969.4410846379,28546.7780455971,29536.8950627078,29522.6524527602,27890.3651055057,31437.5030232122,31979.6090400598
Malta,MLT,Energy use (kg of oil equivalent per capita),EG.USE.PCAP.KG.OE,1731.67515154798,2001.30094235953,1851.86412884869,2071.44952722888,2066.57163915642,2101.87985022264,2095.17873042085,2131.22296210827,2153.74903793408,1953.4340878955,2022.68894914335,2002.2597001723,2102.78419805068,1822.11290174526,1793.37877402513,1448.8722651887,1311.66732595294,1451.209231349,1407.69637134225,1440.48279152041,1336.72896034906,1363.05571036865,1456.24524810948
Malta,MLT,Urban population (% of total population),SP.URB.TOTL.IN.ZS,92.368,92.641,92.905,93.16,93.407,93.645,93.784,93.857,93.929,94.001,94.072,94.141,94.211,94.279,94.347,94.414,94.48,94.546,94.612,94.678,94.744,94.81,94.875
Malta,MLT,Trade (% of GDP),NE.TRD.GNFS.ZS,189.600620985965,161.324371722227,162.525751873826,154.57349026941,155.889850843672,157.549373234767,182.434091177607,184.831344837496,185.74934989812,163.557248893882,178.232753529545,192.02838351559,199.21347305101,187.431187125075,181.300566828563,207.19639824364,213.35939190737,213.047878484397,228.098550741999,233.070441902701,256.402967044059,220.738701426547,243.415382342225
Malta,MLT,Renewable energy consumption (% of total final energy consumption),EG.FEC.RNEW.ZS,0,0,0.1,0.1,0.1,0.1,0.2,0.2,0.2,0.3,1.2,2,2.7,3.2,4.5,6,9.2,7.3,7.6,7.4,9.2,8.6,..
Malta,MLT,"Industry (including construction), value added (% of GDP)",NV.IND.TOTL.ZS,26.9973847512276,23.8497437089857,24.7690881424424,24.5360080620593,22.2274192080856,20.73944585998,19.8027225091423,18.50926725004,19.3024237465671,17.655257440961,17.4439389037771,16.4457629303318,15.074609624433,14.559529637149,13.0759999781862,12.0903046948537,12.278697193042,11.4560569395944,11.5158115860279,12.0664713713003,12.2691175489107,12.0207569617155,11.8960084189782
Malta,MLT,Fossil fuel energy consumption (% of total),EG.USE.COMM.FO.ZS,..,..,99.9700268655727,99.9646947118706,99.9516347360218,..,98.0389962310835,..,94.7793300609492,96.4938566118259,99.16131000769,98.7958101788154,98.4548454744568,97.9992576524298,97.3823335627365,82.3987161613524,0,0,0,0,0,0,0
Malta,MLT,Population density (people per sq. km of land area),EN.POP.DNST,1219.021875,1228.2125,1237.403125,1245.56875,1253.9625,1261.98125,1266.5875,1271.0125,1279.309375,1288.990625,1295.3375,1300.8375,1312.5875,1327.53125,1354.628125,1388.1875,1420.328125,1459.70625,1512.196875,1574.725,1610.90625,1619.21875,1659.728125
Marshall Islands,MHL,Carbon dioxide (CO2) emissions excluding LULUCF per capita (t CO2e/capita),EN.GHG.CO2.PC.CE.AR5,0,0,0,0,0,0,0,0.00192178341500913,0.00576590428598885,0.00961187258501701,0.00960725539927753,0.00770608973741499,0.00583441918357027,0.00394625204711825,0.0020081934291911,0,0,0,0,0,0,0,0
Marshall Islands,MHL,GDP per capita (constant 2015 US$),NY.GDP.PCAP.KD,3040.59677355737,3224.7911898754,3322.41127856101,3256.97244330835,3234.15265200518,3284.78403267445,3285.12078781351,3403.47842798117,3146.26177205458,3262.26955535477,3441.31888402121,3433.06297801838,3420.91444796671,3602.92811901896,3620.77275283155,3764.34426229508,3946.8444109078,4190.93468589482,4542.34293916308,5162.81500670348,5172.57528216176,5405.2747359006,5516.88000598847
Marshall Islands,MHL,Energy use (kg of oil equivalent per capita),EG.USE.PCAP.KG.OE,..,..,..,..,559.942847212836,558.70226948715,577.011847976612,614.970692802921,..,..,..,..,..,..,..,..,..,..,..,..,..,..,..
Marshall Islands,MHL,Urban population (% of total population),SP.URB.TOTL.IN.ZS,68.58,69.101,69.618,70.13,70.637,71.138,71.635,72.126,72.613,73.093,73.568,74.038,74.498,74.946,75.384,75.811,76.228,76.634,77.031,77.417,77.794,78.162,78.52
Marshall Islands,MHL,Trade (% of GDP),NE.TRD.GNFS.ZS,130.083116724792,118.734360460794,102.320551682328,117.024674269896,114.023100075245,124.701014492754,112.408519553073,114.527707641196,122.046793997271,128.862235449735,144.804965859714,153.240162507255,157.517100166021,161.91974248927,149.853494623656,138.489820359281,116.326362735382,125.145250350959,128.482272727273,153.007728638901,107.825971877585,117.622325222093,118.835319652723
Marshall Islands,MHL,Renewable energy consumption (% of total final energy consumption),EG.FEC.RNEW.ZS,19.6,19.1,18.6,18.6,18.4,18.4,17,15.2,14.8,14,13.7,12.3,12,12.4,12.2,11.7,12.1,12,12,12.1,12,12.1,12.2
Marshall Islands,MHL,"Industry (including construction), value added (% of GDP)",NV.IND.TOTL.ZS,12.7373659530558,10.6228366069992,14.757199151258,11.6742737086141,10.3000752445448,8.12275362318841,11.3769553072626,13.2601993355482,12.7225102319236,13.628373015873,14.622905027933,13.5373766686013,13.3474266740454,13.8843347639485,14.5738172043011,11.298856831791,15.2969772051536,13.0123069723912,12.1986818181818,14.4171747531129,13.3453680727874,10.6494399382001,8.49952644041042
Marshall Islands,MHL,Fossil fuel energy consumption (% of total),EG.USE.COMM.FO.ZS,..,..,..,..,0,0,0,0,..,..,..,..,..,..,..,..,..,..,..,..,..,..,..
Marshall Islands,MHL,Population density (people per sq. km of land area),EN.POP.DNST,281.7,284.016666666667,285.694444444444,286.883333333333,287.727777777778,288.366666666667,288.844444444444,289.083333333333,289.055555555556,288.994444444444,289.133333333333,288.372222222222,285.661111111111,281.561111111111,276.644444444444,271.111111111111,265.05,258.494444444444,251.583333333333,244.483333333333,237.255555555556,229.816666666667,222.65
Mauritania,MRT,Carbon dioxide (CO2) emissions excluding LULUCF per capita (t CO2e/capita),EN.GHG.CO2.PC.CE.AR5,0.40815920466542,0.43438008630859,0.47202002442805,0.482683010914168,0.518011171751031,0.523943207672932,0.565524976274696,0.607068924323784,0.663311834469534,0.640198901002543,0.623863708413387,0.652104838085754,0.706735554294323,0.626995344263665,0.698815179053526,0.690047476537201,0.636853056177702,0.887711965040612,0.906312929592628,0.966782072597403,0.980146000189995,0.969719574375158,0.980302676347726
Mauritania,MRT,GDP per capita (constant 2015 US$),NY.GDP.PCAP.KD,1304.64439067179,1262.65567288639,1252.10300454131,1308.56307582578,1338.66768122804,1418.53202144135,1637.04191255803,1563.60628765192,1514.2655013629,1469.05426880813,1460.19179652873,1472.55245572229,1488.97177557214,1502.90142381083,1520.64621634902,1554.94897871782,1528.05152299375,1576.06857825162,1602.90225649072,1605.1352359742,1553.30615586591,1520.31117904613,1576.75624107308
Mauritania,MRT,Energy use (kg of oil equivalent per capita),EG.USE.PCAP.KG.OE,..,..,..,..,..,..,..,..,..,..,..,..,..,..,..,..,..,..,..,..,..,..,..
Mauritania,MRT,Urban population (% of total population),SP.URB.TOTL.IN.ZS,38.091,38.616,39.48,40.351,41.229,42.111,42.998,43.89,44.788,45.686,46.588,47.493,48.4,49.306,50.203,51.089,51.962,52.824,53.672,54.507,55.327,56.133,56.923
Mauritania,MRT,Trade (% of GDP),NE.TRD.GNFS.ZS,58.9403747670668,60.7012124604715,56.7855296001806,55.3180243332438,75.2188046787959,88.2350995596491,82.7885012130323,86.0640556779132,94.1202110004251,82.0086176018151,93.4207451334608,98.485329604158,110.788122743421,102.398824183169,91.610371363604,77.3467864944966,73.1532616736712,78.8149801833884,89.1467294935148,93.4866941351317,86.7761681322741,88.3068737571235,102.025899125696
Mauritania,MRT,Renewable energy consumption (% of total final energy consumption),EG.FEC.RNEW.ZS,44.4,44.2,42.1,40.2,38.6,38.8,39.1,35.6,35.8,33.4,34,33.3,31.9,35.1,31,28.3,31.7,25.5,21.6,21.2,20.9,22.1,19.6
Mauritania,MRT,"Industry (including construction), value added (% of GDP)",NV.IND.TOTL.ZS,29.9518502588297,29.0361452374828,28.4202988789773,26.7345509917915,27.5321174229442,33.1903258148872,43.8696653715372,37.0052476945385,36.4890884436152,32.7544134822838,38.1929057828319,44.107903772358,37.4741781393169,38.6097701314865,28.4373706611028,22.7465105988095,25.2197600424352,23.7456292323677,23.6350387192204,28.5984350915107,33.6465387739026,32.0818928944898,29.1375503330515
Mauritania,MRT,Fossil fuel energy consumption (% of total),EG.USE.COMM.FO.ZS,..,..,..,..,..,..,..,..,..,..,..,..,..,..,..,..,..,..,..,..,..,..,..
Mauritania,MRT,Population density (people per sq. km of land area),EN.POP.DNST,2.53559813718832,2.59897157271757,2.65708256524692,2.71858542737945,2.78321917143689,2.85151741534879,2.92389638110022,3.00093043562627,3.08845347821869,3.18661880275541,3.28996313185214,3.39847773357912,3.511238963811,3.62308916270496,3.7338837683128,3.84783060056272,3.96493354031241,4.08518482584651,4.20848452508004,4.33463471427185,4.46311341806539,4.59384301930727,4.73041331134181
Mauritius,MUS,Carbon dioxide (CO2) emissions excluding LULUCF per capita (t CO2e/capita),EN.GHG.CO2.PC.CE.AR5,2.05801294662529,2.15901368149951,2.18857217332256,2.27506861056397,2.28017457778564,2.42482418131755,2.69149981037216,2.75356356332131,2.80270166647778,2.75542736300022,2.93881957773513,2.91886643607015,2.98021629420598,3.06467332895394,3.16355430666472,3.16855375693158,3.22517086093973,3.33270877161359,3.30442161954587,3.32736959758607,2.96576499154038,3.15390726301276,3.20714949351418
Mauritius,MUS,GDP per capita (constant 2015 US$),NY.GDP.PCAP.KD,5671.0295504201,5814.74834570012,5867.77362995049,6170.64876733851,6397.59346169031,6472.87388554741,6756.22955969517,7110.69493851624,7466.69465771689,7693.76434353874,8011.45517219702,8324.78328337964,8591.96715947096,8859.2121832294,9181.61575362564,9507.87133656424,9868.32716641952,10247.6960577758,10652.4836886859,10956.9450226163,9362.87435896817,9679.12123882353,10552.2905595266
Mauritius,MUS,Energy use (kg of oil equivalent per capita),EG.USE.PCAP.KG.OE,851.243682124642,886.792161463512,873.221713167187,909.089564102277,919.838083699622,945.754720316685,1006.02062916824,1007.59469875165,1026.70709293057,999.514481044517,1050.75767175161,1053.55801429009,1066.25424955695,1085.5501957804,1104.47535515255,1136.14919149846,1135.89802652029,1156.15517897714,1142.14424076921,1163.15179238921,1025.83744169656,1072.42945671071,1095.73879704883
Mauritius,MUS,Urban population (% of total population),SP.URB.TOTL.IN.ZS,42.67,42.559,42.447,42.335,42.223,42.112,42,41.889,41.777,41.666,41.555,41.444,41.332,41.222,41.111,41,40.91,40.841,40.793,40.766,40.76,40.775,40.81
Mauritius,MUS,Trade (% of GDP),NE.TRD.GNFS.ZS,120.687648773646,128.05457898019,118.230470380251,108.655579313428,107.027698267505,121.608743996836,127.062861757975,120.876451250142,115.489315893532,104.42972895159,113.457073552476,117.538946368786,119.500119779606,113.308833075877,110.589707531641,107.145979436304,100.016978687279,99.7018151211455,96.6339164118573,95.8457981519523,83.2396173536449,92.2590939564376,112.584757873474
Mauritius,MUS,Renewable energy consumption (% of total final energy consumption),EG.FEC.RNEW.ZS,20.4,20.1,17.9,18.9,19.1,17.6,16.4,15.7,12.7,12.8,12.8,12,11.4,11.4,10.6,11.5,10.3,9.4,9.2,8.9,9.4,8.6,..
Mauritius,MUS,"Industry (including construction), value added (% of GDP)",NV.IND.TOTL.ZS,25.640266746151,26.3874036179347,25.6239987275773,24.9152577893048,24.0862009085375,23.0539698198427,22.336339570153,22.5452664657871,23.3375783630134,23.349648336281,22.4719684891072,21.5997725671184,20.9397565622112,20.3269115102633,19.7179475010678,19.1931790105859,18.584513649971,17.7627251983141,17.5995456427096,16.9108859849875,16.6414183044685,18.2388728652672,18.1062281146272
Mauritius,MUS,Fossil fuel energy consumption (% of total),EG.USE.COMM.FO.ZS,73.8611897021268,73.5255847802584,75.418393851183,75.8391637702174,75.4605190821502,77.3956688228626,79.5417086116658,80.3241122707703,79.4250364846658,81.0446002911749,81.865719929465,82.4359426688858,83.2722520645664,84.4709473801936,85.0556234220937,83.3412463635896,0,0,0,0,0,0,0
Mauritius,MUS,Population density (people per sq. km of land area),EN.POP.DNST,584.666502463054,589.303940886699,593.409359605911,597.71921182266,601.479310344828,605.051231527094,607.879802955665,610.655172413793,612.867487684729,614.497044334975,615.960591133005,627.142714071107,628.884326489735,630.409113670506,631.551326990486,632.388082123185,632.822734101152,633.393590385578,633.739108662994,633.943415122684,633.957936905358,634.118177265899,632.209814722083
Mexico,MEX,Carbon dioxide (CO2) emissions excluding LULUCF per capita (t CO2e/capita),EN.GHG.CO2.PC.CE.AR5,4.02242412797852,3.94369283983265,3.94818249826802,4.08524049895262,4.12319826676846,4.22722561433396,4.32537009970363,4.32861291944168,4.2787664460404,4.12095937274701,4.19738559393691,4.2216609449848,4.33344945678331,4.17439314596324,4.0140164992127,4.04965029740162,4.0599543149425,4.05637657039332,3.82148846798022,3.85856547199239,3.37396129154087,3.54786659341113,3.62283731915151
Mexico,MEX,GDP per capita (constant 2015 US$),NY.GDP.PCAP.KD,9581.96970218684,9398.35074363503,9242.27886137666,9221.9966670073,9421.28976148291,9491.51730283716,9813.82804202904,9877.69532652913,9826.34218464752,9074.1188146315,9389.06722045352,9575.93437796508,9782.51776268033,9738.71059677222,9862.4812527519,10021.2386124039,10100.5021214851,10193.7727202899,10296.8690920868,10159.4448356722,9234.64362409252,9728.05680082173,10013.366859074
Mexico,MEX,Energy use (kg of oil equivalent per capita),EG.USE.PCAP.KG.OE,1541.32297457171,1563.12708165755,1556.55451556538,1644.23440955963,1651.99432971724,1718.63669370638,1723.71763802356,1693.77880726541,1678.23287321257,1616.79369985205,1581.82622504404,1632.53833582198,1652.16322037583,1633.00512016612,1582.66666115179,1539.13826670827,1525.3837445098,1478.43896510686,1493.47882156246,1469.65350320528,1366.42722558757,1417.70559078908,1525.73516114419
Mexico,MEX,Urban population (% of total population),SP.URB.TOTL.IN.ZS,74.722,75.045,75.365,75.682,75.997,76.308,76.616,76.92,77.222,77.52,77.815,78.111,78.405,78.699,78.993,79.285,79.577,79.867,80.156,80.444,80.731,81.016,81.3
Mexico,MEX,Trade (% of GDP),NE.TRD.GNFS.ZS,49.9104091872497,44.7401090123173,45.209829259652,48.7004168690455,52.0406200335632,52.5626446517886,54.4821160886169,55.2585243990368,56.3652818731773,54.5917421313503,59.2733845378721,62.1623872683072,64.2579318977864,62.6916747661852,64.0984090280535,70.4129746726021,75.6903034088551,76.9521260407254,80.2126616635331,77.4619722571128,76.8545556992201,83.0692976326771,88.8269347828552
Mexico,MEX,Renewable energy consumption (% of total final energy consumption),EG.FEC.RNEW.ZS,12.2,11.3,10.7,10.2,10.2,10.3,9.8,9.5,9.8,9.2,9.4,9.1,9,9.2,9.8,9.2,9.2,10.1,10.3,10.3,12.3,13,..
Mexico,MEX,"Industry (including construction), value added (% of GDP)",NV.IND.TOTL.ZS,34.3868003324753,33.3084037583111,32.864500489183,31.5006616846741,33.0062868204379,33.0531376364211,34.3856666700872,34.0245019460578,34.8480623902362,31.9993138894743,32.5394870440162,33.823102213766,34.0963424750026,32.1682751220869,31.917554117239,30.8402536024088,30.6167914029625,31.9586846687432,32.0438654405128,31.8382961335776,30.9999803923385,31.9695289897874,33.1372227138327
Mexico,MEX,Fossil fuel energy consumption (% of total),EG.USE.COMM.FO.ZS,86.0908383850131,87.6162816142776,87.3977597247212,86.7869443947079,86.0209350511092,87.0676089708095,88.0590606902929,87.5819597899737,86.9967690140248,89.9829429574913,87.9924242877659,88.2900712146278,90.4460324837664,90.0283119349979,89.516999817291,90.902229466453,0,0,0,0,0,0,0
Mexico,MEX,Population density (people per sq. km of land area),EN.POP.DNST,50.734613544587,51.4926304688907,52.2382900794774,52.9738496360503,53.7020658967566,54.4311859872939,55.1730579490213,55.9553280691376,56.7783574680419,57.6145070603668,58.4500090022892,59.2831626327838,60.0932163893104,60.8778893490059,61.6190030607783,62.2815946912215,62.8881149206513,63.4790282671879,64.0827752771419,64.6945559299365,65.227528485815,65.664316469045,66.1607124668844
"Micronesia, Fed. Sts.",FSM,Carbon dioxide (CO2) emissions excluding LULUCF per capita (t CO2e/capita),EN.GHG.CO2.PC.CE.AR5,0,0,0,0,0,0,0,0,0,0,0,0,0,0,0,0,0,0,0,0,0,0,0
"Micronesia, Fed. Sts.",FSM,GDP per capita (constant 2015 US$),NY.GDP.PCAP.KD,2774.79494666123,2826.84271814889,2840.20752247657,2889.04669625569,2809.06585903908,2879.62178695366,2895.03542297907,2863.83528755232,2819.07927372108,2875.73866449213,2952.11580223798,3041.77717927473,2979.68061790385,2863.90347357213,2790.77010690782,2911.16211045292,2915.62716763945,2928.72277934078,2917.31795034991,3026.12235068898,2958.48866022271,3030.84654184752,2929.91266261092
"Micronesia, Fed. Sts.",FSM,Energy use (kg of oil equivalent per capita),EG.USE.PCAP.KG.OE,..,..,..,..,..,..,..,..,..,..,..,..,..,..,..,..,..,..,..,..,..,..,..
"Micronesia, Fed. Sts.",FSM,Urban population (% of total population),SP.URB.TOTL.IN.ZS,22.33,22.33,22.33,22.33,22.33,22.33,22.324,22.317,22.311,22.305,22.298,22.305,22.324,22.355,22.399,22.456,22.526,22.608,22.703,22.812,22.933,23.068,23.217
"Micronesia, Fed. Sts.",FSM,Trade (% of GDP),NE.TRD.GNFS.ZS,90.5888324263799,95.7320572733056,89.8144131632725,94.7935260513159,93.7176359912752,92.5195549498386,95.3224299415599,98.6724416170276,109.289475654306,108.787817810896,105.813653142123,106.904622398343,111.358914489194,113.261346269274,105.859971084144,105.296472336084,102.884676923077,103.181727019499,103.406785714286,95.8493908629442,85.309816339618,87.2481106515589,87.7013226864624
"Micronesia, Fed. Sts.",FSM,Renewable energy consumption (% of total final energy consumption),EG.FEC.RNEW.ZS,1.3,1.4,1.6,0.9,1,1.4,1.4,1.2,1.4,1.1,2,1.6,1.4,1.4,1.5,1.7,1.9,1.7,2,2,2,2.1,2
"Micronesia, Fed. Sts.",FSM,"Industry (including construction), value added (% of GDP)",NV.IND.TOTL.ZS,8.1825149889528,8.25369370326458,6.78690006317078,6.63700750795839,6.11885812284587,5.25131861313183,4.05455666302098,3.15019595992324,3.7592567750644,6.88639333020794,7.23546957154562,8.16256646287716,8.33815382612674,7.30729752495473,6.03048442828542,6.11327565271435,6.04695384615385,5.42941504178273,4.86645408163265,4.81791878172589,4.87352343797029,5.00232446542133,5.01864500329626
"Micronesia, Fed. Sts.",FSM,Fossil fuel energy consumption (% of total),EG.USE.COMM.FO.ZS,..,..,..,..,..,..,..,..,..,..,..,..,..,..,..,..,..,..,..,..,..,..,..
"Micronesia, Fed. Sts.",FSM,Population density (people per sq. km of land area),EN.POP.DNST,160.062857142857,160.521428571429,160.64,160.407142857143,159.892857142857,159.16,158.184285714286,156.971428571429,155.622857142857,154.224285714286,153.628571428571,153.854285714286,154.128571428571,154.458571428571,154.851428571429,155.308571428571,155.821428571429,156.401428571429,157.012857142857,157.545714285714,158.451428571429,159.462857142857,160.162857142857
Moldova,MDA,Carbon dioxide (CO2) emissions excluding LULUCF per capita (t CO2e/capita),EN.GHG.CO2.PC.CE.AR5,2.35667774940609,2.45999585351603,2.50959594832013,2.71004595621794,2.72390792476441,2.88281178337721,2.81478406382301,2.79121970261271,2.762203307059,2.72419537395649,2.97031743802479,2.98252280299325,2.91935459059883,2.61981047420615,2.8126733186018,2.92534004142486,3.00376072083693,3.01336859286241,3.27230724847749,3.41803091631935,3.35649474598976,3.71637512621306,3.73997391497611
Moldova,MDA,GDP per capita (constant 2015 US$),NY.GDP.PCAP.KD,1346.91567176561,1432.2768928234,1547.57421231612,1654.36629303195,1781.19145323724,1919.44550763748,2017.17730062908,2082.51260097669,2249.22589719372,2116.94357544097,2269.51116145996,2402.94446306051,2389.08666147529,2605.85029986142,2737.80185056647,2749.55137054338,2910.95486872376,3085.33305844263,3267.9961042872,3438.67732670712,3188.91691602699,3688.16729442144,3611.95484829954
Moldova,MDA,Energy use (kg of oil equivalent per capita),EG.USE.PCAP.KG.OE,985.928952009192,1046.10154095215,1063.47434041597,1157.57082496873,1166.2119108417,1219.63334396967,1197.85781024639,1173.38914723484,1168.16512504218,1111.42197315364,1302.53378603286,1322.40704209495,1316.76859981901,1184.75017871064,1277.13936379874,1307.99462011084,1356.31269266323,1397.59909786185,1495.57314367291,1500.03948472062,1461.47443268889,1611.52792339614,1422.63575303914
Moldova,MDA,Urban population (% of total population),SP.URB.TOTL.IN.ZS,44.589,44.189,43.789,43.389,42.99,42.775,42.744,42.713,42.682,42.651,42.62,42.589,42.558,42.527,42.496,42.49,42.511,42.557,42.629,42.726,42.849,42.998,43.173
Moldova,MDA,Trade (% of GDP),NE.TRD.GNFS.ZS,126.163100130478,124.500739599353,129.839525501535,140.056529925052,132.69906968032,143.023568469138,137.154763819994,142.720539023021,134.4216013477,110.363326850495,87.9378518951573,98.6175965326556,96.3064098336294,95.6872968332383,94.2282919690928,88.9664154565323,89.0046837188671,88.6233902754378,87.4467874275648,87.6322371148906,79.265722119158,88.4708865399267,112.117671579766
Moldova,MDA,Renewable energy consumption (% of total final energy consumption),EG.FEC.RNEW.ZS,5.7,5.6,5.8,5.9,4.8,4.3,5,4.4,4.9,4.8,20,20.4,22.1,23.8,24.3,24.7,25.3,26.1,25.3,22,22.3,21.4,..
Moldova,MDA,"Industry (including construction), value added (% of GDP)",NV.IND.TOTL.ZS,19.1476693676567,21.9691372835076,20.3847621314161,20.6728809877258,20.7175324675325,19.1675900350579,18.7779036510703,19.4423919146547,19.1217348463177,17.1628740871454,20.4338917212317,20.9107204171007,21.3145109050194,21.6032575380958,21.1263772009346,21.1076657265026,21.1944646085144,21.0188767695091,22.1479763600006,21.9233489252916,23.1345230028419,20.6312606801817,19.0908218110745
Moldova,MDA,Fossil fuel energy consumption (% of total),EG.USE.COMM.FO.ZS,91.4662878991428,90.952316315751,89.4672499324993,87.7895522572192,89.2781419280911,88.753252100702,87.9941128939812,89.1464591387097,88.892670932427,92.4278642525504,84.9973480310305,83.1697575508078,82.1328180961487,78.2268615469202,80.2245742858812,81.5491493364742,0,0,0,0,0,0,0
Moldova,MDA,Population density (people per sq. km of land area),EN.POP.DNST,101.844482362364,101.616986454017,101.381934046035,101.132058382973,100.846989588049,100.566888293243,100.287778048526,100.055661920841,99.8653879625439,99.739374107982,99.7787848154216,99.7210931780946,99.6732759521901,99.5771842462653,99.5164884911377,98.7560678343838,97.614165825121,95.9093883802694,94.2543946689506,92.756093569939,91.7473260542588,90.3612977338393,88.05425357802
Monaco,MCO,Carbon dioxide (CO2) emissions excluding LULUCF per capita (t CO2e/capita),EN.GHG.CO2.PC.CE.AR5,..,..,..,..,..,..,..,..,..,..,..,..,..,..,..,..,..,..,..,..,..,..,..
Monaco,MCO,GDP per capita (constant 2015 US$),NY.GDP.PCAP.KD,120456.506337384,123122.12291461,124481.880220824,126022.239091348,129403.404955341,132253.218402608,140615.178788026,162028.480643444,163243.752211148,142375.532007071,141814.78664157,148272.711991792,146472.677860476,157167.975027858,165288.200345355,170437.101188261,173120.189785092,165781.779121526,173041.761057866,185582.7556905,161262.925884403,194674.777609089,213937.006283651
Monaco,MCO,Energy use (kg of oil equivalent per capita),EG.USE.PCAP.KG.OE,..,..,..,..,..,..,..,..,..,..,..,..,..,..,..,..,..,..,..,..,..,..,..
Monaco,MCO,Urban population (% of total population),SP.URB.TOTL.IN.ZS,100,100,100,100,100,100,100,100,100,100,100,100,100,100,100,100,100,100,100,100,100,100,100
Monaco,MCO,Trade (% of GDP),NE.TRD.GNFS.ZS,..,..,..,..,..,..,..,..,..,..,..,..,..,..,..,..,..,..,..,..,..,..,..
Monaco,MCO,Renewable energy consumption (% of total final energy consumption),EG.FEC.RNEW.ZS,..,..,..,..,..,..,..,..,..,..,..,..,..,..,..,..,..,..,..,..,..,..,..
Monaco,MCO,"Industry (including construction), value added (% of GDP)",NV.IND.TOTL.ZS,..,..,..,..,..,..,..,..,..,..,12.9223473621814,12.8252023227104,13.0162423374648,13.9971636952998,12.62918561389,17.5917398696515,18.2559909686468,12.801953584793,13.1470370674776,13.0361610188765,14.8961444474613,12.5457762416163,12.2757894484929
Monaco,MCO,Fossil fuel energy consumption (% of total),EG.USE.COMM.FO.ZS,..,..,..,..,..,..,..,..,..,..,..,..,..,..,..,..,..,..,..,..,..,..,..
Monaco,MCO,Population density (people per sq. km of land area),EN.POP.DNST,16011.3468179576,16007.400098668,15995.066600888,15971.3862851505,15938.3325111002,15890.4785397139,15814.9975333004,15706.4627528367,15705.9694129255,15966.4528860385,16360.6314750863,16746.916625555,17124.3216576221,17487.4198322644,17823.3843117908,18133.6951159349,18389.7385298471,18588.061174149,18822.8909718796,18800.6906758757,18771.583621115,18487.0441458733,18680.9021113244
Mongolia,MNG,Carbon dioxide (CO2) emissions excluding LULUCF per capita (t CO2e/capita),EN.GHG.CO2.PC.CE.AR5,3.78591625252952,3.72751371005534,3.94360699167465,3.77455174098745,3.81795335056602,4.38770276221442,4.9537856501795,5.07727194111882,4.99617698389188,5.17573570806153,5.44270074511926,5.82701106873339,6.21853326313825,6.61532501946354,6.59056877007391,5.95454569481814,6.1880191242324,6.69179276557623,7.15441016723142,7.75199966459312,6.7655605126707,7.34349939903793,7.54001167237666
Mongolia,MNG,GDP per capita (constant 2015 US$),NY.GDP.PCAP.KD,1598.31282040605,1625.46152259484,1680.65335337555,1775.64906676137,1942.36263694017,2060.26168223171,2209.74321787628,2403.72416258662,2576.71295838607,2498.72967493254,2611.67326563924,3010.81642672623,3318.16496597089,3628.90708069575,3830.35892049593,3838.92126989984,3817.91962716702,3956.2049437134,4183.85566447661,4337.8167085432,4066.03410882791,4063.53669849245,4205.88554513551
Mongolia,MNG,Energy use (kg of oil equivalent per capita),EG.USE.PCAP.KG.OE,979.255585329484,971.406679479206,1025.68016205691,988.432178015211,1007.3108964645,1151.95461061015,1301.09928192751,1341.95620033788,1326.19423088287,1354.68916905218,1411.62669168414,1521.09353741373,1558.69025216769,1750.80216193822,1763.80524679078,1516.3411002122,1588.34126525003,1603.82155065689,1772.47014509365,2018.31091722035,1771.64405621298,1923.6542624985,1890.63113929262
Mongolia,MNG,Urban population (% of total population),SP.URB.TOTL.IN.ZS,57.133,58.222,59.304,60.378,61.443,62.494,63.535,64.564,65.581,66.58,67.567,67.963,68.03,68.097,68.163,68.23,68.297,68.363,68.445,68.543,68.657,68.785,68.93
Mongolia,MNG,Trade (% of GDP),NE.TRD.GNFS.ZS,121.886609754208,115.81832687888,118.517253113943,120.299393514881,131.329318233554,122.381459889773,112.929983096983,117.880426425377,121.198013401183,107.813757166177,103.350031656557,126.999228633482,109.588564338415,100.311989662943,109.322311877187,89.653663477814,101.055237224997,115.932901867963,126.355873241513,124.396514621165,112.838647629317,119.098078437771,136.327929944516
Mongolia,MNG,Renewable energy consumption (% of total final energy consumption),EG.FEC.RNEW.ZS,5.7,6.1,6.5,6.1,5.8,5.3,4.5,4.7,4.7,4.4,4.5,4,3,3,3.3,3.5,3.4,1.8,2.1,2.3,2.9,3,..
Mongolia,MNG,"Industry (including construction), value added (% of GDP)",NV.IND.TOTL.ZS,22.1961421557269,21.9418832214059,22.4846271364412,25.2199551531292,28.3334403733025,32.496500599666,38.6926063353314,37.7347758580465,30.8510356631246,30.0565585316106,33.1942474892146,31.3337485626924,30.7715931133163,30.5068923847448,31.4976232744188,31.5158775834209,33.1780715301999,37.4184116118863,37.975670332755,38.0926977643653,37.0496708511527,37.0755721187771,35.3122175669446
Mongolia,MNG,Fossil fuel energy consumption (% of total),EG.USE.COMM.FO.ZS,96.2496657359637,95.7347083268911,95.7209036008695,95.5701229456275,95.705997481802,96.2829495058473,96.4295381143393,96.6259653288624,96.6432079883334,96.8232233419578,96.725302685068,96.9443563001894,97.2292500461355,96.0486063782012,95.8469279809139,99.8028591619642,0,0,0,0,0,0,0
Mongolia,MNG,Population density (people per sq. km of land area),EN.POP.DNST,1.54338839734181,1.56242113783138,1.58263236912359,1.59541792198924,1.6137036582467,1.63171323734666,1.64830525022335,1.6705735718479,1.69711733640935,1.72788137676538,1.75857916493112,1.78925253897917,1.82353600871754,1.8616184405066,1.90278211075515,1.94371713207737,1.98352563105577,2.02209412791248,2.06015649331677,2.09835043390369,2.13623721809195,2.17253662423347,2.2046394565685
Montenegro,MNE,Carbon dioxide (CO2) emissions excluding LULUCF per capita (t CO2e/capita),EN.GHG.CO2.PC.CE.AR5,..,..,..,..,..,..,..,..,..,..,..,..,..,..,..,..,..,..,..,..,..,..,..
Montenegro,MNE,GDP per capita (constant 2015 US$),NY.GDP.PCAP.KD,4431.60047014419,4462.34990117884,4529.12330572995,4623.0760644615,4819.14785988608,5013.1959009921,5435.88622103627,5798.06497333447,6205.8212472095,5833.65954418904,5982.19928466066,6166.20322332653,5987.89159662568,6188.7584890435,6287.46282384571,6491.19280618646,6675.1345781084,6982.94131741672,7332.18614231451,7626.25402306444,6460.59163175748,7321.23528662053,7808.54763337242
Montenegro,MNE,Energy use (kg of oil equivalent per capita),EG.USE.PCAP.KG.OE,..,..,..,..,..,1662.81204949987,1841.6794367328,1828.43393355741,1965.21593409043,1555.00501749061,1820.45249352265,1811.21612476135,1701.46827930736,1574.55136957284,1532.34279533634,1599.59389155142,1552.23307233486,1625.4960826549,1679.55976366983,1737.5931990158,1625.86284952725,1730.51151191493,1674.12860283285
Montenegro,MNE,Urban population (% of total population),SP.URB.TOTL.IN.ZS,58.544,59.559,60.568,61.568,62.127,62.465,62.803,63.139,63.475,63.808,64.14,64.472,64.804,65.137,65.471,65.806,66.141,66.477,66.813,67.15,67.488,67.826,68.164
Montenegro,MNE,Trade (% of GDP),NE.TRD.GNFS.ZS,87.9252021443203,100.409386075314,95.2294000160253,77.5983890107329,100.109654967142,104.625139256659,117.994735505471,128.746158606061,132.340271682179,99.4250282074869,99.7803263266018,106.658853993576,111.766044513287,102.770930155442,100.127619998369,102.688977351832,103.672945121037,105.554964991437,109.609296759902,108.844577462214,87.0060180817206,105.029993243347,125.898604629493
Montenegro,MNE,Renewable energy consumption (% of total final energy consumption),EG.FEC.RNEW.ZS,..,..,..,..,..,47.6,44.8,42.3,38.8,49.2,49.1,42.8,45.9,49.3,46,43,43.9,37.8,40.6,38.7,39.6,39.6,..
Montenegro,MNE,"Industry (including construction), value added (% of GDP)",NV.IND.TOTL.ZS,21.2590046532839,22.3143207912841,21.5953506185527,19.3294873017387,18.9729443885822,17.341544930727,17.6826544999168,17.0029838668892,17.694787409146,17.3487567662897,17.1484021260188,15.0942130574761,14.8905052590353,15.457247193367,14.3036482604292,14.3534622406494,15.6549814868251,14.8613741835193,15.9341257910459,16.1294414526219,17.2946800578084,14.8354952739754,12.9653049670004
Montenegro,MNE,Fossil fuel energy consumption (% of total),EG.USE.COMM.FO.ZS,..,..,..,..,..,55.2055681414265,59.6336704636982,56.8987247799428,63.9175672681417,55.4558062304358,64.7379028213157,63.3695614047014,61.4906694226065,63.9649149915931,64.7132992578143,65.7016547401624,0,0,0,0,0,0,0
Montenegro,MNE,Population density (people per sq. km of land area),EN.POP.DNST,..,..,..,..,..,..,45.7267657992565,45.7899628252788,45.8713011152416,45.969814126394,46.054126394052,46.1223048327138,46.2020817843866,46.2889962825279,46.3750185873606,46.4424535315985,46.4946468401487,46.5414126394052,46.5753159851301,46.5987360594796,46.5866171003717,46.4723420074349,46.3636431226766
Morocco,MAR,Carbon dioxide (CO2) emissions excluding LULUCF per capita (t CO2e/capita),EN.GHG.CO2.PC.CE.AR5,1.18059270457635,1.28342384807613,1.31040529907691,1.28804117084015,1.42931840791469,1.47057738444089,1.47433419676036,1.47515262068151,1.56474403092224,1.52790856344482,1.60244785045845,1.70947966777939,1.75488463716991,1.73073406194248,1.73798808236744,1.7664016342312,1.74157565314012,1.80121576266493,1.8187259066467,1.98431698656023,1.84687338318216,1.97882571194012,1.88316803228712
Morocco,MAR,GDP per capita (constant 2015 US$),NY.GDP.PCAP.KD,1957.14135742188,2078.96606445313,2127.50708007813,2229.576171875,2301.08178710938,2342.15478515625,2489.99291992188,2540.615234375,2648.58569335938,2710.66650390625,2767.04223632813,2879.53930664063,2927.45043945313,3008.185546875,3051.458984375,3146.24780273438,3124.42504882813,3242.64428710938,3304.7119140625,3364.73950195313,3090.89428710938,3309.130859375,3325.560546875
Morocco,MAR,Energy use (kg of oil equivalent per capita),EG.USE.PCAP.KG.OE,387.674326412744,405.385733553728,406.634838346005,399.736368353388,463.894860712269,484.797908832576,486.582730066603,495.471813588118,507.932323340328,504.85859762712,526.098528303577,559.353279063147,559.656539214197,554.322076671451,555.591040302721,563.603106638362,558.062023900473,577.582098917111,577.178572918036,614.502733565635,575.699296767116,616.051393306028,602.994477750907
Morocco,MAR,Urban population (% of total population),SP.URB.TOTL.IN.ZS,53.335,53.662,53.99,54.317,54.644,55.174,55.746,56.317,56.886,57.452,58.018,58.581,59.142,59.7,60.256,60.809,61.36,61.908,62.453,62.994,63.532,64.065,64.596
Morocco,MAR,Trade (% of GDP),NE.TRD.GNFS.ZS,53.4403058388785,53.4915710187871,54.31012791421,52.3318582669923,55.5516384744536,61.4938276863235,64.6721977787154,71.3496467796657,77.8344716425602,62.3709560152269,69.541979610144,76.8258714906247,78.2221018956072,73.8577565315318,71.8935667539398,67.2886759253849,71.1226603816864,74.1733578786573,77.2548875243989,75.9981158798422,68.8438033904364,75.5234171756506,101.132382053244
Morocco,MAR,Renewable energy consumption (% of total final energy consumption),EG.FEC.RNEW.ZS,15.5,15.3,15.1,16.1,22.4,20,18.2,16.6,14.4,14.2,13.9,11.8,10.9,11.6,11.1,11.2,11.1,10.4,10.9,10.7,11.1,10.9,..
Morocco,MAR,"Industry (including construction), value added (% of GDP)",NV.IND.TOTL.ZS,24.3526302035856,22.8696929940867,22.6361224434387,23.3248013144818,24.0029876116656,23.6812068826614,22.7530814100902,22.422939278529,24.3155822554726,22.25957486397,23.7119126900355,24.5065191885483,24.2659773507632,24.1531288845084,25.8132675090419,25.6226817262287,25.685104578574,25.405454806575,25.2413538068182,25.2499524130611,26.0436433872433,25.9539090511005,25.9113093904963
Morocco,MAR,Fossil fuel energy consumption (% of total),EG.USE.COMM.FO.ZS,86.528576405942,87.5459073565303,87.7954267729889,87.1454986930997,82.2449583455651,84.9515000050297,85.5182876023709,85.9858229562004,86.9760947141484,86.9676032310838,87.0974019344422,88.6299627852293,89.0918277139589,88.3182040415514,88.3645731918633,72.8609624298786,0,0,0,0,0,0,0
Morocco,MAR,Population density (people per sq. km of land area),EN.POP.DNST,63.6868362088281,64.5633945776384,65.4226798117858,66.2590522070356,67.1140891776832,68.0218328478602,68.9472955411158,69.8778131301815,70.8195541115841,71.7696123683621,72.7470669952946,73.745435805512,74.7372641720816,75.7059623571589,76.6407797445664,77.5433295989245,78.4751445216222,79.4227918440511,80.3041900067219,81.1357786242438,81.9722339233699,82.8017969975353,83.6411920233027
Mozambique,MOZ,Carbon dioxide (CO2) emissions excluding LULUCF per capita (t CO2e/capita),EN.GHG.CO2.PC.CE.AR5,0.0866425849408149,0.102299477999705,0.104814040133687,0.130225770563066,0.140123797442107,0.131275871947836,0.135988270025521,0.152370143512889,0.144323516401,0.151957786228809,0.156805215477819,0.17968171983648,0.193172394960507,0.204254329192642,0.224530531564972,0.243250117185858,0.304761605151679,0.295085707282434,0.277552596875305,0.288692621362732,0.259224950564728,0.292940538290263,0.307083673977713
Mozambique,MOZ,GDP per capita (constant 2015 US$),NY.GDP.PCAP.KD,287.390630344484,317.185703581034,340.13537022259,356.521157404125,377.064958084878,391.699758163976,420.526462764726,442.049574057751,460.94729485679,475.788178051193,494.162859074785,514.869957191994,540.2945177803,559.393953685688,585.266716133984,610.563774706589,620.779714954555,618.397694360334,621.153734194787,617.13932000195,591.804059985932,588.215854695416,596.058889461466
Mozambique,MOZ,Energy use (kg of oil equivalent per capita),EG.USE.PCAP.KG.OE,396.028040920619,407.145568802881,409.455047101302,421.130474837557,426.378945530351,424.491278226506,428.692521920125,338.466191317799,338.661664169014,358.879859852038,317.88123068391,370.87053828392,364.828669567004,380.582419725311,383.322635419103,385.146567058837,380.805586001126,371.739125451598,366.241452353018,359.75326082609,342.945651556548,353.107426981973,358.637694361749
Mozambique,MOZ,Urban population (% of total population),SP.URB.TOTL.IN.ZS,29.098,29.277,29.457,29.637,29.818,29.999,30.182,30.364,30.832,31.328,31.83,32.336,32.846,33.36,33.878,34.4,34.926,35.455,35.988,36.528,37.074,37.628,38.187
Mozambique,MOZ,Trade (% of GDP),NE.TRD.GNFS.ZS,47.9208808015891,50.4153095777265,73.309162757423,70.1683599479183,72.0520001612374,72.0092609780982,67.3498976872689,66.1203821840516,64.981416499828,67.898572768141,73.8373532681892,84.4062119333019,105.934588060511,109.38537659913,116.356855242217,98.7612036510901,110.394358201481,105.745640702087,124.607457525372,105.591171401921,99.906146051979,112.078964458333,135.279578416991
Mozambique,MOZ,Renewable energy consumption (% of total final energy consumption),EG.FEC.RNEW.ZS,93.6,93,93.2,92.7,92.9,93.7,93.1,87.5,88.1,86.1,84.9,85.4,84.5,83.1,81.2,80.1,77.4,78.2,79,77.5,80.2,76.9,..
Mozambique,MOZ,"Industry (including construction), value added (% of GDP)",NV.IND.TOTL.ZS,19.5292283612147,21.3938558593765,17.0821002587651,18.8768129822828,19.8066623565294,18.6061383452371,19.8162320132045,19.5085348189008,17.1677445681711,16.9004327987887,16.8681862980766,16.5093372512898,16.8740038772507,16.4457246085988,17.4884683555603,18.6152107018236,20.5669830121929,23.6070708049686,25.3339200589579,23.8882628185244,21.7539907155538,21.9411773134421,23.2425949902892
Mozambique,MOZ,Fossil fuel energy consumption (% of total),EG.USE.COMM.FO.ZS,6.73114250813345,6.5583099597785,5.91113490172419,6.75866379041067,6.63864943108334,5.91919415182953,6.13950735170736,9.29156906767425,8.81605230433053,9.17662925792601,10.8454968526418,10.6684370106721,9.83029447803895,10.4123441452182,14.8549166836601,23.6840447833152,0,0,0,0,0,0,0
Mozambique,MOZ,Population density (people per sq. km of land area),EN.POP.DNST,23.0545703095196,23.5735000890155,24.1083674559373,24.6604377018744,25.2299308222488,25.8203018896717,26.4338958264452,27.070417609807,27.746173605636,28.4744589129937,29.2469734733844,30.0732966250413,30.9492179353493,31.8568770823266,32.7939100689234,33.7592156463796,34.7632251583204,35.8177891095908,36.9015539561026,38.0024670006867,39.1460718736489,40.3212187492052,41.5273099519316
Myanmar,MMR,Carbon dioxide (CO2) emissions excluding LULUCF per capita (t CO2e/capita),EN.GHG.CO2.PC.CE.AR5,0.221709285548484,0.191692848194143,0.191284718183921,0.234800928240979,0.22583975634631,0.236951674030081,0.218722830855244,0.226840316797223,0.172648544941183,0.159971775029907,0.176010377856472,0.185609741192906,0.25196515888876,0.282921766692084,0.350014366150862,0.386288210140348,0.446004264123355,0.65006147613087,0.640911801629649,0.65295468167386,0.654628004454913,0.596140243761499,0.602575075776013
Myanmar,MMR,GDP per capita (constant 2015 US$),NY.GDP.PCAP.KD,298.590464506047,328.973872708996,364.855800192477,411.498764121919,463.330135715332,522.099544784661,586.085579927418,651.729730890268,714.620419017338,785.634853157894,854.932478016035,895.512538750361,953.123081923425,1024.69060473254,1099.24387750099,1166.73305546337,1225.37913970989,1290.5640902569,1361.5683126412,1440.98988236734,1301.31386350667,1136.9956605414,1174.76697945755
Myanmar,MMR,Energy use (kg of oil equivalent per capita),EG.USE.PCAP.KG.OE,283.525751035703,274.124811979368,280.52424238022,301.406139026565,314.736266036282,312.774547278866,314.353500872765,323.443459380433,309.294197701747,290.572484432835,278.483453812986,279.998295569373,303.854962936024,317.028588736041,345.059457398655,353.406826920047,376.137198590416,429.211582722245,429.032316766838,426.034236342975,420.352655494399,404.314368791505,399.521185214539
Myanmar,MMR,Urban population (% of total population),SP.URB.TOTL.IN.ZS,27.025,27.208,27.391,27.575,27.76,27.946,28.132,28.319,28.507,28.695,28.885,29.075,29.266,29.457,29.65,29.858,30.082,30.322,30.579,30.852,31.141,31.448,31.771
Myanmar,MMR,Trade (% of GDP),NE.TRD.GNFS.ZS,..,..,..,..,..,..,..,..,..,..,..,..,..,..,..,..,..,..,..,..,..,..,..
Myanmar,MMR,Renewable energy consumption (% of total final energy consumption),EG.FEC.RNEW.ZS,80.2,82.5,83,79.9,80.2,79.6,81.3,80.5,85.6,85.8,84.6,83.8,78.1,75.6,72,70,68.8,59.5,59.4,58.5,59.2,62.9,..
Myanmar,MMR,"Industry (including construction), value added (% of GDP)",NV.IND.TOTL.ZS,9.69226113586128,10.5804943321805,13.0068954922166,14.2582573952557,16.3663619555986,17.512204636055,19.2372930203744,20.4091296662276,22.6658154224732,24.5320050982062,26.4680642743774,31.2916488307023,32.3730207966326,32.3622196006021,34.4897147952325,34.4688212621502,34.8095048832944,36.8009211203558,36.9634615021809,38.4126110918443,37.5439155484288,37.3108899934826,38.2471357653023
Myanmar,MMR,Fossil fuel energy consumption (% of total),EG.USE.COMM.FO.ZS,27.1838210292538,23.631249291286,24.0816678251641,27.1277774795974,30.1987487523432,29.5937058966507,29.9854385109637,31.9253827173598,28.722712916867,23.5694035622339,21.7966198809658,21.6138860738035,27.8423566936158,32.0359601998934,48.9012144453315,46.6873649457089,0,0,0,0,0,0,0
Myanmar,MMR,Population density (people per sq. km of land area),EN.POP.DNST,69.3007941365486,70.0357116626373,70.7418872601524,71.406787648805,72.0344831808026,72.6067788049467,73.1252161537638,73.6397401762762,74.0701856698964,74.4840945966631,75.045742889508,75.6475990754489,76.3032167189773,76.9624823911313,77.6040209468978,78.2278679487965,78.8867551089188,79.5020114898506,80.0861758847863,80.6507017006282,81.2302112859485,81.7980020531049,82.3644215300228
Namibia,NAM,Carbon dioxide (CO2) emissions excluding LULUCF per capita (t CO2e/capita),EN.GHG.CO2.PC.CE.AR5,1.07140088208432,1.32780628179778,1.13112906554072,1.19658048338848,1.25221283138405,1.31797199404856,1.28310427092286,1.30298226493609,1.47099053469959,1.48344512403521,1.50918731583066,1.57133705286944,1.61774931264792,1.68319047035571,1.70223329998759,1.74135534683907,1.74576799976058,1.66954344750171,1.63518249721514,1.59834355406954,1.42082746681462,1.40687865853919,1.47242134201163
Namibia,NAM,GDP per capita (constant 2015 US$),NY.GDP.PCAP.KD,3083.59657884697,3055.40444831936,3145.94566281247,3232.30589658857,3582.89503259701,3627.75059772278,3834.99894666178,3987.61796106565,4036.38187484707,3989.20711387651,4165.12990200988,4302.72451368462,4420.96741373862,4549.26759093897,4701.95694189098,4774.10650865775,4648.62713460213,4476.73324402105,4400.47537705743,4243.09274481966,3787.49943973286,3809.80753359714,3905.55135201003
Namibia,NAM,Energy use (kg of oil equivalent per capita),EG.USE.PCAP.KG.OE,576.480242315529,664.185360192128,601.673737595586,618.781304935462,659.442648516721,702.419346432109,693.015801871712,697.014469361577,758.358730645424,775.797259491324,653.126574566651,657.483471069973,667.49179496424,671.777544627526,691.051616995773,716.980313790667,759.461668268778,714.96952269735,733.192598513029,718.386643363248,678.332492787498,680.918008419653,692.461356441068
Namibia,NAM,Urban population (% of total population),SP.URB.TOTL.IN.ZS,32.373,32.898,33.766,34.709,35.666,36.632,37.61,38.598,39.597,40.601,41.616,42.637,43.693,44.756,45.826,46.9,47.961,49.005,50.032,51.042,52.033,53.005,53.956
Namibia,NAM,Trade (% of GDP),NE.TRD.GNFS.ZS,85.1322442947268,88.5841018380245,94.4152228948906,95.9524743817213,81.8622605916543,80.6803802939816,86.8339693259998,104.979303758915,119.644498184785,123.762844292976,108.072477173606,102.189147754138,100.2134087743,97.7249042303832,103.080137009254,97.2390317873478,93.966187960162,81.2196661011436,81.7138652963804,82.9011507426355,76.9252424036465,83.5443030923624,99.2625547753262
Namibia,NAM,Renewable energy consumption (% of total final energy consumption),EG.FEC.RNEW.ZS,34.8,30.4,33.8,33.3,34.8,34.6,35.8,36.5,32.5,33.4,31.2,31.6,31.9,30.7,30.2,29.3,29.2,30.2,30.9,30.2,31.2,30,..
Namibia,NAM,"Industry (including construction), value added (% of GDP)",NV.IND.TOTL.ZS,23.4721656586449,26.4736692021938,27.0947589417095,24.046084192885,25.0806097462037,24.7834954243766,30.1227634369521,31.8127689142862,34.1905617107713,28.7519450755932,27.429068418358,29.3288911804647,29.9807546724013,26.5483435015895,26.630102972046,27.5636536225028,27.5134032744188,26.0770180870695,26.869904619845,27.0505811124767,25.8187349480714,24.4475967861445,27.1117255630616
Namibia,NAM,Fossil fuel energy consumption (% of total),EG.USE.COMM.FO.ZS,60.450638942931,65.4839647954135,61.9694766729667,62.5092038167313,60.3525424095479,60.53779072188,59.9887051128979,61.084792238744,62.4489988306962,61.5707050328995,74.9314773854699,74.7744494964697,74.2498428708837,76.6415568140911,75.4034562626112,75.5403329788266,0,0,0,0,0,0,0
Namibia,NAM,Population density (people per sq. km of land area),EN.POP.DNST,2.20899925907032,2.2556426046715,2.29563094413876,2.32902622405228,2.35892820269893,2.38868685396397,2.4194245041237,2.45186993647439,2.48643369893962,2.52328341167754,2.56265835853709,2.60700968067145,2.66571196054853,2.73598367525416,2.80841380315563,2.88391696728978,2.96276281747622,3.04492098774429,3.13052144444849,3.21939292351419,3.31446027523716,3.41380072635402,3.50989566252475
Nauru,NRU,Carbon dioxide (CO2) emissions excluding LULUCF per capita (t CO2e/capita),EN.GHG.CO2.PC.CE.AR5,0,0,0,0,0,0,0,0,0,0,0,0,0,0,0,0,0,0,0,0,0,0,0
Nauru,NRU,GDP per capita (constant 2015 US$),NY.GDP.PCAP.KD,6090.65732404329,5700.16531174446,5156.21216512889,5182.71296574488,4958.59494194212,4946.36830865812,5366.34976796417,4181.64316901683,5039.43231005929,4751.28407417521,4730.93001061022,5382.45329963983,6632.10607690211,6710.62531212923,7649.08971293174,7703.43149943923,7898.2277010259,7309.38138643462,7124.01760358281,7655.24340340684,7769.40694625475,8282.3668394419,8460.34773930659
Nauru,NRU,Energy use (kg of oil equivalent per capita),EG.USE.PCAP.KG.OE,..,..,..,..,..,..,..,..,..,..,..,..,..,..,..,..,..,..,..,..,..,..,..
Nauru,NRU,Urban population (% of total population),SP.URB.TOTL.IN.ZS,100,100,100,100,100,100,100,100,100,100,100,100,100,100,100,100,100,100,100,100,100,100,100
Nauru,NRU,Trade (% of GDP),NE.TRD.GNFS.ZS,..,..,..,..,..,..,..,..,166.129550203496,145.498239113905,100.254088338645,129.561772017594,120.719709129344,179.347826086957,198.015062109153,201.137787763804,170.614384611656,142.712817506837,140.702296262368,156.267534496782,135.14880806541,110.718145238213,167.539569662011
Nauru,NRU,Renewable energy consumption (% of total final energy consumption),EG.FEC.RNEW.ZS,0,0,0,0,0,0,0.1,0.1,0.1,0,0,0,0.1,0.1,0,0.1,0.2,0.6,0.7,0.6,1.3,1.6,1.9
Nauru,NRU,"Industry (including construction), value added (% of GDP)",NV.IND.TOTL.ZS,..,..,..,..,..,..,..,..,..,..,..,..,..,..,..,..,..,..,..,..,..,..,..
Nauru,NRU,Fossil fuel energy consumption (% of total),EG.USE.COMM.FO.ZS,..,..,..,..,..,..,..,..,..,..,..,..,..,..,..,..,..,..,..,..,..,..,..
Nauru,NRU,Population density (people per sq. km of land area),EN.POP.DNST,508.4,506.5,504.1,502.95,503,502.45,501.7,501,500.45,500.8,502.15,504.9,513.35,525.85,537.1,547.7,557.5,566.2,573.85,579.35,582.15,585.45,590.05
Nepal,NPL,Carbon dioxide (CO2) emissions excluding LULUCF per capita (t CO2e/capita),EN.GHG.CO2.PC.CE.AR5,0.139298830640235,0.146508073918091,0.117817609796462,0.131886485130967,0.112493319664141,0.124506555779294,0.102098874759203,0.104205193782464,0.114301436489324,0.149552672345949,0.174991163761827,0.195175632946305,0.226065706031778,0.228191406769323,0.265672943806403,0.263139650115375,0.385015994369902,0.471203399718784,0.530230231538533,0.473719634051644,0.568082369699641,0.562887001565055,0.579560737389147
Nepal,NPL,GDP per capita (constant 2015 US$),NY.GDP.PCAP.KD,547.221082273632,564.28622920391,556.438454538796,570.28967363428,589.46992868617,603.190108570995,617.477638588722,633.226129136597,666.865095417138,692.400000816919,721.265221364302,742.617252662576,775.310578479839,801.039060847856,846.665541773599,875.543635474862,875.188943730855,951.857298563641,1021.91492204011,1077.11796498188,1031.53618783934,1062.7888430629,1113.55462341223
Nepal,NPL,Energy use (kg of oil equivalent per capita),EG.USE.PCAP.KG.OE,330.352852506274,335.751960804757,334.357159841879,338.999985252938,339.548117309365,347.14074815228,343.770753341625,347.516715150324,356.984304444032,365.025112738645,373.442181313024,384.882490354394,368.950606819553,413.994708557044,431.030290984188,426.325523071049,458.265548485248,484.157515782647,504.622833977068,482.761158642892,524.601266425712,524.354689003349,519.950604103483
Nepal,NPL,Urban population (% of total population),SP.URB.TOTL.IN.ZS,13.397,13.947,14.24,14.538,14.841,15.149,15.462,15.781,16.105,16.434,16.768,17.108,17.458,17.815,18.182,18.557,18.942,19.336,19.74,20.153,20.576,21.008,21.451
Nepal,NPL,Trade (% of GDP),NE.TRD.GNFS.ZS,55.7105890041319,55.7999210803706,46.2307185004451,44.2478836156195,46.1472867206087,44.0629474798613,44.7619877569242,44.5792750200254,46.0362063511913,47.0794477633688,45.9849057742707,36.296758890097,37.921906058758,41.8653757376722,45.9826416115927,46.6657303895158,42.115486124737,44.6424106224996,48.4473869461067,49.2495265874454,40.9188741243442,43.0538047919129,48.9734014799428
Nepal,NPL,Renewable energy consumption (% of total final energy consumption),EG.FEC.RNEW.ZS,88.3,87.8,90,89.4,90.3,89.5,91.2,91.3,90.5,88.9,87.3,87,84.7,86,84,85.2,79.4,76.8,75,78.2,73.1,73.7,..
Nepal,NPL,"Industry (including construction), value added (% of GDP)",NV.IND.TOTL.ZS,20.7355700311999,16.6609082977555,16.9468247421334,16.9713000603375,16.6573202744672,16.4670892346949,16.0679668054868,15.873140183038,16.049986636556,15.0668034711092,14.2007622567226,13.393470598846,13.9771618084251,13.7983375627601,13.5645652301586,13.1616546296789,12.6554177701811,12.8625858899927,13.2006396343014,13.0106754142894,12.047319925355,11.7920425516798,12.1812284731342
Nepal,NPL,Fossil fuel energy consumption (% of total),EG.USE.COMM.FO.ZS,11.9717830872908,12.3504887194416,10.1559511192208,10.6082013104519,9.70364576350907,10.6450887850954,8.82966769607367,8.61433391042862,9.88468151581915,11.0389620344728,12.5968619716067,12.9841885071286,15.1066683249554,13.4509358033208,15.1738278814381,14.427491840889,0,0,0,0,0,0,0
Nepal,NPL,Population density (people per sq. km of land area),EN.POP.DNST,171.234802929892,174.026843390303,176.693275200558,179.203055458668,181.490449947681,183.533017091036,185.318625741193,186.874726194629,188.28069061737,189.557272410185,190.73562608999,191.59047087548,192.081723055459,192.465964422742,193.040599930241,194.095772584583,195.015430763865,195.404659923265,195.882029996512,198.214607603767,202.068880362749,205.61569584932,207.292891524241
Netherlands,NLD,Carbon dioxide (CO2) emissions excluding LULUCF per capita (t CO2e/capita),EN.GHG.CO2.PC.CE.AR5,11.108879192777,11.3124307467572,11.264127794481,11.3616005421656,11.4733101339847,11.1643182408093,10.873822448546,10.9216225230892,10.9446646283901,10.5732968881311,11.2048802453917,10.4312962369903,10.2443323953823,10.0808167750032,9.59314101718778,10.0010844205136,10.0310599088191,9.81196051950769,9.46056506339739,9.10127107294063,8.13520052747757,8.34508257664784,7.51205215620241
Netherlands,NLD,GDP per capita (constant 2015 US$),NY.GDP.PCAP.KD,40665.338169599,41297.3198832208,41135.4190736263,40981.8477039972,41663.1477772692,42411.3453838518,43841.1223404104,45445.522872349,46227.211156219,44304.4119317351,44659.272839058,45239.7318887962,44631.8745388789,44487.03063469,45042.0669545832,45793.8135434697,46655.0363382039,47670.1057253297,48463.0299739951,49254.0158854264,47086.5804192702,49780.8440526836,51777.5431588864
Netherlands,NLD,Energy use (kg of oil equivalent per capita),EG.USE.PCAP.KG.OE,4695.37009641521,4783.23806405221,4804.57738217673,4959.46581521204,4985.68017725458,4893.73296113648,4840.784340365,4812.3646510682,4755.09420293282,4665.86427744867,4978.86938849852,4611.91453819796,4599.20591866701,4488.60406405713,4215.35262065709,4298.59287050144,4352.44653138733,4365.20385335267,4251.16716726453,4129.40909477343,3975.37813564997,4057.79129205731,3570.12031994399
Netherlands,NLD,Urban population (% of total population),SP.URB.TOTL.IN.ZS,76.795,77.83,79.113,80.341,81.514,82.63,83.636,84.539,85.402,86.288,87.134,87.879,88.588,89.187,89.69,90.173,90.635,91.077,91.49,91.876,92.236,92.572,92.886
Netherlands,NLD,Trade (% of GDP),NE.TRD.GNFS.ZS,125.667030082421,119.47546387654,112.750024358671,111.30450319576,116.958160026939,122.255849523252,127.195613539333,129.798241740597,130.152049980117,115.109660363107,130.081707935343,141.757099325776,149.393223058131,150.651850226949,151.715891056501,160.325812564809,150.96552921165,159.646059656847,163.559146573044,160.676671884999,152.233230409706,163.154842689698,184.107484252682
Netherlands,NLD,Renewable energy consumption (% of total final energy consumption),EG.FEC.RNEW.ZS,1.7,1.8,1.9,1.9,2.2,2.7,3.1,3.7,3.9,4.4,3.9,4.7,4.9,5,5.6,5.8,5.6,6.4,7.4,8.6,10.7,12.2,..
Netherlands,NLD,"Industry (including construction), value added (% of GDP)",NV.IND.TOTL.ZS,21.0997122897183,21.2866582046254,20.5111940521097,20.0329772130953,19.9551143492992,20.2797936079201,20.4722492697176,20.4312954116655,20.7836953534398,19.5831938213792,18.9533173048512,19.3209585785648,19.3226704262327,18.6870743291059,17.6818782630222,17.4148103121536,16.9640712326865,17.1210117451832,17.3241048530815,17.1127557495056,17.3794770859182,17.7061297739891,18.6563965305589
Netherlands,NLD,Fossil fuel energy consumption (% of total),EG.USE.COMM.FO.ZS,94.7201854364255,95.3072256643712,95.328627327859,95.4930417368105,95.9073096275993,94.8766743108031,94.3671499627051,94.5858117822196,94.1282842160803,94.0069143661391,94.5484584126118,92.6810741771211,92.1672502420073,93.8302506850123,93.2981887679315,92.0358227419405,0,0,0,0,0,0,0
Netherlands,NLD,Population density (people per sq. km of land area),EN.POP.DNST,471.727280805687,475.30154028436,478.345053317536,480.607286729858,482.280183649289,483.408412322275,484.185456161137,485.23981042654,487.132494075829,490.079691669137,492.599881411207,495.049644128114,496.884994068802,498.795844464233,500.593885425942,503.116216216216,505.800831600832,508.8,511.779744579745,515.143272943273,518.013068013068,520.731927531928,525.719691119691
New Caledonia,NCL,Carbon dioxide (CO2) emissions excluding LULUCF per capita (t CO2e/capita),EN.GHG.CO2.PC.CE.AR5,9.74952711364512,9.60620446450922,10.4587574708486,11.0842579369439,9.70554531413482,10.653856069007,10.5874843969024,10.8640941270316,10.3894415443711,10.334693877551,13.1610737741894,13.1007004498336,12.8946041165838,13.9457846558438,16.7620828947743,15.8909198779523,16.9665129506074,16.5126646117385,21.7365389837801,21.9452338808065,22.7147964641631,19.6613770712518,20.4852972419486
New Caledonia,NCL,GDP per capita (constant 2015 US$),NY.GDP.PCAP.KD,..,..,..,..,..,..,..,..,..,..,..,..,..,..,..,30858.7237060533,..,..,..,..,..,..,..
New Caledonia,NCL,Energy use (kg of oil equivalent per capita),EG.USE.PCAP.KG.OE,..,..,..,..,..,..,..,..,..,..,..,..,..,..,..,..,..,..,..,..,..,..,..
New Caledonia,NCL,Urban population (% of total population),SP.URB.TOTL.IN.ZS,61.919,62.276,62.632,62.987,63.341,63.965,64.638,65.306,65.969,66.624,67.102,67.565,68.024,68.479,68.931,69.379,69.821,70.256,70.683,71.104,71.518,71.925,72.325
New Caledonia,NCL,Trade (% of GDP),NE.TRD.GNFS.ZS,60.3667225164618,58.1843523272091,56.1330040352377,61.8880338996498,58.5813378645702,61.9103270015257,68.0205144787445,72.1743887166465,67.9174783843244,56.0771570332275,68.1684823937939,66.8445220722878,63.7533913097757,58.8723435046881,58.9577979346478,60.0467960954308,58.0296161468389,58.9281826221283,..,..,..,..,..
New Caledonia,NCL,Renewable energy consumption (% of total final energy consumption),EG.FEC.RNEW.ZS,7.5,6.7,5.3,4.9,5.2,5.1,4.5,5.8,7.8,7,4.8,5.9,6.2,6.6,4.3,5.1,3.7,5.1,4.6,5.2,6.1,8.3,9.6
New Caledonia,NCL,"Industry (including construction), value added (% of GDP)",NV.IND.TOTL.ZS,24.11925081065,20.6382344606801,21.509703990026,23.3646681452343,24.8888174139574,24.4990237729309,27.9138444462876,31.8496205183584,23.9310585837203,22.5914611629952,26.1623678837555,25.3064766036566,22.779124022177,22.582512520502,23.9317062447332,22.1000359642571,20.1611154111133,21.2465805302539,..,22.3267326732673,..,..,..
New Caledonia,NCL,Fossil fuel energy consumption (% of total),EG.USE.COMM.FO.ZS,..,..,..,..,..,..,..,..,..,..,..,..,..,..,..,..,..,..,..,..,..,..,..
New Caledonia,NCL,Population density (people per sq. km of land area),EN.POP.DNST,12.2044857768053,12.4566192560175,12.7043763676149,12.9473741794311,13.1757111597374,13.3687636761488,13.5419584245077,13.7158096280088,13.8853938730853,14.0727571115974,14.3097374179431,14.5811269146608,14.8595733041575,15.1434354485777,15.3842450765864,15.490590809628,15.5045404814004,15.5112691466083,15.5109956236324,15.5145514223195,15.5457330415755,15.6025164113786,15.7069474835886
New Zealand,NZL,Carbon dioxide (CO2) emissions excluding LULUCF per capita (t CO2e/capita),EN.GHG.CO2.PC.CE.AR5,8.52616844233611,8.97134389898209,8.84158541218184,8.89821712355979,8.6685993883792,8.73427030165219,8.65561821918463,8.28867370614139,8.47694727451993,7.7488960163622,7.66966235318454,7.44452554744526,7.87470792404891,7.76970351860607,7.79767519096646,7.66192996919339,7.35480791667551,7.52004736579691,7.31355344243562,7.49168541131105,6.92664335389572,6.900318901258,6.76181821734967
New Zealand,NZL,GDP per capita (constant 2015 US$),NY.GDP.PCAP.KD,30853.807635459,31718.7628389095,32641.8202163485,33517.0893271345,34372.5891093868,35126.3341641095,35665.3533259784,36414.3173040299,35739.3584607571,35370.585185302,35489.7631519026,35957.523248516,36607.1493914827,37267.6586997514,38056.2646732554,38665.3723018158,39235.3695566636,39722.6068434219,40371.5456268118,40655.0837792873,39646.3466853422,41273.3820775381,42668.0420243621
New Zealand,NZL,Energy use (kg of oil equivalent per capita),EG.USE.PCAP.KG.OE,4467.21138613373,4399.14687852578,4326.22295420317,4180.76991429149,4224.87567596318,4074.1485914825,4034.75821834113,4057.16268229104,4100.75606551399,4073.03697683547,4147.30616096111,4108.26383266428,4280.5653723436,4298.71533674262,4476.80712476497,4422.74264118048,4265.93839527509,4200.71262692085,4109.2206852685,4163.34991685222,3849.07796737519,3887.23530874191,3738.46502118256
New Zealand,NZL,Urban population (% of total population),SP.URB.TOTL.IN.ZS,86.021,86.1,86.161,86.221,86.281,86.341,86.4,86.34,86.28,86.22,86.16,86.1,86.161,86.221,86.281,86.341,86.4,86.466,86.538,86.615,86.699,86.789,86.884
New Zealand,NZL,Trade (% of GDP),NE.TRD.GNFS.ZS,68.5169268768932,67.2338243520418,62.6559945554479,57.914769345753,58.7995522745359,58.0187434407163,59.6032650403479,58.4251605749091,64.2611448527979,55.0143501856026,58.1047406012087,59.1724105593848,56.9087671962042,55.9861241102171,55.0986550961851,54.851331734287,52.4062478142589,54.1432970416804,55.7664814899437,54.4542971758367,43.9772422862431,48.5412477650846,53.4761627655817
New Zealand,NZL,Renewable energy consumption (% of total final energy consumption),EG.FEC.RNEW.ZS,26.4,24.6,26.6,25.9,28.2,26.8,27,27,26.1,28.5,29.4,30.3,28.8,28.3,29,29.3,30.1,28.4,28.9,28,28.7,28.9,..
New Zealand,NZL,"Industry (including construction), value added (% of GDP)",NV.IND.TOTL.ZS,23.5899832274969,23.109733358195,23.8583824649914,23.2578095804902,23.5521710155992,23.9417689045459,22.9953954559196,22.9690421217852,23.4180182363135,21.5920234531835,21.3739109959972,21.0821962770197,21.0796325358149,20.3295523823426,21.4447733176352,21.2079712328178,20.173239535132,20.5291845375564,20.3819514710778,20.3679361122366,19.977838930424,18.8275954260125,19.6044449752619
New Zealand,NZL,Fossil fuel energy consumption (% of total),EG.USE.COMM.FO.ZS,68.8881845242933,71.942121277583,69.9539287425898,70.3017045464529,68.49680449223,68.5324652619446,67.8399329256327,67.5348520825046,66.5570031724143,64.1345744862483,62.1988970278748,60.7590230039947,63.3596612779002,61.7042443053812,60.8657651177121,59.8676753319445,0,0,0,0,0,0,0
New Zealand,NZL,Population density (people per sq. km of land area),EN.POP.DNST,14.6507918423151,14.7373817933235,14.9956325244009,15.2945197675743,15.5235274011621,15.6997455470738,15.8922942539212,16.0411682047776,16.1778891800539,16.340435228438,16.5231096426266,16.6495765447571,16.7411036420949,16.8702290076336,17.1527856898713,17.5056017621815,17.9032319319433,18.2811135163875,18.6115225399719,18.9100300026585,19.3315863430937,19.4117200258251,19.433747294064
Nicaragua,NIC,Carbon dioxide (CO2) emissions excluding LULUCF per capita (t CO2e/capita),EN.GHG.CO2.PC.CE.AR5,0.749786018608168,0.784146467301843,0.801295712215497,0.867555574660576,0.879532979120456,0.823626641557963,0.859757273446143,0.878076519448022,0.831493350868532,0.801735883439543,0.811806638837811,0.837954504952784,0.820532876980903,0.774000663453014,0.807979306656961,0.892523632728111,0.916766597151203,0.898288868788998,0.808208647391908,0.819799690205697,0.720290583764529,0.77906723527674,0.802908602938139
Nicaragua,NIC,GDP per capita (constant 2015 US$),NY.GDP.PCAP.KD,1458.37490084556,1482.31517247279,1475.48635411179,1494.95618752566,1555.87425694816,1601.48770707458,1644.37193565251,1703.20780299405,1736.65740610408,1655.72028962416,1704.37875049059,1786.62863418308,1876.1759720149,1941.45628552626,2006.64869646533,2074.45620634731,2140.14405941606,2209.63273423213,2107.3396261623,2019.91518620044,1950.19181218473,2128.30881395452,2175.73899144405
Nicaragua,NIC,Energy use (kg of oil equivalent per capita),EG.USE.PCAP.KG.OE,500.37663075991,498.485902704745,492.648077421619,505.003838995301,526.479860068169,527.958879566356,538.914055514578,540.292720975214,533.812640193905,523.407935260916,529.008203293034,531.362815684315,566.819598589113,576.474133611862,586.817955989046,611.876331871945,626.823007449197,632.373947264069,616.516996174416,616.151129278106,584.481071467124,600.815200012964,608.245546712747
Nicaragua,NIC,Urban population (% of total population),SP.URB.TOTL.IN.ZS,55.185,55.335,55.484,55.633,55.782,55.935,56.132,56.328,56.525,56.721,56.917,57.113,57.309,57.505,57.7,57.895,58.09,58.299,58.522,58.76,59.012,59.277,59.556
Nicaragua,NIC,Trade (% of GDP),NE.TRD.GNFS.ZS,61.2984974600022,57.9801315472268,58.0912844080785,62.1750658877514,67.195316780004,71.6457237072991,87.309670832079,93.025730229333,96.7939847302055,86.9936104453444,100.364058423919,111.827453935999,115.177288474198,110.984207880382,106.698200190796,98.194164594236,93.8137278130087,96.3805864351182,93.9847404925404,94.0422159246213,88.6381231228968,106.20739081994,115.454678712865
Nicaragua,NIC,Renewable energy consumption (% of total final energy consumption),EG.FEC.RNEW.ZS,58.4,56.7,54.7,51.5,51.2,52.8,53.3,52.6,53.8,54.6,54.4,53.3,53.3,54.3,53,50,49.5,48.9,51.3,50.5,52.2,50.4,..
Nicaragua,NIC,"Industry (including construction), value added (% of GDP)",NV.IND.TOTL.ZS,20.1553281368856,21.4993404064897,21.462279778213,20.5947609449169,21.396991205962,20.9665631875219,20.8761042755265,20.7270584901063,21.9642332178631,21.0756591800109,21.9687134501788,23.1571014574195,24.5476946484698,25.3876146457155,25.0984490191451,25.7346979136282,25.7948753609806,24.8173354804008,24.9956784644064,24.2809201178084,25.7903211218917,27.2859620403811,25.9436105960329
Nicaragua,NIC,Fossil fuel energy consumption (% of total),EG.USE.COMM.FO.ZS,46.0841648574924,48.3544132861198,48.4192385716833,49.2293092958658,48.217956585705,48.5821614565771,46.6488833847229,47.7108944922913,45.5374420604156,46.8593030147056,45.681738710692,48.0704678279265,42.533836537733,41.3275208641156,41.8687303521701,25.8794874085919,0,0,0,0,0,0,0
Nicaragua,NIC,Population density (people per sq. km of land area),EN.POP.DNST,41.7370201096892,42.2787518697025,42.7946568057171,43.3020026591325,43.8167857736413,44.391764999169,45.029541299651,45.6809290344025,46.340310786106,47.0051603789264,47.676998504238,48.355085590826,49.0384493933854,49.7244889479807,50.4112680737909,51.100357320924,51.7921389396709,52.4865464517201,53.1833139438258,53.8778211733422,54.5559830480306,55.2163952135616,55.9303141100216
Niger,NER,Carbon dioxide (CO2) emissions excluding LULUCF per capita (t CO2e/capita),EN.GHG.CO2.PC.CE.AR5,0.0609489618693216,0.0592585285010117,0.0593968294482597,0.062264671113131,0.0627778000572297,0.0580683956722907,0.0561863860183434,0.0588032243486555,0.0592504254840624,0.071137927736234,0.0871239576683192,0.0858043617469507,0.115239480872349,0.109995206237097,0.114592549329829,0.108814173757032,0.10482093641938,0.0924683349252448,0.0947355986679147,0.103408799387234,0.101595383987419,0.116675523035947,0.114767821536472
Niger,NER,GDP per capita (constant 2015 US$),NY.GDP.PCAP.KD,392.898616941042,406.923493665264,412.123793192578,406.333757497876,393.398781453199,407.190931059924,415.852022114801,413.419126261066,429.195542798877,421.650901333136,441.079166112039,434.986264873953,463.066265496402,469.690214200878,482.74524741946,485.662574175279,495.017437216008,501.615305462902,519.546993483886,532.186024570389,533.194328910254,523.263179518652,566.797962983866
Niger,NER,Energy use (kg of oil equivalent per capita),EG.USE.PCAP.KG.OE,127.847880422107,127.088373451422,127.275972111665,128.262478581972,129.29994058651,126.031296295518,124.905224384617,125.874974531129,127.065414057313,129.776980682561,134.74599121352,112.879803532778,128.362752529408,154.81219945793,151.6969478462,148.786532469365,147.452096053348,143.831599652126,146.101584927786,148.122869205689,147.817388244639,151.688015717016,162.045865914287
Niger,NER,Urban population (% of total population),SP.URB.TOTL.IN.ZS,16.186,16.26,16.255,16.251,16.247,16.242,16.238,16.234,16.229,16.225,16.221,16.216,16.212,16.208,16.219,16.247,16.29,16.35,16.425,16.517,16.626,16.751,16.894
Niger,NER,Trade (% of GDP),NE.TRD.GNFS.ZS,34.7127807043604,33.0136670843015,30.8343857497549,33.3827931416238,36.9641044464896,38.3477418070736,36.5313731842429,35.5028028471007,39.7112440540383,49.5122567031625,51.9459863027627,50.2463951569345,45.08596447308,46.2951491493291,45.7416008365932,44.727430371186,36.4881092245519,39.0711117370149,37.5388483992356,37.1025664250801,35.5129906570841,37.0158935503713,52.8061484329409
Niger,NER,Renewable energy consumption (% of total final energy consumption),EG.FEC.RNEW.ZS,87.6,87.7,87.7,87,87,87.5,87.4,86.2,86.1,83.2,80.7,77.2,72.7,78.7,78.1,78.9,80.2,82,82,80.7,81.9,79.6,..
Niger,NER,"Industry (including construction), value added (% of GDP)",NV.IND.TOTL.ZS,18.0983791582371,17.2090719474884,16.5393297044005,17.3087523149077,17.7534672936549,16.3274879150549,16.6265686310414,19.6749864140836,21.2545623661563,22.3397565462644,23.0003411876002,22.7795105220039,26.5372397334702,26.0465019475956,23.6059602383299,22.5383286848915,21.2451950725883,21.0721536929256,19.6976779523853,20.5861804923542,20.2387849491464,20.8342815509076,18.8885125171682
Niger,NER,Fossil fuel energy consumption (% of total),EG.USE.COMM.FO.ZS,14.3457431827033,13.7827958946221,14.2733322007109,15.0704938577725,16.1140641927171,14.0235622136193,13.6834373636386,14.2408729123137,15.266899161823,17.2854959529029,21.0928419747,24.1512073469988,29.5136642854157,26.7365057914024,23.8234391707973,-2.14899995974588,0,0,0,0,0,0,0
Niger,NER,Population density (people per sq. km of land area),EN.POP.DNST,9.08631088655562,9.41078945290913,9.74906765611431,10.1026162469409,10.4727528222942,10.8598657930054,11.2643727796637,11.6867529801847,12.1275084866188,12.5867806110366,13.0645259335281,13.5598665824584,14.0812891766006,14.6205873529644,15.1700552617036,15.741294702771,16.3304278834768,16.9222752032841,17.5164356201153,18.1161735217494,18.7239385805637,19.3432857030078,19.9826107207705
Nigeria,NGA,Carbon dioxide (CO2) emissions excluding LULUCF per capita (t CO2e/capita),EN.GHG.CO2.PC.CE.AR5,0.793658969888662,0.821769347824907,0.725466824353685,0.784874816260829,0.737360547996734,0.71062027357531,0.62268688008601,0.551614215902247,0.583368075337713,0.501455530886545,0.568500715956155,0.609298896826681,0.583423583202386,0.644514548437467,0.663324079369472,0.616825098874833,0.617495984777202,0.594333975254568,0.609462080512785,0.619418110857536,0.570700371517378,0.599378245348772,0.583043144043661
Nigeria,NGA,GDP per capita (constant 2015 US$),NY.GDP.PCAP.KD,1421.67987952013,1465.45720342309,1644.39518877632,1717.2145111176,1824.80269456773,1889.25175325817,1949.15856804565,2020.83316299454,2098.28339220667,2204.6072560373,2315.46676509662,2370.97657091803,2403.65387896923,2495.34106573748,2583.6155695814,2585.73360671797,2481.81490350326,2441.71236404487,2431.77857832567,2431.53528472982,2337.57587388074,2372.57314465346,2398.98622787065
Nigeria,NGA,Energy use (kg of oil equivalent per capita),EG.USE.PCAP.KG.OE,273.941085543675,282.894307915676,283.671578478059,296.749514531422,286.279211558707,305.401935366383,287.950796331134,281.716032327541,287.096394760191,260.354679698436,334.66956339927,376.069864552589,356.728094431268,350.973548654032,348.505844052068,319.580854421005,330.71892495147,316.089005663683,299.750041448841,330.325537947057,323.130893205101,334.28545037693,333.060729584941
Nigeria,NGA,Urban population (% of total population),SP.URB.TOTL.IN.ZS,34.84,35.669,36.508,37.356,38.212,39.074,39.943,40.819,41.702,42.588,43.48,44.366,45.246,46.118,46.982,47.838,48.683,49.519,50.344,51.157,51.958,52.746,53.521
Nigeria,NGA,Trade (% of GDP),NE.TRD.GNFS.ZS,..,..,..,..,..,..,..,..,..,..,..,..,..,..,..,..,..,..,..,..,..,..,..
Nigeria,NGA,Renewable energy consumption (% of total final energy consumption),EG.FEC.RNEW.ZS,86,84.5,84.5,82.9,84,83.9,85.8,87.1,85.7,88.1,86,84.1,83.9,81.4,79.9,81.3,81.1,81.6,80.8,80.1,81.8,80.3,..
Nigeria,NGA,"Industry (including construction), value added (% of GDP)",NV.IND.TOTL.ZS,33.823003290999,28.2762662656489,23.0408371863292,26.0024149026732,28.390040064544,28.2015834476344,25.7516355955536,24.344717837607,24.7142488981493,21.236761481448,25.3174522378126,28.2777998870502,27.0730175029593,25.7423212364316,24.6436085906069,20.160782897492,18.17313172689,22.3151171946859,25.7333065832929,27.3825370472331,28.2205055168218,31.4075340394769,30.7755687190103
Nigeria,NGA,Fossil fuel energy consumption (% of total),EG.USE.COMM.FO.ZS,45.8489935125037,48.9090502076226,48.6589057961215,52.2565420783636,53.395085394992,51.49496910649,48.7238490377315,44.7586815751996,46.1059084545549,41.8592539213376,38.8678566567488,37.541559938808,39.8796938675946,39.201235888021,39.250041215616,41.7817836554125,0,0,0,0,0,0,0
Nigeria,NGA,Population density (people per sq. km of land area),EN.POP.DNST,138.764445469218,142.585499083193,146.548512796864,150.64466769876,154.876692249415,159.224889928302,163.682745369303,168.28316808854,173.034919902939,177.925781481603,182.969230431393,188.170007795602,193.463360672837,198.787227291193,204.109616039176,209.352391932101,214.591719094832,219.873929751749,225.017024056568,230.009377779242,234.961824609945,239.939047179859,245.013445765671
North Macedonia,MKD,Carbon dioxide (CO2) emissions excluding LULUCF per capita (t CO2e/capita),EN.GHG.CO2.PC.CE.AR5,4.45984158709009,4.53156497526638,4.30154685997177,4.6678614245634,4.56351745325084,4.81860840859111,4.83731779829082,5.22513872127803,5.1444260770898,4.65661824541986,4.7140777003316,5.28740093672028,4.9850219269041,4.57509065301376,4.35522907532866,4.15047871033188,3.99976289308209,4.20581495235843,3.99565707860719,4.62803169280197,4.08701142811579,4.16620852053819,4.57713876417253
North Macedonia,MKD,GDP per capita (constant 2015 US$),NY.GDP.PCAP.KD,3283.37934095351,3169.32514368931,3240.11064526089,3307.92040834712,3473.76544811451,3657.56307699216,3866.74650622977,4140.63354809364,4392.5507164151,4405.20045750867,4582.36517512347,4711.13027870081,4708.05168535923,4863.68088666968,5053.75001236367,5262.68671928674,5429.94678358359,5510.81862920922,5698.39334484489,5961.58475399191,5743.72649424581,6064.92315120022,6250.62720952063
North Macedonia,MKD,Energy use (kg of oil equivalent per capita),EG.USE.PCAP.KG.OE,1316.52551296742,1266.25009844181,1251.05324515581,1379.16538502756,1362.18449664398,1453.50436062578,1486.59574899626,1550.39471481413,1540.69779663479,1437.83185635895,1475.24277459969,1619.7624762799,1549.52343072076,1441.72181001724,1404.88281081687,1387.97962391811,1408.22019004476,1438.49195928251,1370.12165061411,1503.51336885666,1388.54646388838,1455.08840227388,1476.13542564094
North Macedonia,MKD,Urban population (% of total population),SP.URB.TOTL.IN.ZS,58.548,58.339,58.13,57.921,57.711,57.532,57.383,57.264,57.175,57.117,57.089,57.092,57.125,57.189,57.284,57.408,57.563,57.748,57.963,58.208,58.482,58.786,59.118
North Macedonia,MKD,Trade (% of GDP),NE.TRD.GNFS.ZS,80.1601473580914,71.4782105684389,71.5334846721143,71.0693204909674,80.8704849956907,85.8410034787176,92.5516664675666,106.092966003288,111.570054713298,87.1767537660809,97.8810691156562,113.19191013947,112.214834702155,104.857229956305,112.537928969299,113.698443879103,116.185408418026,124.13728389629,133.215207648008,138.576231840539,128.241244322257,146.721411484074,166.147357379878
North Macedonia,MKD,Renewable energy consumption (% of total final energy consumption),EG.FEC.RNEW.ZS,19.4,15.2,14.6,17.3,18.2,19,19.8,15.7,15.6,18.4,22.3,18.6,18.3,21.2,21.2,23.9,21.4,19,20.9,17,20,19.5,..
North Macedonia,MKD,"Industry (including construction), value added (% of GDP)",NV.IND.TOTL.ZS,21.4063367196738,20.5865455856541,19.3780672207161,22.4884068866443,21.0384420875685,20.3620070871171,21.6625851152789,20.5809235456128,19.5331292631782,18.9727028474128,21.0422688522191,21.5924220032487,21.0808587045723,22.1404647622691,22.822578658191,23.9221832208017,23.9630460915105,24.2589458765972,24.0504298826712,23.7034834116039,22.7433958881186,22.5805920939893,23.0244680694634
North Macedonia,MKD,Fossil fuel energy consumption (% of total),EG.USE.COMM.FO.ZS,87.3173065456189,89.8050359399317,88.4062362409495,86.2174384081906,85.0137737692074,81.3094503183498,82.9670516765207,83.7025618073884,83.3184821495113,84.3672670539433,81.3500108939044,81.6682681970045,81.3343703509628,79.0522341739964,77.3329688873115,76.8807766338224,0,0,0,0,0,0,0
North Macedonia,MKD,Population density (people per sq. km of land area),EN.POP.DNST,79.6834447502949,80.0189539913488,79.4399134880063,79.5408965788439,79.283759339363,78.8568619740464,78.4226110892646,78.5942528735632,78.1408244153785,77.6678033306899,77.1727993655829,76.8199048374306,76.5194686756542,76.2377478191911,76.0331879460745,75.8298969072165,75.5873513084853,75.2837827121332,74.9028945281523,74.3957969865186,73.5973037272006,72.8435368754956,72.6293417922284
Northern Mariana Islands,MNP,Carbon dioxide (CO2) emissions excluding LULUCF per capita (t CO2e/capita),EN.GHG.CO2.PC.CE.AR5,0,0,0,0,0,0,0,0,0,0,0,0,0,0,0,0,0,0,0,0,0,0,0
Northern Mariana Islands,MNP,GDP per capita (constant 2015 US$),NY.GDP.PCAP.KD,..,..,24066.5361573445,24650.0405531909,24445.4618441919,21882.2927935415,20940.1619770428,20117.7037335229,18451.3905458787,15710.5807282039,16293.3059496259,15226.1308805108,15457.4258192247,16015.0349164338,16869.5270385638,17665.1007493109,23158.5744988538,28989.3470221339,23756.6075820248,21451.4401636511,15410.1186923944,16365.016735395,19461.8611129744
Northern Mariana Islands,MNP,Energy use (kg of oil equivalent per capita),EG.USE.PCAP.KG.OE,..,..,..,..,..,..,..,..,..,..,..,..,..,..,..,..,..,..,..,..,..,..,..
Northern Mariana Islands,MNP,Urban population (% of total population),SP.URB.TOTL.IN.ZS,90.152,90.235,90.316,90.398,90.478,90.558,90.638,90.716,90.795,90.872,90.949,91.028,91.108,91.19,91.273,91.357,91.443,91.53,91.618,91.708,91.798,91.89,91.983
Northern Mariana Islands,MNP,Trade (% of GDP),NE.TRD.GNFS.ZS,..,..,151.947040498442,152.703793381759,178.099173553719,174.552309142319,159.69696969697,128.571428571429,100.851970181044,84.5283018867925,92.6157697121402,105.075445816187,114.879356568365,120.077720207254,119.831730769231,122.747252747253,152.845528455285,131.410256410256,108.762490392006,104.749787955895,78.9838337182448,78.8840262582057,93.1569343065693
Northern Mariana Islands,MNP,Renewable energy consumption (% of total final energy consumption),EG.FEC.RNEW.ZS,0,0,0,0,0,0,0,0,0,0,0,0,0,0,0,0,0,0,0,0,0.3,0.5,0.5
Northern Mariana Islands,MNP,"Industry (including construction), value added (% of GDP)",NV.IND.TOTL.ZS,..,..,..,..,..,..,..,..,..,..,..,..,..,..,..,..,..,..,..,..,..,..,..
Northern Mariana Islands,MNP,Fossil fuel energy consumption (% of total),EG.USE.COMM.FO.ZS,..,..,..,..,..,..,..,..,..,..,..,..,..,..,..,..,..,..,..,..,..,..,..
Northern Mariana Islands,MNP,Population density (people per sq. km of land area),EN.POP.DNST,148.6,147.791304347826,145.169565217391,142.219565217391,138.995652173913,135.552173913043,131.917391304348,128.132608695652,124.239130434783,120.271739130435,117.589130434783,116.539130434783,115.726086956522,114.691304347826,113.430434782609,111.986956521739,110.376086956522,108.60652173913,106.689130434783,104.628260869565,103.321739130435,102.128260869565,100.169565217391
Norway,NOR,Carbon dioxide (CO2) emissions excluding LULUCF per capita (t CO2e/capita),EN.GHG.CO2.PC.CE.AR5,9.30069181091734,9.36757477317646,9.1630548863537,9.73634430885537,9.77588846471294,9.36832658813819,9.44315600501815,9.53568507967356,9.87881830757525,9.34505291872017,9.81428243011405,9.4765931879264,9.24348415376243,9.22848014508163,9.14691024271436,9.242133775019,9.04967581548563,8.98392789192582,8.83931523013542,8.55355077959631,8.27517555151757,8.33924397964617,8.16471744198
Norway,NOR,GDP per capita (constant 2015 US$),NY.GDP.PCAP.KD,67846.5968643534,68899.5268987833,69472.9836807311,69719.3122573679,72090.9862854901,73524.2549197612,74729.7365961068,76115.7066768285,75535.2118003041,73141.3073299889,72804.3956188398,72660.6754124944,73661.6785830334,73515.9144917472,74180.3238731011,74809.9658049898,75017.4944769055,76247.4116445341,76373.6474606092,76712.2871160349,75287.2059527598,77812.7115614383,79620.1635455079
Norway,NOR,Energy use (kg of oil equivalent per capita),EG.USE.PCAP.KG.OE,5826.12232323722,5954.81911743802,5502.08929908871,5934.59079848361,6231.94030988748,6319.92545895993,6319.15452788829,5864.30044405949,6412.35151011432,6200.50244551882,6455.3166845378,5501.9559356258,5805.46758867551,6047.18057523381,5525.57603893844,4930.48137593923,5368.57647170474,5673.5093152418,5539.19011908654,5220.68866140147,5145.72221927617,5298.87662808584,4651.48670758657
Norway,NOR,Urban population (% of total population),SP.URB.TOTL.IN.ZS,76.02,76.378,76.733,77.084,77.399,77.675,77.95,78.234,78.526,78.815,79.102,79.455,79.874,80.286,80.692,81.091,81.485,81.871,82.248,82.616,82.974,83.323,83.664
Norway,NOR,Trade (% of GDP),NE.TRD.GNFS.ZS,74.3125187193698,73.1583039085777,67.5170140875686,66.3207509412935,68.671953774992,70.4694504909023,71.6599299465003,71.9420263082298,74.7852799340995,67.4643154601855,68.2395193584281,69.5987336334833,68.4985528389766,67.9727925936832,69.1373772209037,70.431856540017,69.1168423974699,69.1087817621061,70.0031957894984,70.8958205272987,65.3539790413323,71.2227137759599,82.6094798361389
Norway,NOR,Renewable energy consumption (% of total final energy consumption),EG.FEC.RNEW.ZS,60.2,59.6,59.5,56.2,56.9,58.6,57,57.4,58.5,56.7,56,56,56.9,56.6,55.8,56.5,57.7,58.9,58.9,59.8,60.9,61.4,..
Norway,NOR,"Industry (including construction), value added (% of GDP)",NV.IND.TOTL.ZS,36.7998293058526,35.5696147591,33.6163207375275,33.8137855236301,35.4260864604952,38.3804105782717,40.0562998933421,37.619260274878,40.8115905550248,34.8690747104576,35.3094842115323,37.6245805499,37.4765762389368,36.2739314669769,34.6738352116026,31.5986317732861,28.5306166329967,30.4933671932528,32.6446122707692,29.8244589771798,26.8831673443447,37.9019230417877,49.1288971298146
Norway,NOR,Fossil fuel energy consumption (% of total),EG.USE.COMM.FO.ZS,54.3436032668985,55.6490266586801,53.5206112714822,58.8746410565072,51.7425762356891,50.4825403147943,52.3316708020658,56.1688546234192,64.944290529186,65.9968201450269,67.7236818992226,58.8607482371614,58.8096111320329,65.6116716169172,58.7135472017842,67.1990935878789,0,0,0,0,0,0,0
Norway,NOR,Population density (people per sq. km of land area),EN.POP.DNST,12.2957995203207,12.358179737381,12.4250062971603,12.4980971624448,12.5721709323083,12.6580888392417,12.760447810231,12.89317004523,13.0548674310872,13.2205484552792,13.3862623342204,13.5610386481366,13.7403297521657,13.9120886837683,14.0704449094514,14.2079384825517,14.3354243797401,14.452576255125,14.5488896436123,14.6479975020132,14.7672152298338,14.8470090866665,14.9809948664452
Oman,OMN,Carbon dioxide (CO2) emissions excluding LULUCF per capita (t CO2e/capita),EN.GHG.CO2.PC.CE.AR5,11.5318533423366,12.3286686921618,13.0297286427001,13.6147535574136,13.2140396312241,13.4329917611255,16.7588610602455,17.7304338149868,17.0293189224258,17.5455057793187,18.674128160624,19.4167701574674,19.0116675396788,18.4229793425151,18.7455199192292,18.9548363817969,18.6080366177417,18.1494848587163,18.5599136297034,18.8075947222113,18.175224881299,19.5702671570501,19.2317238119278
Oman,OMN,GDP per capita (constant 2015 US$),NY.GDP.PCAP.KD,19881.7364316776,20546.0554077598,20150.1131971413,19485.6441506077,19534.8601445269,19629.0451546015,20096.3965576134,20642.7489563377,22007.7338963517,22819.1977324647,22766.0503620721,20993.9079436935,19824.1215485946,19299.9400516869,18726.2026946971,18808.3077921839,18830.6057208608,18277.945563615,18269.6769435562,18089.586668488,17743.8858800477,18291.3387983888,18792.4460565306
Oman,OMN,Energy use (kg of oil equivalent per capita),EG.USE.PCAP.KG.OE,3286.26599451763,3303.97268173668,3469.43506166397,3565.24432327227,3658.50755395167,4030.08185259047,6138.77344250291,6889.71721193841,5927.85053888478,5912.23573208102,6736.89412726066,7155.54208650969,6702.98586928623,6348.55461173282,6076.17706116413,6027.44597600521,5557.31259783447,5765.1904185145,5543.48208572922,5104.14096385215,5696.16549726549,5933.45046971652,5867.32005628854
Oman,OMN,Urban population (% of total population),SP.URB.TOTL.IN.ZS,71.569,71.549,71.529,71.509,71.827,72.4,72.967,73.527,74.08,74.624,75.161,76.183,77.564,78.882,80.145,81.35,82.5,83.56,84.539,85.443,86.276,87.044,87.75
Oman,OMN,Trade (% of GDP),NE.TRD.GNFS.ZS,81.4132822358275,84.5270024947002,83.6537485764543,84.846636733578,88.611307129045,86.7613020421318,86.1457079854133,94.8657889777347,94.7619029877161,91.6279353346997,96.3865546218487,101.641731939942,102.0747604043,112.543521763774,102.27872108813,96.3775801852347,82.8642642018901,88.9531480182956,89.2792178262847,86.4782010313236,91.8758908014472,95.9494877293305,105.745009280655
Oman,OMN,Renewable energy consumption (% of total final energy consumption),EG.FEC.RNEW.ZS,0,0,0,0,0,0,0,0,0,0,0,0,0,0,0,0,0,0,0,0,0.1,0.1,..
Oman,OMN,"Industry (including construction), value added (% of GDP)",NV.IND.TOTL.ZS,56.1644155722765,53.2718052025626,52.8262315784726,52.5904038863945,53.363820486267,60.285371070288,60.2934439347387,57.7207010742266,63.599715349163,57.5651554021414,63.2733093237295,68.1872487230601,67.5381672007546,64.9286879272652,62.0562918738146,53.0985352378875,47.9402499394191,49.5943955174432,53.893531150523,51.3792329456517,47.1477222892227,51.9269716464141,59.4852077730217
Oman,OMN,Fossil fuel energy consumption (% of total),EG.USE.COMM.FO.ZS,..,..,99.5617165080443,..,99.1201715900591,99.9212928369368,99.9860098887891,99.9426351014091,..,99.6496050410564,..,99.9907878576013,99.5673514319969,..,99.9943048215969,71.4786459382161,0,0,0,0,0,0,0
Oman,OMN,Population density (people per sq. km of land area),EN.POP.DNST,7.37360581583199,7.464352180937,7.5513408723748,7.63746688206785,7.77001938610662,7.94766397415186,8.12534733441034,8.30427786752827,8.48636187399031,8.67418093699515,8.90935702746365,9.94107592891761,11.4607625201939,12.3874410339257,12.9319515347334,13.5214701130856,14.1870016155089,14.6604071082391,14.8558222940226,14.8343812600969,14.612268174475,14.5409499192246,15.2834442649435
Pakistan,PAK,Carbon dioxide (CO2) emissions excluding LULUCF per capita (t CO2e/capita),EN.GHG.CO2.PC.CE.AR5,0.722280672462726,0.715435117098944,0.694198814405233,0.702938338048544,0.767198720269024,0.763118545814938,0.808545330660399,0.877730305454947,0.82505768773704,0.823380768791772,0.781107932121358,0.761781092557542,0.756405714192846,0.761674184204744,0.789553024116013,0.820351031478849,0.893837153310713,0.955178531852753,0.891393767524322,0.862094995565853,0.946681902525099,0.988583071213352,0.897331150923768
Pakistan,PAK,GDP per capita (constant 2015 US$),NY.GDP.PCAP.KD,1049.54229686852,1057.86767778646,1059.04171024589,1090.27523993746,1146.99632842666,1201.23359367214,1243.94142602543,1265.35567539842,1258.05188934452,1269.07432116444,1256.69482201323,1261.83161907857,1275.48806898966,1309.70080446386,1343.30778121043,1380.47020838317,1452.18658269177,1495.26187528032,1561.68169819559,1573.8330826937,1526.00597486307,1595.02792175422,1642.28066974826
Pakistan,PAK,Energy use (kg of oil equivalent per capita),EG.USE.PCAP.KG.OE,411.540523296893,407.952226836099,404.292241530291,412.793730478842,431.636644125398,436.021708116643,443.865350777373,457.166653731876,437.793091427855,433.232502017003,429.290150470498,422.806783066711,419.511994101923,421.547198130113,433.41831568369,437.113254936443,446.831497143007,456.017360937059,453.513978590289,431.515757251107,454.250317980901,465.029491365502,470.723496524025
Pakistan,PAK,Urban population (% of total population),SP.URB.TOTL.IN.ZS,32.982,33.18,33.38,33.58,33.781,33.982,34.184,34.387,34.59,34.793,34.997,35.202,35.408,35.613,35.819,36.026,36.234,36.442,36.666,36.907,37.165,37.44,37.731
Pakistan,PAK,Trade (% of GDP),NE.TRD.GNFS.ZS,21.4599638884654,23.5772074298467,23.1290159545291,24.6501585248398,24.8083348519064,29.8784940550747,33.0497193672284,30.7878814312746,34.3489608135242,33.3268872863988,31.9890020462315,32.3626382751438,31.3189732760076,30.8902743401844,29.4698256903998,26.6881860172247,24.7015780480573,25.472035002344,27.6260570796337,28.9055769867032,26.7162807328814,27.0304204125548,33.031353478032
Pakistan,PAK,Renewable energy consumption (% of total final energy consumption),EG.FEC.RNEW.ZS,51,51.5,51.4,50.1,47.9,48,47,44.9,46.6,46.4,47.4,46.8,47.2,48.1,47.2,45.9,43.7,42.1,43.4,45.9,42.7,41.6,..
Pakistan,PAK,"Industry (including construction), value added (% of GDP)",NV.IND.TOTL.ZS,17.1836347813683,17.5934942779914,17.1588876671988,17.3885833649452,18.9071452885794,19.9330293059047,20.199119664936,19.9449553163591,21.1955484525846,20.3372467582902,20.9650197800876,21.1864809532945,21.9583720724829,20.8910295084645,20.8659912298838,19.602614668814,18.1501179723214,18.0993270885214,18.5890515927482,19.5638945814483,18.5894635445816,18.8964082009484,20.4125955543613
Pakistan,PAK,Fossil fuel energy consumption (% of total),EG.USE.COMM.FO.ZS,58.8719359153352,58.2491664663253,57.5144464150635,57.8918800807846,59.7093346380472,60.0888355995583,60.8916952868943,62.2040984481434,61.3421199070188,60.7430542453518,59.9124458218261,59.351153791136,59.1668004877862,59.1306969037784,59.6096519934159,45.0989439579458,0,0,0,0,0,0,0
Pakistan,PAK,Population density (people per sq. km of land area),EN.POP.DNST,200.912109537152,206.609208955998,211.735353102947,216.778549190536,222.195413034454,227.601198630137,233.087756849315,239.328080894562,245.821804950187,252.148886986301,258.456630085098,264.303218399751,269.389691002491,273.809124636779,277.948120330012,281.873810450394,285.568271326276,289.635179275633,294.376416562889,299.399256693649,304.848674242424,310.65509677252,316.133077781237
Palau,PLW,Carbon dioxide (CO2) emissions excluding LULUCF per capita (t CO2e/capita),EN.GHG.CO2.PC.CE.AR5,110.647617061216,122.137246796197,74.0450187150695,87.3950862200519,76.7810292633703,87.552348756244,86.6482927576175,71.681691016475,73.533589352412,116.190068950772,114.73689932594,131.081978094922,202.865184351252,103.371486854034,71.5608241603161,67.2650534608891,64.2973534865427,67.1625870199865,69.0748849219715,71.2608158220025,71.7401079136691,74.7342968003149,78.7262796328622
Palau,PLW,GDP per capita (constant 2015 US$),NY.GDP.PCAP.KD,12100.4308019851,12771.1402365182,13307.9203374786,12776.7707498934,13172.175520174,13622.5563485424,13762.6406661494,14215.1687952627,13641.262015708,12853.6846434309,12955.2695878799,13857.9094931366,14278.8279095543,13937.0796775143,14546.652453983,15690.759707372,15598.0221837797,15076.816457849,15091.7076582015,15135.4875881995,14232.2419350844,12275.2710683481,12129.8009823299
Palau,PLW,Energy use (kg of oil equivalent per capita),EG.USE.PCAP.KG.OE,..,..,..,..,..,..,..,..,..,..,..,..,..,..,..,..,..,..,..,..,..,..,..
Palau,PLW,Urban population (% of total population),SP.URB.TOTL.IN.ZS,70.338,70.093,69.847,69.6,70.383,71.152,71.91,72.655,73.389,74.109,74.817,75.511,76.194,76.862,77.517,78.159,78.775,79.365,79.93,80.47,80.988,81.483,81.956
Palau,PLW,Trade (% of GDP),NE.TRD.GNFS.ZS,..,..,..,..,..,161.46939728362,161.522864812368,149.226444921843,142.823957969312,134.560995378899,138.962918953332,144.713408848522,145.342283919719,139.010551344002,141.171467758419,131.231224769102,127.407327951033,127.92324929972,116.887515105895,115.048648372571,107.241569970825,80.7298234719488,87.7375620669108
Palau,PLW,Renewable energy consumption (% of total final energy consumption),EG.FEC.RNEW.ZS,0,0,0,0,0,0,0,0,0,0,0,0,0,0,0.3,0.4,0.6,0.6,0.6,0.9,0.9,0.9,0.9
Palau,PLW,"Industry (including construction), value added (% of GDP)",NV.IND.TOTL.ZS,14.5161225606176,18.0478948408157,21.4147437532851,17.5177390772121,15.155091963777,13.3992747387573,11.5432334932365,10.8011504024816,8.91084187141747,8.76161854335309,9.77131308579333,8.52947521017087,8.11665980726948,7.80063697687597,7.53407784698332,7.97755436388729,10.1796204455901,8.19327731092437,8.93693663720519,11.2403065031907,12.7378655921369,11.6988168544268,11.7731407705511
Palau,PLW,Fossil fuel energy consumption (% of total),EG.USE.COMM.FO.ZS,..,..,..,..,..,..,..,..,..,..,..,..,..,..,..,..,..,..,..,..,..,..,..
Palau,PLW,Population density (people per sq. km of land area),EN.POP.DNST,41.6913043478261,42.0695652173913,42.3978260869565,42.7369565217391,43.0869565217391,43.0847826086957,42.5934782608696,41.9608695652174,41.3239130434783,40.6717391304348,39.9913043478261,39.3,38.6195652173913,38.3652173913043,38.5108695652174,38.6304347826087,38.6891304347826,38.7217391304348,38.7260869565217,38.6913043478261,38.6782608695652,38.6586956521739,38.6065217391304
Panama,PAN,Carbon dioxide (CO2) emissions excluding LULUCF per capita (t CO2e/capita),EN.GHG.CO2.PC.CE.AR5,1.72374217247122,2.02066305113768,1.72818967809228,1.71753338054622,1.69355198383344,2.14275408644544,2.21873977785047,2.17469723548287,2.07261626990203,2.43326961960576,2.52928523495019,2.70623702959655,2.7787413254112,2.68201767743376,2.76693744586793,2.68396617706662,2.6461832782919,2.4753416138309,2.38115003862894,3.09426877937044,2.23301122386922,2.50195321264646,2.72636193686882
Panama,PAN,GDP per capita (constant 2015 US$),NY.GDP.PCAP.KD,6856.14919005847,6787.86267897348,6825.17747437166,7037.08165700349,7468.76593139801,7935.87135060821,8557.9801770364,9507.64641073854,10288.1549911493,10267.0633151993,10698.0717633911,11761.4988547604,12668.2945474105,13236.8306754449,13611.5490809559,14082.6548502728,14474.1243636349,15045.5456426827,15375.6435074101,15602.5420867199,12647.082664124,14552.9401574302,15917.427539403
Panama,PAN,Energy use (kg of oil equivalent per capita),EG.USE.PCAP.KG.OE,790.919387331221,887.107864697881,790.860132882429,774.416697085516,755.9909322211,838.635936361115,874.56606978567,858.048128734239,806.672089232316,871.526813807763,948.304837724795,1037.63156478608,1052.69925949498,1002.33596439162,1035.01293838968,1024.97759926054,1045.76582937315,1035.95086028489,1026.38990550231,1162.83608429865,936.065449427601,1033.31759264066,1062.69925631817
Panama,PAN,Urban population (% of total population),SP.URB.TOTL.IN.ZS,62.198,62.497,62.794,63.091,63.387,63.682,63.976,64.268,64.56,64.851,65.14,65.437,65.741,66.052,66.371,66.696,67.027,67.365,67.709,68.059,68.414,68.775,69.141
Panama,PAN,Trade (% of GDP),NE.TRD.GNFS.ZS,139.197934867656,135.584351118395,126.024482449851,117.267478940646,124.761756520445,139.211165086724,141.47257128141,148.665601089573,164.58628613577,137.046021610678,145.44871880643,158.208395346813,153.208620367102,133.071568935782,114.970604927053,96.5791573428957,84.3959718738111,84.0475372402933,86.1309615112445,80.4286505649569,68.700423510603,80.1334635232887,93.687178754867
Panama,PAN,Renewable energy consumption (% of total final energy consumption),EG.FEC.RNEW.ZS,27.7,24,28.7,27.4,28.2,22.8,22.1,22.8,23.4,20.4,20.6,19.7,21.2,20.7,19.8,22,22.1,23.6,24.5,19,28.5,28,..
Panama,PAN,"Industry (including construction), value added (% of GDP)",NV.IND.TOTL.ZS,18.3015572560625,16.4037221112186,15.5868422594675,16.7622315976175,17.1143204600807,16.9418882746737,17.0590241660359,17.3951362522399,19.4422776304552,18.8451293179314,18.7740621099669,19.3755839663283,20.981246893755,24.4155078425601,25.7779037450735,26.5789491044727,27.4158212522472,28.2545621318825,28.3264606122134,28.4159327313405,23.4387808947225,26.3633167012611,26.4661398264393
Panama,PAN,Fossil fuel energy consumption (% of total),EG.USE.COMM.FO.ZS,75.7460269004661,80.6861401984075,75.3801786870994,78.1730582998129,74.2749020436312,77.2659980640766,78.6340944837785,78.4143080386412,76.5236411875146,81.521835280367,85.3170135188025,84.4313951277259,82.2963302830021,82.7709127768107,84.4099938740646,83.0773809320924,0,0,0,0,0,0,0
Panama,PAN,Population density (people per sq. km of land area),EN.POP.DNST,40.4946058649448,41.2905165456013,42.0950228679042,42.9083535108959,43.7335889157923,44.5658595641646,45.3998385794996,46.2401129943503,47.0896959913909,47.9470137207425,48.8099946193167,49.6839521119182,50.5684153887544,51.4572101156847,52.5108067997841,53.4273475445224,54.3589584457636,55.298259579061,56.1857643569695,57.0868158533297,57.87626044756,58.5791992450795,59.3255998921542
Papua New Guinea,PNG,Carbon dioxide (CO2) emissions excluding LULUCF per capita (t CO2e/capita),EN.GHG.CO2.PC.CE.AR5,0.531960620285408,0.625563526512913,0.693247454466178,0.739533347256702,0.761467885558896,0.800118728775893,0.787984682233406,0.758758901074125,0.710218373877663,0.668296960023158,0.55425260394185,0.568571481647455,0.527149413652849,0.551110012672989,0.649608532516386,0.683144452300667,0.738697647035981,0.708650471079064,0.71960089895027,0.742303317407308,0.607503494894835,0.555114124824626,0.569685751554247
Papua New Guinea,PNG,GDP per capita (constant 2015 US$),NY.GDP.PCAP.KD,1989.57882204274,1920.78003889393,1854.41831737462,1832.67870314447,1821.84741071002,1875.82273480514,1915.2349405788,2000.9726186689,1934.03201558753,2003.24109727039,2140.50939027384,2102.03192060639,2139.48096660428,2162.10592595591,2391.3578028163,2484.5963398603,2557.09463030035,2584.8883636271,2518.45899317321,2572.56177967896,2438.61137922293,2378.3716816549,2467.23488790877
Papua New Guinea,PNG,Energy use (kg of oil equivalent per capita),EG.USE.PCAP.KG.OE,..,..,..,..,..,..,..,..,..,..,..,..,..,..,..,..,..,..,..,..,..,..,..
Papua New Guinea,PNG,Urban population (% of total population),SP.URB.TOTL.IN.ZS,13.204,13.182,13.164,13.146,13.127,13.109,13.091,13.073,13.055,13.037,13.019,13,12.982,12.978,12.988,13.012,13.05,13.102,13.169,13.25,13.345,13.456,13.582
Papua New Guinea,PNG,Trade (% of GDP),NE.TRD.GNFS.ZS,115.421837958873,117.580367053663,118.919110291279,123.449069006746,131.082911016249,..,..,..,..,..,..,..,..,..,..,..,..,..,..,..,..,..,..
Papua New Guinea,PNG,Renewable energy consumption (% of total final energy consumption),EG.FEC.RNEW.ZS,66.4,63.4,62.5,60.4,57.5,58.6,58.9,57.1,56.9,56,55.2,54.7,55.5,58.3,56.9,55.3,54.8,54.7,53.4,53.2,53.6,54.5,54.6
Papua New Guinea,PNG,"Industry (including construction), value added (% of GDP)",NV.IND.TOTL.ZS,39.3290741387457,38.4906168540731,34.9054094633435,35.2516732907512,36.990625566481,..,35.3656202972197,34.5397977398031,34.3859870110461,29.7716417489587,33.1688098579341,31.3362203529409,27.5731803314458,26.5405471816928,32.7848336169925,34.8049301310481,34.7299715804552,36.3598597357265,36.9240450738372,36.711080935275,33.0470837551076,34.0395482188639,40.279199607031
Papua New Guinea,PNG,Fossil fuel energy consumption (% of total),EG.USE.COMM.FO.ZS,..,..,..,..,..,..,..,..,..,..,..,..,..,..,..,..,..,..,..,..,..,..,..
Papua New Guinea,PNG,Population density (people per sq. km of land area),EN.POP.DNST,12.2268780638608,12.6494612021375,13.0813121052864,13.5229364483505,13.9735039526565,14.4325067349733,14.9002340679239,15.3763745970057,15.8614185399461,16.354807225191,16.8562535883054,17.3549132182131,17.8452281058164,18.3339177670803,18.8213598021464,19.306730556905,19.7891577971117,20.268325751888,20.744850505675,21.2185001987369,21.6750121450338,22.1103564015369,22.5305149494325
Paraguay,PRY,Carbon dioxide (CO2) emissions excluding LULUCF per capita (t CO2e/capita),EN.GHG.CO2.PC.CE.AR5,0.713368783509003,0.727742160333821,0.751179169973817,0.765671454608673,0.765639571840187,0.697986838340066,0.744375991344829,0.700041335499999,0.810018715349615,0.827121283614366,0.909851234870305,0.933250049100321,0.913429318732483,0.938378873520776,0.976982644105393,1.07811153669617,1.19885564797381,1.33263181808142,1.35663322951709,1.30419406857161,1.20234915401714,1.34040335825685,1.2097838254889
Paraguay,PRY,GDP per capita (constant 2015 US$),NY.GDP.PCAP.KD,4074.48953320404,3972.88427866686,3916.4402230868,4035.71833919883,4151.34584799368,4193.2808652562,4349.31197066182,4540.38235899198,4788.6631877791,4727.59685811395,5191.05014254402,5342.19015717376,5230.26244858764,5583.12274473463,5794.47644401603,5879.33792308671,6041.95879367268,6243.13363139058,6354.2392005297,6243.53620897773,6109.19608100615,6278.11006663828,6218.19790694024
Paraguay,PRY,Energy use (kg of oil equivalent per capita),EG.USE.PCAP.KG.OE,756.712974544407,756.521131169345,740.239930868724,747.213467666312,745.141305382425,727.726114470464,742.137810783961,748.808732851018,795.13978096029,803.842403165747,845.813455856112,846.378069858717,838.725851852828,834.864412287503,859.864131506698,925.193411629783,1072.60628446376,1116.33946333541,1130.48367815286,1105.56253694542,1056.5406299527,1094.06594460795,1044.98506765929
Paraguay,PRY,Urban population (% of total population),SP.URB.TOTL.IN.ZS,55.331,55.966,56.6,56.977,57.305,57.633,57.96,58.286,58.612,58.937,59.261,59.584,59.907,60.197,60.474,60.75,61.026,61.3,61.585,61.879,62.183,62.496,62.818
Paraguay,PRY,Trade (% of GDP),NE.TRD.GNFS.ZS,78.6447297611485,72.6056990118238,79.4415656482927,81.1273637701163,80.1044466155542,85.0219636540457,84.7335313048126,79.0011374202968,80.777574657268,70.8419818624432,81.2575233746727,78.4921238489348,74.7649574560794,73.3698713841075,69.0837249631346,66.9150655259573,67.7593152322047,71.0801344038377,72.069223625915,71.2221617342433,62.7602174748561,69.7422730211357,73.7379050218533
Paraguay,PRY,Renewable energy consumption (% of total final energy consumption),EG.FEC.RNEW.ZS,70.4,69.8,67.7,67,66.8,68.8,66.5,68.4,65.8,65.4,63.6,62.5,63.4,62.5,62.5,60.5,62.5,60.1,59.2,60.1,61.5,58.8,..
Paraguay,PRY,"Industry (including construction), value added (% of GDP)",NV.IND.TOTL.ZS,35.5635329986887,38.5619118460378,42.1710275465435,40.2733826715247,38.4052880586144,39.2893886541103,38.3057903240628,37.1011236408528,36.7688484491579,37.3808393211608,34.6039155109745,34.0345623929542,34.514098143711,33.2329249939455,33.608075846478,34.5822537534796,34.496780321782,34.3937589134534,33.5561752136371,33.4893114331079,34.2042992219245,34.679689727134,34.2539657600772
Paraguay,PRY,Fossil fuel energy consumption (% of total),EG.USE.COMM.FO.ZS,28.136868064304,28.7504216803086,30.445598434941,30.8612491832394,31.0245322133512,28.971056896894,30.0652895197446,30.7323462307718,29.8058552105346,30.2452192804409,32.27525896179,33.325727521742,34.1659766464805,33.2525354209003,33.3723126223006,33.5256019515543,0,0,0,0,0,0,0
Paraguay,PRY,Population density (people per sq. km of land area),EN.POP.DNST,12.8388321167883,13.0573596778253,13.242708280896,13.4065844450038,13.5619808708784,13.7128039265039,13.8564007047571,13.9929171910395,14.1293078278379,14.2744424867858,14.4424137931034,14.6353536370501,14.842708280896,15.0577523282155,15.2776516486282,15.5023986911654,15.7289856531588,15.9543418071986,16.1776541656179,16.3983337528316,16.621542914674,16.8240171155298,17.0713596633508
Peru,PER,Carbon dioxide (CO2) emissions excluding LULUCF per capita (t CO2e/capita),EN.GHG.CO2.PC.CE.AR5,1.08969619184001,0.998950438762287,1.02970450579457,0.998894508400685,1.1423518222445,1.13289904552051,1.1115963213602,1.20469884036139,1.35760104245821,1.45239209959881,1.57606305627456,1.67801514096021,1.66202679181706,1.68743164135633,1.76795416469733,1.80225296806052,1.86257629389331,1.76238594560569,1.73484298998946,1.7923189290075,1.44701754603937,1.60661387321863,1.70307853776252
Peru,PER,GDP per capita (constant 2015 US$),NY.GDP.PCAP.KD,3286.27308475523,3261.6642505136,3398.74991419297,3502.79165687646,3640.60299869744,3835.13219279722,4091.36268615581,4407.79121686416,4778.52642172313,4801.17153740507,5167.39259325937,5453.45718713631,5740.04346272472,6021.46142765232,6103.91864749969,6231.71150338894,6392.25474941014,6457.41940254721,6593.14437459526,6626.26083494969,5831.83024758521,6547.84718181776,6667.51695632036
Peru,PER,Energy use (kg of oil equivalent per capita),EG.USE.PCAP.KG.OE,506.00792489422,483.098550714887,478.085367689992,464.580789404956,499.905030452941,525.129526193377,503.243223308839,531.658944578596,581.604189028885,583.138420968196,603.455432475802,688.059834224801,731.975608324875,698.053820478867,728.635674022974,743.011209215106,764.054757957891,762.042756190787,783.890205846973,798.439603977568,666.666363333809,775.134628731113,826.705646687846
Peru,PER,Urban population (% of total population),SP.URB.TOTL.IN.ZS,73.042,73.448,73.85,74.249,74.644,75.034,75.421,75.803,76.052,76.241,76.43,76.617,76.804,76.989,77.173,77.357,77.539,77.72,77.907,78.099,78.297,78.5,78.708
Peru,PER,Trade (% of GDP),NE.TRD.GNFS.ZS,35.5380321623178,35.0644014310212,35.2491813317695,37.6246103251002,41.9360782679273,47.3573174768394,51.7850560338442,55.6881132836815,58.4337673899053,48.1119296153519,51.6728089370033,55.9882802838607,52.6198952632294,49.7871424471444,46.8531210912899,45.1627686891148,45.3888411964154,47.5135503619971,48.631470171736,46.9435053754409,44.245967197744,55.427249365522,57.2969759649721
Peru,PER,Renewable energy consumption (% of total final energy consumption),EG.FEC.RNEW.ZS,38.6,41.2,40.2,40.9,37.8,38.4,38.7,36,33.7,32.9,32.2,30.6,30.8,28.4,28.6,27.4,27.2,27.6,27.9,27.1,31.6,30.6,..
Peru,PER,"Industry (including construction), value added (% of GDP)",NV.IND.TOTL.ZS,29.0341336995526,29.0351564426085,29.4440321551084,29.8893494570244,32.6500976155483,34.3566674243965,37.4577549944707,37.6989799588981,36.3269344719167,33.551682543695,35.7720066029406,37.2361002771383,35.5335533553355,33.8594367461678,31.701403934103,30.3378798708175,30.5565505783828,31.2978841231473,31.6240835005495,30.4491957836385,30.3192857092121,35.7383343144165,34.9314299156729
Peru,PER,Fossil fuel energy consumption (% of total),EG.USE.COMM.FO.ZS,63.4824014374436,61.1630100785474,61.345449460467,60.4421672727262,64.4959982681091,66.1663158948319,64.0854194751587,66.4893340412757,68.9245108461564,68.6636007081381,72.5948134869734,69.6097042750197,72.4654016751109,74.6156709970131,86.2064666999723,32.8550856482458,0,0,0,0,0,0,0
Peru,PER,Population density (people per sq. km of land area),EN.POP.DNST,20.77994609375,21.06609453125,21.31891953125,21.5472578125,21.7595234375,21.954046875,22.12850859375,22.28960859375,22.43675078125,22.57563359375,22.72345234375,22.8938171875,23.0862234375,23.29524921875,23.5279890625,23.795,24.1144484375,24.47237265625,24.9199875,25.35101796875,25.65513984375,25.9030328125,26.1526859375
Philippines,PHL,Carbon dioxide (CO2) emissions excluding LULUCF per capita (t CO2e/capita),EN.GHG.CO2.PC.CE.AR5,0.932441190842665,0.880483904667689,0.877841281830554,0.882266977931022,0.875840435405474,0.896020428658156,0.792682424086449,0.844793242470968,0.838628467732074,0.833016101733075,0.881750415532953,0.86071646771526,0.893216298210684,0.954798181627522,1.002138152997,1.07452934202078,1.13620258650246,1.25437278109918,1.29093253096756,1.33475495796509,1.21162266692496,1.28722791453122,1.32180559851978
Philippines,PHL,GDP per capita (constant 2015 US$),NY.GDP.PCAP.KD,1793.34761146436,1807.70892524758,1837.25429286854,1892.82161995051,1978.34489133113,2037.8776605946,2110.42044781284,2209.34651083329,2264.9462907288,2256.72554835463,2373.14312064664,2416.75212064542,2533.74141964959,2654.41506933978,2776.92005909479,2909.85818010301,3076.3374186759,3247.4503878362,3410.93647976109,3575.88170922922,3198.66690008413,3350.97587587776,3577.70136573244
Philippines,PHL,Energy use (kg of oil equivalent per capita),EG.USE.PCAP.KG.OE,487.402779547692,454.033054960371,451.284468681461,442.568789118581,430.074923261744,434.470089148121,423.356012358413,425.625019287303,439.081886950045,420.717035027758,431.460692039266,428.32978664067,437.466406247307,443.26971934561,465.625886441589,499.070776259238,520.980850770081,544.47519980766,554.498283533215,551.866549795025,518.156775784154,530.987980701231,550.793803994865
Philippines,PHL,Urban population (% of total population),SP.URB.TOTL.IN.ZS,46.135,46.05,45.965,45.88,45.795,45.71,45.625,45.54,45.455,45.371,45.332,45.522,45.712,45.903,46.093,46.284,46.475,46.682,46.907,47.149,47.408,47.684,47.977
Philippines,PHL,Trade (% of GDP),NE.TRD.GNFS.ZS,85.1533684600039,84.9003886237531,83.8448040937789,87.5746443636636,87.1252848232048,83.8456745708051,80.8505386728775,73.6449799920629,67.6810707730401,60.8865907869758,66.1042785137797,60.7958366999075,57.8420055133082,55.8247812320298,57.4681720875945,59.1415921053094,61.7760657653871,68.1683697426727,72.1633982990273,68.8418422595678,58.1695603022281,63.4846098136712,72.4296836107599
Philippines,PHL,Renewable energy consumption (% of total final energy consumption),EG.FEC.RNEW.ZS,33.9,32.9,31.8,30.9,30.2,31.3,33.3,32.4,33.9,34.1,32.7,33.8,34.1,33.1,32.4,30.8,28.6,27.8,27.6,26.9,29.1,28,..
Philippines,PHL,"Industry (including construction), value added (% of GDP)",NV.IND.TOTL.ZS,34.9752847681216,34.8976152580491,34.78343526285,34.5405640298629,33.6186962072883,33.8136763053241,33.4625853303804,33.000860932449,32.765288410954,31.5225426812628,32.3395560456604,31.3386827828469,31.3994933632444,30.7754466314331,31.0474444753394,30.4819509834967,30.2859171672694,30.1265505767725,30.5637401548214,30.3275078794624,28.3999175850521,28.8898091185459,29.2212399364338
Philippines,PHL,Fossil fuel energy consumption (% of total),EG.USE.COMM.FO.ZS,54.6827053747894,56.2623446914101,57.8505571856623,59.3731854255561,58.8614609804753,58.7398015236288,57.1834519567884,57.1018890357521,56.7838576546877,54.1057884998779,58.4212491373752,57.8659890610419,58.7118766144947,60.7978516380764,61.6033720788037,43.3026034216373,0,0,0,0,0,0,0
Philippines,PHL,Population density (people per sq. km of land area),EN.POP.DNST,267.046976556998,273.003615387195,278.59573062347,284.172904718785,289.749149813865,295.187181809035,300.194472951672,305.447174430694,310.893433276319,316.545091726196,323.094627226079,329.505362712547,335.96777677164,342.342744072174,348.013314552101,353.197813327967,357.969342992253,362.61090317604,367.123744843546,371.615799711574,375.897186168964,379.317000368917,382.21262367106
Poland,POL,Carbon dioxide (CO2) emissions excluding LULUCF per capita (t CO2e/capita),EN.GHG.CO2.PC.CE.AR5,8.1816235495527,8.0984413438208,7.91264242213336,8.2527640017935,8.31474920448579,8.30799169248518,8.67118284245775,8.66406736941955,8.51278003409716,8.160671518835,8.65771846305505,8.58867955459931,8.3992360698128,8.28253093122864,7.95928152187739,8.04885441667931,8.34090530263994,8.69521824800461,8.67851401260048,8.22017635759858,7.91353273830499,8.7570591602155,8.61696982400266
Poland,POL,GDP per capita (constant 2015 US$),NY.GDP.PCAP.KD,7401.57697647848,7494.96089503246,7640.99307757777,7915.55424389704,8323.38773754587,8598.57681241557,9137.65850849801,9760.7042604352,10187.2017910883,10446.5289138524,10808.3975674238,11370.313427173,11542.2353368014,11628.2286809525,12093.1622787394,12637.5220324406,13026.1858988718,13695.6452848724,14551.0850277089,15221.3090624454,15090.2228440113,16368.6239689025,17303.64494323
Poland,POL,Energy use (kg of oil equivalent per capita),EG.USE.PCAP.KG.OE,2321.77643337011,2338.14293839845,2312.5947846893,2375.41153801546,2383.78041134423,2414.28237185953,2538.76112384258,2529.61907810596,2563.58518489618,2463.27043395388,2642.06881241023,2652.99080592091,2563.69089214526,2567.18208491979,2473.79770713362,2498.7740659386,2614.97160490538,2734.42727608835,2865.52683144763,2761.07246212926,2710.95606232103,2920.11352538648,2798.00774623397
Poland,POL,Urban population (% of total population),SP.URB.TOTL.IN.ZS,61.716,61.761,61.787,61.676,61.564,61.452,61.341,61.229,61.116,61.004,60.892,60.78,60.654,60.529,60.403,60.278,60.178,60.105,60.058,60.037,60.043,60.075,60.134
Poland,POL,Trade (% of GDP),NE.TRD.GNFS.ZS,60.6107209423297,57.8785312712895,60.7967990573911,69.2134479841788,70.9815765694162,70.3114790902584,77.7008035402352,80.745399056691,80.5746815569207,74.9685965264269,82.2258523219922,86.9236892837618,88.8299033066583,90.4175072415629,92.0340197113178,92.2554272741942,96.8659028060623,100.56589524628,102.442462168005,101.581033817373,99.2590912303436,110.874283021945,123.021332860345
Poland,POL,Renewable energy consumption (% of total final energy consumption),EG.FEC.RNEW.ZS,6.9,7.3,7.5,7.3,7.3,7.2,7.2,7.3,8,8.8,9.5,10.4,10.9,11.4,11.6,11.9,11.3,11.1,15.1,15.6,16.1,15.2,..
Poland,POL,"Industry (including construction), value added (% of GDP)",NV.IND.TOTL.ZS,28.7718397326483,27.3505198617098,26.6547204084638,27.5111441045363,29.185278751871,29.058898029081,29.2021893560033,29.2754512665731,28.8165316846699,29.9613126651954,29.6974993930566,30.3941659979475,30.2281657114043,28.6768333488015,29.9351239778153,30.9939300295541,30.6734871058329,28.8090759581658,28.8614617242515,28.8315242170352,28.5669486213815,28.4859993432319,29.1814824967348
Poland,POL,Fossil fuel energy consumption (% of total),EG.USE.COMM.FO.ZS,96.1618342970366,95.9112338969273,95.9366825717253,96.2313322597413,95.9495764200299,95.9891454308751,95.7530399962097,95.1288585597673,94.1575926727468,93.277100180319,92.3871757018563,92.129475924644,91.0808435925342,91.0927368428709,90.0737317204914,89.981789775162,0,0,0,0,0,0,0
Poland,POL,Population density (people per sq. km of land area),EN.POP.DNST,124.909820758105,124.875366482745,124.81753893369,124.753689916405,124.644083178272,124.589315444129,124.514452206843,124.44685296422,124.471952334313,124.564460624265,124.209200731357,124.296296901022,124.300058781268,124.229110740995,124.144273163722,124.061569613639,124.008253045495,124.0237303635,124.031583760656,124.025595374212,122.548420605625,120.815285854296,120.297131562612
Portugal,PRT,Carbon dioxide (CO2) emissions excluding LULUCF per capita (t CO2e/capita),EN.GHG.CO2.PC.CE.AR5,6.25970247712854,6.14336657878113,6.51637279669501,6.02003801384496,6.17340310025095,6.47278529761514,5.99647148985088,5.83221189031851,5.62680470312252,5.5485171760274,5.05016504147317,4.88227393450759,4.74836336135848,4.61815412111832,4.59784779669614,5.00830463109172,4.90825970620947,5.36912517111152,4.98556859502236,4.53785791788524,3.97455356522883,3.77951541576001,3.78545555192225
Portugal,PRT,GDP per capita (constant 2015 US$),NY.GDP.PCAP.KD,18822.0933119456,19053.0899464433,19095.1102477762,18846.5411903004,19137.8370891182,19251.7145052945,19529.3122069254,19979.5706224764,20014.4749270815,19371.1318849497,19698.6836746927,19389.6395868833,18679.7626802294,18597.7214646143,18836.8967994149,19215.7813014347,19662.8231226536,20364.1963666527,20997.7744918249,21569.1874639961,19778.7138519007,20747.6991633543,22042.8682074432
Portugal,PRT,Energy use (kg of oil equivalent per capita),EG.USE.PCAP.KG.OE,2390.18870122638,2391.32113737669,2477.60275830907,2400.86139844201,2463.10248808928,2519.13901861547,2390.46374599498,2402.51066519403,2337.4925314705,2304.1784841547,2222.62833547109,2164.03219875257,2039.16999711033,2055.58816601984,2035.41142547114,2121.0872664787,2111.0971132123,2209.9813508898,2140.97558921814,2115.18570481977,1957.30550192994,1943.29269675495,1949.86496103932
Portugal,PRT,Urban population (% of total population),SP.URB.TOTL.IN.ZS,54.399,55.044,55.666,56.287,56.907,57.522,58.137,58.749,59.359,59.964,60.567,61.167,61.763,62.352,62.936,63.514,64.086,64.652,65.211,65.764,66.31,66.849,67.381
Portugal,PRT,Trade (% of GDP),NE.TRD.GNFS.ZS,67.4529979863247,65.0919551771122,62.3082594169772,61.1389474883653,63.2045936670279,62.944504560452,68.5470531182009,69.9461175817991,72.0757429221604,61.4926935267759,67.6892401927983,73.0075756700531,75.9411067187813,78.0305056874282,80.220669072079,80.6346756266443,79.5223464844001,84.8077923069539,86.7356954918399,86.7709889083586,76.5086407209215,85.8735452148975,101.364147310434
Portugal,PRT,Renewable energy consumption (% of total final energy consumption),EG.FEC.RNEW.ZS,20.1,20.8,18.3,22.1,19.9,18.1,22.3,23.1,23.2,24.9,27.8,27.2,25.5,30.2,30.5,27.2,29,24.4,27.5,28.2,31.3,32.3,..
Portugal,PRT,"Industry (including construction), value added (% of GDP)",NV.IND.TOTL.ZS,24.4615743968679,24.1438842401402,23.4969886519634,22.629715019166,22.2369566238035,21.3833086063294,21.1476529637361,21.153352846176,20.3862797641316,19.857190463856,19.9335310982463,19.3319728029358,19.0867583864245,18.8830973772949,18.9850440099134,19.5938498258589,19.448178094831,19.2493833127062,19.3820435381975,18.886083188208,19.3945333422241,19.312836959793,18.4032430064626
Portugal,PRT,Fossil fuel energy consumption (% of total),EG.USE.COMM.FO.ZS,84.0329774347754,83.3821344213172,85.252844018606,81.7702115921695,82.7521455661086,84.1176496096756,80.8117457463199,79.2377381074368,78.6291549058914,78.0825122576696,75.1256305091658,75.6547897799797,75.8065422397965,73.4307425331379,72.7805736947789,77.4088504318053,0,0,0,0,0,0,0
Portugal,PRT,Population density (people per sq. km of land area),EN.POP.DNST,112.457901639344,113.253792349727,113.87574863388,114.304054644809,114.577715846995,114.828140373893,115.035399584563,115.261440909588,115.427757734776,115.386472322306,115.439458456163,115.269789278305,114.803406485424,114.156128691384,113.541770372117,113.072519583956,112.716384151187,112.441815784188,112.261935951514,112.288582794065,112.406676011074,113.113510527741,113.904957775507
Puerto Rico (US),PRI,Carbon dioxide (CO2) emissions excluding LULUCF per capita (t CO2e/capita),EN.GHG.CO2.PC.CE.AR5,6.60892430467078,6.51078068510993,5.26808973818821,6.83051518584876,6.84176501053862,6.88558163293611,4.45924986084882,4.74692670754257,4.09389752253869,3.73563325945551,3.60688045128629,3.15890448641167,3.09679340188389,3.01209414370714,3.21103079845925,3.42193169375025,3.26088830352094,3.40966161678204,4.16234892985969,3.81603970822581,3.80592944273965,3.87833920932623,3.92324922821607
Puerto Rico (US),PRI,GDP per capita (constant 2015 US$),NY.GDP.PCAP.KD,26131.9630643584,27722.3671872748,27940.3826219734,27937.8165922567,30375.7895758237,29815.216422231,29519.7386759729,29347.8460041613,28976.1310520159,28565.767919549,28569.5077088001,28706.0207514856,28968.6942131352,29115.3549161996,29141.2038639816,29242.041465085,29326.5748761873,29061.5563802711,28808.8518638025,29185.0969964707,28144.7223184239,28416.6231262223,29643.7408907829
Puerto Rico (US),PRI,Energy use (kg of oil equivalent per capita),EG.USE.PCAP.KG.OE,..,..,..,..,..,..,..,..,..,..,..,..,..,..,..,..,..,..,..,..,..,..,..
Puerto Rico (US),PRI,Urban population (% of total population),SP.URB.TOTL.IN.ZS,94.387,94.333,94.278,94.224,94.168,94.112,94.056,93.999,93.942,93.884,93.825,93.773,93.726,93.686,93.651,93.624,93.602,93.587,93.578,93.576,93.581,93.592,93.61
Puerto Rico (US),PRI,Trade (% of GDP),NE.TRD.GNFS.ZS,106.169512072581,109.88564971882,106.32948683044,118.84015748242,117.000863757497,113.744794728395,117.728477994388,117.595779058079,116.277994389108,105.262196842682,104.153228306599,108.558400106824,103.311186552821,104.89224011713,102.385456504805,108.880634192821,110.274045470098,113.131620598072,106.001103428056,107.571456836722,103.509617389163,96.746302146268,98.2586651698776
Puerto Rico (US),PRI,Renewable energy consumption (% of total final energy consumption),EG.FEC.RNEW.ZS,0.6,0.5,0.5,0.5,0.5,0.6,0.5,0.5,0.5,0.5,0.4,0.7,0.5,1.4,1.6,1.9,1.9,2.3,1.4,2.4,2.5,2.6,2.5
Puerto Rico (US),PRI,"Industry (including construction), value added (% of GDP)",NV.IND.TOTL.ZS,46.0618652940433,48.3331503112339,49.2457084616083,49.0033062755087,47.9433404762634,47.2323566719793,46.8599016480151,46.7782620747588,47.3982259585452,49.4013628591823,50.901238345092,49.7847071848309,49.6384574183182,49.2639336261591,49.9339162757282,50.9382784121963,51.1515123633391,50.2294469197618,50.6557670954584,50.8444120601485,50.3169273224611,50.4804250065303,48.2233975178249
Puerto Rico (US),PRI,Fossil fuel energy consumption (% of total),EG.USE.COMM.FO.ZS,..,..,..,..,..,..,..,..,..,..,..,..,..,..,..,..,..,..,..,..,..,..,..
Puerto Rico (US),PRI,Population density (people per sq. km of land area),EN.POP.DNST,429.605975197294,430.52694475761,431.082412626832,431.352311161218,431.440586245772,430.818714768884,428.998196166855,426.493235625705,423.998421645998,421.69222096956,419.894588500564,416.399549041714,412.744644870349,409.405524239008,404.173280721533,398.55321307779,392.382412626832,384.536302142052,370.990980834273,372.34396843292,369.965050732807,367.836640360767,363.03686583991
Qatar,QAT,Carbon dioxide (CO2) emissions excluding LULUCF per capita (t CO2e/capita),EN.GHG.CO2.PC.CE.AR5,49.228436453955,47.8361175646274,50.899248458602,51.3894521419881,53.2356090269121,52.7728105373343,50.3539669274519,46.455926096004,43.3493256189127,39.761253475194,44.6608553022206,51.1964528936871,53.5983878665009,53.2932135130707,51.476266936835,48.6587018357839,46.0429944051806,44.8204114980635,44.5201636433666,44.5962472576011,41.2614865067992,47.0939075655413,44.6800607977999
Qatar,QAT,GDP per capita (constant 2015 US$),NY.GDP.PCAP.KD,52234.4244373565,51633.9606840175,52752.7081230353,52255.3835016224,59990.3064867664,60416.7829217551,64676.3968892258,61423.0870888622,61213.7943874193,60781.874945265,72333.9848623762,81608.5716870182,80621.8607158041,76486.9692979253,71756.0649338302,68985.2946961507,67294.4585771356,64497.6987225375,64410.8171280981,63430.4607609581,57769.604104354,65488.5117911123,64315.6263643699
Qatar,QAT,Energy use (kg of oil equivalent per capita),EG.USE.PCAP.KG.OE,16938.7214410402,17811.9127028494,19201.3018874398,18983.9448332386,21557.4750763638,20198.1689051663,20140.3428752631,18323.3464644697,15946.7278040391,15063.2666244935,16779.9216747321,16473.4269691009,21456.0669284592,20642.1423232651,17814.5431104326,16427.7565434994,15178.8562114172,16718.237047918,16139.7708310186,15760.736902246,14869.2501075493,17100.7506118977,16683.663609726
Qatar,QAT,Urban population (% of total population),SP.URB.TOTL.IN.ZS,96.311,96.506,96.692,96.868,97.09,97.396,97.671,97.917,98.139,98.336,98.501,98.602,98.697,98.785,98.868,98.945,99.015,99.078,99.135,99.188,99.235,99.278,99.318
Qatar,QAT,Trade (% of GDP),NE.TRD.GNFS.ZS,89.6126597159917,94.968671679198,88.4697236252199,90.1649486943021,90.3724288385622,94.7455441696331,98.570919313572,96.1141057101106,89.4328416546905,80.1441629727012,86.070289953093,98.7216386905895,105.746294425841,102.383208106327,99.0343747414317,93.7076041736357,89.5476001199351,91.4945879195194,91.838448978201,90.0463755485388,90.0190948833102,92.7791585715125,100.213647199618
Qatar,QAT,Renewable energy consumption (% of total final energy consumption),EG.FEC.RNEW.ZS,0.1,0.1,0.1,0,0,0,0.1,0.1,0.1,0.1,0.1,0.1,0,0,0,0,0.1,0.1,0,0.1,0,0,..
Qatar,QAT,"Industry (including construction), value added (% of GDP)",NV.IND.TOTL.ZS,..,..,..,..,..,..,..,..,..,..,..,73.2142657881531,73.4691607623801,71.7682513257109,69.7579474572513,57.4407932011631,53.2052600553192,56.6879653169453,60.3815234948425,57.1645660780351,52.333430723643,59.9840087955078,65.3488994932063
Qatar,QAT,Fossil fuel energy consumption (% of total),EG.USE.COMM.FO.ZS,99.9543993432715,99.9382622602158,99.9601648784774,99.9651410793915,99.9576673286656,99.9583174656003,99.9878432018471,99.9571564511174,99.9578779052492,99.9937246093105,..,..,..,..,..,52.9498643639376,0,0,0,0,0,0,0
Qatar,QAT,Population density (people per sq. km of land area),EN.POP.DNST,55.5546080964686,58.3914728682171,61.2579672695952,64.1414298018949,66.6091300602929,71.0945736434109,83.7925064599483,104.099483204134,122.905943152455,138.579069767442,139.262015503876,139.94496124031,148.358139534884,165.066838931955,187.271105308964,204.051958224543,215.588598781549,221.568320278503,224.606962576153,229.648128807659,243.180852915579,218.007832898172,231.273542210618
Romania,ROU,Carbon dioxide (CO2) emissions excluding LULUCF per capita (t CO2e/capita),EN.GHG.CO2.PC.CE.AR5,4.34067307755288,4.71728002523047,4.75826230565561,4.99482115918708,4.92140314159946,4.90077597300335,5.22958644431191,5.12768722397979,5.13011691813296,4.20694020818572,4.11602365619853,4.45770319812932,4.36866323146809,3.979224460664,3.96700905656689,4.05192551167725,3.99419011020407,4.17513859382813,4.26157070181375,4.18924089473441,3.92956229480541,4.20495512538686,3.98885959641341
Romania,ROU,GDP per capita (constant 2015 US$),NY.GDP.PCAP.KD,4569.30914768462,4875.30310600635,5248.54994632668,5410.30835796252,6008.64048461485,6328.09022324183,6876.77841417966,7483.97375820611,8318.00342795388,7924.87058070212,7660.70667630517,8044.57194920892,8234.28553425194,8287.95844089676,8661.47397274241,8977.01748158196,9286.87678236598,10106.2269557253,10788.015091463,11270.4758020159,10916.3126056493,11607.9771173075,12114.8715109948
Romania,ROU,Energy use (kg of oil equivalent per capita),EG.USE.PCAP.KG.OE,1615.33488235312,1666.72400767413,1755.33108643191,1841.57433869048,1807.04208024679,1808.18761844581,1881.71766548482,1900.48321448247,1925.09359481658,1707.81228256351,1724.69848692837,1771.70358553223,1736.57620479665,1590.19381302075,1579.40659793132,1598.69179785792,1604.62335040687,1693.37364201715,1717.11748022415,1705.25777604649,1669.6382293589,1787.09564245924,1655.23818974845
Romania,ROU,Urban population (% of total population),SP.URB.TOTL.IN.ZS,53.004,52.852,52.78,52.912,53.043,53.174,53.305,53.436,53.567,53.698,53.829,53.96,53.974,53.937,53.9,53.887,53.9,53.936,53.998,54.084,54.194,54.329,54.489
Romania,ROU,Trade (% of GDP),NE.TRD.GNFS.ZS,48.5213253850786,51.9285910211481,53.7102478139376,56.1795270470243,60.6264786669408,59.3605494490555,61.6836259265159,63.5051566734658,65.1752009979412,58.4700583666529,69.9549354932718,76.271356441629,76.5943239913672,81.3976131747183,83.3751429575201,83.5205767017155,85.8925282906884,87.1560645667801,86.4911990211536,84.3677121619338,77.923643460062,86.6133494279219,93.6215624887545
Romania,ROU,Renewable energy consumption (% of total final energy consumption),EG.FEC.RNEW.ZS,16.4,13.4,14.4,15.7,17.3,18.5,17.4,18.2,20.4,22.1,24.1,21.1,21.5,23.1,24.3,23.7,24.4,23.4,23,23.5,24.1,23.6,..
Romania,ROU,"Industry (including construction), value added (% of GDP)",NV.IND.TOTL.ZS,30.2634621400688,32.337206984498,33.3269850234614,32.0484937285585,31.8347873600822,32.2658742760889,32.9782770932418,34.2821825497409,36.7743706646186,36.4231420350652,38.3073286489437,40.2099159620935,34.4276463515754,32.072608504292,32.5700211539755,30.811807082352,30.1213847463155,29.1130933187854,28.9118660009172,27.6280376520057,26.4873422514377,26.0798594429787,27.3352765482745
Romania,ROU,Fossil fuel energy consumption (% of total),EG.USE.COMM.FO.ZS,84.7575261615033,86.3803315482411,86.7348112101134,86.4242217637348,84.3127768576308,83.9659248300028,85.1866701176946,83.337642892141,80.0037855591767,76.8063490739037,75.305526736979,77.8886269020266,76.6536954892439,73.7616168137928,73.0867018814082,39.0055100121455,0,0,0,0,0,0,0
Romania,ROU,Population density (people per sq. km of land area),EN.POP.DNST,97.701323407775,96.3474380740934,94.5338495671466,93.8218134377039,93.2684695652174,92.7023436820593,92.1547960692234,90.8390186610988,89.3339495432797,88.5311962096844,88.0107411432297,87.5332493374462,87.201265107382,86.8742903099596,86.5306806328234,86.1248956884562,85.6322453059805,85.1387126216968,84.6399947844228,84.1952712100139,83.7328320584145,83.1104789638387,82.7907771210014
Russian Federation,RUS,Carbon dioxide (CO2) emissions excluding LULUCF per capita (t CO2e/capita),EN.GHG.CO2.PC.CE.AR5,11.467802221615,11.5379030712632,11.5292890172695,12.0100552913682,12.0697035821782,12.1188173976967,12.4164803018689,12.4575692716439,12.3601005744854,11.6402461686755,12.2285936689663,12.8134885215129,12.6919361875917,12.2679042667298,12.1337887932022,12.1477371558365,11.9612088255969,12.1351313887513,12.6648259090803,13.1301023639266,12.5911035596177,13.5265713232328,14.0403956038084
Russian Federation,RUS,GDP per capita (constant 2015 US$),NY.GDP.PCAP.KD,5323.66650390625,5618.95556640625,5910.171875,6370.45361328125,6856.67822265625,7323.38525390625,7949.89697265625,8640.40625,9093.7001953125,8381.8681640625,8755.1201171875,9120.8203125,9464.0107421875,9601.537109375,9493.8125,9277.7138671875,9269.3193359375,9418.9140625,9674.787109375,9882.0244140625,9632.3251953125,10231.318359375,10119.0625
Russian Federation,RUS,Energy use (kg of oil equivalent per capita),EG.USE.PCAP.KG.OE,4224.98951887146,4287.90829493258,4289.43957286052,4461.83176005763,4494.50152836851,4541.20863501769,4689.15108443259,4710.47452096269,4822.38136319959,4529.20319928613,4853.36753031766,5004.23439250465,5056.08323400834,4896.95029768812,4894.4255206275,4785.19572494067,4917.54083897618,4999.07990773733,5259.90837585133,5065.14820867318,5044.85366917672,5681.39248037781,5601.08435085175
Russian Federation,RUS,Urban population (% of total population),SP.URB.TOTL.IN.ZS,73.35,73.346,73.341,73.373,73.418,73.463,73.508,73.553,73.598,73.642,73.687,73.732,73.791,73.863,73.95,74.05,74.164,74.292,74.433,74.587,74.754,74.934,75.126
Russian Federation,RUS,Trade (% of GDP),NE.TRD.GNFS.ZS,68.0939070373555,61.1108586644206,59.6454457319607,59.1282690076014,56.5818523984055,56.7132484905422,54.733401867266,51.7061227454606,53.3824660408908,48.4350610278181,50.3555054872589,48.0353994077919,47.1513903857957,46.287149400499,47.8013412628116,49.3593493116887,46.5181198396096,46.8765243371311,51.5809003703964,49.2287536619033,45.9669082029127,50.5861954621752,42.7827864294811
Russian Federation,RUS,Renewable energy consumption (% of total final energy consumption),EG.FEC.RNEW.ZS,3.5,3.6,3.5,3.3,3.5,3.6,3.5,3.7,3.3,3.6,3.3,3.2,3.2,3.6,3.3,3.2,3.4,3.2,3.2,3.2,3.7,3.5,..
Russian Federation,RUS,"Industry (including construction), value added (% of GDP)",NV.IND.TOTL.ZS,33.91897031752,31.8373541233321,29.0563928119662,28.6531349946058,31.7022224269588,32.6292320732921,31.7802605873621,31.2220408019737,30.7868817007532,29.3269390255444,29.999588218512,29.4135888378747,29.102868072666,28.1912891799352,27.9315270606099,29.7940599874349,29.1739050669208,30.6732968853437,32.5542980530841,32.1504958365379,29.7171245814295,31.7859991548592,32.2301435685138
Russian Federation,RUS,Fossil fuel energy consumption (% of total),EG.USE.COMM.FO.ZS,91.1110205316524,90.8961829600663,90.7264337760126,90.9048070760044,90.6739889796587,90.6824544655467,90.6067697792849,90.53764909573,90.9616244467454,90.2040492745402,89.8894516557171,91.6925475612423,92.7448881852914,92.639887836736,92.7856116984134,50.1390625057138,0,0,0,0,0,0,0
Russian Federation,RUS,Population density (people per sq. km of land area),EN.POP.DNST,8.94901570933758,8.91163375342787,8.87046146313948,8.83027865243716,8.79465803239439,8.76108889416588,8.73439418381291,8.71946397976766,8.71609568861449,8.71872024385612,8.72263552192818,8.73293828429975,8.75493589434367,8.78102091547408,8.80737424184231,8.8320122221157,8.85489473873823,8.87185768709161,8.87825976514438,8.88162945666663,8.86891988517952,8.83848757424343,8.80735653394086
Rwanda,RWA,Carbon dioxide (CO2) emissions excluding LULUCF per capita (t CO2e/capita),EN.GHG.CO2.PC.CE.AR5,0.0828348813740948,0.0839256800996827,0.097426483718206,0.0824863527185385,0.0778623280620594,0.0819148165426182,0.0800387472274634,0.0709219635362887,0.0690923515052474,0.0691024003740595,0.0707725950135657,0.0720275422123861,0.0781355249692495,0.0848346845945405,0.0842076957738736,0.0948881368093634,0.101382787729662,0.107301553999898,0.11667204249585,0.118001553368817,0.110838670343125,0.125890473116959,0.118833523917243
Rwanda,RWA,GDP per capita (constant 2015 US$),NY.GDP.PCAP.KD,333.355090374626,358.446058940421,400.270421542931,400.191620926691,418.780997568334,446.029809946207,474.364599792791,497.17162247587,538.325372439502,557.397805246373,583.371416824681,614.539650549868,651.852819118597,666.408789246049,690.61039542404,733.998630392314,759.606288682716,771.069238049151,817.578437867905,874.639659543485,826.391308275017,896.271034197517,948.413687606773
Rwanda,RWA,Energy use (kg of oil equivalent per capita),EG.USE.PCAP.KG.OE,405.776823991798,406.223640037907,407.829159505775,396.494966802982,387.066145752688,352.136028277729,350.903344670586,347.627010114549,347.008912213796,350.122128007432,349.056987418247,350.444162856993,354.165609155772,354.886177609396,352.158641161359,350.169173195487,347.74298432412,352.157966903596,355.698420076335,357.419084978587,358.132557033915,365.508479917565,372.991402429343
Rwanda,RWA,Urban population (% of total population),SP.URB.TOTL.IN.ZS,14.926,15.829,16.777,16.904,16.908,16.912,16.917,16.921,16.925,16.93,16.934,16.938,16.943,16.947,16.967,17.004,17.056,17.125,17.211,17.313,17.432,17.568,17.721
Rwanda,RWA,Trade (% of GDP),NE.TRD.GNFS.ZS,27.4848638250445,29.1989094376925,27.6094381162173,29.3106242354101,33.4616731030871,34.2165383418652,33.2214370724059,35.9709731972278,37.6045108548055,36.8056280084816,37.2788790923351,39.71610247751,40.5408629987193,42.6934924295362,43.902733691075,45.2019756159103,49.4849071069892,53.6752674177253,55.7841263739603,57.9756628637954,55.1879515519855,54.2938318463367,61.1450795033651
Rwanda,RWA,Renewable energy consumption (% of total final energy consumption),EG.FEC.RNEW.ZS,86.8,86.9,87.1,87.3,87.6,89.2,90.6,90.3,90.6,90.5,90.5,89.7,88.8,88.5,88,86.3,85.5,84.5,82.8,81.8,81.7,79.4,79.9
Rwanda,RWA,"Industry (including construction), value added (% of GDP)",NV.IND.TOTL.ZS,16.8199894205861,16.4383277981487,16.3918384200183,14.2873220806925,14.5850139685545,14.9498202744611,15.8329921631119,16.7334821839077,16.2638385339331,15.6885811871245,16.328981915635,18.1678448507507,18.2255034210874,17.6168559784511,17.5513834863908,17.4466631881327,16.8369912939315,17.2842232487373,17.3499797528636,18.8647459714312,18.6382750394843,20.4522932693169,21.2695312277805
Rwanda,RWA,Fossil fuel energy consumption (% of total),EG.USE.COMM.FO.ZS,0,0,0,0,0,0,0,0,0,0,0,0,0,0,0,0,0,0,0,0,0,0,0
Rwanda,RWA,Population density (people per sq. km of land area),EN.POP.DNST,332.952209160924,335.917875962708,340.501824077827,348.069517632752,357.391325496555,367.025861370085,376.945520875557,387.107134171058,397.416659910823,407.800243210377,418.222659100122,428.606931495744,438.990717470612,449.669233887313,460.671139035266,471.829023104986,483.144831779489,494.611268747467,506.201702472639,517.880137819214,529.624523713012,541.35630320227,553.345358735306
Samoa,WSM,Carbon dioxide (CO2) emissions excluding LULUCF per capita (t CO2e/capita),EN.GHG.CO2.PC.CE.AR5,1.03695957288714,1.11156000567791,1.14001658797318,1.15515288788222,1.13074432614403,1.16484292269679,1.16510130041714,1.2614369043141,1.28401373963084,1.29599557210215,1.36304999922289,1.37484400117095,1.36439047725677,1.40567312929974,1.43173512900113,1.62898573708259,1.74005769070118,1.75887836818149,1.72654661772215,1.91915339879874,1.93069867512173,2.00721305647421,2.10395752133457
Samoa,WSM,GDP per capita (constant 2015 US$),NY.GDP.PCAP.KD,2945.37217923198,3137.46403765812,3291.3424477268,3444.99857743289,3535.73813824914,3755.78242822467,3820.92239453139,3818.25503804332,3925.8743329936,3875.94291686166,4081.15535978003,4201.45663738908,4007.91092846814,3976.39289268132,3967.23730470679,4084.36083819933,4373.23792440391,4393.37316255965,4321.00518344962,4466.08075482035,4283.07280337978,3945.71948874755,3710.62462714769
Samoa,WSM,Energy use (kg of oil equivalent per capita),EG.USE.PCAP.KG.OE,..,..,..,..,300.672755289961,304.848698777396,303.661518627237,307.27988429323,..,..,..,..,..,..,..,..,..,..,..,..,..,..,..
Samoa,WSM,Urban population (% of total population),SP.URB.TOTL.IN.ZS,21.977,22.068,21.941,21.698,21.457,21.218,20.981,20.75,20.524,20.3,20.078,19.857,19.624,19.385,19.149,18.914,18.681,18.452,18.243,18.056,17.889,17.742,17.616
Samoa,WSM,Trade (% of GDP),NE.TRD.GNFS.ZS,..,..,87.9199711386734,76.272148769255,72.5293703149674,76.2247442670718,82.4691938417408,83.2022041824641,73.8864270586579,75.9793921615973,78.5698016774915,81.600955014363,82.7339794775292,77.877751737476,80.5007740440855,74.6343550051873,75.2118174672901,74.0110807608335,78.9349684295151,83.3310795816457,77.4835999958193,60.8888856520264,64.9831803274504
Samoa,WSM,Renewable energy consumption (% of total final energy consumption),EG.FEC.RNEW.ZS,59.7,52.4,49.6,52.4,48.8,48.9,46,43.2,45,43.2,41.9,40.6,40.2,42.6,41.4,37.1,36.8,35.8,36.6,34.2,35.6,36,35.9
Samoa,WSM,"Industry (including construction), value added (% of GDP)",NV.IND.TOTL.ZS,27.7265036026668,29.4524257767869,30.0120902795379,31.0083906253848,32.3616645013541,31.5654807150702,31.3319535429466,31.214843755466,30.6045956016331,22.4714571910199,14.7777818454724,15.766152527034,16.3070738394005,15.1467287917872,15.2095204342126,14.5012807041262,14.408683481377,13.1849554636851,11.7204111149327,11.9596393238611,11.1223756527207,11.1297573849708,11.4247607937656
Samoa,WSM,Fossil fuel energy consumption (% of total),EG.USE.COMM.FO.ZS,..,..,..,..,0,0,0,0,..,..,..,..,..,..,..,..,..,..,..,..,..,..,..
Samoa,WSM,Population density (people per sq. km of land area),EN.POP.DNST,64.1996466431095,64.7229681978799,65.1840989399293,65.5229681978799,65.8123674911661,66.069964664311,66.3282685512367,66.6971731448763,67.1756183745583,67.6724381625442,68.2060070671378,68.8031802120141,69.4339222614841,70.0593639575972,70.6844522968198,71.3010600706714,71.9077738515901,73.8902877697842,74.6697841726619,75.4604316546763,76.2388489208633,76.8989208633094,77.4320143884892
San Marino,SMR,Carbon dioxide (CO2) emissions excluding LULUCF per capita (t CO2e/capita),EN.GHG.CO2.PC.CE.AR5,..,..,..,..,..,..,..,..,..,..,..,..,..,..,..,..,..,..,..,..,..,..,..
San Marino,SMR,GDP per capita (constant 2015 US$),NY.GDP.PCAP.KD,55806.9219720449,58173.2936031775,57615.4100635074,59090.2331058555,58393.2236678918,59049.5774485921,60604.3508911242,62776.9461598748,61572.7435735639,52873.2681862909,49672.6977770841,46450.0251706982,42082.5554467713,42293.4870685544,42492.8509160139,43146.8240435428,43886.2146896896,43057.7784775102,42818.6962696679,43525.4225717352,40506.8521137898,46834.1395065822,51277.3460993917
San Marino,SMR,Energy use (kg of oil equivalent per capita),EG.USE.PCAP.KG.OE,..,..,..,..,..,..,..,..,..,..,..,..,..,..,..,..,..,..,..,..,..,..,..
San Marino,SMR,Urban population (% of total population),SP.URB.TOTL.IN.ZS,93.44,93.75,93.925,93.975,94.155,94.453,94.736,95.007,95.264,95.508,95.74,95.961,96.171,96.37,96.559,96.739,96.91,97.072,97.226,97.368,97.499,97.62,97.732
San Marino,SMR,Trade (% of GDP),NE.TRD.GNFS.ZS,..,..,..,..,..,..,..,..,..,..,..,..,..,..,..,321.364013420909,320.146089060708,313.85032377067,309.487956436918,307.264778080283,304.903167579063,342.470174007962,370.436071813414
San Marino,SMR,Renewable energy consumption (% of total final energy consumption),EG.FEC.RNEW.ZS,..,..,..,..,..,..,..,..,..,..,..,..,..,..,..,..,..,..,..,..,..,..,..
San Marino,SMR,"Industry (including construction), value added (% of GDP)",NV.IND.TOTL.ZS,..,..,..,..,..,..,..,..,..,..,..,..,..,..,..,32.0241661542694,32.4071649556587,32.4530315404968,36.2169203250722,34.7786569469683,35.6149220680825,36.6355581618435,37.5952017777331
San Marino,SMR,Fossil fuel energy consumption (% of total),EG.USE.COMM.FO.ZS,..,..,..,..,..,..,..,..,..,..,..,..,..,..,..,..,..,..,..,..,..,..,..
San Marino,SMR,Population density (people per sq. km of land area),EN.POP.DNST,446.65,452.383333333333,458.183333333333,464.05,490.95,497.266666666667,503.066666666667,520.183333333333,527.7,551.1,554.5,543.666666666667,557.816666666667,550.683333333333,544.25,548.283333333333,551.683333333333,563.75,575.366666666667,577.716666666667,579.5,570.866666666667,562.583333333333
Sao Tome and Principe,STP,Carbon dioxide (CO2) emissions excluding LULUCF per capita (t CO2e/capita),EN.GHG.CO2.PC.CE.AR5,0.382591065005763,0.378479931682323,0.426888648764024,0.470698375960576,0.523762721537047,0.553084342268883,0.580180876368949,0.575132586918091,0.604742423457792,0.646039144686904,0.683160801311317,0.691627749139505,0.710518953330624,0.699981361443038,0.670844196435378,0.69648661197957,0.711869565857754,0.705416243900082,0.686055750355636,0.78212866461723,0.807137765309173,0.80419533161231,0.905415258169285
Sao Tome and Principe,STP,GDP per capita (constant 2015 US$),NY.GDP.PCAP.KD,959.938180991352,973.424252100436,982.32906557627,1036.86196260207,1047.05796134884,1089.14778798762,1157.0861446542,1170.51612474435,1214.14114724792,1225.60541902997,1216.3502521663,1214.96130276731,1225.6945255615,1263.70423995281,1301.32146445028,1298.10946596396,1342.533807689,1375.59403284199,1413.84348618541,1420.66008316091,1430.84119299096,1428.28676097975,1403.23356704678
Sao Tome and Principe,STP,Energy use (kg of oil equivalent per capita),EG.USE.PCAP.KG.OE,..,..,..,..,240.956215719223,266.024907355279,265.639527161642,259.281084266352,..,..,..,..,..,..,..,..,..,..,..,..,..,..,..
Sao Tome and Principe,STP,Urban population (% of total population),SP.URB.TOTL.IN.ZS,53.424,54.377,55.555,56.766,57.972,59.165,60.348,61.52,62.68,63.823,64.952,66.064,67.16,68.208,69.213,70.174,71.092,71.968,72.803,73.598,74.354,75.073,75.755
Sao Tome and Principe,STP,Trade (% of GDP),NE.TRD.GNFS.ZS,..,..,..,..,..,..,..,..,..,..,..,..,..,..,..,..,..,..,..,..,..,..,..
Sao Tome and Principe,STP,Renewable energy consumption (% of total final energy consumption),EG.FEC.RNEW.ZS,54.7,55.5,55.3,51.8,48.9,47.9,47.3,47.7,46,45.4,38.2,42.4,40.1,42.8,38.4,39.2,38.1,39.2,40.6,38.6,41.6,40.8,42.5
Sao Tome and Principe,STP,"Industry (including construction), value added (% of GDP)",NV.IND.TOTL.ZS,..,..,..,..,..,..,..,..,15.6164167398658,16.2938340677334,14.6892729961318,11.9865058848595,12.1111029313716,13.3437075212036,12.8163490377908,11.6794591576073,10.3295203947605,9.07470301028009,8.38826200521501,7.52611285056454,6.0588366873729,5.04457167443837,4.3554064353605
Sao Tome and Principe,STP,Fossil fuel energy consumption (% of total),EG.USE.COMM.FO.ZS,..,..,..,..,0,0,0,0,..,..,..,..,..,..,..,..,..,..,..,..,..,..,..
Sao Tome and Principe,STP,Population density (people per sq. km of land area),EN.POP.DNST,150.01875,152.473958333333,156.16875,160.222916666667,164.276041666667,168.373958333333,172.539583333333,176.770833333333,181.034375,185.263541666667,189.377083333333,193.384375,197.332291666667,201.195833333333,204.965625,208.636458333333,212.176041666667,215.59375,218.944791666667,222.283333333333,226.494791666667,231.209375,235.734375
Saudi Arabia,SAU,Carbon dioxide (CO2) emissions excluding LULUCF per capita (t CO2e/capita),EN.GHG.CO2.PC.CE.AR5,16.3951945768384,16.1833680654233,16.3989211045112,16.4117221446351,16.6255132316665,16.8473420820831,17.090103873668,17.3403823524823,18.0561070465977,18.3343522869721,20.3045212986124,20.2938027688414,20.6098729325667,19.808511467056,20.6971369416657,20.5068643137185,19.6904180815798,19.4761786472731,19.2088423074351,19.3095124139168,18.0934036626563,18.9871695658152,18.8112940565697
Saudi Arabia,SAU,GDP per capita (constant 2015 US$),NY.GDP.PCAP.KD,22247.8566987439,21193.0922894351,20025.4319998274,20765.9387688082,21545.894988606,21838.1915349374,21616.3355772516,21196.7926036633,21629.8405734551,20577.5453445336,21830.1424272816,23314.565137181,23643.028607702,23057.3562910391,23404.7306039825,23256.1549553531,22783.0389617254,23035.1199977707,24393.5188306638,24905.6634541027,22827.671935548,24922.6716948944,26706.917926066
Saudi Arabia,SAU,Energy use (kg of oil equivalent per capita),EG.USE.PCAP.KG.OE,6516.00755562211,6348.58935367071,6826.99573187577,6631.81585672969,6375.54473048108,6447.07190249029,6605.44101687621,6696.94747279399,6980.05897029755,7125.05300494705,7965.26121862505,7979.3799657336,7862.42354103658,7401.17130265584,7959.81351652344,7786.91651664863,7521.58911581712,7707.05632967392,7650.66372475004,7668.22165933444,7170.88694947248,7465.87573152761,7529.60103058863
Saudi Arabia,SAU,Urban population (% of total population),SP.URB.TOTL.IN.ZS,79.848,80.077,80.304,80.53,80.754,80.979,81.204,81.427,81.649,81.867,82.084,82.302,82.52,82.74,82.96,83.18,83.401,83.622,83.844,84.065,84.287,84.508,84.729
Saudi Arabia,SAU,Trade (% of GDP),NE.TRD.GNFS.ZS,68.1664488005167,63.5605836794513,64.5927974099254,69.831170708742,75.0828366569341,81.9540759410158,89.9446046768984,94.8633170967657,96.1026308742185,84.8583415624843,82.5496850227537,84.3594342438995,81.74067854616,80.2515014286783,78.000111117736,67.1052692300592,57.9216635110364,59.5319791578229,59.1029104697141,56.7938204886513,47.533159225048,50.8839263398787,56.8241647749332
Saudi Arabia,SAU,Renewable energy consumption (% of total final energy consumption),EG.FEC.RNEW.ZS,0,0,0,0,0,0,0,0,0,0,0,0,0,0,0,0,0,0,0,0,0.1,0.1,..
Saudi Arabia,SAU,"Industry (including construction), value added (% of GDP)",NV.IND.TOTL.ZS,53.4502821941208,50.7812997816126,51.002641268484,53.9639605129998,56.7056209373966,61.7372362527229,62.5369910258018,62.6934226825684,66.4293431587112,54.6450009539393,58.0314401714882,63.0803869808085,61.9428982819125,58.9702568849547,56.1653404810043,44.6011697093878,42.5305962013279,44.8899324686986,49.0147439495304,45.7234459871756,38.3004545080469,45.957331100123,53.1237705884733
Saudi Arabia,SAU,Fossil fuel energy consumption (% of total),EG.USE.COMM.FO.ZS,92.8266137377291,92.8414028936432,90.9781075604879,90.3510468817452,95.5293561353782,92.4498597465877,95.7970762394107,93.6687943169107,96.2986608323185,96.5720622997293,97.1141605250732,88.2559935839333,96.8982298785652,93.5954421193098,94.6812895083609,7.12657787813047,0,0,0,0,0,0,0
Saudi Arabia,SAU,Population density (people per sq. km of land area),EN.POP.DNST,7.52560694797855,7.92737417953286,8.33185715149626,8.73929124664486,9.1499146388549,9.56411854732543,9.9824365373612,10.4053668203322,10.8331326842475,11.2656494657369,11.1543929589848,11.6723187994548,12.1733184784783,12.8502267768841,13.1690025073383,13.8700845238151,14.399377584675,14.4101498355577,14.0468072140634,13.9851787932213,14.6777023663877,14.320382473752,14.9673785522564
Senegal,SEN,Carbon dioxide (CO2) emissions excluding LULUCF per capita (t CO2e/capita),EN.GHG.CO2.PC.CE.AR5,0.400250394752946,0.441890299582628,0.447353742241464,0.423778137771453,0.471641727947474,0.511620695596945,0.488187313947173,0.528353291968357,0.534784789291755,0.534326995768716,0.552209888192812,0.577070718287212,0.553187541109478,0.571817252162867,0.592286573400898,0.631630982672839,0.684837248888741,0.65930201495289,0.674554736190862,0.674399351993485,0.644121683087224,0.709801660973283,0.700103557267781
Senegal,SEN,GDP per capita (constant 2015 US$),NY.GDP.PCAP.KD,1048.37474052363,1067.36886550595,1042.25509944289,1074.38578467686,1098.20064546027,1119.0505307548,1118.7830430051,1123.99862153285,1138.66883930214,1142.65317233964,1153.53431121583,1139.74447892639,1154.05677992367,1147.3859217191,1180.7987108505,1218.00613555438,1257.40906915928,1312.10932776049,1355.09610863712,1379.60875249861,1361.79143748646,1414.5395109385,1433.1991875241
Senegal,SEN,Energy use (kg of oil equivalent per capita),EG.USE.PCAP.KG.OE,240.56962512208,253.79128464664,249.886211773534,235.81440136714,247.017188309568,246.435668804505,241.589611245821,253.743519677808,259.2346121475,304.736226945897,313.396782040786,317.49118236804,302.418621518753,271.06546719919,284.845981855555,296.775621300382,287.042022425235,278.019674604295,274.379032674082,298.559525125339,280.607903309744,294.173427358174,315.965932815121
Senegal,SEN,Urban population (% of total population),SP.URB.TOTL.IN.ZS,40.32,40.464,40.607,40.898,41.306,41.714,42.124,42.535,42.947,43.359,43.773,44.188,44.603,45.019,45.436,45.862,46.296,46.74,47.192,47.653,48.122,48.6,49.086
Senegal,SEN,Trade (% of GDP),NE.TRD.GNFS.ZS,48.680089723263,49.7205780648314,53.1442994641329,50.8212198933376,53.6592031275529,54.9032435689485,54.1362378092613,59.2713043549794,62.7617698176319,52.3072908773365,52.4578551962948,57.5768785989578,61.9753040040375,60.6267663596737,58.4425289760992,58.1103376742017,54.1081692072139,57.7052798455617,61.7898394793183,64.2362506061005,60.0468716137065,69.3759939883832,79.5998216515832
Senegal,SEN,Renewable energy consumption (% of total final energy consumption),EG.FEC.RNEW.ZS,47.5,45.8,43.8,43.7,39.9,40.3,43.4,40,39.8,51.3,49.5,48,49.6,42.7,42.5,39.1,36.7,36.8,34.2,36.2,38.7,35.4,..
Senegal,SEN,"Industry (including construction), value added (% of GDP)",NV.IND.TOTL.ZS,24.0081947042607,23.8843480318636,24.7837929266149,24.2086161157819,25.0673709569857,23.6818582271971,23.4152166861911,23.6352865631739,22.0817260947223,22.0007291744608,21.7761763055679,23.3061329625455,23.1117975253125,24.294212523467,23.1526032786161,23.5966085082289,23.3440535101312,23.2776942790053,24.0134453886227,23.5728096206578,23.2090411645804,23.9124863648596,24.8999790711237
Senegal,SEN,Fossil fuel energy consumption (% of total),EG.USE.COMM.FO.ZS,50.2974367881108,53.2521838960551,52.6025346082182,51.7691248150694,55.0774882585091,55.6194484399388,55.1697517614888,53.906142361549,53.6716865241819,44.5191780774917,44.5835751521468,46.8346586129019,45.7691596423244,52.1055122156234,52.9270738548489,29.7446177997877,0,0,0,0,0,0,0
Senegal,SEN,Population density (people per sq. km of land area),EN.POP.DNST,51.775099984418,53.0459772502987,54.3614709395938,55.6857424816912,57.0077598296369,58.3569937152652,59.7314392562198,61.1351166052044,62.5822417285618,64.0803459201163,65.6282813068093,67.3084558250662,69.1346543395834,71.2140913104451,73.5059575131148,75.7976990598868,78.0892380408248,80.3770944787825,82.6598348309354,84.9370072196541,87.2031319794318,89.4451098530099,91.6797538046019
Serbia,SRB,Carbon dioxide (CO2) emissions excluding LULUCF per capita (t CO2e/capita),EN.GHG.CO2.PC.CE.AR5,..,..,..,..,..,..,..,..,..,..,..,..,..,..,..,..,..,..,..,..,..,..,..
Serbia,SRB,GDP per capita (constant 2015 US$),NY.GDP.PCAP.KD,3542.35373929055,3788.9822937535,4038.65254639261,4233.77646622459,4527.43497714122,4809.13847725945,5016.41284072937,5431.27888961402,5735.94771592691,5578.01198011964,5690.7032693018,5737.00119892159,5739.30750190714,5793.33614236087,5716.5404784933,5820.3215576888,6024.95753018527,6200.26060347164,6524.0796846826,6870.75746352687,6850.96677811138,7465.67530944906,7857.40327149497
Serbia,SRB,Energy use (kg of oil equivalent per capita),EG.USE.PCAP.KG.OE,1801.4812028674,1965.15252074554,2097.94999221022,2211.04337201789,2418.7222777969,2152.46605224195,2293.67913246219,2241.56812781607,2292.38992431852,2073.56720979204,2145.49144722672,2241.32678165321,2023.83135868927,2082.01493164812,1861.59680519425,2080.59060078258,2165.83889288491,2224.78515305498,2200.40410311437,2201.72012144367,2291.6081874127,2355.24230805463,2440.9165854049
Serbia,SRB,Urban population (% of total population),SP.URB.TOTL.IN.ZS,52.769,52.992,53.215,53.437,53.661,53.883,54.105,54.328,54.55,54.772,54.993,55.215,55.356,55.469,55.583,55.696,55.81,55.942,56.092,56.26,56.446,56.651,56.873
Serbia,SRB,Trade (% of GDP),NE.TRD.GNFS.ZS,21.109043880746,53.8950786178485,54.302882889577,58.2946720222191,72.2876162455649,71.9925488520017,75.529235364472,72.7165875771534,75.7432462868839,63.5017226157541,73.7088615865295,75.7493613069523,82.0766814348254,84.3322563766638,88.3815023270446,93.5281477663237,97.6906940431804,102.740445166934,105.563713028559,107.577309546092,100.324460810129,112.342298324945,131.93764235858
Serbia,SRB,Renewable energy consumption (% of total final energy consumption),EG.FEC.RNEW.ZS,22.1,19.6,18,15.7,14.6,16.1,15.3,14,15.5,20.7,20.5,17.4,19.5,20,23.2,21.2,20.9,20,21,21.4,26,27.2,..
Serbia,SRB,"Industry (including construction), value added (% of GDP)",NV.IND.TOTL.ZS,35.3275119550021,32.783602176829,30.9462872188954,28.7393653639453,29.6434485201676,28.8582113425276,29.1112134148979,28.2791201245919,27.6284594517066,24.5522314592545,25.3023658633374,26.6182017627473,27.0181974848808,28.2495527885879,26.4128465103152,26.4213847953351,26.6542696434278,26.7732682317356,25.9062104044071,25.5546144919159,24.3627644094332,24.3847589364029,25.2180137295977
Serbia,SRB,Fossil fuel energy consumption (% of total),EG.USE.COMM.FO.ZS,85.9219368202681,86.4325308656201,87.0232843425714,89.1523410668398,90.6217961353408,89.9030069619616,90.423682195613,90.1992468300016,90.1640019488033,87.6756620425311,86.7621804379112,88.8909490241107,86.9123239402812,88.411746008287,83.7593645706375,64.5530819537914,0,0,0,0,0,0,0
Serbia,SRB,Population density (people per sq. km of land area),EN.POP.DNST,..,..,..,..,..,..,84.742385090327,84.3994854790761,84.0409558655385,83.7046306883147,83.3688085982163,82.740898696547,82.3404642122113,81.9409215641436,81.5434141321747,81.1271781385776,80.7034301394923,80.275074319689,79.8376857992225,79.4104161902584,82.0445475086217,81.2739445831847,79.2537638244738
Seychelles,SYC,Carbon dioxide (CO2) emissions excluding LULUCF per capita (t CO2e/capita),EN.GHG.CO2.PC.CE.AR5,9.37865920548249,10.2571365237309,9.00708288045101,9.16635459827738,12.8632919066384,11.6500518960149,12.5283687943262,10.1795773405619,10.638713832283,11.7127540149832,10.2573242731425,9.01750894889125,10.1797220932471,9.03623164237512,10.1653914775775,10.4721737548036,11.5075467114505,11.7744644887994,10.3832082842438,10.9562099871959,11.4267433121407,11.5315642064116,10.0310315487412
Seychelles,SYC,GDP per capita (constant 2015 US$),NY.GDP.PCAP.KD,11703.7535246117,11427.9413083015,11218.2606464315,10677.9692081272,10412.0868936027,11297.3118190493,12105.4475265558,13112.8210098816,12473.2921769121,12116.3783687977,12313.5566919249,13843.7116081878,14135.0010570653,14050.3135581314,14395.6158118771,15333.1051727105,16962.6753972731,17921.5731976918,18628.1862276696,19481.6461053742,17048.361729788,17005.0422063679,15869.6738782504
Seychelles,SYC,Energy use (kg of oil equivalent per capita),EG.USE.PCAP.KG.OE,..,..,..,..,3103.97090027281,2751.69567211374,2872.34042553192,2410.82873707855,..,..,..,..,..,..,..,..,..,..,..,..,..,..,..
Seychelles,SYC,Urban population (% of total population),SP.URB.TOTL.IN.ZS,50.433,50.646,50.876,51.123,51.388,51.67,51.969,52.285,52.619,52.969,53.336,53.72,54.12,54.537,54.969,55.4,55.831,56.261,56.691,57.119,57.546,57.972,58.396
Seychelles,SYC,Trade (% of GDP),NE.TRD.GNFS.ZS,151.302447835167,179.884914877473,156.9298895573,168.844235034216,149.54093675029,171.101735954764,177.56693551462,174.928462798259,208.842968505327,221.933825358009,198.162692424328,210.075382747992,222.178254853141,196.517733268793,213.354469426486,187.475012467679,180.866188390939,197.442236417869,185.7075372109,173.407846880196,153.48333156592,183.77081501466,189.826835436591
Seychelles,SYC,Renewable energy consumption (% of total final energy consumption),EG.FEC.RNEW.ZS,1.5,1.3,1.1,1.1,1,0.9,0.9,1,0.9,0.8,0.7,0.8,0.8,1.5,1.4,1.4,1.2,1.2,1.2,1.2,1.3,1.7,1.9
Seychelles,SYC,"Industry (including construction), value added (% of GDP)",NV.IND.TOTL.ZS,41.7175677617359,40.3770010669744,43.5117612493021,39.3949624195466,21.2664381340441,23.5711088030511,23.3438748508432,23.0158256328238,22.4143519418529,20.1824627484302,19.6134912354854,20.6952608634553,19.7343819448264,16.5413009747671,15.7700469714181,14.2030327151444,13.6909528775658,11.7738883980069,11.8099756005606,12.2185624290623,14.271545381162,11.7537279327877,11.9787643383367
Seychelles,SYC,Fossil fuel energy consumption (% of total),EG.USE.COMM.FO.ZS,..,..,..,..,0,0,0,0,..,..,..,..,..,..,..,..,..,..,..,..,..,..,..
Seychelles,SYC,Population density (people per sq. km of land area),EN.POP.DNST,176.371739130435,176.526086956522,182.00652173913,179.958695652174,179.29347826087,180.126086956522,183.913043478261,184.854347826087,189.034782608696,189.778260869565,195.152173913043,190.089130434783,191.963043478261,195.541304347826,198.60652173913,203.084782608696,205.819565217391,208.354347826087,210.352173913043,212.228260869565,214.047826086957,215.778260869565,260.604347826087
Sierra Leone,SLE,Carbon dioxide (CO2) emissions excluding LULUCF per capita (t CO2e/capita),EN.GHG.CO2.PC.CE.AR5,0.0982455283703743,0.11639315057634,0.116022838476215,0.118276751761935,0.114307757486066,0.10324059129231,0.127567665979313,0.115839141524123,0.110115455826416,0.108031413989523,0.114580229783982,0.137022954006348,0.150524798964446,0.169182509933273,0.175950008616446,0.144138921274203,0.145656103372393,0.138942736972712,0.134898603665096,0.129177594748882,0.131487187834832,0.131210898324587,0.133251868746003
Sierra Leone,SLE,GDP per capita (constant 2015 US$),NY.GDP.PCAP.KD,727.240913361187,642.036644925852,766.788692402944,806.066488798349,829.759769213077,842.906031896422,859.824260714965,872.68836234614,882.54147817868,872.23959352481,902.769891411394,950.760763054593,1025.04366004502,1146.81973456475,1032.23789355905,964.575980888989,1002.77862282013,1010.54694071207,1015.6678297205,1046.96778078594,1010.25294614757,1045.7661615758,1077.08884538507
Sierra Leone,SLE,Energy use (kg of oil equivalent per capita),EG.USE.PCAP.KG.OE,..,..,..,..,..,..,..,..,..,..,..,..,..,..,..,..,..,..,..,..,..,..,..
Sierra Leone,SLE,Urban population (% of total population),SP.URB.TOTL.IN.ZS,35.626,35.867,36.109,36.352,36.596,36.919,37.303,37.689,38.077,38.466,38.856,39.248,39.642,40.036,40.432,40.829,41.228,41.636,42.055,42.484,42.923,43.372,43.831
Sierra Leone,SLE,Trade (% of GDP),NE.TRD.GNFS.ZS,57.5299628959222,35.9381603400143,38.9169120522077,46.4464372960676,46.1719994018227,47.5479834547988,22.0888664739674,21.8067992689239,21.2566155636984,23.0753395976546,27.9541259241389,43.7807969332619,53.3813447139398,53.3627646114117,51.1187772788807,36.4823958242319,43.0672126969961,41.5213782343591,37.3774603119412,37.5469541133796,30.5875766269584,42.1056362726289,45.0330918170265
Sierra Leone,SLE,Renewable energy consumption (% of total final energy consumption),EG.FEC.RNEW.ZS,93.3,91.2,88,86.5,86.5,88.1,84.4,86.3,86,86.1,84.9,81,79.1,74.6,73,74,73.6,74.6,75.9,75.4,75.1,71.1,71.6
Sierra Leone,SLE,"Industry (including construction), value added (% of GDP)",NV.IND.TOTL.ZS,26.7592113729712,8.02011367505946,8.92815272818258,10.4640216960361,11.9277471769056,11.4194351563403,25.2475228320461,24.3286197684471,22.4354575177107,19.4026088860298,20.2650996328359,19.6837646221541,23.5297216066996,26.4303748873975,20.452711739982,16.6428629261418,19.515679548632,19.5143905015015,17.510686344572,17.9232933526565,17.6271150713751,19.1424939257801,20.7187562701714
Sierra Leone,SLE,Fossil fuel energy consumption (% of total),EG.USE.COMM.FO.ZS,..,..,..,..,..,..,..,..,..,..,..,..,..,..,..,..,..,..,..,..,..,..,..
Sierra Leone,SLE,Population density (people per sq. km of land area),EN.POP.DNST,61.2858270989194,65.0140759213078,68.8755195344971,71.7329869770019,74.199459684123,76.2221113881962,77.9227763923524,79.65297866445,81.6669714602383,83.8964533111665,86.2110556940981,88.4905929620393,90.7603214186755,93.0181629260183,95.2671792740371,97.5014546965918,99.8244389027431,102.234677195899,104.662829038515,107.120961485176,109.622582432807,112.144666112497,114.66898032696
Singapore,SGP,Carbon dioxide (CO2) emissions excluding LULUCF per capita (t CO2e/capita),EN.GHG.CO2.PC.CE.AR5,11.3010369953278,11.0938779297885,10.8280032088507,10.314555220561,10.6855268387372,9.78289459186893,9.5355418148688,9.44913687162465,8.86887537205056,8.77428761443692,9.63034881494631,9.90489782564074,9.44225785642258,9.74877212426669,9.84961946891653,9.9706739040022,9.44912179392408,10.1381031824474,9.61665468985982,9.80130160606455,9.47610427156602,10.2115753252092,9.89125108967111
Singapore,SGP,GDP per capita (constant 2015 US$),NY.GDP.PCAP.KD,34890.0811365168,33597.8690808226,34598.8267483781,36709.7965038255,39856.6356222613,41798.4880834671,44159.4101820552,46178.8139470199,44601.5799302699,43331.8746638962,48752.0515441859,50713.5326393594,51679.352717333,53298.9728558286,54681.9336458253,55645.6068614606,56986.7853102911,59485.3015873921,61250.3476672302,61345.5291820062,59189.70385743,67731.2610711717,68218.805333562
Singapore,SGP,Energy use (kg of oil equivalent per capita),EG.USE.PCAP.KG.OE,4634.81368272521,5146.02323865296,5066.19603486754,6217.05880619521,7371.02793327917,4925.75757554205,5128.30865666219,4537.4171693226,4958.46248257993,5321.08304981114,4856.84920025022,4086.3260711538,4787.02308838074,5273.75292208676,4986.32779651842,5242.6504334371,5449.41985010808,5799.39529471808,5692.66564748734,5565.91519291042,5538.12371561154,5966.32763521289,5785.04367341681
Singapore,SGP,Urban population (% of total population),SP.URB.TOTL.IN.ZS,100,100,100,100,100,100,100,100,100,100,100,100,100,100,100,100,100,100,100,100,100,100,100
Singapore,SGP,Trade (% of GDP),NE.TRD.GNFS.ZS,364.364520468218,349.292105694978,349.746013985676,377.218564301581,401.523712538509,420.430512920559,425.363399543019,394.288471919078,437.326714891057,358.192811828842,369.685555787646,379.098631377539,369.212965787665,367.041780049019,360.467319166237,329.471398940262,302.839656046574,316.794409287568,326.59658728675,324.394985115301,332.040805481913,329.161383683762,332.34956775484
Singapore,SGP,Renewable energy consumption (% of total final energy consumption),EG.FEC.RNEW.ZS,0.3,0.6,0.6,0.6,0.5,0.5,0.5,0.5,0.5,0.5,0.5,0.5,0.5,0.6,0.6,0.7,0.7,0.7,0.8,0.9,0.9,1.1,..
Singapore,SGP,"Industry (including construction), value added (% of GDP)",NV.IND.TOTL.ZS,32.4585044954973,30.3796610759446,30.7456754181249,30.2248029160952,31.8858938554669,31.4076522049802,30.8942965496098,28.2257709638809,26.4153381596662,27.0163193688262,26.6358717243037,25.2595925808817,25.0222021555412,23.4427286283197,24.1685192477514,24.2880229055028,23.2029524941107,23.4966352857041,25.3804206689349,24.07072940872,23.24167197361,24.6140715989737,23.84052179209
Singapore,SGP,Fossil fuel energy consumption (% of total),EG.USE.COMM.FO.ZS,98.9159347702747,98.1655898276018,98.1510210861304,98.3991893721413,98.7087163744514,..,..,..,..,78.3630190651628,..,..,98.5689236382746,86.9946359700121,93.0398651536326,-48.6360699655692,0,0,0,0,0,0,0
Singapore,SGP,Population density (people per sq. km of land area),EN.POP.DNST,6011.77164179105,6176.13731343284,6186.59259259259,5989.55749636099,6047.40783744557,6191.23657474601,6342.02449567723,6602.30071942446,6913.42285714286,7125.10428571429,7231.81196581197,7363.19318181818,7524.69830028329,7636.72135785007,7714.7023977433,7806.77291960508,7908.72073342736,7882.37780898876,7897.30532212885,7965.87849162011,7918.95125348189,7595.49582172702,7851.00557103064
Sint Maarten (Dutch part),SXM,Carbon dioxide (CO2) emissions excluding LULUCF per capita (t CO2e/capita),EN.GHG.CO2.PC.CE.AR5,..,..,..,..,..,..,..,..,..,..,..,..,..,..,..,..,..,..,..,..,..,..,..
Sint Maarten (Dutch part),SXM,GDP per capita (constant 2015 US$),NY.GDP.PCAP.KD,..,..,..,..,..,..,..,..,..,37548.9474627441,38403.0705201664,39615.1371367338,39298.9873567827,38889.7715088035,38623.1999405819,37839.6283815163,37428.7027557069,33945.4185182499,31047.7241050626,33877.976645467,28920.3773007159,29834.6350068383,32316.8721521009
Sint Maarten (Dutch part),SXM,Energy use (kg of oil equivalent per capita),EG.USE.PCAP.KG.OE,..,..,..,..,..,..,..,..,..,..,..,..,..,..,..,..,..,..,..,..,..,..,..
Sint Maarten (Dutch part),SXM,Urban population (% of total population),SP.URB.TOTL.IN.ZS,100,100,100,100,100,100,100,100,100,100,100,100,100,100,100,100,100,100,100,100,100,100,100
Sint Maarten (Dutch part),SXM,Trade (% of GDP),NE.TRD.GNFS.ZS,..,..,..,..,..,..,..,..,..,..,..,..,..,..,..,..,..,..,..,..,..,..,..
Sint Maarten (Dutch part),SXM,Renewable energy consumption (% of total final energy consumption),EG.FEC.RNEW.ZS,..,..,..,..,..,..,..,..,..,..,..,..,0,0,0,0,0,0,0,0,0,0,0
Sint Maarten (Dutch part),SXM,"Industry (including construction), value added (% of GDP)",NV.IND.TOTL.ZS,..,..,..,..,..,..,..,..,..,..,..,12.9326808307472,11.6450388167961,11.2616056799563,7.30134105795493,6.96750002994459,6.83295797523983,6.87703253714925,6.53037877010542,7.2701465731997,7.05670772760768,6.02852472331512,..
Sint Maarten (Dutch part),SXM,Fossil fuel energy consumption (% of total),EG.USE.COMM.FO.ZS,..,..,..,..,..,..,..,..,..,..,..,..,..,..,..,..,..,..,..,..,..,..,..
Sint Maarten (Dutch part),SXM,Population density (people per sq. km of land area),EN.POP.DNST,..,..,..,..,..,..,..,..,..,..,..,1007.85294117647,1030.08823529412,1054.52941176471,1078.58823529412,1102.08823529412,1124.97058823529,1146.94117647059,1168,1187.79411764706,1206.11764705882,1222.67647058824,1239.38235294118
Slovak Republic,SVK,Carbon dioxide (CO2) emissions excluding LULUCF per capita (t CO2e/capita),EN.GHG.CO2.PC.CE.AR5,7.73497231253433,7.8025539579246,7.79389731503882,7.88543659905304,7.78163089042269,7.8581084338224,7.85743080192382,7.68965705867315,7.64846958664925,6.90939375902968,7.40000608373143,7.01774827429838,6.67537173289563,6.71868826076363,6.27163708149393,6.36299156255917,6.52701499853244,6.93460032592837,6.83162556310886,6.37685416252991,5.97512982184634,6.7223681981008,6.54551238716348
Slovak Republic,SVK,GDP per capita (constant 2015 US$),NY.GDP.PCAP.KD,8997.21199594319,9277.35808851002,9690.68468262889,10168.02256533,10718.2101858841,11412.1593630008,12430.2015488557,13770.9602691527,14497.1114407172,13680.7537106597,14596.1477776887,14950.8735178599,15159.6570420004,15249.8824513785,15647.6491763517,16442.0760860018,16740.7413996428,17195.2888721963,17869.0149173679,18250.9802475637,17763.8563847352,18816.239379058,18952.4452860922
Slovak Republic,SVK,Energy use (kg of oil equivalent per capita),EG.USE.PCAP.KG.OE,3292.7785560313,3456.89028050906,3484.03108632161,3468.93628503339,3416.39866050427,3504.64376060296,3469.4496050741,3321.10691268197,3406.38372204535,3107.87988439735,3441.25647593511,3339.0873887237,3220.5055262121,3260.4443972295,3013.30293850524,3131.86282925931,3159.56804668402,3316.8259702586,3269.57251976129,3128.36337933814,3032.64269516845,3305.89912789281,3089.1457459111
Slovak Republic,SVK,Urban population (% of total population),SP.URB.TOTL.IN.ZS,56.233,56.163,56.013,55.863,55.713,55.563,55.412,55.261,55.111,54.96,54.685,54.42,54.28,54.14,54,53.889,53.806,53.751,53.726,53.729,53.76,53.82,53.909
Slovak Republic,SVK,Trade (% of GDP),NE.TRD.GNFS.ZS,108.939262958746,121.931131222912,120.599168045888,125.998506220804,140.222460021585,148.705461161746,164.992205726236,166.580025216882,162.464472991641,136.714352092364,155.108497681586,169.178076311066,176.968958181431,180.903136491458,176.756316098132,179.42602289503,182.757379596201,186.644687399549,188.732964699496,183.722608631236,167.534173320366,181.904665436682,203.928968248026
Slovak Republic,SVK,Renewable energy consumption (% of total final energy consumption),EG.FEC.RNEW.ZS,3.7,6,5.5,5.3,6.2,6.3,6.6,8.2,7.6,10,10.3,10.4,10.5,10.7,12.2,13.4,13.1,12.4,12.4,17.6,17.6,17.9,..
Slovak Republic,SVK,"Industry (including construction), value added (% of GDP)",NV.IND.TOTL.ZS,29.5100486010771,29.9245857999101,29.3177460076999,30.7779711731675,32.1708840398951,32.0563158138445,34.2253304669146,33.4007648001191,32.9163890677556,29.2871824292761,29.956654996582,29.9295585244148,30.0711048440783,27.9562731617683,29.8948137660441,29.9318952287768,28.6704533371343,28.0768009837999,28.5930165310765,29.1467840646082,28.5377275498817,27.415931624864,26.534195815207
Slovak Republic,SVK,Fossil fuel energy consumption (% of total),EG.USE.COMM.FO.ZS,72.5121185354678,73.0742774982646,72.437852990907,72.1778643885614,72.2129572736407,72.1064714755209,70.8887299250196,70.9152089855755,70.3237102085815,70.0015411930368,67.4935623228433,65.9437906439508,63.932103013836,63.7857583121428,62.4581924695215,61.4679956079545,0,0,0,0,0,0,0
Slovak Republic,SVK,Population density (people per sq. km of land area),EN.POP.DNST,112.031600831601,111.826756756757,111.786112266112,111.689336936188,111.689812889813,111.700769230769,111.705904365904,111.738503118503,111.834365904366,112.006778956124,112.108876920838,112.260522375645,112.451734320413,112.572637664282,112.700686356073,112.803148787488,112.953369384359,113.128785357737,113.285586522463,113.43899750416,113.536335274542,113.295486688852,112.973211314476
Slovenia,SVN,Carbon dioxide (CO2) emissions excluding LULUCF per capita (t CO2e/capita),EN.GHG.CO2.PC.CE.AR5,7.56056663775658,8.48157184020562,8.62654359673708,8.54523125087374,8.71236627521517,8.81596061733369,8.94164439315391,8.88063258811905,9.34445677964257,8.28085341298024,8.37783970676316,7.8341597482126,7.54404496686936,7.53119124562551,6.85273378015306,6.92943309308171,7.27597792199868,7.42754990834248,7.39830483139447,7.04544420688714,6.38374177554522,6.52764910612932,6.2175319448732
Slovenia,SVN,GDP per capita (constant 2015 US$),NY.GDP.PCAP.KD,16146.1216848394,16576.7158840406,17099.658209132,17635.3608581831,18425.2601213581,19102.2776603905,20166.5323431214,21485.780992381,22175.2369557321,20307.6188322273,20444.1201295876,20535.4155754108,19894.8697964548,19704.2186005128,20228.7081986391,20697.2748530619,21309.7122138949,22397.7634988337,23293.966665323,23943.1800949889,22811.8050540778,24659.2499382582,25276.9359105789
Slovenia,SVN,Energy use (kg of oil equivalent per capita),EG.USE.PCAP.KG.OE,3281.07859342385,3484.35932286801,3484.57090522828,3539.5091236842,3638.84380821082,3763.9044579396,3735.02431343807,3757.02712910831,3952.12209658593,3514.07527225462,3589.60869535534,3580.6936485935,3428.89786152681,3334.75901290152,3236.59020668788,3195.47512285174,3296.73500361863,3390.66281580197,3341.09971545865,3267.29671944784,3068.8193959428,3144.09351642077,3045.94458555582
Slovenia,SVN,Urban population (% of total population),SP.URB.TOTL.IN.ZS,50.754,50.78,50.857,51.082,51.308,51.533,51.758,51.983,52.209,52.433,52.658,52.883,53.108,53.332,53.557,53.781,54.02,54.273,54.541,54.822,55.118,55.427,55.751
Slovenia,SVN,Trade (% of GDP),NE.TRD.GNFS.ZS,104.620348581459,105.583223530684,104.880458289416,103.280027127626,112.399933466762,121.127284217914,130.517913086158,137.66309435102,135.387093664802,114.482301023638,128.606575425363,140.332355750319,143.656448572975,145.168789432403,146.471705096746,147.218367714503,148.238448080388,158.70213584467,162.613493975851,160.044275685249,147.549008584942,162.082728356416,186.21959497631
Slovenia,SVN,Renewable energy consumption (% of total final energy consumption),EG.FEC.RNEW.ZS,18,18.7,16.3,16.9,17.8,18.6,17.4,18.4,17.6,19.6,20.1,19.1,20.2,22.5,22.9,21.4,21,19.7,20.6,20.9,22.7,23.4,..
Slovenia,SVN,"Industry (including construction), value added (% of GDP)",NV.IND.TOTL.ZS,30.4454054896668,30.5980485599949,30.0414822046327,30.2933302648589,30.2634915340612,29.8114014464119,30.1134067265623,30.5983193876711,29.7553678451099,27.3824377206038,26.3518668029855,26.5487234278155,27.0724390429475,27.136357331722,27.773620382746,27.6272123283146,27.5997956172164,28.0311742193249,28.0718729650095,28.5562740977565,28.9448814140077,28.1735361942182,28.0098304707693
Slovenia,SVN,Fossil fuel energy consumption (% of total),EG.USE.COMM.FO.ZS,68.9261812746353,68.3079226490656,68.6571546067497,68.2491633814806,68.0076645580717,66.4204558682174,67.8793771723533,66.9853840774413,67.4760011050571,67.0809932827031,66.4834972551072,64.7047693522433,64.9898173529082,63.6772669823709,59.6566780751409,60.7201711919896,0,0,0,0,0,0,0
Slovenia,SVN,Population density (people per sq. km of land area),EN.POP.DNST,98.7549652432969,98.9106256206554,99.0332671300894,99.0929990069513,99.156504468719,99.3284011916584,99.6458788480636,100.204667328699,100.332370372576,101.245371243634,101.685826607499,101.898292465005,102.114049151928,102.281678252234,102.382323733863,102.446109241111,102.52417833383,102.610871929328,102.992292564709,103.711934605987,104.408881428657,104.689964442502,104.888460698039
Solomon Islands,SLB,Carbon dioxide (CO2) emissions excluding LULUCF per capita (t CO2e/capita),EN.GHG.CO2.PC.CE.AR5,0.535338468768517,0.576454216532146,0.592783899351281,0.596369440142099,0.603652254161829,0.618738097209572,0.609852846047755,0.647198074200849,0.645256392617779,0.632646326000066,0.672460635535342,0.674208103880133,0.648180109692019,0.660565262335174,0.606897624929487,0.521726890986292,0.48854205824762,0.485800791048781,0.499787759430603,0.494817667311683,0.491472106036551,0.503153066322577,0.518522122330251
Solomon Islands,SLB,GDP per capita (constant 2015 US$),NY.GDP.PCAP.KD,1747.73099551254,1577.66696008378,1504.85795225232,1573.85522149264,1664.58030147977,1755.72812344484,1796.71896309507,1830.23675931387,1911.19452897184,1930.45659372799,2058.95426620207,2132.01998399541,2105.90758922315,2136.72036781191,2085.15500132222,2045.47889485251,2084.24598380679,2075.36230008714,2061.89784418456,2043.07578936317,1930.64258596415,1933.17055918223,1932.78966817916
Solomon Islands,SLB,Energy use (kg of oil equivalent per capita),EG.USE.PCAP.KG.OE,..,..,..,..,122.205342901871,120.062929535481,120.017738214868,127.960076456146,..,..,..,..,..,..,..,..,..,..,..,..,..,..,..
Solomon Islands,SLB,Urban population (% of total population),SP.URB.TOTL.IN.ZS,15.813,16.201,16.597,17.001,17.413,17.832,18.259,18.694,19.138,19.589,20.048,20.508,20.97,21.433,21.896,22.36,22.823,23.286,23.749,24.21,24.67,25.128,25.584
Solomon Islands,SLB,Trade (% of GDP),NE.TRD.GNFS.ZS,58.5523280892414,45.1100685673042,45.1275100252581,55.9585326953748,62.8108138970567,66.5745856353591,69.7892271662763,83.7474625967972,87.3532834580216,71.8854025397608,96.1480049703162,107.247678208992,104.823630628047,99.6070245689517,93.4540064769601,88.1884134973,85.5495968771661,82.1975709060796,88.4946797331694,82.9983376152335,60.2203376396925,66.6394072717162,78.0359309562018
Solomon Islands,SLB,Renewable energy consumption (% of total final energy consumption),EG.FEC.RNEW.ZS,55.3,54.1,52.8,51.5,49.9,49.7,48.9,47.4,46.7,45.8,45.1,43.6,43.8,41.8,45.9,48.6,48.7,49,48.6,48.4,49,49.1,50.1
Solomon Islands,SLB,"Industry (including construction), value added (% of GDP)",NV.IND.TOTL.ZS,..,..,..,9.50877192982456,9.67484084615604,8.59956761950516,9.32510112837982,9.98421171340501,10.2643391521197,11.8219085192948,12.9725251967417,18.6505935174365,18.244909664468,15.6476639793821,16.8604001908571,15.5520349314605,15.556710809529,17.6023048788903,17.6016377236886,18.1215052138431,17.2449869224063,18.0590765607367,18.6566988923246
Solomon Islands,SLB,Fossil fuel energy consumption (% of total),EG.USE.COMM.FO.ZS,..,..,..,..,0,0,0,0,..,..,..,..,..,..,..,..,..,..,..,..,..,..,..
Solomon Islands,SLB,Population density (people per sq. km of land area),EN.POP.DNST,15.7366559485531,16.0459092533048,16.3512325830654,16.6543051089675,16.9564487316899,17.2590210789568,17.5632011432655,17.8690961057521,18.1775634155055,18.5116470167917,19.0413719185423,19.7550911039657,20.4932475884244,21.2556270096463,22.0403001071811,22.8444087173991,23.6648445873526,24.497034655234,25.3340836012862,26.014540907467,26.5987138263666,27.2451232583065,27.9051804215791
"Somalia, Fed. Rep.",SOM,Carbon dioxide (CO2) emissions excluding LULUCF per capita (t CO2e/capita),EN.GHG.CO2.PC.CE.AR5,0.0713339147905357,0.0716095560435824,0.0768895451265609,0.0753242682500641,0.0721525283829449,0.0709586453803883,0.0717051484296573,0.069604265175558,0.0657201817289492,0.0650185545749127,0.0646073857610606,0.064419058323744,0.0633087128325132,0.0615947946765065,0.0581281549648334,0.0590788865009633,0.0578517695630418,0.0549587979965178,0.0535059502072385,0.0545506569751764,0.0546807732852263,0.0536492893958816,0.0486577357458028
"Somalia, Fed. Rep.",SOM,GDP per capita (constant 2015 US$),NY.GDP.PCAP.KD,233.032393086367,239.839074088085,248.63645400073,257.910337235939,266.257271856728,275.457040797985,284.470789865218,294.210404466723,304.741448811017,317.038184814601,329.970504936986,349.577449077691,369.617204753385,397.108796344858,417.516796906395,445.583080073396,458.921476824606,506.50109887946,498.981065013872,494.559378705297,463.03252483819,461.842094673158,460.29964584736
"Somalia, Fed. Rep.",SOM,Energy use (kg of oil equivalent per capita),EG.USE.PCAP.KG.OE,..,..,..,..,..,..,..,..,..,..,..,..,..,..,..,..,..,..,..,..,..,..,..
"Somalia, Fed. Rep.",SOM,Urban population (% of total population),SP.URB.TOTL.IN.ZS,33.247,33.617,33.99,34.756,35.531,36.311,37.1,34.404,36.011,37.645,39.31,41,41.558,42.117,42.679,43.245,43.816,44.391,44.971,45.554,46.141,46.731,47.324
"Somalia, Fed. Rep.",SOM,Trade (% of GDP),NE.TRD.GNFS.ZS,..,..,..,..,..,..,..,..,..,..,..,..,88.5736460782288,83.3409991258378,81.7010414559322,76.4793322385239,74.3615625516249,68.6756490932841,73.8208379982079,70.3106083602255,75.6877839830262,79.0932313826745,90.759891164324
"Somalia, Fed. Rep.",SOM,Renewable energy consumption (% of total final energy consumption),EG.FEC.RNEW.ZS,93.3,93.3,92.6,92.8,93,93.3,93.5,93,93.4,93.6,93.6,93.7,93.9,94.4,94.6,94.5,94.8,94.9,94.9,95,95.5,95.4,95.4
"Somalia, Fed. Rep.",SOM,"Industry (including construction), value added (% of GDP)",NV.IND.TOTL.ZS,..,..,..,..,..,..,..,..,..,..,..,..,..,..,..,..,..,..,..,..,..,..,..
"Somalia, Fed. Rep.",SOM,Fossil fuel energy consumption (% of total),EG.USE.COMM.FO.ZS,..,..,..,..,..,..,..,..,..,..,..,..,..,..,..,..,..,..,..,..,..,..,..
"Somalia, Fed. Rep.",SOM,Population density (people per sq. km of land area),EN.POP.DNST,14.089190869385,14.6626916823413,15.2231054930341,15.7955128000765,16.3882392323142,16.9672394554787,17.4953007938279,18.0485574010903,18.5913284662225,19.0665364873912,19.5456307584404,19.6844294959671,19.8634871042816,20.5145439474607,21.2635747760385,22.0087400771511,22.8723499218924,23.7775831287659,24.6317578984283,25.5538798737527,26.5425303663085,27.5312127395033,28.3767924889215
South Africa,ZAF,Carbon dioxide (CO2) emissions excluding LULUCF per capita (t CO2e/capita),EN.GHG.CO2.PC.CE.AR5,7.36427840038657,7.51370914167024,7.7215913604945,8.11521599803779,8.6905256330491,8.81549624345573,8.81237967460359,9.10303957854825,9.54538839285426,8.83334638867274,8.87081322765791,8.390151524086,8.56950729034559,8.64586417062513,8.70671122380103,8.11041631624629,8.04226005893759,8.15147357441279,8.08182130104548,8.0316393172874,6.91474134743811,6.96772460183515,6.56328688082944
South Africa,ZAF,GDP per capita (constant 2015 US$),NY.GDP.PCAP.KD,4700.87555500704,4786.482450463,4916.81498068625,5011.62223150169,5187.35683424034,5406.07581377638,5650.9883176549,5891.42069421698,6009.71963138635,5847.05811084505,5953.94506512821,6067.12482726885,6121.55783860713,6170.87670863373,6155.00589462516,6112.27382485974,6095.295060428,6125.6920507497,6117.2701406047,6032.82972598668,5569.58483319272,5756.19549409213,5783.86090401536
South Africa,ZAF,Energy use (kg of oil equivalent per capita),EG.USE.PCAP.KG.OE,2269.37063464901,2180.26593384169,2072.05766349373,2300.85052603256,2478.00378605228,2374.43550245537,2397.99082240112,2576.78503956652,2738.08467369962,2735.00618529644,2518.44190314477,2536.41417638413,2394.39798705356,2341.17923180198,2438.67891656885,2257.19467617813,2311.76901865151,2283.45815447669,2184.87777550689,2231.91074710296,2037.46194166103,2124.62297436572,1938.30644693274
South Africa,ZAF,Urban population (% of total population),SP.URB.TOTL.IN.ZS,56.891,57.368,57.898,58.446,58.993,59.536,60.077,60.616,61.154,61.687,62.218,62.746,63.272,63.793,64.312,64.828,65.341,65.85,66.355,66.856,67.354,67.847,68.335
South Africa,ZAF,Trade (% of GDP),NE.TRD.GNFS.ZS,46.2207217354077,49.170945185829,53.4655016294369,45.723862568979,45.6435752240041,47.4277813970329,53.7681412741145,57.125139137747,65.9745237996233,49.5875353278801,50.4060871625999,54.6363504358971,55.5826171933345,58.875027630051,59.4995740550593,56.7266761447156,55.8612575048782,53.5359318293741,54.4855451276341,53.8979964081406,50.7596590804177,56.0347138372399,64.7830021330108
South Africa,ZAF,Renewable energy consumption (% of total final energy consumption),EG.FEC.RNEW.ZS,16.2,15,13.3,11.8,11,9.7,9.3,8.7,9.7,9.2,9.4,9,8.3,7.8,7.6,7.6,7.8,7.9,8,8.7,9.8,9.7,..
South Africa,ZAF,"Industry (including construction), value added (% of GDP)",NV.IND.TOTL.ZS,28.2297555130289,28.531613122664,28.5059160154765,26.8928680646111,26.3036366679746,26.0150792659507,24.8591176319147,25.2946183090828,26.9415561091344,25.7430761887593,25.3034630993363,24.8394911507999,24.4686002355753,24.5517417673484,24.3052820058227,23.7323079746326,23.7825372977493,23.6105564955695,23.5370608392744,23.6220152843652,23.3394384079582,24.8691650397379,24.9348725792342
South Africa,ZAF,Fossil fuel energy consumption (% of total),EG.USE.COMM.FO.ZS,85.8322834955262,92.6539162635766,93.8840962823185,90.6966579643215,92.0517940162264,95.1223845671462,92.5108263709496,91.8515019612301,92.495124460541,89.2171739970638,94.0613353988229,91.4816012769442,94.2792846618908,94.5059203710976,94.1188203880702,80.1018513142697,0,0,0,0,0,0,0
South Africa,ZAF,Population density (people per sq. km of land area),EN.POP.DNST,38.8756967743531,39.2112703921391,39.584379559637,39.9808324196886,40.3856440989539,40.796670486114,41.2156369271859,41.6527908069476,42.1358670832337,42.6419441261572,43.1493549530538,43.6861279872062,44.3351828800831,45.0739771987239,45.8291124318888,46.7595454582925,47.2014038529705,47.5110354549127,48.3171083761304,49.1207453692636,49.9240625180325,50.6991261983859,51.4210899438624
South Sudan,SSD,Carbon dioxide (CO2) emissions excluding LULUCF per capita (t CO2e/capita),EN.GHG.CO2.PC.CE.AR5,..,..,..,..,..,..,..,..,..,..,..,..,..,..,..,..,..,..,..,..,..,..,..
South Sudan,SSD,GDP per capita (constant 2015 US$),NY.GDP.PCAP.KD,..,..,..,..,..,..,..,..,2289.18415375563,2293.80166888543,2295.07026096006,2073.23981819145,1069.19619080938,1165.16202707495,1197.09491969479,1080.14718624765,..,..,..,..,..,..,..
South Sudan,SSD,Energy use (kg of oil equivalent per capita),EG.USE.PCAP.KG.OE,..,..,..,..,..,..,..,..,..,..,..,..,59.2749172998602,60.5484890514934,62.1484252216993,76.3915617802014,70.8326893678568,69.9997248691173,76.5851681637923,75.7046918043061,72.108308743408,72.6949436429603,69.0433646121056
South Sudan,SSD,Urban population (% of total population),SP.URB.TOTL.IN.ZS,16.504,16.632,16.761,16.891,17.023,17.154,17.287,17.42,17.555,17.701,17.86,18.032,18.217,18.415,18.626,18.852,19.092,19.346,19.615,19.899,20.199,20.514,20.846
South Sudan,SSD,Trade (% of GDP),NE.TRD.GNFS.ZS,..,..,..,..,..,..,..,..,97.2662973183488,94.8357640879963,90.9434483661131,93.226859754919,71.6198113947489,50.8112465907463,64.6345178070809,65.5513491845003,..,..,..,..,..,..,..
South Sudan,SSD,Renewable energy consumption (% of total final energy consumption),EG.FEC.RNEW.ZS,..,..,..,..,..,..,..,..,..,..,..,..,30.6,30.1,29.4,27.5,28.7,35.1,31.5,31.4,32.8,32.4,..
South Sudan,SSD,"Industry (including construction), value added (% of GDP)",NV.IND.TOTL.ZS,..,..,..,..,..,..,..,..,59.1868406244764,59.2778277419938,61.1436996609911,61.2256432446357,51.1502922242999,22.2248278451082,46.6994007328919,33.0945353993221,..,..,..,..,..,..,..
South Sudan,SSD,Fossil fuel energy consumption (% of total),EG.USE.COMM.FO.ZS,..,..,..,..,..,..,..,..,..,..,..,..,70.7671776129456,72.4882735436452,72.4284605869866,38.9363207566283,0,0,0,0,0,0,0
South Sudan,SSD,Population density (people per sq. km of land area),EN.POP.DNST,..,..,..,..,..,..,..,..,..,..,..,..,17.0212523539,17.6701137784248,17.7789834317092,17.5772015887836,17.1381355529885,16.234636747741,16.0191429430475,16.4945231275616,16.9298292532401,17.1945943379805,17.4405029038026
Spain,ESP,Carbon dioxide (CO2) emissions excluding LULUCF per capita (t CO2e/capita),EN.GHG.CO2.PC.CE.AR5,7.72138015449864,7.68451245975194,7.99691385006569,8.05286713681221,8.28114415731179,8.48570509966576,8.14286781595979,8.28462051584765,7.46599444236822,6.55212462124387,6.25295197316386,6.2718203872575,6.14450135874169,5.5917238526822,5.55341001615278,5.92556987101652,5.7370162847031,6.04869976383704,5.88110887323762,5.46973894606707,4.61881039769403,5.00775222130612,4.92760844983757
Spain,ESP,GDP per capita (constant 2015 US$),NY.GDP.PCAP.KD,24106.8818529374,24878.3784543991,25205.3154769045,25481.1653690112,25825.3106463315,26294.447384391,26899.0921497113,27338.79541774,27112.526293889,25860.8142592652,25766.2515825743,25510.5579678829,24763.568274484,24498.5559507945,24947.8512505913,25982.4416197775,26719.2442268615,27426.281015093,27956.7225466484,28301.4393949563,25077.019882928,26705.3629138959,28152.4661471586
Spain,ESP,Energy use (kg of oil equivalent per capita),EG.USE.PCAP.KG.OE,2991.49306471374,3048.84384472463,3095.99686843763,3145.4023925367,3226.28942874321,3239.54436471806,3190.72627710892,3168.95970956596,3015.00798974738,2749.85548907362,2735.18257337486,2684.34318918947,2677.18038552382,2506.25540520067,2458.57177736167,2552.40125248088,2563.00704379932,2690.49733287835,2666.26079715432,2573.90442450746,2303.51311623486,2422.46704705393,2408.92811488939
Spain,ESP,Urban population (% of total population),SP.URB.TOTL.IN.ZS,76.262,76.343,76.533,76.778,77.022,77.263,77.502,77.74,77.976,78.21,78.442,78.673,78.902,79.133,79.366,79.602,79.84,80.08,80.321,80.565,80.81,81.056,81.304
Spain,ESP,Trade (% of GDP),NE.TRD.GNFS.ZS,60.1216241049216,58.0138895625701,55.1021415309759,53.4357897202258,54.4795182656074,54.6991667043772,56.0839263823216,57.6269487657546,55.8281315172523,46.8366899971109,52.6933699734019,58.5118228859632,60.5540346961864,61.6687726441327,63.39926213895,63.5820412248232,63.1886778507294,66.167446137857,67.0094103982921,66.3662250440692,59.4461280147076,66.524588943191,78.6275624641006
Spain,ESP,Renewable energy consumption (% of total final energy consumption),EG.FEC.RNEW.ZS,7.9,8.9,7.4,8.9,8,7.3,8.5,9,9.7,12.2,14.4,14.7,15.8,16.9,17.3,16.3,16.7,15.2,16.9,16.7,19.3,19,..
Spain,ESP,"Industry (including construction), value added (% of GDP)",NV.IND.TOTL.ZS,28.0206433600126,27.9885528091555,27.7644102520327,27.4144338425007,26.9674522329282,27.1317779343664,26.8985528012609,26.2669355504802,26.1869489550822,24.7821508122163,22.985948966945,21.8871702738867,20.7992748782776,20.0279432010078,19.8695989889783,19.9230622051822,19.7937250159622,19.9047199031815,19.7385743840512,19.9779055762497,20.1193927811735,20.3165748530524,20.930906380107
Spain,ESP,Fossil fuel energy consumption (% of total),EG.USE.COMM.FO.ZS,80.9656399109855,80.1652733802601,81.7730443168776,81.1268702671428,82.1417982287113,83.7721987891862,82.5963455414651,83.4769049438692,82.1157519684794,79.9373532354264,76.2146687512467,76.6523040591065,75.1815086319326,72.7454409924847,71.7388098678952,73.5325702286076,0,0,0,0,0,0,0
Spain,ESP,Population density (people per sq. km of land area),EN.POP.DNST,81.2983246492986,81.9433763941266,83.0225192369349,84.5088139260031,85.9848050803317,87.4654972049129,88.9761493446631,90.6149005229308,92.1293223736969,92.9750651746681,93.1519309613808,93.5078358806114,93.5068371284061,93.169262909578,92.8824553687451,92.907597351004,92.9973717081295,93.2268622784207,93.638281089712,94.3181087826492,94.802910688937,94.9382927184248,95.626963633201
Sri Lanka,LKA,Carbon dioxide (CO2) emissions excluding LULUCF per capita (t CO2e/capita),EN.GHG.CO2.PC.CE.AR5,0.594244954686801,0.580208671656166,0.600679035060118,0.644427058969589,0.660944896118776,0.713678573032634,0.648203301318945,0.689148175592636,0.644866752647608,0.615515140244459,0.647384567401384,0.757126167734968,0.845222395396236,0.720699538498907,0.860482240831649,0.939833094897473,1.10726106841435,1.09112478441244,1.01430087678819,1.09945420354997,1.01096765363383,1.02559577541072,0.900779946801316
Sri Lanka,LKA,GDP per capita (constant 2015 US$),NY.GDP.PCAP.KD,1956.93310381072,1896.48251734068,1951.22522777045,2052.03045078787,2149.10628588002,2268.68801270049,2426.34873273046,2573.54362192705,2708.58594222506,2787.27350976338,2993.0141151074,3232.37350380893,3484.79049043958,3728.9358665501,3929.92062023571,4057.7158346231,4214.74117992085,4436.00789945768,4493.03575444544,4455.78189608267,4227.23315306594,4357.97225779491,4033.14561476298
Sri Lanka,LKA,Energy use (kg of oil equivalent per capita),EG.USE.PCAP.KG.OE,431.62116957475,410.71839857146,413.944440993586,435.190736130853,438.022357631525,445.253637299827,446.303743469172,451.932624363217,437.179899601695,441.000672616531,467.291270770327,472.004070198765,481.924833084376,456.565215233171,485.842992855467,501.472734960701,542.532333545075,514.191694784091,508.499276672792,523.423393496303,511.066363818929,527.11680981294,473.920825625094
Sri Lanka,LKA,Urban population (% of total population),SP.URB.TOTL.IN.ZS,18.38,18.365,18.349,18.334,18.319,18.303,18.288,18.272,18.257,18.242,18.226,18.211,18.196,18.198,18.218,18.256,18.311,18.384,18.476,18.585,18.713,18.86,19.026
Sri Lanka,LKA,Trade (% of GDP),NE.TRD.GNFS.ZS,88.636441704913,80.8986015327576,76.3351317826517,75.336247330543,79.4829449011187,73.6039729580533,71.2611784883009,68.6065116601391,63.369043608222,49.1491415308235,..,..,..,..,..,46.9179708088816,46.4715370252187,47.1404098004644,49.8093967521361,49.42552388546,37.089118857292,41.2288463291999,46.6826080196819
Sri Lanka,LKA,Renewable energy consumption (% of total final energy consumption),EG.FEC.RNEW.ZS,64.2,62.9,62.1,61.3,61.6,60.1,62.2,60.2,61.6,63.5,61.9,56.4,52.9,56.9,54.2,51.3,45.1,45.8,47.9,46.1,49.3,48.8,..
Sri Lanka,LKA,"Industry (including construction), value added (% of GDP)",NV.IND.TOTL.ZS,27.3180767964657,26.8205944160785,28.0106134516732,28.4245704176973,28.6181015199147,30.1880884644457,30.6422951801489,29.9198197775274,29.3711947494741,29.6714387318411,27.7831982979266,29.0731497644916,30.9698538095878,30.7956807276274,30.5178954280569,29.5354178735039,30.4827177292135,31.1282786464433,30.0568195254141,29.1910098710383,28.235832875126,29.9540097663376,29.8058315790625
Sri Lanka,LKA,Fossil fuel energy consumption (% of total),EG.USE.COMM.FO.ZS,43.0204156582438,43.3523925019352,44.5836006292708,46.3677204793021,45.7927194058447,45.2896481189992,43.4358784460763,45.3840913764016,45.3393793012119,43.0469239078071,43.0199567813158,51.5072564355521,52.1930241545523,48.9701914183762,53.6321421636284,41.0526143786093,0,0,0,0,0,0,0
Sri Lanka,LKA,Population density (people per sq. km of land area),EN.POP.DNST,307.655142720459,312.55560516664,315.830840376336,318.1553340775,320.325386700686,322.381183224366,324.548094402807,326.782730027109,328.964726518896,330.990830808484,332.946723010684,335.019103811194,337.577069047999,328.257056290863,331.334715356403,338.810527846445,342.672030762768,346.614318258931,350.284495021337,352.431694638296,354.332363401229,358.163595215002,358.567733591982
St. Kitts and Nevis,KNA,Carbon dioxide (CO2) emissions excluding LULUCF per capita (t CO2e/capita),EN.GHG.CO2.PC.CE.AR5,1.09397100424328,1.10355979982955,1.24945675793133,1.29721067221067,1.40775126848753,1.30714731787152,1.4838197083897,1.63576414165204,1.71452973203801,1.92684798363032,2.10476881697477,1.65721110779337,1.69455488699424,1.93120737640485,2.06417634691754,2.16195552912694,2.36643653744025,2.20828905419766,2.31237236215112,2.66016357130687,2.16343076594837,2.39933280585078,2.41281123552206
St. Kitts and Nevis,KNA,GDP per capita (constant 2015 US$),NY.GDP.PCAP.KD,14039.0281125333,14610.9099610508,14727.3908829316,14100.3067967234,14619.795111247,16000.5658929826,16457.8622372067,16508.1437081315,18325.7612670282,17671.2547069735,17688.0690103409,17958.6813977053,17770.4963640576,18773.8926898397,20187.8061975481,20328.8003530109,21133.6575914414,21191.6047083703,21635.4972146482,22297.7644995701,18918.8263456611,19031.8211910603,21024.4472094197
St. Kitts and Nevis,KNA,Energy use (kg of oil equivalent per capita),EG.USE.PCAP.KG.OE,..,..,..,..,1640.93706142718,1701.22962292999,1696.40748137173,1777.07360938637,..,..,..,..,..,..,..,..,..,..,..,..,..,..,..
St. Kitts and Nevis,KNA,Urban population (% of total population),SP.URB.TOTL.IN.ZS,32.778,32.598,32.455,32.312,32.17,32.028,31.886,31.744,31.603,31.463,31.322,31.182,31.062,30.964,30.885,30.827,30.79,30.773,30.776,30.799,30.843,30.906,30.991
St. Kitts and Nevis,KNA,Trade (% of GDP),NE.TRD.GNFS.ZS,..,..,..,..,..,..,..,..,..,..,..,..,..,..,..,..,..,..,..,..,..,..,..
St. Kitts and Nevis,KNA,Renewable energy consumption (% of total final energy consumption),EG.FEC.RNEW.ZS,26.4,26,24.3,26.3,22,25.3,0,0,0,0,1,0.9,1.3,1.4,1.6,1.6,1.7,1.3,1.3,1.3,1.6,1.6,1.5
St. Kitts and Nevis,KNA,"Industry (including construction), value added (% of GDP)",NV.IND.TOTL.ZS,26.842734561823,30.5650311211705,28.6195389986205,24.3502343417128,22.7029949657687,22.2498223290128,23.1516391558233,23.2344833885883,21.9404982450459,23.2274914615363,22.5446364872963,20.9395556933708,18.6845911299958,19.7121899986448,21.3786128291905,22.7382472431805,24.5143300679441,26.2859866005102,24.5506901344489,25.3018009434309,23.1359387242886,22.5775143640975,21.6957426950966
St. Kitts and Nevis,KNA,Fossil fuel energy consumption (% of total),EG.USE.COMM.FO.ZS,..,..,..,..,0,0,0,0,..,..,..,..,..,..,..,..,..,..,..,..,..,..,..
St. Kitts and Nevis,KNA,Population density (people per sq. km of land area),EN.POP.DNST,174.030769230769,176.003846153846,177,177.6,178.134615384615,178.603846153846,179.111538461538,179.638461538462,180.134615384615,180.446153846154,180.176923076923,180.330769230769,180.896153846154,181.034615384615,181.111538461538,181.103846153846,181.057692307692,180.961538461538,180.8,180.584615384615,180.269230769231,179.857692307692,179.65
St. Lucia,LCA,Carbon dioxide (CO2) emissions excluding LULUCF per capita (t CO2e/capita),EN.GHG.CO2.PC.CE.AR5,0.608387552327634,0.64529415802842,0.601332582698696,0.69458079717259,0.667320185826752,0.695678452704745,0.766927309933449,0.823805720144494,0.885029145538126,0.947789178720073,1.06491287608393,0.820134923545265,0.843632486803757,0.960379306565765,1.01930652700732,1.04113661702067,1.11645013265318,1.11147656258861,1.05696063089986,1.75615357337851,1.42047685834502,1.56843414257066,1.5728740749856
St. Lucia,LCA,GDP per capita (constant 2015 US$),NY.GDP.PCAP.KD,9198.93894352203,8795.54582090658,8755.45939353129,9054.06778374517,9637.37801390276,9527.58469430542,10045.6504032593,10147.4432459936,10583.4310172598,10219.8024011561,10191.3146827694,10576.8979743596,10517.2777635533,10279.4155096001,10369.9382566513,10334.9860823918,10644.1612913407,10960.4843512477,11233.8883578457,11114.7785940338,8379.27495097388,9336.92127417129,11224.2899455738
St. Lucia,LCA,Energy use (kg of oil equivalent per capita),EG.USE.PCAP.KG.OE,..,..,..,..,730.642539226371,743.427017225748,714.118543678251,763.003850785059,..,..,..,..,..,..,..,..,..,..,..,..,..,..,..
St. Lucia,LCA,Urban population (% of total population),SP.URB.TOTL.IN.ZS,27.774,27.473,26.329,25.216,24.133,23.085,22.068,21.084,20.131,19.213,18.45,18.45,18.45,18.461,18.482,18.515,18.558,18.612,18.678,18.754,18.841,18.94,19.05
St. Lucia,LCA,Trade (% of GDP),NE.TRD.GNFS.ZS,..,..,..,..,..,..,..,..,..,..,..,..,..,..,..,..,..,..,..,..,..,..,..
St. Lucia,LCA,Renewable energy consumption (% of total final energy consumption),EG.FEC.RNEW.ZS,24,22.2,21.7,20,18.4,18.4,16.9,16.3,15.5,15.1,13.2,12.9,12.4,12.1,11.7,11.5,11.2,10.2,10.2,10,10,9.7,9.7
St. Lucia,LCA,"Industry (including construction), value added (% of GDP)",NV.IND.TOTL.ZS,..,..,..,..,..,..,15.5718308786508,13.33867026693,12.9331554810898,13.1941065698207,11.6993633883331,11.0709394039579,10.8823311302478,10.2372040525891,9.9830608960786,10.8633516574705,10.9907295637127,10.8835128503547,9.85698830819217,9.04474293097749,12.6673649469867,11.2859523148332,8.86594059124188
St. Lucia,LCA,Fossil fuel energy consumption (% of total),EG.USE.COMM.FO.ZS,..,..,..,..,0,0,0,0,..,..,..,..,..,..,..,..,..,..,..,..,..,..,..
St. Lucia,LCA,Population density (people per sq. km of land area),EN.POP.DNST,260.026229508197,262.683606557377,264.985245901639,267.173770491803,269.244262295082,271.229508196721,273.17868852459,275.013114754098,276.734426229508,278.473770491803,280.173770491803,281.640983606557,282.929508196721,284.211475409836,285.472131147541,286.729508196721,287.944262295082,289.085245901639,290.191803278688,291.247540983607,292.213114754098,292.659016393443,293.083606557377
St. Martin (French part),MAF,Carbon dioxide (CO2) emissions excluding LULUCF per capita (t CO2e/capita),EN.GHG.CO2.PC.CE.AR5,..,..,..,..,..,..,..,..,..,..,..,..,..,..,..,..,..,..,..,..,..,..,..
St. Martin (French part),MAF,GDP per capita (constant 2015 US$),NY.GDP.PCAP.KD,..,..,..,..,..,..,..,..,..,..,..,..,..,..,..,..,..,..,..,..,..,..,..
St. Martin (French part),MAF,Energy use (kg of oil equivalent per capita),EG.USE.PCAP.KG.OE,..,..,..,..,..,..,..,..,..,..,..,..,..,..,..,..,..,..,..,..,..,..,..
St. Martin (French part),MAF,Urban population (% of total population),SP.URB.TOTL.IN.ZS,..,..,..,..,..,..,..,..,..,..,..,..,..,..,..,..,..,..,..,..,..,..,..
St. Martin (French part),MAF,Trade (% of GDP),NE.TRD.GNFS.ZS,..,..,..,..,..,..,..,..,..,..,..,..,..,..,..,..,..,..,..,..,..,..,..
St. Martin (French part),MAF,Renewable energy consumption (% of total final energy consumption),EG.FEC.RNEW.ZS,..,..,..,..,..,..,..,..,..,..,..,..,..,..,..,..,..,..,..,..,..,..,..
St. Martin (French part),MAF,"Industry (including construction), value added (% of GDP)",NV.IND.TOTL.ZS,..,..,..,..,..,..,..,..,..,..,..,..,..,..,..,..,..,..,..,..,..,..,..
St. Martin (French part),MAF,Fossil fuel energy consumption (% of total),EG.USE.COMM.FO.ZS,..,..,..,..,..,..,..,..,..,..,..,..,..,..,..,..,..,..,..,..,..,..,..
St. Martin (French part),MAF,Population density (people per sq. km of land area),EN.POP.DNST,..,..,..,..,..,..,..,..,..,..,..,741.38,745.52,748.38,749,747.38,743.5,736.74,720.24,685.34,635.72,599.22,577.4
St. Vincent and the Grenadines,VCT,Carbon dioxide (CO2) emissions excluding LULUCF per capita (t CO2e/capita),EN.GHG.CO2.PC.CE.AR5,0.366374565150381,0.425546911480956,0.488764590152364,0.528544029131791,0.568086143483848,0.58603823921743,0.649918760154981,0.698460517703598,0.732247721295529,1.12118579650342,0.88032812230013,0.626434626745558,0.801942319011183,0.759236140010173,0.855535407076766,0.887247569184742,0.949703335245277,1.03158153752969,0.969254522234718,0.973436885001968,0.794003438749686,0.884861096255384,0.894694549516885
St. Vincent and the Grenadines,VCT,GDP per capita (constant 2015 US$),NY.GDP.PCAP.KD,5062.8308005303,5153.33775703972,5436.01127697085,5810.31291683019,6065.79528129188,6238.03062132233,6700.48065597991,6953.11709388397,7012.88002960716,6948.77356913743,6671.2735357515,6667.81702530981,6783.80062180219,6989.48254510922,7116.35480304653,7353.73556054184,7702.61696422722,7864.94736898375,8171.70522599219,8286.26735004137,7981.64858144827,8203.01335227809,8524.0898518317
St. Vincent and the Grenadines,VCT,Energy use (kg of oil equivalent per capita),EG.USE.PCAP.KG.OE,..,..,..,..,584.924890326583,595.820364606492,624.921884764404,627.628193058432,..,..,..,..,..,..,..,..,..,..,..,..,..,..,..
St. Vincent and the Grenadines,VCT,Urban population (% of total population),SP.URB.TOTL.IN.ZS,45.186,45.548,45.914,46.283,46.656,47.032,47.412,47.794,48.18,48.569,48.961,49.356,49.754,50.154,50.558,50.964,51.373,51.784,52.198,52.614,53.032,53.452,53.875
St. Vincent and the Grenadines,VCT,Trade (% of GDP),NE.TRD.GNFS.ZS,..,..,..,..,..,..,..,..,..,..,..,..,..,..,..,..,..,..,..,..,..,..,..
St. Vincent and the Grenadines,VCT,Renewable energy consumption (% of total final energy consumption),EG.FEC.RNEW.ZS,8.5,6.2,6.1,5.6,5.9,5.8,5.3,4.7,5.3,4.1,5.1,6.1,5,5.4,3.3,4.3,4.1,5.3,4.9,5.4,5.2,5,5.1
St. Vincent and the Grenadines,VCT,"Industry (including construction), value added (% of GDP)",NV.IND.TOTL.ZS,16.6518139228873,16.2047821116351,15.3325637846608,15.7103068403561,16.1819535599222,15.803460598478,15.9185016274684,17.5789207618579,15.7098142403655,15.8660687716811,15.903054750972,15.1351236077184,14.5760767657253,14.7069261247007,14.1124131006087,14.9489099213637,14.3822033821215,14.6706100723592,14.5575849461195,13.69401619005,12.5582072800332,12.8730573511209,14.6172883881669
St. Vincent and the Grenadines,VCT,Fossil fuel energy consumption (% of total),EG.USE.COMM.FO.ZS,..,..,..,..,0,0,0,0,..,..,..,..,..,..,..,..,..,..,..,..,..,..,..
St. Vincent and the Grenadines,VCT,Population density (people per sq. km of land area),EN.POP.DNST,291.141025641026,291.028205128205,290.633333333333,290.105128205128,289.320512820513,288.333333333333,287.215384615385,285.976923076923,284.687179487179,283.353846153846,281.946153846154,280.382051282051,278.810256410256,277.269230769231,275.730769230769,274.25641025641,272.689743589744,270.930769230769,269.041025641026,267.094871794872,265.451282051282,263.694871794872,261.65641025641
Sudan,SDN,Carbon dioxide (CO2) emissions excluding LULUCF per capita (t CO2e/capita),EN.GHG.CO2.PC.CE.AR5,0.215686630481029,0.229612259733483,0.273621222025851,0.274722049261717,0.300105014828693,0.34760558067693,0.415066874403277,0.439486652096874,0.457268889643641,0.460682922353258,0.477483748912413,0.449245653237507,0.474552867578192,0.466412703866995,0.476932445598802,0.538705971860037,0.580280239221179,0.554132847201123,0.539979158318373,0.515394963684055,0.456248148211711,0.47880950318352,0.433405221266295
Sudan,SDN,GDP per capita (constant 2015 US$),NY.GDP.PCAP.KD,1111.11865234375,1150.17626953125,1185.21533203125,1226.42077636719,1255.67114257813,1290.24438476563,1336.1240234375,1372.10961914063,1381.62561035156,1301.34729003906,1311.22314453125,1388.21813964844,1288.25854492188,1283.45922851563,1307.3896484375,1292.37963867188,1297.15454101563,1261.87353515625,1185.94445800781,1126.55297851563,1056.86474609375,1009.54888916016,973.225280761719
Sudan,SDN,Energy use (kg of oil equivalent per capita),EG.USE.PCAP.KG.OE,486.895648884188,494.123605509951,517.547585761207,491.363979157765,481.357152467204,485.749820750348,508.243151523165,477.508307525311,472.804911242702,481.629873791934,444.591378410567,467.4243451203,390.663141094355,474.39791148882,475.661985814283,463.361659242171,448.456631655364,443.093596413321,435.149435651597,435.397595484311,422.22104307002,426.11403674166,411.780538179181
Sudan,SDN,Urban population (% of total population),SP.URB.TOTL.IN.ZS,32.495,32.548,32.601,32.654,32.707,32.76,32.813,32.866,32.919,32.993,33.089,33.207,33.346,33.507,33.689,33.894,34.121,34.37,34.642,34.936,35.253,35.593,35.956
Sudan,SDN,Trade (% of GDP),NE.TRD.GNFS.ZS,29.4042344599492,20.2933456223411,25.6255617213052,26.4402280670553,30.4323376195052,35.8715914021946,36.2025936172703,34.4033361615632,36.7410978273835,32.7808783344833,32.728309950035,27.512339023518,21.8561745247301,26.8585245020134,20.8451090041313,18.3782728546541,15.2816698903461,17.8313898297102,21.8679187274323,26.1196204552625,9.95514507626151,4.12754863828426,2.69883443585856
Sudan,SDN,Renewable energy consumption (% of total final energy consumption),EG.FEC.RNEW.ZS,80.4,79.4,76.8,77,75.4,72.3,69.2,65.6,63.5,63.1,61.3,63.7,63.7,64.3,63.7,61.9,58.9,59.4,59.8,59.4,62.6,61,..
Sudan,SDN,"Industry (including construction), value added (% of GDP)",NV.IND.TOTL.ZS,20.0797178625874,19.5381154442319,20.7757913955766,19.8413102544769,21.4151752034683,21.9763462611458,22.9778613068907,26.3285235935348,28.2073396404398,25.6508731569437,21.1420469221691,20.3300649001863,17.6175266828595,20.2367455588648,18.1004960644315,16.0712107361815,17.3546057080676,16.6174079698297,20.7757619010592,21.7363013265282,23.3281861554993,7.36874367318585,4.8714017457712
Sudan,SDN,Fossil fuel energy consumption (% of total),EG.USE.COMM.FO.ZS,17.2649109100718,16.0044179607221,19.1264482521454,18.5870437094531,20.2698944454726,22.9936512032157,27.4314487027204,30.7811815849932,32.58098441286,31.6529892839001,32.9293103904825,29.1519920206986,32.5924638687515,25.4616825698923,25.7489984285409,2.33296654187188,0,0,0,0,0,0,0
Sudan,SDN,Population density (people per sq. km of land area),EN.POP.DNST,..,..,..,..,..,..,..,..,..,..,..,..,19.7661552462527,20.2279705567452,20.7833608137045,21.4263549250535,22.0877366167024,22.8663308351178,23.6780492505353,24.3833913276231,25.0477682012848,25.7317580299786,26.4364807280514
Suriname,SUR,Carbon dioxide (CO2) emissions excluding LULUCF per capita (t CO2e/capita),EN.GHG.CO2.PC.CE.AR5,3.10504927167713,3.12458895100296,2.25112828289541,2.43733388097485,2.71149569098873,3.25121843666536,2.91620714023128,2.66338490742275,2.71682379547506,2.66995113766815,3.18080894961658,3.51538554188711,4.34421727840351,4.02042107483041,4.554610661258,4.68513325550568,5.03626498706098,4.12606764547854,3.58674457434618,4.39227559065517,4.25253585969359,4.22028949855639,4.07468980878228
Suriname,SUR,GDP per capita (constant 2015 US$),NY.GDP.PCAP.KD,6128.31602380553,6255.55274185687,6301.31731043167,6567.84309876847,7021.98919924338,7261.8171350196,7599.35696921481,7897.25648915828,8129.11464659446,8276.69079768793,8603.90786745855,9003.28597674886,9140.92898611536,9303.46008775809,9224.24378410547,8813.61705392067,8293.31553031406,8338.69235401862,8666.64870697797,8677.30522021731,7213.10766669943,6973.89941868115,7081.33357325783
Suriname,SUR,Energy use (kg of oil equivalent per capita),EG.USE.PCAP.KG.OE,1279.91009868174,1352.00051071083,963.414526111558,1004.17207760767,1086.0286292677,1231.36166250567,1174.71907397922,1117.32432132435,1176.34643873161,1163.89303819747,1351.36214118486,1676.95221892351,1411.63824385599,1713.83746780444,1785.94876899071,1577.31172890225,1728.65071732658,1613.95464252908,1523.99899313139,1730.83708121822,1688.41378493841,1698.95174083857,1738.82345454805
Suriname,SUR,Urban population (% of total population),SP.URB.TOTL.IN.ZS,66.444,66.517,66.591,66.664,66.737,66.682,66.615,66.547,66.479,66.412,66.344,66.276,66.208,66.14,66.089,66.056,66.04,66.041,66.06,66.095,66.149,66.219,66.307
Suriname,SUR,Trade (% of GDP),NE.TRD.GNFS.ZS,..,..,..,..,..,..,98.1681931723564,101.377000372162,109.166838523407,87.9206617785298,90.9613941465855,..,..,..,..,..,..,..,..,..,..,..,..
Suriname,SUR,Renewable energy consumption (% of total final energy consumption),EG.FEC.RNEW.ZS,23.6,24.1,27.8,24.6,22.6,18.9,22.1,24.6,26.2,26.5,22.1,21.2,15.8,17.6,12.8,11.6,11.1,15.5,18.3,14.9,14.6,14.5,..
Suriname,SUR,"Industry (including construction), value added (% of GDP)",NV.IND.TOTL.ZS,24.8905012043069,24.7682310008803,28.6630219074672,26.7990256381011,31.0288898927889,33.8436415595019,36.9830696641688,37.0673613695571,40.0701175500103,34.2921601804851,35.1705161344117,35.1093274287296,35.2622611658756,32.2536953065191,30.2474846767665,27.2599156580204,26.7553600175618,38.273693894809,36.7622415479102,33.8807670142731,36.5606718418582,37.7088537439931,42.2305173267347
Suriname,SUR,Fossil fuel energy consumption (% of total),EG.USE.COMM.FO.ZS,78.1398308668064,78.6977634013494,69.3423464176931,73.5664277863874,76.5176758644287,81.2614202666852,76.0584974555581,71.7835379896127,69.8863314285702,70.3389670945322,76.6536686507668,59.3893978082743,78.830898072353,54.5495023952967,51.2105693326818,-38.6756331267893,0,0,0,0,0,0,0
Suriname,SUR,Population density (people per sq. km of land area),EN.POP.DNST,2.96959751627976,3.03138274876811,3.09362901858672,3.15507781842867,3.20186064698116,3.23544160927946,3.27085426043039,3.30835404003586,3.34716216882178,3.3865559396218,3.42614907791599,3.46568614410245,3.50533535450438,3.54512786029273,3.58470853811854,3.62367242275927,3.66186375836012,3.69897103321145,3.73510639152873,3.77407650640365,3.81487831013121,3.84963678669192,3.88245766041872
Sweden,SWE,Carbon dioxide (CO2) emissions excluding LULUCF per capita (t CO2e/capita),EN.GHG.CO2.PC.CE.AR5,6.53533449600315,6.52615344493455,6.65395848361415,6.65932965098347,6.4561961258598,6.03917882265073,6.06751496750456,5.7761662213279,5.60866984242438,5.04581645563835,5.63879180126179,5.1284800120391,4.80354065298832,4.57963169995685,4.41171768884635,4.37774117156262,4.29603293733753,4.16393492825098,3.87493570159802,3.80778580404668,3.65038023103814,3.82887131880561,3.45273230773397
Sweden,SWE,GDP per capita (constant 2015 US$),NY.GDP.PCAP.KD,41561.0967199358,42013.7004290176,42831.0188566865,43474.5792121957,45113.8308507663,46188.8411096468,48077.440868765,49261.2399479074,48427.7563790621,45973.5537677715,48204.6580769325,49355.6899477279,48788.8671210682,48927.5973079916,49556.7004954366,51197.9529341175,51746.6969646457,51985.9324672002,52363.3829129568,53156.8613139843,51715.7810359674,54458.3535629927,54878.2919499171
Sweden,SWE,Energy use (kg of oil equivalent per capita),EG.USE.PCAP.KG.OE,5375.75151158851,5701.68206771918,5826.34189342548,5676.54834518443,5872.97554411383,5711.64214196537,5532.76265714386,5464.45613719356,5383.76479707233,4891.39219246248,5443.32366800687,5281.40096330574,5295.92806615816,5178.9349383913,4997.87990362276,4573.58907986933,4858.89940544006,4926.81117539334,4966.26111814633,4781.87568337501,4284.99805555044,4558.74420693219,4323.66572139304
Sweden,SWE,Urban population (% of total population),SP.URB.TOTL.IN.ZS,84.026,84.071,84.133,84.196,84.258,84.319,84.43,84.588,84.746,84.902,85.056,85.297,85.62,85.936,86.247,86.553,86.852,87.146,87.431,87.708,87.977,88.238,88.492
Sweden,SWE,Trade (% of GDP),NE.TRD.GNFS.ZS,81.4716102275416,80.5687003228602,77.0849041710567,75.3278179685299,78.7355197224061,84.1675204576753,88.3298358884675,89.5464307031896,92.8079014378124,81.9578893979245,85.0910494657093,86.3903250752058,85.2976712116916,81.6398133610723,83.822646765647,84.1571739317941,83.2638007491712,85.9212504203118,90.1296957156635,92.5210834810288,84.3307817719974,90.2779861793753,105.855015275665
Sweden,SWE,Renewable energy consumption (% of total final energy consumption),EG.FEC.RNEW.ZS,39.8,37.4,35.9,34.6,35.5,39.3,40.1,41.8,43.2,45.7,44.7,45.4,48.3,47.3,48.6,51.9,50.9,51.8,51.6,52.9,57.8,57.9,..
Sweden,SWE,"Industry (including construction), value added (% of GDP)",NV.IND.TOTL.ZS,25.9991946163842,25.6801843181828,25.4558102142511,24.8948054414285,24.746611729162,24.5821093005086,24.8427753652429,25.0247346814804,24.1456604269774,22.3349962140709,23.859118785673,23.7338774871216,23.1052014331005,21.9848966910329,21.6085141016575,22.2836678486062,21.9558674023311,22.1637052639296,22.1851163555491,22.2925738902775,21.8123640454111,23.055527700903,24.0248816282995
Sweden,SWE,Fossil fuel energy consumption (% of total),EG.USE.COMM.FO.ZS,34.7280706383957,33.8603126919706,37.2905104617541,36.3538217470206,34.6799932864759,33.8084613343195,33.3903321065287,32.4980777330026,33.0892332801611,31.930431160513,34.3258714447529,34.1704113041566,30.8443799229645,29.8282242213684,29.5874205091071,28.0233212225209,0,0,0,0,0,0,0
Sweden,SWE,Population density (people per sq. km of land area),EN.POP.DNST,21.7806145583158,21.8391676529442,21.9103563929565,21.9920351490414,22.0786999155742,22.1671788927031,22.2922170365422,22.4581399750626,22.6337796193202,22.8274214371936,23.0228627359425,23.1973780115221,23.3696200002111,23.5684835040631,23.8034986523533,24.0582617728817,24.362449750883,24.6929419766692,24.9814588688378,25.2378879395011,25.4209438224317,25.5740792575133,25.7487256923983
Switzerland,CHE,Carbon dioxide (CO2) emissions excluding LULUCF per capita (t CO2e/capita),EN.GHG.CO2.PC.CE.AR5,6.23584925357553,6.39342094598314,6.12208814766952,6.25258124368698,6.28305225231321,6.32796454001316,6.23051993777604,5.91271463546387,6.01724053388775,5.76638358972452,5.92147461395398,5.34586354225356,5.45326472474637,5.51550150036851,4.9959034756527,4.85765230254627,4.87137865448642,4.70985016280479,4.52194177603426,4.47556231400024,4.1544461921146,4.31719241876601,3.92081063787899
Switzerland,CHE,GDP per capita (constant 2015 US$),NY.GDP.PCAP.KD,73749.9389517966,74439.4637644735,73824.3849167809,73254.9529864219,74718.6836260364,76282.9840696619,78893.8078199046,81254.1701015272,82481.0680560935,79585.5216989959,81315.4228307049,81874.3362425008,81964.8864937809,82479.9215677304,83394.3712888211,83806.4476003837,84611.0998672721,84967.5886498224,86756.6022327472,87123.6604234257,84637.0132935333,88661.2029776281,90605.019427268
Switzerland,CHE,Energy use (kg of oil equivalent per capita),EG.USE.PCAP.KG.OE,3466.50613217002,3658.06649907658,3537.53750331779,3524.60535957512,3513.04226751483,3469.41664326823,3600.20599088199,3391.3409304186,3480.20255913467,3460.61144395548,3323.41218501892,3181.06687778874,3175.97090168674,3274.49948136129,3031.17447656808,2927.96015319396,2819.83095943189,2809.47945669194,2806.4991558403,2857.15819180217,2690.39023280182,2619.80556120156,2591.92141040481
Switzerland,CHE,Urban population (% of total population),SP.URB.TOTL.IN.ZS,73.383,73.375,73.401,73.427,73.452,73.478,73.504,73.53,73.556,73.581,73.607,73.631,73.653,73.674,73.696,73.718,73.739,73.761,73.797,73.849,73.915,73.996,74.092
Switzerland,CHE,Trade (% of GDP),NE.TRD.GNFS.ZS,97.9368562124093,96.0398378851633,91.7818508640225,90.3354963143961,95.5170944588529,102.261172141836,106.245154784945,113.331857768509,116.778000147488,109.775984764795,120.065123781818,125.556273159907,126.453860464505,133.693708414477,120.213423194635,117.138482368571,123.565924513577,123.621807421715,124.428504325808,124.127612180467,121.785978141921,130.016261288489,138.500698753519
Switzerland,CHE,Renewable energy consumption (% of total final energy consumption),EG.FEC.RNEW.ZS,18.2,18.7,18.2,18,18.1,18.7,18.1,19.3,19.6,20,20.6,20.6,21.9,21.8,22.2,23.9,24.1,25,24.2,24.8,26.4,27.7,..
Switzerland,CHE,"Industry (including construction), value added (% of GDP)",NV.IND.TOTL.ZS,25.4681959795745,26.2442578876909,26.4339765068788,26.006421378464,25.5515101091518,25.8270742413749,26.0027931872877,25.9309450770322,25.9463011401392,24.7427872310642,24.6945259125378,25.031526472453,24.603891133013,24.7022127251447,24.3239150361497,24.2011258209806,24.0899792080479,24.2176942875828,24.4239571771375,24.7211591296094,24.8279156756116,25.6355937154031,24.5433816560689
Switzerland,CHE,Fossil fuel energy consumption (% of total),EG.USE.COMM.FO.ZS,54.5800488351764,56.252231704468,54.7012551136197,54.0425080041321,54.2349451682581,55.7613392850291,54.1213672329676,51.786682130215,52.8067559228087,53.5648555913341,51.9290419741467,50.7730847270662,51.3472982253331,52.5768232691288,49.2043626679746,50.718459770259,0,0,0,0,0,0,0
Switzerland,CHE,Population density (people per sq. km of land area),EN.POP.DNST,181.771231711013,182.930725796739,184.325482117304,185.703856614881,186.990617655533,188.198156410317,189.388794405946,191.094854564163,193.541360670795,195.977767173332,198.032658685794,200.249864435738,202.390548012367,204.734336607627,207.250751433234,209.626620751132,211.931572125581,213.918480127503,215.500094533915,217.042781721823,218.63446962171,220.31454103721,222.150599739861
Syrian Arab Republic,SYR,Carbon dioxide (CO2) emissions excluding LULUCF per capita (t CO2e/capita),EN.GHG.CO2.PC.CE.AR5,2.75879366419584,2.69844513081613,2.62341018020496,2.57026883562103,2.61931763182113,3.12574229602695,3.13525645589234,3.1134366414681,3.08173238597404,2.8396773003593,2.78840076876062,2.56415546432225,2.02669069972302,1.43963721280697,1.3310522782296,1.31841460151237,1.28454273388006,1.39461446096234,1.46327136617947,1.32999998919107,1.21457451411152,1.17284612456545,1.126021957003
Syrian Arab Republic,SYR,GDP per capita (constant 2015 US$),NY.GDP.PCAP.KD,1248.38488334216,1230.87200021533,1249.00621359351,1307.4814585452,1363.61946683869,1411.63184941498,1420.72293121298,1411.6899137524,1423.59559425951,1484.40523742854,1526.36894402751,1542.71957174916,1142.29080150598,884.329813332104,847.659877206276,847.731631942565,802.969498335502,795.883216970859,792.413811698757,771.518695271305,740.811397013438,734.334236323426,712.272278200037
Syrian Arab Republic,SYR,Energy use (kg of oil equivalent per capita),EG.USE.PCAP.KG.OE,928.43318140297,929.373810570742,942.482652914674,924.928080979621,943.040677936742,1105.30501136572,1101.63821463784,1084.27313710466,1066.1371934826,977.72847382215,963.588419410325,904.135064400008,703.569051687656,559.338291333188,618.190560387965,560.58265085038,530.409473294403,596.403223195594,556.886951170305,553.834989219194,509.57367220202,492.146135843866,454.532086054546
Syrian Arab Republic,SYR,Urban population (% of total population),SP.URB.TOTL.IN.ZS,51.947,52.314,52.682,53.049,53.417,53.782,54.146,54.511,54.875,55.237,55.6,54.58,53.555,52.529,51.5,52.168,52.835,53.5,54.162,54.821,55.475,56.124,56.769
Syrian Arab Republic,SYR,Trade (% of GDP),NE.TRD.GNFS.ZS,65.2849861212903,67.3681324999384,71.6443076814108,61.5469905405418,78.1149285929097,80.1330024866606,74.2052265865927,76.3793535157197,74.2279600990172,59.9438252393676,64.0101646947258,50.6960943456553,35.3686903315942,44.7052547833532,54.2644225210945,51.0862078228369,67.1119365330928,61.0508521719631,50.6590991144828,41.9994711236162,44.818335302748,61.2204850955149,35.6094680799956
Syrian Arab Republic,SYR,Renewable energy consumption (% of total final energy consumption),EG.FEC.RNEW.ZS,2,2.1,1.6,1.9,2.6,2.1,1.8,1.5,1.2,0.9,1.4,1.6,2,3.1,2.7,0.6,1.3,1.1,0.9,1,1.1,1.1,..
Syrian Arab Republic,SYR,"Industry (including construction), value added (% of GDP)",NV.IND.TOTL.ZS,33.3190732492983,30.1239825545581,29.1438723722823,28.2611670668232,30.0234984698763,31.1872111563835,34.9830051366887,34.0578017634269,34.2242837185363,27.2972838947834,30.4265241661983,33.7332140485501,25.0488124668991,23.1936090167555,19.4952280332547,15.4913360290372,16.2367796314778,17.2068649072566,18.4959516128679,15.9160468546957,21.0904043401274,18.6689356493411,12.0009587036365
Syrian Arab Republic,SYR,Fossil fuel energy consumption (% of total),EG.USE.COMM.FO.ZS,98.1270722179768,98.0766600348144,98.6648613493709,98.640638370807,98.1443195965726,98.4428359994378,98.7000405089381,98.4843036633623,99.0623813077749,99.2711841829875,99.0635137368509,..,93.7158696434388,94.2177617779899,84.2885978217394,40.4483606786496,0,0,0,0,0,0,0
Syrian Arab Republic,SYR,Population density (people per sq. km of land area),EN.POP.DNST,90.5315485907063,92.7812493198389,95.0502339754054,97.4415599978212,99.8903687966443,102.490009260772,106.937983989544,113.723181224134,117.820540187323,119.674194075365,122.433267984534,124.58801938681,123.943598540543,117.99225072156,110.404939280074,105.781288460491,104.524500353973,104.692414093558,106.615721831945,110.839917224854,114.629575777378,117.784888090181,122.323002777324
Tajikistan,TJK,Carbon dioxide (CO2) emissions excluding LULUCF per capita (t CO2e/capita),EN.GHG.CO2.PC.CE.AR5,0.443057662733592,0.427897406380177,0.421837052673673,0.422943347488014,0.493612664782381,0.460798414953962,0.4944339167356,0.562959614715566,0.516542904498431,0.407183758042143,0.401312521554425,0.393902196673774,0.436980695485598,0.437376258469921,0.565909509549048,0.589043758329631,0.644658005730218,0.763123619708944,0.881455514700076,0.948586805031623,0.962765570076241,0.940953804329286,0.901944585376355
Tajikistan,TJK,GDP per capita (constant 2015 US$),NY.GDP.PCAP.KD,429.537300984643,461.681195760256,501.80856647117,546.391479808684,590.957111385699,618.333702588577,649.163328755334,686.48090192413,726.185491338269,739.212878526331,770.604105393791,809.368229154093,849.519080831738,889.882383099979,925.970961482804,956.916310930656,997.352614556708,1042.26391757642,1094.8002018221,1148.34676712493,1171.90127480359,1254.06999592306,1325.75545290849
Tajikistan,TJK,Energy use (kg of oil equivalent per capita),EG.USE.PCAP.KG.OE,341.873767516371,330.976128229369,325.679885054417,325.581474313824,345.261040280781,337.915937288384,341.863711848015,358.427683199043,334.362637299147,284.651561490729,284.331249350809,278.854522985683,294.855655829726,288.394960596269,301.614964923042,318.698277378179,326.569218788739,328.781768931872,347.711461590981,370.778875737531,375.367379182413,367.769041949913,375.197095148471
Tajikistan,TJK,Urban population (% of total population),SP.URB.TOTL.IN.ZS,26.501,26.503,26.505,26.507,26.508,26.51,26.512,26.514,26.516,26.518,26.52,26.521,26.545,26.589,26.655,26.742,26.851,26.982,27.134,27.309,27.506,27.726,27.968
Tajikistan,TJK,Trade (% of GDP),NE.TRD.GNFS.ZS,175.351206134214,146.657305562056,138.6839688324,137.669592976856,128.338170674363,126.994699303416,141.153912074728,145.528099715723,114.480149093579,85.9781370434108,73.493044509473,79.7842446734572,83.1759445401528,71.7437428882341,54.6071596053705,49.9378160689555,55.7246446907573,53.7861046057767,55.8461114113303,56.0450159145896,55.7491040194954,71.825937435383,65.4355115893577
Tajikistan,TJK,Renewable energy consumption (% of total final energy consumption),EG.FEC.RNEW.ZS,62.4,64.1,64.2,64.6,61.4,63.7,61.6,53.8,54.6,60.6,61.8,60,55.8,55.1,45.9,48.1,43.7,44.2,41.6,40.1,38.8,34.9,..
Tajikistan,TJK,"Industry (including construction), value added (% of GDP)",NV.IND.TOTL.ZS,35.2773269155426,36.1845697792339,35.140580096584,33.1163103288949,30.916284273507,27.3665806344184,27.3641700231382,26.4284152322639,24.5575196250071,24.5088106260756,24.9766261519968,22.4687490647166,22.0426346192666,23.1151646451446,22.6047415105536,30.220213504702,32.2133662345342,31.8468579622965,34.3983608033865,33.0621490637064,33.7965394725715,35.177682602153,34.702580856427
Tajikistan,TJK,Fossil fuel energy consumption (% of total),EG.USE.COMM.FO.ZS,38.5311077870532,36.9253606820659,35.5237966742637,35.169747332701,38.7653491687035,36.7284113299983,38.305100178189,42.5889835187323,41.5575285512642,35.6457005074658,34.6093755329653,36.2580867210327,42.0398156346648,37.2564136433727,50.7516200642862,48.5634604853594,0,0,0,0,0,0,0
Tajikistan,TJK,Population density (people per sq. km of land area),EN.POP.DNST,44.903793941126,45.780058588168,46.6681123178051,47.5748428122321,48.517769362675,49.4764218348099,50.425593026579,51.4038082309231,52.4321448985424,53.5169334095456,54.6737710774507,55.9072949414118,57.2598170905973,58.7076593312375,60.7089475883735,62.2799913538439,63.8780243533396,65.4654225808776,67.060544707832,68.6646444268319,70.2450464730888,71.8128683622739,73.3642337344189
Tanzania,TZA,Carbon dioxide (CO2) emissions excluding LULUCF per capita (t CO2e/capita),EN.GHG.CO2.PC.CE.AR5,0.090834424226942,0.093385194551589,0.103523394393514,0.106641883408954,0.142837770195217,0.157543974954262,0.163876810024256,0.150653381572792,0.147505111963319,0.139276768276615,0.163841548892358,0.193059357083924,0.223794524706032,0.23745636583617,0.223568261465515,0.253809224058563,0.262646711236488,0.255109842453824,0.260129572944477,0.287343157083297,0.275490063618206,0.307110830341205,0.293323533578201
Tanzania,TZA,GDP per capita (constant 2015 US$),NY.GDP.PCAP.KD,555.348083496094,573.400146484375,598.421569824219,621.720703125,650.516540527344,680.051208496094,704.502746582031,731.52001953125,752.540466308594,772.929565429688,801.29931640625,838.999267578125,851.910705566406,882.8115234375,913.811218261719,939.127319335938,970.156127929688,1001.88745117188,1024.01525878906,1051.7666015625,1041.25964355469,1054.31726074219,1070.58532714844
Tanzania,TZA,Energy use (kg of oil equivalent per capita),EG.USE.PCAP.KG.OE,393.715575942908,397.137814048139,405.812432807315,410.864949106248,414.656007754261,426.1625033481,429.313725233187,419.165766354696,414.898580843046,414.932104149828,420.666337595531,432.748223094232,424.81151927742,432.006442053335,414.591294842767,419.719594250318,416.315699078634,406.2529829944,402.924862138835,414.545616952925,405.685641474926,404.468789265296,405.146314827946
Tanzania,TZA,Urban population (% of total population),SP.URB.TOTL.IN.ZS,22.309,22.674,23.044,23.611,24.223,24.845,25.478,26.121,26.776,27.439,28.114,28.798,29.493,30.196,30.904,31.617,32.333,33.053,33.776,34.5,35.227,35.954,36.682
Tanzania,TZA,Trade (% of GDP),NE.TRD.GNFS.ZS,23.9891151549808,28.0301432282533,27.4992172734904,30.4488358249326,33.609786736665,36.9592732894013,42.7681664691467,48.0583947796554,49.0265445510865,43.5326006456317,47.6404394295683,56.1661241821809,54.3689490815138,48.6316275295495,45.3560223433065,40.7576808778314,35.4204704002636,33.1125919853124,32.6426099043737,33.0185892502311,27.9630151969884,29.9151840074048,35.0034517101994
Tanzania,TZA,Renewable energy consumption (% of total final energy consumption),EG.FEC.RNEW.ZS,93.6,93.1,92.4,92.4,91.3,90.3,89.9,90.6,90.3,91,89.4,87.6,85.2,84.5,84.7,82.8,81.7,82,81.3,80.4,80.8,78.3,..
Tanzania,TZA,"Industry (including construction), value added (% of GDP)",NV.IND.TOTL.ZS,19.21152665607,19.3805148755861,21.4945294072568,23.2451517323038,23.1054997824457,22.9395155844488,22.84522243779,23.1971900747875,23.7375391938967,21.6769086388074,23.5561736572068,26.3820840879185,25.3994987211663,25.4467450324696,25.1415034758525,24.4873501095853,24.8583993681558,25.0421511861537,27.0077655110967,28.6718333565052,27.0844502877132,27.2961418878518,27.6848111756783
Tanzania,TZA,Fossil fuel energy consumption (% of total),EG.USE.COMM.FO.ZS,6.04522271034629,6.4332091529332,7.05447908284045,7.12241208868705,9.55890075769127,10.3957726151428,10.7801338011074,10.496248607631,10.6079565530529,10.0838380905139,11.6438638165078,13.7975425852602,17.1704966158276,16.9463197009602,17.1076020311048,18.2186976913103,0,0,0,0,0,0,0
Tanzania,TZA,Population density (people per sq. km of land area),EN.POP.DNST,38.6770591555656,39.7361695642357,40.7781711447279,41.8712519756153,43.022881011515,44.2335470760894,45.489841950779,46.7775028223075,48.0590742831339,49.2594061864981,50.5288868819147,51.9636114247008,53.4818920749605,55.1186814179273,56.8429803567397,58.7276608715286,60.7631666290359,62.8278279521337,64.842114472793,66.8038959132987,68.8335944908557,70.9306976744186,73.0546635809438
Thailand,THA,Carbon dioxide (CO2) emissions excluding LULUCF per capita (t CO2e/capita),EN.GHG.CO2.PC.CE.AR5,2.77458280373633,2.8827731462033,3.0346555543448,3.12748475114897,3.37760100917852,3.47145647315512,3.49724934862165,3.54368131783793,3.53294884059898,3.40486234217073,3.59121735116937,3.57426864741434,3.81252846322096,3.95086476628845,3.87839205637056,3.96561450717985,3.89512446125867,3.8917772939523,3.84702835805817,3.97693747727893,3.8307274595261,3.72927854057084,3.84564905250522
Thailand,THA,GDP per capita (constant 2015 US$),NY.GDP.PCAP.KD,3514.71662970608,3599.02524877358,3783.75422073266,4018.15538187068,4232.77157261934,4372.25730206261,4551.5250018314,4760.66708464831,4805.76393990836,4737.45679763314,5059.35747831657,5070.23740191942,5403.87846036273,5516.61164164135,5541.46599361845,5688.85335397884,5857.78052935926,6076.74307700082,6314.19948412043,6434.53770518034,6035.18627737077,6121.52696529713,6278.7855138276
Thailand,THA,Energy use (kg of oil equivalent per capita),EG.USE.PCAP.KG.OE,1153.04552225626,1174.20279195013,1286.14403684353,1379.29175743715,1477.38480877104,1508.58026062719,1525.12655757667,1569.87237319879,1596.82835450256,1578.76107269732,1718.62118368043,1704.82334080525,1818.19204308684,1943.92303978228,1926.22582617648,1932.67390968815,1985.00530928348,1988.13781529099,1951.8556356188,1989.81234226863,1884.35073727402,1848.06336093307,1867.46968312053
Thailand,THA,Urban population (% of total population),SP.URB.TOTL.IN.ZS,31.386,32.548,33.734,34.941,36.169,37.411,38.673,39.95,41.242,42.543,43.856,44.698,45.445,46.193,46.943,47.694,48.448,49.2,49.949,50.692,51.43,52.163,52.889
Thailand,THA,Trade (% of GDP),NE.TRD.GNFS.ZS,121.297955351472,120.267966273533,114.969743021067,116.692819704865,127.411873720393,137.853866832247,134.086946191268,129.873226989717,140.437011540931,119.269418854589,127.250522638251,139.675407224576,137.67493851024,132.462274174269,130.905495444398,124.839662152526,120.57522728913,120.891427433638,120.841864730984,109.689514715166,97.8007432465178,117.252944620852,132.858712082871
Thailand,THA,Renewable energy consumption (% of total final energy consumption),EG.FEC.RNEW.ZS,21.8,19.9,19.9,20.2,19.9,20.1,20.5,21.6,22.6,22.8,22.8,23,23.6,23.2,24.4,22.6,22.4,22.2,23.7,23.9,20.9,19,..
Thailand,THA,"Industry (including construction), value added (% of GDP)",NV.IND.TOTL.ZS,36.6694083813627,36.3210034946673,36.8944314471526,37.9181748920386,37.9023024950671,38.5052107116361,39.146855883906,39.4313718771557,39.4796129651304,38.6085988884387,39.9217256985357,37.9813982711097,37.343694137461,36.8985884648101,36.7630403655124,36.1791773262667,35.586765405076,35.018759526322,34.7424896675041,33.5939105133265,33.2907229678575,35.0317119667993,35.1217577031461
Thailand,THA,Fossil fuel energy consumption (% of total),EG.USE.COMM.FO.ZS,78.3472723528933,80.8128837648871,81.5363710367759,81.7005470969567,81.7155499081384,81.3309844053647,81.1051047199059,81.0693752795779,80.6634855256321,80.2485831851192,79.9781284182656,80.2318480725752,80.1292852819204,80.6329097922326,79.5458802851248,28.5477759603551,0,0,0,0,0,0,0
Thailand,THA,Population density (people per sq. km of land area),EN.POP.DNST,123.329513202451,124.58873925894,125.793100275989,126.970905674411,128.1137759596,129.220419268336,130.297494568302,131.344113214195,132.356926148486,133.338057116013,134.235250249564,135.072536162383,135.912031944254,136.712626984282,137.439305917125,138.07433106931,138.698821664155,139.286709467791,139.709289670966,139.995441288731,140.228785061364,140.396821233534,140.412474309538
Timor-Leste,TLS,Carbon dioxide (CO2) emissions excluding LULUCF per capita (t CO2e/capita),EN.GHG.CO2.PC.CE.AR5,0.306406760006872,0.153155005423214,0.120456026725541,0.287824552448635,0.555176444502806,0.368655430549683,0.349069268080897,0.311775728463542,0.301037650046638,0.31847915812698,0.308293974530714,0.333991769102519,0.554064949312045,0.654615753067028,0.629493283289746,0.57686674726648,0.537974065221214,0.549890828734932,0.533167601780308,0.503172693695736,0.490101074391446,0.49313441060513,0.520048638167816
Timor-Leste,TLS,GDP per capita (constant 2015 US$),NY.GDP.PCAP.KD,1117.56429796112,1192.78575791112,1028.1319342253,964.322564618129,955.470548287377,964.026614173558,897.573763670928,961.848462090268,1042.86835443002,1120.09698448398,1195.38086241831,1237.48383284275,1269.41629276068,1281.92864092574,1312.96494079465,1319.59297370991,1333.6585468432,1267.08660142883,1243.00069226339,1504.54988585305,1947.8399413707,2014.78226729247,1578.51778365868
Timor-Leste,TLS,Energy use (kg of oil equivalent per capita),EG.USE.PCAP.KG.OE,..,..,..,..,62.4277506420371,61.1613700568695,60.4138656989526,60.7032219478967,..,..,..,..,..,..,..,..,..,..,..,..,..,..,..
Timor-Leste,TLS,Urban population (% of total population),SP.URB.TOTL.IN.ZS,24.263,24.619,24.979,25.343,25.71,26.041,26.374,26.709,27.048,27.389,27.732,28.079,28.428,28.779,29.133,29.49,29.85,30.212,30.578,30.947,31.32,31.695,32.074
Timor-Leste,TLS,Trade (% of GDP),NE.TRD.GNFS.ZS,175.648464819583,166.696373497597,180.403744337855,122.311964931018,107.330819562041,74.6712513087646,98.8757193818142,128.760892225689,135.250760342415,157.686448551719,134.4005216863,140.766349625231,128.500493298465,79.6341248298199,82.7357773406823,60.0769209292639,60.310621759226,58.6347507796182,64.8191825211793,70.6142444229583,84.7503095026238,99.867422914735,97.6219215507319
Timor-Leste,TLS,Renewable energy consumption (% of total final energy consumption),EG.FEC.RNEW.ZS,..,..,48.2,47.9,44,43.6,41.9,41.9,39.7,36.9,34.8,32.8,25.6,22.6,18.1,18,12.7,13.2,12.7,11.7,11.4,12.1,11.4
Timor-Leste,TLS,"Industry (including construction), value added (% of GDP)",NV.IND.TOTL.ZS,16.0859610551822,13.1790882062485,11.9202352512645,10.1751471283591,5.49681014220504,5.29247103411874,5.03930872354848,5.31518874330917,7.70251074903057,10.0345861777995,9.13731151264648,12.9857464682707,12.7911387224216,20.1062112845245,16.9792969455941,18.3707623249808,19.2291135084536,15.7805292822465,16.4990217549287,30.4131451411877,36.7520081658261,62.1886430570775,54.5123443416769
Timor-Leste,TLS,Fossil fuel energy consumption (% of total),EG.USE.COMM.FO.ZS,..,..,..,..,0,0,0,0,..,..,..,..,..,..,..,..,..,..,..,..,..,..,..
Timor-Leste,TLS,Population density (people per sq. km of land area),EN.POP.DNST,50.1067921990585,54.6233355749832,59.122999327505,61.6595830531271,62.4797579018157,63.7734364492266,65.6756556825824,67.5782784129119,69.4303295225286,71.2025554808339,72.9441156691325,74.660860793544,76.3204438466712,77.9216543375925,79.4823806321453,81.0444519166106,82.6033624747814,84.1763954270343,85.8075991930061,87.4878950907868,89.1763954270343,90.7961667787492,92.0843981170141
Togo,TGO,Carbon dioxide (CO2) emissions excluding LULUCF per capita (t CO2e/capita),EN.GHG.CO2.PC.CE.AR5,0.243344551799919,0.213363368427755,0.221418683037289,0.258817863367582,0.241797255441404,0.224308429394431,0.20320536752321,0.19675699993407,0.249465677429323,0.413714263038082,0.375011696835839,0.334982825063754,0.311559252449324,0.260972498305525,0.231998875870698,0.201586935997322,0.266521121837082,0.225936250332004,0.241391644139121,0.233697755943826,0.255533050663689,0.277077606171127,0.278346856642073
Togo,TGO,GDP per capita (constant 2015 US$),NY.GDP.PCAP.KD,679.533367700848,667.298281784325,675.440744386282,702.799200216835,678.287546160331,630.248628319525,629.079855938738,603.837896358253,610.405655722251,625.711836727455,644.563730311597,663.963778088896,687.495795744285,709.092304171157,730.291525419946,751.052405084336,763.276549113054,774.276909071917,791.59353236921,810.514132815471,806.956490395231,835.199051274184,862.763712696128
Togo,TGO,Energy use (kg of oil equivalent per capita),EG.USE.PCAP.KG.OE,410.709755967091,399.0750456746,403.003921585395,414.930640834631,408.681044425446,405.977841108573,394.055905016925,397.655539665075,402.378522599678,475.809640060012,462.98057269746,453.365161767995,440.167543009316,416.704251255243,423.574336787573,400.729144636073,422.806732967677,403.914387052726,411.046357385599,414.030094273623,424.622212633086,422.533121281505,425.402321106605
Togo,TGO,Urban population (% of total population),SP.URB.TOTL.IN.ZS,32.907,33.356,33.809,34.265,34.724,35.185,35.649,36.116,36.587,37.058,37.533,38.032,38.546,39.061,39.579,40.1,40.628,41.162,41.702,42.248,42.8,43.358,43.921
Togo,TGO,Trade (% of GDP),NE.TRD.GNFS.ZS,48.8080041114183,51.3941520650307,51.609565282441,55.389978417259,57.8710938708872,61.4542800128481,61.6128604620733,60.9274783294209,61.4424800630784,61.333407315669,65.8567920612471,76.6552742619342,74.611097701708,80.9905886455063,69.9237466833915,68.2000884209784,65.5287522131519,57.6019844158645,57.3558037086364,56.1423934002099,55.5485385608639,57.5850134996963,65.4877850146886
Togo,TGO,Renewable energy consumption (% of total final energy consumption),EG.FEC.RNEW.ZS,77.1,82,78.7,74.8,76.1,77.2,79.7,79.9,76.5,63.4,65.8,69.1,72.7,76.2,81.4,81,80.7,78.4,76.7,78.6,76.2,75.1,..
Togo,TGO,"Industry (including construction), value added (% of GDP)",NV.IND.TOTL.ZS,30.3028277716404,29.378615828701,30.2198722396307,31.0741865107219,28.0385993487176,24.4297143100711,25.0511547993418,26.2051746618601,23.786808803601,20.5974589966361,20.2723816734643,21.6952411469536,19.9520922203935,22.1282421163087,23.7721853752469,22.7940426659195,20.8835374853036,20.4017363638815,21.0296076221699,19.3444143418516,20.1584693039089,20.1693460699563,20.1411361143218
Togo,TGO,Fossil fuel energy consumption (% of total),EG.USE.COMM.FO.ZS,14.8563045821734,12.6019465484194,13.4117132496877,15.8311774358759,14.7317835581863,13.7918613464323,12.0104829921543,12.7694758613994,14.2882051932072,24.0875485324197,22.0228471093058,19.8932077937309,17.2042448956508,18.3650533570403,18.5661727916205,20.1168362601205,0,0,0,0,0,0,0
Togo,TGO,Population density (people per sq. km of land area),EN.POP.DNST,94.5033462033462,97.0285346571061,99.5270086412944,102.08065820923,104.734473248759,107.457823129252,110.510535024821,113.777238462953,117.095274866703,120.46083838941,123.783599926457,127.164441993013,130.55223386652,133.948189005332,137.386468100754,140.893454679169,144.480400808972,148.136422136422,151.843684500827,155.599705828277,159.399154256297,163.235502849789,167.121492921493
Tonga,TON,Carbon dioxide (CO2) emissions excluding LULUCF per capita (t CO2e/capita),EN.GHG.CO2.PC.CE.AR5,0.984641156247261,0.929440012392533,1.01950439956101,1.20137080716802,1.06404240941839,1.1469561185188,1.25267051283258,1.07002979592602,1.15585871799664,1.22011510871897,1.17504655493482,1.11555266338198,1.09901358645077,1.11507499206186,1.23629337110375,1.26961685282059,1.35703726166559,1.67811989824974,1.4900489736376,1.78860403713483,1.8182850223265,1.91013366195848,2.02490432398469
Tonga,TON,GDP per capita (constant 2015 US$),NY.GDP.PCAP.KD,3866.68591314331,3901.1807203994,4050.98962313421,4030.19690552619,3928.06030724493,3880.07054158497,3775.24848570829,3665.89549972281,3833.60169058266,3630.76096995072,3653.97817265087,3892.76807750666,3932.59367180675,3962.16980948788,4058.81584447473,4123.90347238813,4419.8147470039,4568.62484962494,4590.84203663344,4576.85098496882,4656.93187493267,4683.29954861518,4594.63439155091
Tonga,TON,Energy use (kg of oil equivalent per capita),EG.USE.PCAP.KG.OE,..,..,..,..,542.490316071989,539.410055739039,536.455441258129,543.447707212863,..,..,..,..,..,..,..,..,..,..,..,..,..,..,..
Tonga,TON,Urban population (% of total population),SP.URB.TOTL.IN.ZS,23.012,23.041,23.069,23.098,23.127,23.155,23.184,23.227,23.281,23.335,23.389,23.443,23.435,23.382,23.328,23.275,23.222,23.169,23.131,23.107,23.099,23.104,23.125
Tonga,TON,Trade (% of GDP),NE.TRD.GNFS.ZS,61.508239295468,62.4065643935194,73.8374093817514,73.2160568173731,73.9737151214869,76.2080494394572,66.3549884749532,68.2299182500325,72.6563791156237,74.3406648891028,70.7976681214649,78.8578648859134,77.9722872799652,82.731581196292,74.7304254735603,81.35416544141,84.8912538209522,88.0434925855836,87.4503119578296,90.3147731027622,83.4579923473471,66.1742932574681,75.3152289886984
Tonga,TON,Renewable energy consumption (% of total final energy consumption),EG.FEC.RNEW.ZS,2.5,2.7,2.5,2,2.1,2.1,1.9,2.2,2,1.8,1,1.1,1.1,1.6,1.7,1.9,2,2,1.8,1.8,1.9,1.8,2.3
Tonga,TON,"Industry (including construction), value added (% of GDP)",NV.IND.TOTL.ZS,18.1054832340091,18.4174602892502,17.687542530742,17.0678003356506,16.5603761993835,16.6647322768346,15.3239515886713,15.7013029178113,15.5113181085154,16.7737154226022,18.0424982701103,19.0875708794809,18.8662320133186,15.8952134096482,16.128189099805,15.5472133546312,15.9723676283725,16.4212274439525,15.3387527215853,15.6687481129378,15.0977978867777,17.8980082159841,15.5452200860364
Tonga,TON,Fossil fuel energy consumption (% of total),EG.USE.COMM.FO.ZS,..,..,..,..,0,0,0,0,..,..,..,..,..,..,..,..,..,..,..,..,..,..,..
Tonga,TON,Population density (people per sq. km of land area),EN.POP.DNST,142.606944444444,143.455555555556,144.269444444444,145.088888888889,145.931944444444,146.765277777778,147.573611111111,148.230555555556,148.638888888889,148.893055555556,149.166666666667,149.402777777778,149.25,148.719444444444,148.068055555556,147.354166666667,146.561111111111,146.327777777778,146.620833333333,146.7625,146.811111111111,146.513888888889,145.891666666667
Trinidad and Tobago,TTO,Carbon dioxide (CO2) emissions excluding LULUCF per capita (t CO2e/capita),EN.GHG.CO2.PC.CE.AR5,14.4974063741216,16.3934376761039,17.6397191915082,20.2750560427994,21.4153622025004,27.0528098237613,29.7039779836418,30.251276101376,29.4432850089448,28.5735658030724,31.1315657267055,31.0658205944343,28.5018506673937,27.8202269653584,27.6060454471462,27.1947821203304,24.8753411453621,23.9644030478398,23.9760652092823,24.3301795840863,21.7835336296621,20.9561130131227,20.4446461976636
Trinidad and Tobago,TTO,GDP per capita (constant 2015 US$),NY.GDP.PCAP.KD,10038.9826987815,10411.7588519995,11183.7422209688,12734.7487466187,13679.0031818903,15099.4261327974,17048.3310982428,17786.9809095843,18314.3935199626,17489.7729189579,17966.6620269257,17774.7712262777,18865.5467694986,19418.5277404391,20064.4798884344,19887.2337359338,18357.384885541,17437.5537752202,17233.1828669419,17253.6614512687,15686.0929022811,15533.5693580653,15721.830095148
Trinidad and Tobago,TTO,Energy use (kg of oil equivalent per capita),EG.USE.PCAP.KG.OE,7575.58896313876,8336.82302254039,8990.73441697741,10077.8124597532,10262.1290415816,12423.5683148853,13820.6467519783,14651.4392568831,14167.2834575522,14193.29907855,15018.9097839263,14838.9882923701,14480.1691062996,14331.4985446827,14611.6182206133,14043.9759832685,12250.992693627,12330.86332127,12397.1007399961,12540.3004394116,10738.1172587056,11220.6527801603,11038.4068472239
Trinidad and Tobago,TTO,Urban population (% of total population),SP.URB.TOTL.IN.ZS,55.905,55.718,55.53,55.343,55.155,54.967,54.779,54.59,54.402,54.213,54.025,53.836,53.671,53.53,53.413,53.319,53.25,53.205,53.184,53.187,53.214,53.265,53.34
Trinidad and Tobago,TTO,Trade (% of GDP),NE.TRD.GNFS.ZS,..,..,..,..,..,..,..,..,..,..,..,..,..,..,..,..,..,..,..,..,..,..,..
Trinidad and Tobago,TTO,Renewable energy consumption (% of total final energy consumption),EG.FEC.RNEW.ZS,0.8,0.7,0.7,0.6,0.6,0.5,0.6,0.4,0.5,0.5,0.4,0.4,0.4,0.4,0.3,0.4,0.4,0.4,0.5,0.4,0.5,0.5,..
Trinidad and Tobago,TTO,"Industry (including construction), value added (% of GDP)",NV.IND.TOTL.ZS,47.5360468126773,45.2069910848034,42.9095754130396,51.4964380558951,54.3682801507327,59.6470153480265,60.8194415532707,59.6521421660795,63.9782596789726,53.1358528774451,53.8139564515672,57.0510122828478,46.824089797969,44.9801410063639,43.6313569639755,35.9770472103528,34.4145692567034,36.1808666213854,37.7897339881442,35.4797303478287,31.352745957736,38.9801352191804,46.0501054590945
Trinidad and Tobago,TTO,Fossil fuel energy consumption (% of total),EG.USE.COMM.FO.ZS,98.1964876007809,99.2499289441591,99.4730258742986,98.8289955067857,..,99.9648951632985,..,..,..,..,..,..,99.4820742486723,..,99.4639829555792,62.4204691153537,0,0,0,0,0,0,0
Trinidad and Tobago,TTO,Population density (people per sq. km of land area),EN.POP.DNST,257.265886939571,258.395126705653,259.65126705653,260.956920077973,262.25730994152,252.338011695906,253.010526315789,254.032748538012,255.085185185185,255.381286549708,256.86432748538,258.873099415205,260.271734892788,261.317153996101,262.250097465887,263.09298245614,263.917153996101,264.450877192982,264.949902534113,265.884015594542,266.418128654971,266.580506822612,266.238791423002
Tunisia,TUN,Carbon dioxide (CO2) emissions excluding LULUCF per capita (t CO2e/capita),EN.GHG.CO2.PC.CE.AR5,2.16380344569626,2.23014390440538,2.18382061301618,2.1410432787854,2.24409150236918,2.28616488836399,2.34251300692704,2.39244521630669,2.411702577202,2.38140640959954,2.57557602744943,2.41241186529347,2.56498687015124,2.53280546245652,2.67880330890962,2.69402637932256,2.58992491244006,2.60017211281441,2.56551477479012,2.54660999786023,2.39808445875947,2.57407859587594,2.5131661525295
Tunisia,TUN,GDP per capita (constant 2015 US$),NY.GDP.PCAP.KD,2864.55075602101,2941.74275551058,2950.20794016332,3058.23292911168,3218.72738670507,3301.94245942789,3444.55582504699,3642.12450341045,3760.12316696001,3835.25509911786,3906.91133143991,3784.74620448381,3900.05126518371,3947.59276091668,4021.60476871861,4014.94773686432,4015.29664102169,4062.22677519573,4128.10393763368,4154.95861594283,3749.26722435797,3902.54258302726,3983.49130488497
Tunisia,TUN,Energy use (kg of oil equivalent per capita),EG.USE.PCAP.KG.OE,748.273831151715,781.40012180483,783.697921952401,797.158334635846,832.55467184916,810.836929733225,845.985604662777,865.764456490386,894.304160812003,859.962925384995,955.707047372167,902.903041115908,930.16863461378,935.797099690451,939.769133002953,952.983955126789,955.176493865808,973.953481456321,973.074341333009,950.614263724593,896.515593998175,964.474882954034,956.041118887201
Tunisia,TUN,Urban population (% of total population),SP.URB.TOTL.IN.ZS,63.432,63.818,64.202,64.585,64.95,65.237,65.524,65.809,66.093,66.376,66.657,66.938,67.218,67.495,67.772,68.056,68.346,68.642,68.945,69.254,69.568,69.888,70.214
Tunisia,TUN,Trade (% of GDP),NE.TRD.GNFS.ZS,82.639110670191,89.5522011944661,85.3421759692656,82.390340709916,86.9253446966283,90.2512478803945,93.9409304094309,104.059400976647,114.343660218696,93.0168787876722,100.151009836799,100.106379304237,101.550723929668,98.9549566862038,96.1071038558701,87.2485306596052,87.0926643641466,95.8088058699264,103.871735753703,102.332045478018,84.3382668589088,93.638963515036,115.827616610395
Tunisia,TUN,Renewable energy consumption (% of total final energy consumption),EG.FEC.RNEW.ZS,14.2,14.2,14.6,14.1,13.9,14.2,14.3,14.3,14.6,16.1,12.6,13.2,13,13.2,12.9,12.5,12.4,11.8,11.9,12.2,12.9,11.6,..
Tunisia,TUN,"Industry (including construction), value added (% of GDP)",NV.IND.TOTL.ZS,26.8066210495559,26.4366983342993,26.5762343014844,25.5614419956351,25.5797726482743,26.4335697738291,27.1847312495356,28.9083416057516,31.44941852471,28.0412153272481,29.5235517709565,30.54812597421,30.1215368230456,29.1379467288349,27.1288836396189,24.8964947406634,24.0072874655383,23.623905147949,23.6863137305229,23.2351489355473,21.5116721798194,23.2780364986476,24.6712973914539
Tunisia,TUN,Fossil fuel energy consumption (% of total),EG.USE.COMM.FO.ZS,87.1063874805083,87.3067474537991,87.0618663443185,86.794034883754,87.0321098897735,86.3123165472736,86.5740263106896,86.5815470177455,86.6868643189893,85.9493505529652,87.623503353179,87.9323940251053,88.2931118422049,88.1163344027036,88.2013971230885,74.587168579937,0,0,0,0,0,0,0
Tunisia,TUN,Population density (people per sq. km of land area),EN.POP.DNST,62.8535980947477,63.5277870751802,64.1832839855819,64.8277033985582,65.4361676107106,66.0110195674562,66.5963568486097,67.209719361483,67.8593910916581,68.554846807415,69.2969876416066,70.069741246138,70.865390061792,71.713188722966,72.5687950566426,73.3925334706488,74.2061920700309,74.9903321318229,75.7306513903193,76.4358972708548,77.0729724510814,77.5529222451081,78.0080715756952
Turkiye,TUR,Carbon dioxide (CO2) emissions excluding LULUCF per capita (t CO2e/capita),EN.GHG.CO2.PC.CE.AR5,3.47027993979332,3.12055250312144,3.24191657732253,3.38605251554103,3.43865725373913,3.54930581771927,3.91145170823547,4.28042732962939,4.21561190996784,4.18330263107009,4.26765961897483,4.48281099270961,4.57761375874189,4.38412234635187,4.60410113855215,4.70226607193423,4.93489476936857,5.39364397893842,5.26873027109493,5.00896106827559,5.0704098162876,5.47439194675224,5.10409677637585
Turkiye,TUR,GDP per capita (constant 2015 US$),NY.GDP.PCAP.KD,6325.0960882995,5887.68576603671,6192.18555011794,6473.46273839035,7028.75556387992,7579.37203227654,8023.15099265417,8414.25350387565,8376.14924620652,7862.87076474477,8396.92342026278,9201.33726059829,9519.81508910914,10195.8475785153,10556.1170411504,11049.9951100942,11264.6145749335,11953.6664174026,12148.2931275476,12073.8690708145,12179.6626536773,13449.9291299333,14055.1031460453
Turkiye,TUR,Energy use (kg of oil equivalent per capita),EG.USE.PCAP.KG.OE,1166.01412005443,1060.57071953568,1107.27991011855,1159.99665803769,1176.75430160118,1211.46561646669,1328.69230138979,1429.92300570179,1385.17801532797,1364.09730379872,1445.41016354332,1515.88033612695,1567.31606123672,1510.79118967025,1543.09095693879,1646.83631130339,1724.54363987712,1828.02986770908,1771.33742856964,1774.19625722275,1762.01062220058,1894.62719281739,1841.55630679263
Turkiye,TUR,Urban population (% of total population),SP.URB.TOTL.IN.ZS,64.741,65.34,65.974,66.602,67.225,67.84,68.45,69.053,69.651,70.241,70.825,71.402,71.974,72.531,73.077,73.611,74.134,74.644,75.143,75.63,76.105,76.569,77.022
Turkiye,TUR,Trade (% of GDP),NE.TRD.GNFS.ZS,42.3544370390114,49.8714751387935,47.9823940487577,46.2250976270923,48.8258381508865,46.1423570520464,48.7628710706907,47.8508167487862,50.5482538951665,46.7870669467638,46.6944652263085,53.3041756356468,52.830802656723,52.5272987998138,53.7663011662543,51.0885436007552,48.3281862338973,55.762168749568,62.6142185426845,63.1932929004145,61.3437557667653,71.0824439613318,81.170129694525
Turkiye,TUR,Renewable energy consumption (% of total final energy consumption),EG.FEC.RNEW.ZS,17.3,18.1,17.5,16.3,16.8,15.3,14.2,12.5,12.5,13.1,14.2,12.7,13,13.8,11.5,13.3,13.2,11.4,11.8,14.1,13.7,12,..
Turkiye,TUR,"Industry (including construction), value added (% of GDP)",NV.IND.TOTL.ZS,26.7974121691922,25.5036230941505,24.5917198534204,24.793687556953,25.106957159901,25.2372832846274,26.0338457437604,26.3739482496167,26.1477819757307,24.0238464008494,24.4901518281965,26.8375169440197,26.6493473600843,27.6799921729987,28.1166611941326,27.8343492943753,28.0829597706854,29.1317212602651,29.4385975286566,27.3317028269222,28.0257665285319,31.1328007254682,31.2937674598139
Turkiye,TUR,Fossil fuel energy consumption (% of total),EG.USE.COMM.FO.ZS,85.874120901599,86.0490764554826,86.0488956692512,86.1488742853693,86.7112173664004,88.2915017730354,89.0838163402396,90.2078977284788,90.8312552108698,89.4606368500133,89.9149991031773,90.7624706486566,89.7131431964725,89.6089106816017,91.3802710997426,87.4279766169034,0,0,0,0,0,0,0
Turkiye,TUR,Population density (people per sq. km of land area),EN.POP.DNST,85.0096293023921,86.0739939971155,87.1182191442641,88.1355066720372,89.1241466678794,90.0816717123813,91.0117186180372,91.1582344763068,92.3192677000637,93.6023881605447,95.0354715902447,96.4406649948677,97.6778802801346,98.9405610488157,100.284401595572,101.631276067721,103.007889505347,104.352348531112,105.774468250978,107.297584553617,108.343853540013,109.334768655068,110.416580694619
Turkmenistan,TKM,Carbon dioxide (CO2) emissions excluding LULUCF per capita (t CO2e/capita),EN.GHG.CO2.PC.CE.AR5,8.58434927881673,8.61680764185551,9.0616872122974,9.89986358585199,10.3513790483559,10.4700730782302,10.6774779220552,11.5915077785359,11.5878510668511,10.0207609080063,11.0798805827665,11.6369958424659,11.7577789691258,10.9898556085599,10.4001081101901,10.5431346397952,10.313864328862,10.0807261527132,9.73066883989901,9.62363887768624,9.59744526261628,9.20604965311124,9.21404172751682
Turkmenistan,TKM,GDP per capita (constant 2015 US$),NY.GDP.PCAP.KD,2255.01496788934,2306.30057631688,2266.6336625636,2295.29620574541,2364.26725156856,2622.61796328876,2856.77457038028,3114.06330033038,3504.34843278483,3645.43522420841,3900.14237925855,4379.74943394339,4761.0792759807,5131.16736462999,5533.03528846527,5759.497903834,5977.83828113854,6222.55590558882,6460.94356849428,6718.16608056274,6965.11226889286,7248.70763225719,7551.03650143157
Turkmenistan,TKM,Energy use (kg of oil equivalent per capita),EG.USE.PCAP.KG.OE,3247.66275154073,2700.90899180476,2214.7855014736,3005.38744315825,3714.90894763692,3554.4342564154,3604.33240214602,3507.2827649472,4237.18811987589,3648.03950949321,4077.8138474231,4315.10295190096,4232.43008359245,3952.26848549516,3758.60667175271,3722.78312991377,3589.90954802381,3558.31901850361,3427.90624399814,3465.56523671972,3395.82680039957,5128.82417624964,5625.64523686666
Turkmenistan,TKM,Urban population (% of total population),SP.URB.TOTL.IN.ZS,45.913,46.137,46.362,46.587,46.812,47.052,47.308,47.581,47.868,48.172,48.491,48.825,49.175,49.541,49.921,50.317,50.728,51.153,51.593,52.048,52.516,52.998,53.494
Turkmenistan,TKM,Trade (% of GDP),NE.TRD.GNFS.ZS,103.580317825005,81.9858549438358,63.7046861184792,63.201750694386,59.3199674884855,53.9723419741336,52.4473010022922,56.2777777777778,94.7240751970891,104.95217927132,96.8630558404027,111.062833823441,109.333652637251,98.5928226795449,91.0934829576602,81.2999305660859,62.0460846966262,53.5753567069955,50.9002726399821,44.2857594037204,35.9365938526967,33.0581170797482,37.3609509597775
Turkmenistan,TKM,Renewable energy consumption (% of total final energy consumption),EG.FEC.RNEW.ZS,0.1,0.1,0.1,0.1,0.1,0.1,0.1,0.1,0.1,0.1,0.1,0.1,0,0.1,0.1,0.1,0.1,0.1,0.1,0.1,0.1,0.1,..
Turkmenistan,TKM,"Industry (including construction), value added (% of GDP)",NV.IND.TOTL.ZS,41.0606930882634,41.971987241714,40.2984084880637,38.8856156889151,37.8718504470333,37.0639941772577,35.7901703447346,37.7096296296296,60.5457853244391,60.9102428355696,59.1311643516361,65.8692912440737,66.5798559141072,63.4277120836429,60.6696011092838,54.2933303537937,51.4325436635517,47.0438896506004,44.9063982786535,42.4122793165524,37.3826880265398,37.1241986904803,40.4477669790021
Turkmenistan,TKM,Fossil fuel energy consumption (% of total),EG.USE.COMM.FO.ZS,..,..,..,..,..,..,..,..,..,..,..,..,..,..,..,78.9674359066236,0,0,0,0,0,0,0
Turkmenistan,TKM,Population density (people per sq. km of land area),EN.POP.DNST,9.75182899580789,9.94916051326793,10.1493094716234,10.3501904538974,10.5507054242121,10.7510842040304,10.9529185197795,11.1592066903581,11.3740961419786,11.6008597025089,11.8408188453599,12.0941778562765,12.3604494286383,12.6387781158896,12.9280594982231,13.2270125337816,13.5340178324431,13.8468729385228,14.1627987147022,14.4786329878918,14.7892494626859,15.0917008916222,15.3856808460835
Turks and Caicos Islands,TCA,Carbon dioxide (CO2) emissions excluding LULUCF per capita (t CO2e/capita),EN.GHG.CO2.PC.CE.AR5,0.945008008542445,0.939926440539436,1.25746467932223,1.27491140056151,1.22506125306265,1.40070035017509,1.69565736576046,1.99467072706509,2.14022678382616,2.28417517839653,2.4614143044487,1.80898657848668,1.802222429732,1.99090719995246,2.16547788873039,2.1827619177708,2.29675061986167,2.20980632876506,2.20168916480185,2.51123569475976,1.98260712837381,2.15281922065292,2.13318210569939
Turks and Caicos Islands,TCA,GDP per capita (constant 2015 US$),NY.GDP.PCAP.KD,..,..,..,..,..,..,..,32733.5782213662,33946.1854021874,26200.5391530565,25434.5575650799,25654.7909981038,23975.0352353195,23132.9857880833,24145.829335545,25736.101625461,26370.383676041,24684.2008432918,45311.9975423234,45798.379822337,29477.5729413857,37487.7844895974,42205.2888008806
Turks and Caicos Islands,TCA,Energy use (kg of oil equivalent per capita),EG.USE.PCAP.KG.OE,..,..,..,..,..,..,..,..,..,..,..,..,..,..,..,..,..,..,..,..,..,..,..
Turks and Caicos Islands,TCA,Urban population (% of total population),SP.URB.TOTL.IN.ZS,84.55,85.362,86.007,86.608,87.188,87.745,88.281,88.797,89.294,89.77,90.228,90.668,91.09,91.483,91.851,92.195,92.517,92.817,93.098,93.36,93.605,93.834,94.047
Turks and Caicos Islands,TCA,Trade (% of GDP),NE.TRD.GNFS.ZS,..,..,..,..,..,..,..,..,..,..,..,..,..,..,..,..,..,..,..,..,..,..,..
Turks and Caicos Islands,TCA,Renewable energy consumption (% of total final energy consumption),EG.FEC.RNEW.ZS,0.4,0.4,0.4,0.4,0.4,0.4,0.3,0.3,0.3,0.3,0.3,0.4,0.4,0.4,0.4,0.4,0.4,0.3,0.4,0.5,0.5,0.8,0.8
Turks and Caicos Islands,TCA,"Industry (including construction), value added (% of GDP)",NV.IND.TOTL.ZS,15.0150590104723,14.007338921707,14.0949785919529,14.7753918452455,16.7164539945321,18.1991124795168,20.2239117651337,19.9741431692717,19.5429612697117,16.1996427636893,11.9362889275876,9.38720344680909,9.50188472704119,9.83177723742373,9.29119638826185,9.66520534567495,9.46474993510594,10.800447980907,9.09559174301107,8.62929879475565,11.1361550196159,9.80865520005111,10.0498633655924
Turks and Caicos Islands,TCA,Fossil fuel energy consumption (% of total),EG.USE.COMM.FO.ZS,..,..,..,..,..,..,..,..,..,..,..,..,..,..,..,..,..,..,..,..,..,..,..
Turks and Caicos Islands,TCA,Population density (people per sq. km of land area),EN.POP.DNST,19.7157894736842,20.6063157894737,21.6810526315789,22.8705263157895,24.0589473684211,25.2505263157895,26.4452631578947,27.6526315789474,28.8705263157895,30.0926315789474,31.3042105263158,32.4694736842105,33.8178947368421,35.4242105263158,36.8947368421053,38.5315789473684,40.3315789473684,42.0136842105263,43.7463157894737,45.4378947368421,46.7221052631579,47.6242105263158,48.26
Tuvalu,TUV,Carbon dioxide (CO2) emissions excluding LULUCF per capita (t CO2e/capita),EN.GHG.CO2.PC.CE.AR5,0,0,0,0,0,0,0,0,0,0,0,0,0,0,0,0,0,0,0,0,0,0,0
Tuvalu,TUV,GDP per capita (constant 2015 US$),NY.GDP.PCAP.KD,3056.55101983122,3043.15907920605,3320.16858154912,3152.22822039796,3042.6128529965,2864.90524160208,2900.92710155819,3069.67368184077,3230.22109521715,2987.80397939993,2879.29645720352,3028.2511217061,2922.07629963849,3030.55285189857,3035.24325598472,3357.83417700071,3558.61212970652,3666.20189700038,3757.85997284742,4345.99606453315,4233.0183205634,4396.04894488478,4515.29701517492
Tuvalu,TUV,Energy use (kg of oil equivalent per capita),EG.USE.PCAP.KG.OE,..,..,..,..,..,..,..,..,..,..,..,..,..,..,..,..,..,..,..,..,..,..,..
Tuvalu,TUV,Urban population (% of total population),SP.URB.TOTL.IN.ZS,46.018,46.429,46.841,47.656,48.678,49.699,50.721,51.743,52.765,53.782,54.796,55.807,56.815,57.814,58.786,59.73,60.645,61.53,62.387,63.215,64.014,64.785,65.527
Tuvalu,TUV,Trade (% of GDP),NE.TRD.GNFS.ZS,..,..,..,..,..,..,..,..,..,..,..,..,..,..,..,..,..,..,..,..,..,..,..
Tuvalu,TUV,Renewable energy consumption (% of total final energy consumption),EG.FEC.RNEW.ZS,0,0,0,0,0,0,0,0,0.2,0.2,0.4,0.2,0.3,0.7,0.7,3,7.3,7,6.4,6.3,5,5,5.2
Tuvalu,TUV,"Industry (including construction), value added (% of GDP)",NV.IND.TOTL.ZS,6.24423076923077,7.41518518518519,7.35032258064516,9.54133333333333,8.99612903225806,7.41766666666667,5.403125,7.44117647058824,12.2605263157895,11.0388888888889,5.52571428571429,8.89210526315789,7.635,7.49075,7.39348837209302,7.01551020408163,..,..,..,..,..,..,..
Tuvalu,TUV,Fossil fuel energy consumption (% of total),EG.USE.COMM.FO.ZS,..,..,..,..,..,..,..,..,..,..,..,..,..,..,..,..,..,..,..,..,..,..,..
Tuvalu,TUV,Population density (people per sq. km of land area),EN.POP.DNST,318.133333333333,319.533333333333,320.766666666667,323.166666666667,327.2,331.333333333333,335.2,339.4,344.033333333333,348.7,353.8,359.333333333333,364.466666666667,366.7,366.133333333333,365.433333333333,364.333333333333,362.3,358.366666666667,352.7,346.633333333333,339.8,333.066666666667
Uganda,UGA,Carbon dioxide (CO2) emissions excluding LULUCF per capita (t CO2e/capita),EN.GHG.CO2.PC.CE.AR5,0.0588371322679233,0.0580384225510752,0.0641095184364312,0.0656303833421549,0.0666739950980528,0.0793826505887773,0.089476965047201,0.104777086495559,0.109903376778305,0.117782652851083,0.112859199966707,0.122678940616875,0.12097874046398,0.119195036188937,0.127326043996766,0.143205247141291,0.14873263209464,0.149352665733273,0.158849224017679,0.157915286587187,0.152805559834332,0.165023884290734,0.152622807410413
Uganda,UGA,GDP per capita (constant 2015 US$),NY.GDP.PCAP.KD,509.19755319016,519.456547890884,547.405338919875,564.720539196569,585.339489080616,604.404813057618,650.270540867444,684.542241787248,722.565167003452,749.342865535423,768.624091660131,816.516366587228,823.580468285493,828.988669729986,845.978664791099,862.934610355811,874.648370639216,871.093880017151,895.07512785438,920.939101515671,917.0350317644,919.401675217265,933.094056370423
Uganda,UGA,Energy use (kg of oil equivalent per capita),EG.USE.PCAP.KG.OE,386.584595406427,386.092603822015,387.324648119083,388.389226414675,388.649807194251,392.296679300675,393.870894212368,396.66304999539,402.698980928732,414.792171517828,421.142950548341,429.271141094876,436.121048102054,449.382170398049,456.037640791645,470.560471935976,473.604213435105,468.55301936099,468.502676315592,455.421313903164,475.325187025973,483.425019132137,482.821621536668
Uganda,UGA,Urban population (% of total population),SP.URB.TOTL.IN.ZS,14.786,15.201,15.626,16.061,16.507,16.96,17.425,17.899,18.384,18.878,19.383,19.898,20.424,20.958,21.504,22.06,22.624,23.196,23.774,24.361,24.954,25.553,26.159
Uganda,UGA,Trade (% of GDP),NE.TRD.GNFS.ZS,32.7490333383822,35.3299767819725,36.2777941561831,36.5857264641268,35.4600862456436,38.9942854839061,43.6332857896204,46.7774166522822,56.2582682050634,47.0638780748379,38.2692490371291,39.7552255606122,43.5021371397314,43.1091548734687,36.0144010819085,37.6892983324358,31.2093620232119,36.8370529334101,36.6384055999567,39.3610539647435,37.0006923916369,41.7136307424781,34.5053019270937
Uganda,UGA,Renewable energy consumption (% of total final energy consumption),EG.FEC.RNEW.ZS,95.3,95.5,95.6,95.6,95.3,94.5,94.2,94.1,94.1,94.3,93.6,93.3,93.4,93.1,92.4,91.7,91.4,91.3,90.5,90.5,91.6,91,90.9
Uganda,UGA,"Industry (including construction), value added (% of GDP)",NV.IND.TOTL.ZS,21.4381815994678,21.168654308304,22.9201021171547,22.6767077659616,20.8640088141741,23.5101064935397,22.7661611506903,25.0773314305706,25.768110035453,27.2861852856713,27.5918336188994,27.5582956754514,27.1786073378959,25.4646646803777,25.222682012996,27.1098848763257,26.1664603884593,26.0309948147929,26.2360116484378,26.6204366953482,26.4905245869762,27.149441688847,26.7661486333726
Uganda,UGA,Fossil fuel energy consumption (% of total),EG.USE.COMM.FO.ZS,0,0,0,0,0,0,0,0,0,0,0,0,0,0,0,0,0,0,0,0,0,0,0
Uganda,UGA,Population density (people per sq. km of land area),EN.POP.DNST,120.11485911616,123.846033732045,127.785746459136,131.885911616035,135.901681597518,139.949396927081,144.106916570742,148.408137730844,152.842965817527,157.405290025524,161.534021543986,166.340230400958,171.241960901656,176.227019748654,181.505779972073,187.170586475165,193.49267903451,200.365988430082,207.290200478755,214.440639337722,221.709315778975,228.959355675244,235.950124675843
Ukraine,UKR,Carbon dioxide (CO2) emissions excluding LULUCF per capita (t CO2e/capita),EN.GHG.CO2.PC.CE.AR5,7.26485804329832,7.31188140637392,7.38839336568532,8.11381344347246,7.66588326970513,7.48273908998773,7.51519701453682,7.78351937341252,7.4890896731948,6.23415787981447,6.76621490660744,7.19580974743096,7.02924488990015,6.83302125858802,5.85682533730035,4.9369163140613,4.98038969475127,4.52370399084727,4.82984027904059,4.62310613736213,4.44622734451247,4.38060626691926,3.370030660605
Ukraine,UKR,GDP per capita (constant 2015 US$),NY.GDP.PCAP.KD,1409.22265625,1547.2783203125,1644.28125,1814.25854492188,2042.44494628906,2122.6015625,2298.13232421875,2498.35205078125,2567.69409179688,2188.17016601563,2285.93383789063,2418.12084960938,2426.92944335938,2432.41625976563,2308.6435546875,2094.47387695313,2156.0830078125,2217.7529296875,2308.6669921875,2398.07836914063,2324.107421875,2426.6123046875,1874.66296386719
Ukraine,UKR,Energy use (kg of oil equivalent per capita),EG.USE.PCAP.KG.OE,2700.10061007166,2730.9849933122,2786.00498673634,2914.06696251373,2957.98499344051,2964.77701596962,2866.6234732695,2961.88351682898,2875.89657843683,2453.43957426865,2848.78160077932,2732.88427034676,2650.99861590717,2517.91132267143,2298.60778628289,2027.641681734,2007.97794185628,1967.83535233788,2068.75608372619,1987.62473314258,1932.92182292303,2096.06217562326,1479.47224953939
Ukraine,UKR,Urban population (% of total population),SP.URB.TOTL.IN.ZS,67.145,67.183,67.283,67.427,67.597,67.79,67.969,68.147,68.325,68.502,68.596,68.689,68.782,68.875,68.968,69.061,69.154,69.246,69.352,69.473,69.608,69.757,69.919
Ukraine,UKR,Trade (% of GDP),NE.TRD.GNFS.ZS,115.735714934593,99.9261276192731,95.994669810112,102.590182257396,109.981708544962,94.6475701087848,89.181052639031,88.0465606718626,94.1718921417534,87.4761626200316,95.72973045329,104.805073904259,102.622788356626,94.0016694501782,100.691782483624,107.806616298156,105.521204913122,104.034982911399,99.1998150718675,90.5112342910763,79.1564523761815,82.69796136345,87.3965139907244
Ukraine,UKR,Renewable energy consumption (% of total final energy consumption),EG.FEC.RNEW.ZS,1.2,1.2,1,1,1.2,1.3,1.8,2.4,2.7,3,2.9,2.7,2.9,3.5,3.5,4.2,5.5,6.5,6.9,7.4,8.7,8.9,..
Ukraine,UKR,"Industry (including construction), value added (% of GDP)",NV.IND.TOTL.ZS,31.6502770712209,29.9078962945424,30.2155139276837,30.4267094517856,29.3717696283534,30.1861914393484,30.5434517130428,30.6585222325477,28.083434007624,24.759831137373,25.6492814021248,24.8391242667758,24.2660524050508,22.4302649907366,22.8189915653958,21.7279577419459,23.1783620717483,23.2888002154817,23.2933329813033,22.5804196823995,20.7999429657705,23.1537142195647,18.0108316024427
Ukraine,UKR,Fossil fuel energy consumption (% of total),EG.USE.COMM.FO.ZS,84.1717147105301,84.3487287188532,84.2802504123054,87.0965582656668,84.6952301776927,84.339117101029,83.094944419608,81.3592553003752,80.8476445507095,79.0726879660927,80.5057499776648,79.555745822177,79.2634775383703,78.2299207808028,75.3571271035037,65.6881469361533,0,0,0,0,0,0,0
Ukraine,UKR,Population density (people per sq. km of land area),EN.POP.DNST,85.5383792180892,84.7619832570985,84.0219577450202,83.3968584941485,82.81752856699,82.131858193241,81.6050365921016,81.236597448777,80.8174670303114,80.480099081682,80.190573430919,79.9348425740523,79.7660291376096,79.6222640336947,79.3598715669181,79.0362271055948,78.7461064406429,78.432661833247,78.0271090783569,77.5931273731446,77.1142802899551,76.4560579910252,70.8470245081118
United Arab Emirates,ARE,Carbon dioxide (CO2) emissions excluding LULUCF per capita (t CO2e/capita),EN.GHG.CO2.PC.CE.AR5,25.3198800655489,27.1939982651151,26.1619793238318,25.956044391153,25.9698706267172,26.252392926584,25.3933041863808,24.382755503246,26.0607102012736,24.6511808903397,25.0302408877764,24.9508835057255,25.0317529122846,25.3376205035441,24.5554653921364,24.2932089958222,23.7512527846654,22.1460497819364,20.0129970991904,20.9238618071447,20.7946079996698,21.0257863269429,20.5359774022313
United Arab Emirates,ARE,GDP per capita (constant 2015 US$),NY.GDP.PCAP.KD,57365.3983287418,54574.8141677002,52607.6615102605,54020.4735669296,56027.6100386222,55777.9018314127,57053.7895596677,52428.0680690009,48281.347795881,42991.5535152856,42645.6359587867,43800.1593000919,42868.0975048418,43269.8404678577,43023.1904189899,43534.9972694631,43745.2881695314,42690.2147810875,42679.75191193,42700.1297938135,40776.6308713329,41778.5838767025,42687.7207209003
United Arab Emirates,ARE,Energy use (kg of oil equivalent per capita),EG.USE.PCAP.KG.OE,8956.94929901911,11703.2751045514,10866.2518811768,10102.2168560285,9441.12715739602,9535.23423153349,9239.48012400956,8929.91291284475,9426.22252523971,9485.64696621464,8944.43348137498,8558.24529408267,8614.16881429917,8858.22242582428,9633.42212114175,10146.376786057,10355.5476088804,8521.13677246594,8482.30317231137,8816.50943614681,8154.35294132635,8674.22641438132,8335.80957162683
United Arab Emirates,ARE,Urban population (% of total population),SP.URB.TOTL.IN.ZS,80.236,80.655,81.067,81.472,81.871,82.262,82.648,83.023,83.387,83.742,84.087,84.423,84.749,85.066,85.375,85.674,85.965,86.248,86.522,86.789,87.048,87.299,87.543
United Arab Emirates,ARE,Trade (% of GDP),NE.TRD.GNFS.ZS,..,89.8645799289427,93.0716588147781,102.300169490783,116.622612523831,119.552871642254,119.470669577786,136.798152865771,148.513544025723,153.461944358373,138.892096911897,147.392662018666,159.970470619225,161.100482455585,163.687585001674,169.476236698198,170.976829168197,170.92080687494,159.642777281025,170.068118822018,185.280552445405,186.108932605683,188.945461748684
United Arab Emirates,ARE,Renewable energy consumption (% of total final energy consumption),EG.FEC.RNEW.ZS,0.1,0.1,0.1,0.1,0.1,0.1,0.1,0.1,0.1,0.1,0.1,0.1,0.1,0.1,0.1,0.1,0.1,0.2,0.3,0.7,0.9,1,..
United Arab Emirates,ARE,"Industry (including construction), value added (% of GDP)",NV.IND.TOTL.ZS,48.5170116316395,49.6763412859899,47.5457475824448,49.1210129154604,51.6783480847693,55.6434763024807,57.903111718071,54.840228590251,58.0179784435584,52.044956000368,51.6784594801877,57.0771206752701,56.5680617372237,54.2038149769832,51.9897136713276,43.3542449306312,41.0285717283492,42.5280347643157,46.9189575863441,44.5245160379612,42.1740430729321,47.1393240196274,51.0833289562507
United Arab Emirates,ARE,Fossil fuel energy consumption (% of total),EG.USE.COMM.FO.ZS,..,92.213943460568,92.7030407469135,92.5878836516192,..,99.9777578217686,99.7493665080415,99.751049296193,99.7729276986191,95.1432516896377,..,97.0034611507976,96.7824676303587,96.0904116722455,78.1785673747638,22.1519657090852,0,0,0,0,0,0,0
United Arab Emirates,ARE,Population density (people per sq. km of land area),EN.POP.DNST,49.1914249507181,52.4301605181639,55.7142495071811,59.0320613911574,62.3622500704027,65.6827654181921,70.5308363841172,79.1979019994368,88.7449169248099,94.439003097719,96.7310335116868,100.035736412278,104.075584342439,108.322036046184,113.481272880879,119.75833568009,125.8109687412,129.867994931005,131.606603773585,133.001760067587,132.371698113208,134.823317375387,141.861123627147
United Kingdom,GBR,Carbon dioxide (CO2) emissions excluding LULUCF per capita (t CO2e/capita),EN.GHG.CO2.PC.CE.AR5,9.36756919563665,9.52150902458476,9.21174814843586,9.39563731147034,9.35084997550756,9.26021742016211,9.19944214011513,8.97271037531549,8.63571995370427,7.76156632373776,7.97606329440935,7.25618139196738,7.55269890599739,7.33051341617425,6.66196533580935,6.38913470993117,5.99545627753136,5.78002910590304,5.63020259771606,5.36285812909907,4.77967607575213,5.06830437119312,4.84380657949234
United Kingdom,GBR,GDP per capita (constant 2015 US$),NY.GDP.PCAP.KD,38921.896573883,39769.8719792093,40312.9824110757,41390.6062127939,42167.3557264259,43023.2277090836,43724.8957366594,44524.5706965197,44065.6156693521,41712.8319164411,42311.4329830247,42459.9630182272,42794.7752628767,43274.3377519631,44324.3923234579,44983.885522934,45485.6509977812,46439.8616757792,46862.9673585729,47379.8014800553,42429.1857996453,45902.8331986448,47682.7615349036
United Kingdom,GBR,Energy use (kg of oil equivalent per capita),EG.USE.PCAP.KG.OE,3786.40281086309,3785.6601241847,3716.62337347063,3764.06191688174,3697.50381825103,3689.55051742336,3601.05090812166,3443.58715993443,3370.1581117517,3144.00201324492,3235.05383786127,2973.83120573757,3028.77223348044,2962.29760006424,2767.96188412765,2774.79682774608,2696.97999020896,2658.99577329303,2632.15067210726,2515.97344619501,2317.4085386833,2377.26368887082,2254.36941582721
United Kingdom,GBR,Urban population (% of total population),SP.URB.TOTL.IN.ZS,78.651,78.751,79.047,79.339,79.629,79.915,80.199,80.479,80.757,81.031,81.302,81.57,81.837,82.102,82.365,82.626,82.886,83.143,83.398,83.652,83.903,84.152,84.398
United Kingdom,GBR,Trade (% of GDP),NE.TRD.GNFS.ZS,52.521730598718,52.8216135097523,51.3796342070387,50.2395230519083,50.4517112404991,52.6807168405482,56.9144274808123,52.9643534370859,56.6986069277108,55.004384033595,59.2727749722888,63.5654009707745,62.2259827334183,61.9991119149908,59.0948041195932,57.2035496863734,59.7003984143761,63.1216500310687,64.542648250433,64.6651336372235,58.7811375973028,58.5845366237858,68.8805301397863
United Kingdom,GBR,Renewable energy consumption (% of total final energy consumption),EG.FEC.RNEW.ZS,1,0.8,1,0.9,1.1,1.4,1.6,1.8,2.4,3,3.2,4,4.2,5.2,6.6,7.7,7.7,8.8,10.2,11.4,13.6,12.2,..
United Kingdom,GBR,"Industry (including construction), value added (% of GDP)",NV.IND.TOTL.ZS,22.6229886477608,21.7147194702195,21.2923196235812,20.840651210251,20.2421374874588,20.2667526482593,20.1312737850517,19.7377118377975,19.9935366465863,18.5547926720136,18.5880104665498,18.3254440361123,18.301701274716,18.6217167660008,18.2287488845721,18.0941229387028,17.5939487207811,17.8050998760133,17.9003523665802,17.7588643465906,17.4113352786755,16.7340946880196,17.2416550164897
United Kingdom,GBR,Fossil fuel energy consumption (% of total),EG.USE.COMM.FO.ZS,88.3951939695651,87.811993808683,87.8018339118133,88.059169969334,88.5472249810652,88.0812118335469,88.5507810702244,89.5690856512095,89.9598793717778,87.4117429154334,88.0471564659239,85.5149021890224,85.521340980268,84.2622069916402,82.9732271356392,80.0887890113877,0,0,0,0,0,0,0
United Kingdom,GBR,Population density (people per sq. km of land area),EN.POP.DNST,243.427908899268,244.366854048692,245.40354234696,246.548906708552,247.955627660894,249.663977183483,251.50589013351,253.471925763651,255.474703426611,257.414417393461,259.440189310958,261.475674781962,263.344769148101,265.113875914521,267.102054313231,269.036498160625,271.18174678626,272.665647088001,274.000744016864,275.414376059191,275.881453312942,276.873475798785,279.436200553879
United States,USA,Carbon dioxide (CO2) emissions excluding LULUCF per capita (t CO2e/capita),EN.GHG.CO2.PC.CE.AR5,21.0126181548683,20.6263138382916,19.9111727323552,19.9687524573828,20.0821970782783,19.9254743047446,19.4054745883831,19.4964902822967,18.709751708786,17.1897216706835,17.8479554089629,17.0213053953425,16.1863895270629,16.4969524063684,16.4258340507269,15.9508362566966,15.5053254577246,15.1856526843724,15.578855476991,15.0410554761903,13.4690678251844,14.3185403084904,14.3304861726018
United States,USA,GDP per capita (constant 2015 US$),NY.GDP.PCAP.KD,48616.2546267835,48597.4246130164,48967.3661209521,49905.5233079503,51348.3473392466,52649.5713058632,53596.3152369749,54152.8292653448,53703.9628962873,51863.6183424227,52812.682985453,53215.5362316915,54000.8410760833,54728.8601798884,55665.2411167663,56849.4697923159,57430.8499282527,58435.9707521832,59817.6556796969,61047.9648235152,59484.0335530935,62986.6563127547,64198.4324880296
United States,USA,Energy use (kg of oil equivalent per capita),EG.USE.PCAP.KG.OE,8055.14548852416,7824.24393877407,7840.46095949898,7791.30391526846,7878.53717143427,7843.3910574627,7694.40657948116,7756.0141894981,7484.83268900712,7053.35846690965,7162.55933024159,7009.64607964907,6820.46062064875,6888.38143742637,6915.64165280321,6789.64733291075,6663.4963294418,6590.83509745633,6738.27272433986,6700.93033990565,6141.53125755889,6445.83409243358,6511.68841394546
United States,USA,Urban population (% of total population),SP.URB.TOTL.IN.ZS,79.057,79.234,79.409,79.583,79.757,79.928,80.099,80.269,80.438,80.606,80.772,80.944,81.119,81.299,81.483,81.671,81.862,82.058,82.256,82.459,82.664,82.873,83.084
United States,USA,Trade (% of GDP),NE.TRD.GNFS.ZS,25.1029855568536,22.9671830154975,22.2863842136065,22.6272972866813,24.4480566571904,25.6385573436769,26.9752858058903,28.0120155631098,29.8677875257061,24.759527635837,28.2198829408336,30.842478575914,30.681839575193,29.9413062848227,29.906569337428,27.6882139340768,26.4525977865465,27.1253382222874,27.4453591302618,26.2584806245428,23.0797778694073,25.2136560307765,26.891689830077
United States,USA,Renewable energy consumption (% of total final energy consumption),EG.FEC.RNEW.ZS,5.4,4.7,4.8,5.3,5.5,5.8,6.4,6.3,6.8,7.3,7.4,8.4,8.5,8.9,9,8.9,9.3,9.7,9.9,10.2,11,10.9,..
United States,USA,"Industry (including construction), value added (% of GDP)",NV.IND.TOTL.ZS,22.4531048433355,21.405369474696,20.6038132297714,20.7056548930952,20.9373001791901,21.223722595801,21.6449135733179,21.4692141093812,20.8737969251168,19.3014095044594,19.2672176722249,19.4538919001942,19.1794558498631,19.199803704625,19.1787683626741,18.3066822723715,17.6936367639669,18.0039396083092,18.322339546514,17.8615098192747,17.1157864026612,17.4953806127239,18.0835980676354
United States,USA,Fossil fuel energy consumption (% of total),EG.USE.COMM.FO.ZS,85.8991510408803,86.3861771834025,86.2808086234009,86.3108491734385,86.1575607388529,86.0526277747696,85.6625948343997,85.63845777016,85.005107144923,84.1951199163177,84.1233868138427,83.8876736758574,83.9446029612371,82.9728876992826,83.4019897520666,82.3258162759788,0,0,0,0,0,0,0
United States,USA,Population density (people per sq. km of land area),EN.POP.DNST,30.7973013298523,31.1036283879362,31.3935499327652,31.6645346171981,31.9589450682826,32.2548765979183,32.5673998463204,32.8786113609374,33.2436868537795,33.5363992251367,33.8213646033526,34.0904277927547,34.3636893244215,34.6246572257533,34.9013776562134,35.1809713558577,35.4584505795077,35.7049975840182,35.9149986553586,36.1004771837305,36.248222996211,36.3052926398919,36.5149212564854
Uruguay,URY,Carbon dioxide (CO2) emissions excluding LULUCF per capita (t CO2e/capita),EN.GHG.CO2.PC.CE.AR5,1.70430156579224,1.53091500926471,1.40377758536714,1.39797012421728,1.7498754244402,1.69144471723684,1.96944465217574,1.85184117399101,2.39290625547934,2.36183839054576,1.94104104767702,2.33498906615166,2.65503308297863,2.28317804753303,1.9986389912327,2.04265596046576,2.01658162397171,1.88609028702901,2.01880434840246,2.10113840609018,2.0287628480174,2.51247168203209,2.56874770895036
Uruguay,URY,GDP per capita (constant 2015 US$),NY.GDP.PCAP.KD,11096.3309569487,10643.5574019273,9806.7713064359,9878.75684344081,10366.9067382871,11131.3984890038,11574.470540231,12310.482735502,13165.83628166,13691.71420689,14722.3780081191,15443.9961926395,15949.3176985435,16639.4054750651,17122.0364563225,17125.9016800298,17357.2349992841,17611.6036701032,17608.9441195037,17758.4384372986,16443.3635000843,17416.0052208869,18228.3558443761
Uruguay,URY,Energy use (kg of oil equivalent per capita),EG.USE.PCAP.KG.OE,948.595701266831,831.884484463778,772.008348325172,774.971327216851,884.970363414793,916.698612830821,990.488024294237,985.905732498087,1274.16949472415,1254.7362886566,1226.9840852731,1327.77878788273,1407.51757319789,1378.79092656473,1397.55777562001,1491.04897158511,1550.98299580242,1512.8381875657,1560.97897875852,1540.78251179675,1531.60055590501,1644.69693874435,1626.06034935571
Uruguay,URY,Urban population (% of total population),SP.URB.TOTL.IN.ZS,92.028,92.303,92.569,92.828,93.078,93.319,93.553,93.779,93.998,94.209,94.414,94.612,94.739,94.843,94.945,95.045,95.144,95.24,95.334,95.426,95.515,95.603,95.688
Uruguay,URY,Trade (% of GDP),NE.TRD.GNFS.ZS,36.7137381507902,36.3095126435057,40.02906730756,51.7591995826472,61.4766880860242,58.8776963255774,61.9715745165876,59.2104478374095,65.2080950071821,53.3944192683736,51.6990372012256,53.2470340109018,55.0611541633768,49.7178464746233,49.0876240632174,45.3282408087534,48.4705583785623,46.3780042035515,47.7913104806475,49.7448341159636,47.7318733182088,58.3150410230338,61.0307951043821
Uruguay,URY,Renewable energy consumption (% of total final energy consumption),EG.FEC.RNEW.ZS,38.7,41.6,43.2,43.8,39.3,41.3,37.6,43.2,44.1,44.6,53.3,49.7,47.9,51.9,56.7,59.4,60.3,60.8,60.8,59.3,61.2,57.8,..
Uruguay,URY,"Industry (including construction), value added (% of GDP)",NV.IND.TOTL.ZS,22.0452037217921,21.9351337396218,21.8623288483766,23.0937944115791,22.4348058065943,23.7753368710773,22.8965222038345,23.644048640083,22.7673513144942,24.0794070442123,24.5288557176886,22.7051202439987,22.8622289256151,23.6692403427945,24.7006411459084,25.4417580545225,18.8673144534742,18.0319037217202,18.3333886744675,17.5601694192064,16.9555909661564,17.7321588983411,17.7086542108617
Uruguay,URY,Fossil fuel energy consumption (% of total),EG.USE.COMM.FO.ZS,65.0378002590183,58.6231301017177,55.9394341778233,55.200218723875,62.4571010481136,62.1238930449045,66.1359714136997,60.2912805399314,63.8749089435222,60.3102893875428,50.2180480220545,56.0681618963672,57.6938931210084,52.7989654375318,46.4912621053106,5.86256741686316,0,0,0,0,0,0,0
Uruguay,URY,Population density (people per sq. km of land area),EN.POP.DNST,18.6619014969718,18.707867672266,18.734241800937,18.7474917152325,18.7587018626443,18.773688721289,18.7950291395269,18.8272940235402,18.8674265798194,18.9126442692264,18.9611472974517,19.0082561992915,19.0572563135642,19.1140269683465,19.1768597874529,19.2436121586104,19.3079819449206,19.3602902525426,19.3951205576506,19.4103873842989,19.4204548051651,19.4074677179751,19.3744314935436
Uzbekistan,UZB,Carbon dioxide (CO2) emissions excluding LULUCF per capita (t CO2e/capita),EN.GHG.CO2.PC.CE.AR5,5.27157039315765,5.25850186703753,5.35900421968836,4.98411610259925,5.04400225130478,4.72864583283932,4.99075566116733,4.78163546118024,4.92555421623033,4.39437913467353,4.77627561051756,4.79911388036219,4.19024012211373,4.06261391232996,3.73200285848583,3.48800914334893,3.6351213160431,3.70887959456401,3.76344348415942,3.79819310358677,3.66331320334331,3.90418721156735,3.9758315610756
Uzbekistan,UZB,GDP per capita (constant 2015 US$),NY.GDP.PCAP.KD,1269.72137546219,1306.60633175114,1341.95995981671,1381.8257280882,1466.6134889113,1549.04577531643,1643.14645619601,1773.75803693248,1904.45855506712,2025.04298646098,2144.6400056546,2271.00936223002,2395.84036755728,2530.68447898703,2659.99075095273,2803.19018021751,2918.67725852903,2995.76761437743,3108.1618786112,3259.36964632494,3249.05191094018,3442.7248445034,3576.71552716054
Uzbekistan,UZB,Energy use (kg of oil equivalent per capita),EG.USE.PCAP.KG.OE,1866.70954311251,1863.69950730922,1907.69659032329,1823.5423217092,1780.21898584248,1662.08972765071,1695.1035686445,1634.47696212044,1656.55650065035,1488.61678124243,1592.96476589268,1603.22239464061,1387.65012211387,1350.32249660587,1240.29664862077,1165.60752398201,1209.61523440111,1253.44940769753,1272.07621933957,1285.18444128817,1351.37520056543,1465.19908492256,1381.80448771676
Uzbekistan,UZB,Urban population (% of total population),SP.URB.TOTL.IN.ZS,46.126,46.606,47.088,47.571,48.054,48.537,49.021,49.505,49.989,50.472,50.956,51.15,51.05,50.95,50.85,50.75,50.65,50.55,50.478,50.433,50.416,50.427,50.466
Uzbekistan,UZB,Trade (% of GDP),NE.TRD.GNFS.ZS,44.0540299791129,56.776277587152,58.954524710746,70.4592746850874,76.5956691950086,69.5252584247083,67.4712921717973,74.4141929762327,79.7479920348578,68.673142199791,49.268997799433,49.6542884929068,44.2393191333095,42.3779149727009,36.3570546649124,30.7561914307205,29.1922970388057,42.5595081895289,64.1381394985722,64.9639227632407,56.0515308349971,57.4589716973222,62.8412525378517
Uzbekistan,UZB,Renewable energy consumption (% of total final energy consumption),EG.FEC.RNEW.ZS,0.7,0.8,1,1.4,1,1.6,0.8,0.9,0.8,1.2,1.3,0.9,1.3,1.2,1.4,1.7,1.6,1.7,1.5,1.6,1,1,..
Uzbekistan,UZB,"Industry (including construction), value added (% of GDP)",NV.IND.TOTL.ZS,20.2297579555228,19.9520841370069,19.3887412418459,20.445956928078,22.3056846912976,26.0120326061017,26.8384702412792,26.8627172756297,29.0650709010567,30.3526438159739,21.2295148101409,19.7779804592697,20.427938155189,21.2945196362137,22.0708925481202,22.520460823215,22.9212712989472,24.7253778434458,28.6428986359695,31.9991183695607,32.0252433250071,32.3968180112869,31.4813507507112
Uzbekistan,UZB,Fossil fuel energy consumption (% of total),EG.USE.COMM.FO.ZS,..,..,..,..,..,..,..,..,..,..,93.4728361454702,..,..,..,..,..,0,0,0,0,0,0,0
Uzbekistan,UZB,Population density (people per sq. km of land area),EN.POP.DNST,56.8556053811659,57.5582699220712,58.2687291671924,58.9874184689718,59.7204791523748,60.4727210570633,61.2574119536538,62.1032147968733,63.0661816146635,64.0891121586439,65.1205023262643,66.1372206631804,67.1452569986232,68.207469669955,69.3523563008704,69.7897094870631,71.0059170523229,72.2198017195203,73.4780871882284,74.8253929702307,76.2200658118688,77.7112512566577,79.2892236957962
Vanuatu,VUT,Carbon dioxide (CO2) emissions excluding LULUCF per capita (t CO2e/capita),EN.GHG.CO2.PC.CE.AR5,0.45629989102485,0.517717019750721,0.496775807579788,0.558417104201329,0.42438177832007,0.422755741127349,0.371891831810414,0.591568900377809,0.566779493688738,0.619599451727531,0.649743124811121,0.737655766118764,0.593451541487366,0.59336220243475,0.673608976329542,0.598269078282306,0.609731446191843,0.681850007360677,0.870437041425511,0.845933866465743,0.839529140929806,0.860174977441249,0.887409518089993
Vanuatu,VUT,GDP per capita (constant 2015 US$),NY.GDP.PCAP.KD,2841.73909435642,2676.92934450613,2475.16636434639,2518.521315183,2555.73432279339,2626.85057870874,2780.97475852227,2791.7418410919,2875.08524058992,2888.13715784739,2856.77377649901,2883.22689591881,2849.05448321427,2799.28262661802,2807.83422956759,2854.89412272653,2889.01404801498,2946.96186165079,2960.65376683153,2986.2036911437,2771.87098808052,2666.30269843855,2740.27545530661
Vanuatu,VUT,Energy use (kg of oil equivalent per capita),EG.USE.PCAP.KG.OE,..,..,..,..,145.835662652945,142.342000379579,143.56969845732,158.173502774815,..,..,..,..,..,..,..,..,..,..,..,..,..,..,..
Vanuatu,VUT,Urban population (% of total population),SP.URB.TOTL.IN.ZS,21.673,21.953,22.235,22.521,22.809,23.099,23.392,23.687,23.985,24.286,24.462,24.561,24.661,24.761,24.861,24.961,25.062,25.163,25.274,25.394,25.525,25.665,25.816
Vanuatu,VUT,Trade (% of GDP),NE.TRD.GNFS.ZS,87.1557917790657,87.7721451440768,91.6997236888901,91.5679895901106,98.7059775016543,100.173820339297,89.5414618090556,90.1716511021211,105.774852580058,108.489179063187,103.823312203828,96.9987664175314,104.451629665983,106.410757127713,105.199318296807,108.758665668253,106.351935265734,105.526573713997,110.679659822766,99.3829688227082,69.9148948336494,58.0011532523577,65.1038775338548
Vanuatu,VUT,Renewable energy consumption (% of total final energy consumption),EG.FEC.RNEW.ZS,49.5,51.3,53.3,52.7,55.4,54.9,55.3,51.6,52.1,38.7,38.1,35.8,39,40.9,31.5,35.6,33.1,35.7,29.7,31.6,26,24.6,25
Vanuatu,VUT,"Industry (including construction), value added (% of GDP)",NV.IND.TOTL.ZS,11.2229908389199,9.04749199573106,8.95138565917982,8.18998048145738,7.59748057740852,7.84740891814221,8.09487564543005,7.94926084161972,9.10913251925229,11.1955989060499,12.8730998830697,9.99492054277629,7.87407257715292,8.21151592925291,7.50006657257742,10.7490519094664,10.4769109101537,10.1699916743073,10.0951662680732,9.502093997208,10.2793317386042,8.77215825598482,7.54647152830347
Vanuatu,VUT,Fossil fuel energy consumption (% of total),EG.USE.COMM.FO.ZS,..,..,..,..,0,0,0,0,..,..,..,..,..,..,..,..,..,..,..,..,..,..,..
Vanuatu,VUT,Population density (people per sq. km of land area),EN.POP.DNST,15.2814602132896,15.6711238720263,16.0675143560295,16.4680885972108,16.8753896636587,17.2895816242822,17.7131255127153,18.1522559474979,18.6132895816243,19.0919606234619,19.5445447087777,19.9732567678425,20.4169811320755,20.8762920426579,21.3486464315012,21.829450369155,22.3205086136177,22.8471698113208,23.4010664479081,23.9528301886792,24.5166529942576,25.0917145200984,25.6805578342904
"Venezuela, RB",VEN,Carbon dioxide (CO2) emissions excluding LULUCF per capita (t CO2e/capita),EN.GHG.CO2.PC.CE.AR5,5.61615117691294,5.73578652487386,5.82230757741756,5.52277218797898,5.68322465670986,5.82156130165068,5.83954577106968,5.64087498145979,5.84946454114281,5.81061848356748,6.13577136317261,5.9261930322795,6.55718146273176,6.45098364219172,6.34354131223099,5.75422781181326,5.29594301709825,4.97159149929481,4.72244453694884,4.12946282786104,2.54285628603804,2.52064376343986,2.75925825302554
"Venezuela, RB",VEN,GDP per capita (constant 2015 US$),NY.GDP.PCAP.KD,..,..,..,..,..,..,..,..,..,..,..,..,..,..,..,..,..,..,..,..,..,..,..
"Venezuela, RB",VEN,Energy use (kg of oil equivalent per capita),EG.USE.PCAP.KG.OE,2391.36796026802,2188.40606705914,2648.88652521803,2432.12630470112,2305.02805179379,2371.58340737061,2375.23205873567,2391.58062016859,2346.77022538359,2234.25825126867,2621.33385247062,2309.22244633281,2309.91542806381,2529.69123843792,2174.61144769649,2090.86986204943,1901.6695815311,1798.71760054216,1384.67691686277,1396.90783852331,1104.64248743922,1317.36867421741,1478.06434305688
"Venezuela, RB",VEN,Urban population (% of total population),SP.URB.TOTL.IN.ZS,87.559,87.85,87.876,87.902,87.928,87.954,87.98,88.006,88.031,88.057,88.083,88.108,88.123,88.133,88.144,88.154,88.165,88.183,88.208,88.24,88.279,88.325,88.378
"Venezuela, RB",VEN,Trade (% of GDP),NE.TRD.GNFS.ZS,47.8572215529808,42.141268017362,48.5757106494068,50.5770073781941,55.367455602322,60.1273297561422,58.6655915584603,56.1990954818909,51.8290123789932,38.5209296583297,46.1368935240203,49.6381215967995,50.4035673803654,54.2777612672313,48.0908135255646,..,..,..,..,..,..,..,..
"Venezuela, RB",VEN,Renewable energy consumption (% of total final energy consumption),EG.FEC.RNEW.ZS,15.3,14,12.8,13.4,14.6,14.2,15.6,16.6,16.4,16.2,13.8,14.8,13.8,15.4,12.1,15.4,14.6,14.3,14.6,15.8,31.2,33.7,..
"Venezuela, RB",VEN,"Industry (including construction), value added (% of GDP)",NV.IND.TOTL.ZS,46.4048482561673,42.9102931639246,46.6549699116747,48.8417070697998,51.1134764353283,53.0883974696502,51.9276623968995,49.2828626757633,50.6124593374834,40.8120935299234,48.4086022795909,48.6321324133785,45.1601984347976,44.7261612207658,37.2446888923877,..,..,..,..,..,..,..,..
"Venezuela, RB",VEN,Fossil fuel energy consumption (% of total),EG.USE.COMM.FO.ZS,77.0338580694856,86.2781954939003,76.8010102380534,74.736429009685,81.7270096898069,77.0767628049489,84.9312163206495,75.8310545328047,86.0745820181642,89.5227952291328,86.0687631340827,87.8679785449891,95.5279624826273,80.3119798158753,90.0784852413389,3.03459786852937,0,0,0,0,0,0,0
"Venezuela, RB",VEN,Population density (people per sq. km of land area),EN.POP.DNST,27.8064826257015,28.3203015702058,28.8369945014455,29.3551419987529,29.8632027662831,30.3676707669633,30.8652411994785,31.346707102772,31.8051085539369,32.2411405249136,32.6660631483476,33.0879337906014,33.5058398049997,33.9121342327532,34.2997324414716,34.662402358143,34.8797913950456,34.6525967915651,33.7935400487501,32.8077750694405,32.2476923076923,32.0138608922397,31.9857343688
Viet Nam,VNM,Carbon dioxide (CO2) emissions excluding LULUCF per capita (t CO2e/capita),EN.GHG.CO2.PC.CE.AR5,0.732528345156287,0.796089633208614,0.927432238043704,0.975515528881943,1.14380230237203,1.2395029108572,1.25492319707294,1.36623566847565,1.47618358400159,1.62807275843963,1.79201678135555,1.77115729819379,1.74437692997221,1.80040313071306,1.9505990745289,2.16223081341234,2.38781404921017,2.42079237292859,2.94958653201883,3.48803981847942,3.58958813190048,3.44776633263152,3.25941578132688
Viet Nam,VNM,GDP per capita (constant 2015 US$),NY.GDP.PCAP.KD,1212.19657794381,1273.8052690094,1340.51670460271,1418.74337471509,1510.94449049599,1609.96268313651,1699.67620343393,1788.9485028957,1856.00519883979,1927.13427057454,2027.58184375924,2132.90453762087,2224.11404253256,2320.08431444934,2439.28655744423,2577.56885340113,2715.57887431272,2868.13680013379,3048.28327602145,3241.07648966529,3303.16949807493,3358.21734764714,3617.66311465012
Viet Nam,VNM,Energy use (kg of oil equivalent per capita),EG.USE.PCAP.KG.OE,372.486738202477,393.081627304938,424.572449525025,441.331501223992,485.432705372372,509.245126631649,515.075042472671,544.673183366382,572.099542305108,615.142147070174,670.10802910064,663.574440140704,664.347312614103,674.678165107275,745.633531778112,679.445923972947,738.879533385899,757.479979941312,885.646841787765,987.27147244039,991.281232485165,962.199524881189,1023.0571362687
Viet Nam,VNM,Urban population (% of total population),SP.URB.TOTL.IN.ZS,24.374,24.937,25.511,26.092,26.683,27.281,27.888,28.504,29.128,29.762,30.417,31.08,31.752,32.429,33.115,33.809,34.51,35.213,35.919,36.628,37.34,38.052,38.766
Viet Nam,VNM,Trade (% of GDP),NE.TRD.GNFS.ZS,111.417094419512,111.955937998525,116.696868652499,124.327954439125,133.016497868747,130.714846045026,138.313621869598,154.605383996554,154.317479627758,134.706317721758,113.977687539714,125.260577940829,123.224116745985,130.846354866743,135.410521454361,144.914228195237,145.409507973118,160.98008365887,164.663936775893,164.704215031408,163.245862814935,186.675832836814,183.153619147836
Viet Nam,VNM,Renewable energy consumption (% of total final energy consumption),EG.FEC.RNEW.ZS,57.7,56.1,52.2,50.8,45.8,44.1,44.2,41.9,39.3,37,34.6,36.3,37.9,37.4,36.7,27.8,26.8,28.3,24.3,20.4,18.9,24.2,..
Viet Nam,VNM,"Industry (including construction), value added (% of GDP)",NV.IND.TOTL.ZS,36.7307753268455,38.1294216644677,38.4866787864761,39.4700078083864,40.2087495299221,38.1311399002846,38.5847310338981,38.5116248479069,37.0776963788801,37.3881863793419,33.0228771360005,34.580408780539,35.8602323946766,35.575150437736,35.2985684880333,34.2665466382117,34.1152288612372,35.3903640729728,36.5424334086447,36.8031368977554,36.7437132938801,37.3915192469302,38.4823612398341
Viet Nam,VNM,Fossil fuel energy consumption (% of total),EG.USE.COMM.FO.ZS,46.2689839662635,47.9094593704402,52.2666046315841,53.510074006174,58.2163145268565,60.4711674241845,60.6504089134984,62.6362826210254,64.4393628019382,66.643209504579,70.6972280651377,68.705625900106,67.4973766332843,68.4734706145137,69.4521887946824,72.5471557278082,0,0,0,0,0,0,0
Viet Nam,VNM,Population density (people per sq. km of land area),EN.POP.DNST,248.035784093101,250.632810440708,253.6539172436,256.599403360531,259.099464637017,259.203077001761,262.689291708627,267.577137683246,272.308076932914,276.440290060813,279.147229120251,282.390144405715,285.558644407367,289.364162813695,292.559228518274,296.1974772084,299.948999160782,303.688787280275,307.046632570694,310.034412897339,312.923153250018,315.653937574379,318.032648542413
Virgin Islands (U.S.),VIR,Carbon dioxide (CO2) emissions excluding LULUCF per capita (t CO2e/capita),EN.GHG.CO2.PC.CE.AR5,0.00184090867252076,0.00184248588195193,0.00184316508308067,0.00184323303073591,0.00184389578301034,0.00184411680635851,0.00184554623554707,0.00184609136306156,0.0018450695129939,0.00184495037083502,0.00184575062063365,0.00184689260319512,0.00184863385957777,0.00185114910080432,0.00185387738454979,0.00185680332739156,0.00186018825105101,0.00186426301022548,0.00186914140989337,0.0018749589852722,0.00188164455734312,0.00188910928497214,0.00189729919459649
Virgin Islands (U.S.),VIR,GDP per capita (constant 2015 US$),NY.GDP.PCAP.KD,..,..,43205.7246740388,43036.1815136022,44466.2872190216,46021.5905731819,47671.567182812,49598.1259079427,50174.7528938473,46862.8076001874,47162.7375570431,43320.176769501,36938.1682086351,34663.6460602129,34098.7109972738,34007.3529411765,34614.7482633247,34435.4944455756,35174.1019944986,36309.7438446842,35850.7433148653,37313.0484931531,36983.431060272
Virgin Islands (U.S.),VIR,Energy use (kg of oil equivalent per capita),EG.USE.PCAP.KG.OE,..,..,..,..,..,..,..,..,..,..,..,..,..,..,..,..,..,..,..,..,..,..,..
Virgin Islands (U.S.),VIR,Urban population (% of total population),SP.URB.TOTL.IN.ZS,92.586,92.814,93.036,93.251,93.461,93.664,93.861,94.053,94.239,94.419,94.594,94.761,94.919,95.07,95.213,95.35,95.48,95.603,95.721,95.832,95.939,96.04,96.136
Virgin Islands (U.S.),VIR,Trade (% of GDP),NE.TRD.GNFS.ZS,..,..,283.169834457388,362.968341562591,435.159336318146,503.206865401987,552.118644067797,560.367892976589,863.195098963242,508.402761247322,586.401480111008,679.232772910253,157.177794081683,142.241840556447,164.291725105189,84.7665847665848,113.296471827278,157.696362677913,159.240377262299,155.4234409124,113.596594939702,180.297315287331,205.629280821918
Virgin Islands (U.S.),VIR,Renewable energy consumption (% of total final energy consumption),EG.FEC.RNEW.ZS,0.5,0.6,0.6,0.6,0.6,0.7,0.7,0.7,0.7,0.8,0.7,1.2,2,2.9,4.2,5.6,5.7,5.3,5.8,6.2,5.9,5.9,5.9
Virgin Islands (U.S.),VIR,"Industry (including construction), value added (% of GDP)",NV.IND.TOTL.ZS,..,..,..,..,..,..,..,..,..,..,..,..,..,..,..,..,..,..,..,..,..,..,..
Virgin Islands (U.S.),VIR,Fossil fuel energy consumption (% of total),EG.USE.COMM.FO.ZS,..,..,..,..,..,..,..,..,..,..,..,..,..,..,..,..,..,..,..,..,..,..,..
Virgin Islands (U.S.),VIR,Population density (people per sq. km of land area),EN.POP.DNST,310.405714285714,310.14,310.025714285714,310.014285714286,309.902857142857,309.865714285714,309.625714285714,309.534285714286,309.705714285714,309.725714285714,309.591428571429,309.4,309.108571428571,308.688571428571,308.234285714286,307.748571428571,307.188571428571,306.517142857143,305.717142857143,304.768571428571,303.685714285714,302.485714285714,301.18
West Bank and Gaza,PSE,Carbon dioxide (CO2) emissions excluding LULUCF per capita (t CO2e/capita),EN.GHG.CO2.PC.CE.AR5,..,..,..,..,..,..,..,..,..,..,..,..,..,..,..,..,..,..,..,..,..,..,..
West Bank and Gaza,PSE,GDP per capita (constant 2015 US$),NY.GDP.PCAP.KD,2436.01207739636,2153.45735383203,1836.98042481351,2041.60484619659,2426.41565630382,2632.24627423958,2540.26763083127,2569.98434108953,2685.98601828464,2840.01594969395,2927.08101953403,3128.10811061384,3237.91619995789,3309.63120243098,3227.84934482645,3272.15432360708,3483.09903532972,3462.97986107136,3417.79440837962,3378.4346209191,2922.46801084844,3051.48607007995,3099.9609010368
West Bank and Gaza,PSE,Energy use (kg of oil equivalent per capita),EG.USE.PCAP.KG.OE,..,..,..,..,..,..,..,..,..,..,..,..,..,..,..,..,..,..,..,..,..,..,..
West Bank and Gaza,PSE,Urban population (% of total population),SP.URB.TOTL.IN.ZS,71.969,72.189,72.409,72.627,72.845,73.061,73.276,73.491,73.704,73.923,74.149,74.381,74.619,74.863,75.113,75.368,75.628,75.894,76.164,76.44,76.719,77.003,77.291
West Bank and Gaza,PSE,Trade (% of GDP),NE.TRD.GNFS.ZS,87.6390949554896,82.7259784699153,76.2528826143203,76.398689516129,81.1235906237101,83.8363540589578,82.6374735897388,91.9992434272745,79.4799190194791,75.1511928466305,68.4976501575169,67.2495329024414,66.9293273483831,66.2713181162369,67.7398371659149,70.7809681944405,65.4225141833383,68.4486607142857,71.4012754506469,68.9934922812035,67.2881912475775,73.0835496162129,82.3949283869453
West Bank and Gaza,PSE,Renewable energy consumption (% of total final energy consumption),EG.FEC.RNEW.ZS,17.5,17.1,21.8,21.7,23.1,22.8,18.1,20.5,20.1,16.5,14.1,15.4,12.2,11.7,10.8,11,12.3,10.5,12.7,13.9,15,15.4,15.4
West Bank and Gaza,PSE,"Industry (including construction), value added (% of GDP)",NV.IND.TOTL.ZS,21.4924888724036,24.0227789294902,20.0686202823556,23.1905241935484,19.9887032651908,20.9844509042667,18.3553652562497,17.5679625840398,17.336944626833,17.5581582299615,18.6262459329649,18.9342129964867,20.2360669702828,18.5586918722948,17.9717935338142,16.4252383269875,17.2627779869396,19.2317708333333,19.2841256773528,18.4328946216476,17.0283999819724,17.6851289414104,17.3927108606611
West Bank and Gaza,PSE,Fossil fuel energy consumption (% of total),EG.USE.COMM.FO.ZS,..,..,..,..,..,..,..,..,..,..,..,..,..,..,..,..,..,..,..,..,..,..,..
West Bank and Gaza,PSE,Population density (people per sq. km of land area),EN.POP.DNST,485.407475083056,497.970764119601,510.859302325581,524.08122923588,537.645514950166,551.560797342193,565.836212624585,580.481063122924,596.673920265781,612.807142857143,628.930398671096,645.014285714286,661.129235880399,677.194019933555,693.255481727575,709.317607973422,725.429900332226,740.000830564784,758.984551495017,778.290033222591,797.885215946844,817.05377593361,837.114024896266
"Yemen, Rep.",YEM,Carbon dioxide (CO2) emissions excluding LULUCF per capita (t CO2e/capita),EN.GHG.CO2.PC.CE.AR5,0.802287345978609,0.829100075263964,0.807080901897885,0.910447191485572,0.925071080023971,0.966288629463207,0.974579242659086,1.00019401201131,1.00533845631447,1.06581665247594,0.984657207806705,0.833853673890745,0.773794511833111,0.982040293997002,0.938063592216966,0.457351861858351,0.331022351670139,0.314049886976552,0.356586037885906,0.355001428595515,0.318360138794493,0.310937762097865,0.292772317813029
"Yemen, Rep.",YEM,GDP per capita (constant 2015 US$),NY.GDP.PCAP.KD,2114.65260945793,2129.75249827522,2148.86823438444,2164.84030822123,2185.76927121773,2237.61641456454,2234.72148420914,2235.72956503041,2244.02364394697,2257.44762100803,2356.1996041581,1994.83663340185,1981.45800029867,2014.72890570528,1950.16254490231,1362.17381205593,1197.95865935857,1103.45634861492,1079.3293837659,..,..,..,..
"Yemen, Rep.",YEM,Energy use (kg of oil equivalent per capita),EG.USE.PCAP.KG.OE,241.884502378759,260.291246901483,244.765880104457,264.070554409773,279.891332102562,289.030753712905,299.542924935684,283.812949035491,289.811528650795,311.080562559356,291.861999994351,240.192428627502,210.827759194461,281.953182312038,259.815942651214,119.994093431265,83.3695325901369,71.9650301584181,93.9408794935562,92.6774709704908,77.587699828637,71.3420686631943,68.9495345137687
"Yemen, Rep.",YEM,Urban population (% of total population),SP.URB.TOTL.IN.ZS,26.267,26.787,27.315,27.849,28.39,28.936,29.49,30.051,30.619,31.194,31.776,32.364,32.958,33.559,34.165,34.777,35.394,36.016,36.642,37.273,37.908,38.546,39.188
"Yemen, Rep.",YEM,Trade (% of GDP),NE.TRD.GNFS.ZS,75.4388386390908,70.8923979770182,74.7304558609206,74.3826165968098,71.8466740069203,76.773285677642,82.0761626564135,79.1234205876059,81.244718850294,68.0713910145084,64.3856367789811,63.0594579555133,61.3616371822837,52.5118781365995,48.2430405130867,30.3676590844547,31.0815442909684,42.9699046727963,56.0778227209515,..,..,..,..
"Yemen, Rep.",YEM,Renewable energy consumption (% of total final energy consumption),EG.FEC.RNEW.ZS,0.9,0.9,0.9,0.8,0.8,0.7,0.8,0.8,0.7,0.7,0.8,0.9,1.1,0.8,0.8,2,2.6,3,2.9,3,3.5,3.7,..
"Yemen, Rep.",YEM,"Industry (including construction), value added (% of GDP)",NV.IND.TOTL.ZS,48.7835790730058,44.9083545705105,45.1536229524171,45.9141110094936,47.8015521496085,51.5233832621526,51.9588106170624,52.3036364513925,52.5715277111729,52.7856660563457,52.9607477517213,53.1065650909927,39.7484554361994,38.9944141505545,39.8882580148736,33.8661593527785,25.9022680665842,25.9240409651209,25.4429978430802,..,..,..,..
"Yemen, Rep.",YEM,Fossil fuel energy consumption (% of total),EG.USE.COMM.FO.ZS,98.3701656190546,98.490071829489,98.398967173265,98.5202095083111,98.6076276963701,98.6554885657704,98.7064262182466,98.6372866447015,98.6794507561419,98.7585569375536,98.6202513687928,98.286739007295,98.0366489533097,98.4968311957768,95.0200538270853,60.0796251842946,0,0,0,0,0,0,0
"Yemen, Rep.",YEM,Population density (people per sq. km of land area),EN.POP.DNST,37.1690455897115,38.3092732541622,39.4626323465348,40.6393904956721,41.8492849972536,43.1654923575203,44.5917059681421,46.0595905070364,47.5631967725439,49.1083281247041,50.6740667083357,52.2433035967953,53.8546640907627,55.5201090971078,57.2500501922458,59.0173286360967,60.8159743924844,62.6757599863629,64.5589370608179,66.5026573479554,68.4411292308275,70.3453415913783,72.395924010834
Zambia,ZMB,Carbon dioxide (CO2) emissions excluding LULUCF per capita (t CO2e/capita),EN.GHG.CO2.PC.CE.AR5,0.194666782994902,0.190340415208057,0.194018585175417,0.20374021438336,0.202889383304119,0.210806225439611,0.198333772068929,0.17577278625652,0.181325647069376,0.19637684280268,0.209178356466614,0.227687106813256,0.291699625892531,0.297292089867931,0.315174628499026,0.324408264385906,0.343079985643022,0.405772040189619,0.448224835034155,0.379537706901308,0.392310458962627,0.396080170348242,0.387387685110727
Zambia,ZMB,GDP per capita (constant 2015 US$),NY.GDP.PCAP.KD,804.48463418783,822.020935308251,833.021177549004,863.650190656785,895.475258534826,929.079255855905,968.563565019492,1013.08567432637,1053.58612301068,1110.71918102486,1183.41712409199,1208.46424569634,1258.78938578996,1280.77012176778,1299.01241762504,1295.87788680068,1303.57513869133,1308.76829240086,1321.25045711573,1301.18132976178,1228.73500113195,1269.10821808895,1298.8480495593
Zambia,ZMB,Energy use (kg of oil equivalent per capita),EG.USE.PCAP.KG.OE,595.567896345718,596.349927915799,603.817790407024,611.086621828071,611.62904243083,607.942409416347,604.442195262904,597.399634418715,616.785241364652,619.989950482658,629.082900793812,646.079173071802,662.330990673445,671.712530708792,682.741627698753,686.58901801905,683.714230135287,702.724841881756,726.480224274828,741.616894830948,759.022718469978,769.932818962888,800.674873527651
Zambia,ZMB,Urban population (% of total population),SP.URB.TOTL.IN.ZS,34.802,35.002,35.475,35.951,36.43,36.911,37.395,37.881,38.371,38.861,39.355,39.851,40.354,40.865,41.382,41.907,42.438,42.976,43.521,44.072,44.629,45.192,45.761
Zambia,ZMB,Trade (% of GDP),NE.TRD.GNFS.ZS,60.3874689884965,64.668282708979,64.9164969990648,62.3128446757629,70.8130749317722,62.200282191364,57.8568188739027,65.7714586909068,59.4548891205874,56.1213809555165,65.0147025206122,72.7954324384283,75.367709855907,80.4562410213373,76.1934997276313,79.8652687573958,73.958561254616,71.5856946542566,74.8883695274665,68.791204936096,79.2068494095955,86.2085111934645,69.2973154193203
Zambia,ZMB,Renewable energy consumption (% of total final energy consumption),EG.FEC.RNEW.ZS,90,89.8,89.6,89.3,89.4,88.9,89.7,90.7,89.8,89.2,89.2,87.9,85.4,85.3,84.6,84,84,83.5,83.8,86.1,85.4,83,..
Zambia,ZMB,"Industry (including construction), value added (% of GDP)",NV.IND.TOTL.ZS,23.2438941549244,23.3606116903584,23.8755524352252,24.1349730396824,25.6961251757115,26.8496240283076,30.3961173223662,31.9096804308122,30.9906155705809,30.2244688791227,32.2389147610701,34.4442819243584,32.0106503918136,32.5564491082462,32.9441480248783,33.65724911523,34.8771666095938,37.3040449214626,34.4853215849232,34.9419812171167,40.1976896628281,41.8319384724467,35.2838210182449
Zambia,ZMB,Fossil fuel energy consumption (% of total),EG.USE.COMM.FO.ZS,9.26551082340491,9.45707268686053,9.74283681752818,10.03649031404,9.93118563777558,10.3694966015494,9.53634539483956,6.72215087963791,7.0791991268582,7.1795406133987,7.26041557558873,7.97004978299431,9.86617544068345,9.83169537211062,10.4271746830761,4.5261243265946,0,0,0,0,0,0,0
Zambia,ZMB,Population density (people per sq. km of land area),EN.POP.DNST,13.475606343911,13.8893245806373,14.3235031410162,14.7750104252142,15.2520184559921,15.7640256123973,16.3165404431052,16.9024132689436,17.5161409219925,18.1471219682804,18.7863624746096,19.4215633785765,20.0616486635548,20.7145603249976,21.3822018052435,22.0598730141648,22.7530946071376,23.4618706197285,24.1778460834824,24.9046113076582,25.6384872005273,26.3705551594721,27.1095091405588
Zimbabwe,ZWE,Carbon dioxide (CO2) emissions excluding LULUCF per capita (t CO2e/capita),EN.GHG.CO2.PC.CE.AR5,1.22732362068625,1.21318243443543,1.09665623260363,0.887558315783519,0.832297150162026,0.916126270403844,0.842096016719892,0.81874043369688,0.634570989190725,0.604163956054993,0.753562971510303,1.16551716224518,0.921993355424024,0.907383631915037,0.886702447654064,0.881275681881807,0.771648844879425,0.714627028745081,0.816125522899006,0.731381759643275,0.584283212450557,0.67247950745733,0.682242939473234
Zimbabwe,ZWE,GDP per capita (constant 2015 US$),NY.GDP.PCAP.KD,1676.49245294438,1689.28524565736,1524.30189058784,1250.28175915781,1164.95029123714,1088.07699515855,1037.69395049102,986.695816261281,802.635029439794,896.457890978913,1055.6699255673,1184.32960982582,1359.45829603738,1367.1204010724,1380.54927116793,1386.41855927575,1377.63927701563,1422.1934603003,1471.39488971183,1356.83821089692,1230.19155671068,1311.53099950094,1368.49841808934
Zimbabwe,ZWE,Energy use (kg of oil equivalent per capita),EG.USE.PCAP.KG.OE,555.920693046092,540.270613966905,519.581800171555,477.200797479578,449.272021527134,479.190598403953,494.383766335302,472.966456400849,416.061487434695,417.993358333389,420.028576465643,444.80696274803,454.708020211244,462.865283072286,460.332017093667,453.579542968744,423.185508873165,416.196232814442,445.175095167118,412.165419523265,373.557246170741,405.518563648677,416.586875381392
Zimbabwe,ZWE,Urban population (% of total population),SP.URB.TOTL.IN.ZS,33.758,34.17,34.585,34.479,34.294,34.11,33.926,33.743,33.56,33.378,33.196,33.015,32.834,32.654,32.504,32.385,32.296,32.237,32.209,32.21,32.242,32.303,32.395
Zimbabwe,ZWE,Trade (% of GDP),NE.TRD.GNFS.ZS,74.0674111297806,67.8978721688914,66.8073515648498,70.4519882160596,76.0396085957308,76.0437072796165,82.8206487761108,84.1729044270467,109.521637189895,61.7764909650234,83.1234047851259,89.4659437238642,74.1627003825153,58.6560737143829,54.6717592473918,56.7496526604333,51.2190376594477,55.028317831061,54.55031658746,55.7959843651922,47.3133820116249,50.8471233244119,64.7636073783674
Zimbabwe,ZWE,Renewable energy consumption (% of total final energy consumption),EG.FEC.RNEW.ZS,69.5,72.3,74.7,78,81.8,80.3,78.7,78,81.6,82.6,81.2,77.2,77,79.3,80.8,80.8,81.7,82,79.7,81,84.1,82.4,..
Zimbabwe,ZWE,"Industry (including construction), value added (% of GDP)",NV.IND.TOTL.ZS,..,..,..,..,24.3827492442468,26.4779794854587,30.6507755979564,32.4620596857102,30.4829618515087,21.4542439665372,20.6938109160792,21.7204779265502,25.3307428203126,23.7996368686109,23.7185157536991,22.3584627587732,22.1149729977438,32.0155841603676,31.0379107312087,32.0259428789891,32.7675182839849,28.8055859597976,39.6916413837249
Zimbabwe,ZWE,Fossil fuel energy consumption (% of total),EG.USE.COMM.FO.ZS,56.0481604127292,57.2463210206597,53.731308539548,47.9520211084506,46.4463652662887,48.7191348713518,44.9908764306461,44.6155730512558,39.3657942483514,39.8015586480346,41.9078921106066,48.3020031786397,49.6550109548727,50.6237009805682,50.211432275829,51.1764658138404,0,0,0,0,0,0,0
Zimbabwe,ZWE,Population density (people per sq. km of land area),EN.POP.DNST,30.74073930464,30.947139718237,31.2463564689156,31.6203257076386,31.9656094093318,32.2694377665762,32.6649735039421,33.0982499676877,33.4991572961096,33.9738658394727,34.5264262634096,35.1439162466072,35.7189789324027,36.2254310456249,36.7257567532635,37.2211787514541,37.7414863642239,38.2899883675843,38.8637766576192,39.4762000775494,40.13671448882,40.8354917926845,41.5382086079876
Africa Eastern and Southern,AFE,Carbon dioxide (CO2) emissions excluding LULUCF per capita (t CO2e/capita),EN.GHG.CO2.PC.CE.AR5,1.06224040916636,1.06400525328806,1.06914985608402,1.09613904669279,1.15029873347481,1.15243439029391,1.14241721233419,1.16052182044321,1.19212343708742,1.10809144303788,1.10758741380866,1.06705872289157,1.07362868730556,1.08644916165911,1.09641627194981,1.04337266896328,1.02611620352542,1.01287268706958,0.997156908690821,0.98349171676113,0.845417186255912,0.863532873647527,0.816361436828426
Africa Eastern and Southern,AFE,GDP per capita (constant 2015 US$),NY.GDP.PCAP.KD,1196.92976594366,1207.22915865621,1221.24592539704,1224.80628548513,1259.13592068834,1301.66161668619,1350.73057684768,1402.25924781269,1424.16219679945,1398.07772680316,1431.21195789305,1449.85349970149,1436.27450997855,1457.67290748026,1475.73903934085,1479.61525980543,1472.69922995631,1472.97115180926,1471.43831747146,1463.43789056716,1383.72411941014,1409.04069884703,1421.79716897878
Africa Eastern and Southern,AFE,Energy use (kg of oil equivalent per capita),EG.USE.PCAP.KG.OE,635.550217773356,621.510017966009,604.936501069868,628.094857041229,641.941011775843,626.086764059889,630.049517762709,639.893343761975,658.39785740852,659.121147320855,627.156239582265,635.046810144813,610.804236639906,613.049430088923,620.948652436034,608.762824499911,607.297809226803,597.786385354869,585.044145398047,587.648036459011,566.960723229114,579.816693062829,562.060699360646
Africa Eastern and Southern,AFE,Urban population (% of total population),SP.URB.TOTL.IN.ZS,28.8133608282101,29.1100111724331,29.4238903158694,29.7348697219553,30.0480397812627,30.3809953392877,30.704020023887,30.9582450271517,31.3627828804761,31.7742373050596,32.1955953471221,32.6280688229592,33.052742223393,33.4965565572998,33.9596331101231,34.4472807617476,34.9195443761507,35.3962894579202,35.8933979262181,36.384272287815,36.8840344817359,37.3936325291716,37.9090120211832
Africa Eastern and Southern,AFE,Trade (% of GDP),NE.TRD.GNFS.ZS,46.4662178022745,47.8537819872049,59.4248200763606,56.7923043760341,57.8340561839181,60.351366443884,60.8634263148316,66.8260113985661,74.4161999428254,63.7968822020446,63.4781604569498,64.6383588202019,62.4450392862919,62.5877608110382,61.0154620503414,55.5972237458378,52.891642797385,52.6203405929284,55.5470136195262,52.609045435017,50.3840532381096,55.6440943321239,58.6422872783484
Africa Eastern and Southern,AFE,Renewable energy consumption (% of total final energy consumption),EG.FEC.RNEW.ZS,65.3858665294723,65.8173627780445,65.0992811815578,64.6151241962775,63.6780350675331,63.1090982683818,62.7381235737246,61.5051686589556,61.9080266133138,61.3046006287143,62.8763868126774,62.8052791594478,61.4099642987411,60.8017990466951,61.2358816947099,61.6702780479896,61.8228841937413,61.4269497576408,61.5875298317964,62.6907096127666,65.7823798017466,..,..
Africa Eastern and Southern,AFE,"Industry (including construction), value added (% of GDP)",NV.IND.TOTL.ZS,26.7415126309128,26.7868000822369,27.3859801501421,26.6436209356954,26.9355433008991,27.8736794915037,27.9721466441558,29.1580062157935,30.5971689632739,26.6991157257869,27.6421606866674,28.7747163971712,28.5566166014732,27.8459480322243,27.186253746829,25.2180674232384,25.0321295317184,26.2857181192964,27.8583006587141,26.4228370463514,25.4357297498259,26.0857745722645,26.9325147667092
Africa Eastern and Southern,AFE,Fossil fuel energy consumption (% of total),EG.USE.COMM.FO.ZS,47.750923132238,46.9870010217962,45.0264058500342,47.4292382945314,49.043139847841,48.2060382291085,48.6386545878544,50.7788482410199,51.9583084650662,51.7665453236683,49.888658935811,49.8452112061088,47.9888148562131,47.7908244853555,48.4840013025553,47.3248811399745,47.2042765305367,46.7516150167449,45.8562097907504,46.2219929707477,43.2322046479544,43.4855157544601,42.993108618321
Africa Eastern and Southern,AFE,Population density (people per sq. km of land area),EN.POP.DNST,33.3035106646153,34.1768746149742,35.0798625833507,36.010765348288,36.5295746590212,37.5135919528181,38.5286306361067,39.5795390720338,40.6724831497104,41.8010527779488,42.9574912715677,44.1254633537399,37.6965165566856,38.7469753050245,39.809154639038,40.8971995109358,41.9915537679033,43.1158195866339,44.3109394118317,45.5334654681731,46.7795135824364,48.0354728061518,49.2972007384894
Africa Western and Central,AFW,Carbon dioxide (CO2) emissions excluding LULUCF per capita (t CO2e/capita),EN.GHG.CO2.PC.CE.AR5,0.533661233260197,0.551083898694549,0.502950753690679,0.528566210567396,0.510387030502224,0.500513164604261,0.464381052277335,0.437051092228309,0.451267465340572,0.417316125294391,0.456851164651759,0.473954567156266,0.47034807932458,0.50440016056654,0.513469247225856,0.499586914619379,0.506323433479928,0.495060473040885,0.509712919454392,0.518890458701009,0.497159160200381,0.512748783317137,0.505462163299022
Africa Western and Central,AFW,GDP per capita (constant 2015 US$),NY.GDP.PCAP.KD,1184.3601376623,1211.60657416161,1295.46024656435,1330.01534966024,1397.57989325249,1438.7657371855,1473.575756798,1511.39802807784,1561.49690310715,1611.51321017603,1677.42793720229,1711.40576272057,1750.0258910552,1805.52643337702,1857.25875463317,1860.72769393488,1815.16869287797,1808.71649348956,1814.688734184,1829.07062009788,1768.31356500952,1796.60208538449,1824.95329630102
Africa Western and Central,AFW,Energy use (kg of oil equivalent per capita),EG.USE.PCAP.KG.OE,285.657322343808,289.237182398885,292.177320461456,296.980066862543,302.295886835961,312.334701917274,302.907262026617,300.302468319768,306.79657435129,295.423285524058,336.412979107051,359.064392844876,353.413958029407,356.913661271615,354.759851343277,336.978667905031,343.896337502189,332.429748033803,325.467766288687,341.666132517863,336.566406948633,350.102510019167,351.913061564233
Africa Western and Central,AFW,Urban population (% of total population),SP.URB.TOTL.IN.ZS,35.3416982581812,35.9510346012348,36.5627714477109,37.1831143920223,37.8109522443181,38.4483793654511,39.0946115629788,39.7385907099206,40.3795094007576,41.0233922174474,41.6724226228926,42.3164260992184,42.9568375522776,43.5879525927349,44.2182784910463,44.8490994916973,45.4738502261529,46.0941365580819,46.7097526162217,47.3226173576126,47.9310209575797,48.5319710590464,49.1298079868363
Africa Western and Central,AFW,Trade (% of GDP),NE.TRD.GNFS.ZS,..,..,..,..,..,..,..,..,..,..,..,..,..,..,..,..,..,..,..,..,..,..,..
Africa Western and Central,AFW,Renewable energy consumption (% of total final energy consumption),EG.FEC.RNEW.ZS,83.1015124875548,81.9392428609391,81.7355279822687,80.7104497731199,80.7905367283385,80.9340336358309,81.8733098332193,82.3300149481968,81.2111702741465,82.3902132632194,80.6878062215966,79.282287064176,78.4812300030604,76.7014987422216,75.7410088804396,76.181670524591,75.7968398295924,76.1016805879549,75.4765777368905,75.0787881678252,75.846980103796,..,..
Africa Western and Central,AFW,"Industry (including construction), value added (% of GDP)",NV.IND.TOTL.ZS,31.8037043942677,27.8124894251224,25.126792969954,27.1960130792107,28.9930723438745,29.5506243557277,28.2591111830315,27.16761293176,28.2040621962332,24.6789313802717,27.3980745992785,30.3277474333206,29.7456090820347,28.7599773533931,27.3299541903939,23.1516918052661,21.5173160721646,24.4242116167711,26.6968345785938,27.5089101024665,27.1835575213791,29.3993066268417,30.0361526497104
Africa Western and Central,AFW,Fossil fuel energy consumption (% of total),EG.USE.COMM.FO.ZS,37.9162528214722,38.8485559634129,39.0072764073749,39.9673585674887,38.1234396097328,39.7761137467115,38.172429623544,38.0676132569154,38.9454618974178,36.4636482027312,43.8084714554267,46.5797118993664,44.2617531448831,44.9532003596271,47.0963564231032,45.789187933884,47.3382394597892,45.6637609179918,45.2089133769759,47.6414467210372,47.0610760520463,47.0674267190768,47.1177454829575
Africa Western and Central,AFW,Population density (people per sq. km of land area),EN.POP.DNST,30.3974279719383,31.2610650491168,32.1522074381645,33.0698784405546,34.0186363143919,34.9984717735784,36.0016668545996,37.0320940814391,38.0935761205778,39.1722818817172,40.2793645213569,41.4325954201849,42.601118864266,43.780658715998,44.992476823447,46.2235257766605,47.4757006029331,48.7390701520488,49.9897095662287,51.2245254219844,52.4631237583976,53.7180180179184,54.9855916127898
Arab World,ARB,Carbon dioxide (CO2) emissions excluding LULUCF per capita (t CO2e/capita),EN.GHG.CO2.PC.CE.AR5,3.5066693458292,3.6282264627197,3.66257090307765,3.68357775564047,3.79973743556739,3.97372625003149,4.07420334366862,4.13314001094876,4.32741395266453,4.37136973332286,4.54220501792065,4.55986749973683,4.77097399813196,4.74915587831192,4.80031301506869,4.79605263282692,4.74301501300353,4.71887556951708,4.60094783666743,4.57247190340165,4.27290948985851,4.40069810346158,4.4035884024526
Arab World,ARB,GDP per capita (constant 2015 US$),NY.GDP.PCAP.KD,4915.07098418265,4897.85868212299,4840.41100234932,4931.73909920056,5255.59538824308,5418.23751648854,5621.03289229308,5733.49995086153,5900.67914827487,5793.59521671987,5953.89088311612,6038.37051066657,6196.73883024471,6200.05917460349,6213.19485330044,6262.04168490023,6335.74627340697,6309.55882237984,6362.19976190562,6351.40326996305,5923.37350684471,6091.32544269033,6369.41320452418
Arab World,ARB,Energy use (kg of oil equivalent per capita),EG.USE.PCAP.KG.OE,1309.74545597546,1388.57722408896,1427.30356743639,1413.09141410784,1434.78995932043,1502.78098850234,1543.33388450494,1573.21507385738,1648.78209665742,1689.54663685973,1751.68699258111,1756.14584935149,1794.39801123927,1773.10893078631,1834.7635358316,1838.08041030075,1837.88924521527,1845.53833233154,1813.73691367158,1794.80105446141,1677.41911396716,1736.00525650969,1780.22285816424
Arab World,ARB,Urban population (% of total population),SP.URB.TOTL.IN.ZS,52.3262723083108,52.6161793476524,52.9051617965408,53.2051293342866,53.5065936014142,53.8531371963039,54.2288759885801,54.4937880728369,54.9030113257958,55.2960382525499,55.5654925471108,55.8725648894499,56.1657052407112,56.5495371540208,56.9048148917087,57.3250720145106,57.6531027450977,57.8627472124114,58.0104842292073,58.2045421060528,58.4966741305089,58.6629266021441,59.0542670171409
Arab World,ARB,Trade (% of GDP),NE.TRD.GNFS.ZS,72.0132013903781,73.2257874878296,73.5196699691836,80.1785790851094,84.5068077172055,88.6457164514443,88.9408719600555,92.9395640965946,96.7573478237637,88.7840499830423,85.9001521918565,88.7504086450893,90.2587169143265,89.2979576378163,87.1740681047132,82.4441423153166,76.8612083722648,80.2510490338559,80.59966491976,79.9851696130323,75.0892219724699,79.927415460136,87.2777226969785
Arab World,ARB,Renewable energy consumption (% of total final energy consumption),EG.FEC.RNEW.ZS,6.68620917917034,6.51598735228951,6.35988226243436,6.46595494634639,6.74118351399042,6.40448670890967,6.19564709639159,5.60004577861799,5.13130870182265,5.05522238152558,4.83562159152557,4.65946283874801,4.44428218260031,4.48323739439238,4.35137245136187,4.21496941236506,4.29077756155343,4.3581617981618,4.50425823426351,4.70633158020559,5.17060073389405,..,..
Arab World,ARB,"Industry (including construction), value added (% of GDP)",NV.IND.TOTL.ZS,50.0023871323004,46.7474775211131,46.7936666635325,47.4009618137623,49.6124543754135,53.4141300489225,54.6274934051753,53.4190435691351,56.1453364049948,47.7153859142994,50.2255414479027,53.6045601718922,54.3526695200581,52.1738856667425,49.6681264002674,40.5909528609385,38.316262205666,40.9322379003297,44.6975923819219,42.5821217395376,36.4852622132868,42.9633701900342,48.8502397878411
Arab World,ARB,Fossil fuel energy consumption (% of total),EG.USE.COMM.FO.ZS,94.7367813335762,94.8883911488646,95.0721276390868,95.1374136121573,95.0470862396077,95.3488833874481,95.5088694814484,95.8276882425737,96.2220025067089,96.2927837734051,96.3687473157329,96.4540392340735,96.5559261306022,96.5048339478094,96.7031389779189,96.7870527693813,96.8468046043994,96.8847409100606,96.8055919539957,96.6322077601741,96.3176171089859,96.1222182784702,95.8392833423507
Arab World,ARB,Population density (people per sq. km of land area),EN.POP.DNST,25.5039700746683,26.1298611508539,26.7627925444071,27.3972610847768,28.0421467594687,28.7157314954512,29.4185278894372,30.1680454274111,30.9456223002043,31.7272353692493,32.3666218189319,33.1221072734311,29.0844280794096,29.8423825738577,30.550772641086,31.3110035717644,32.0451442075354,32.6945464038478,33.2809532562352,33.9131958947659,34.6339103040644,35.1623623846891,35.9918336255039
Caribbean small states,CSS,Carbon dioxide (CO2) emissions excluding LULUCF per capita (t CO2e/capita),EN.GHG.CO2.PC.CE.AR5,6.17626027209244,6.78269623913398,7.10289848004228,7.92776580539572,8.3450861877351,9.97496461263554,10.8025698459266,11.0447429831014,10.8178346197278,10.4811088960691,11.4346200340974,11.2775275659487,10.6452371971257,10.4205058057412,10.4176882739623,10.3029745321892,9.74412697666823,9.31069548846349,9.24427439697,9.59403880234087,8.73159072877325,8.51225238978587,8.31739417562943
Caribbean small states,CSS,GDP per capita (constant 2015 US$),NY.GDP.PCAP.KD,10372.1053308649,10514.7724360658,10852.1489476006,11428.5323698188,11879.2531848005,12497.3875295228,13401.5929873654,13831.9907414897,13979.6334831429,13436.7013903097,13604.562899963,13630.0960001727,14138.3838872356,14247.7831117398,14514.3655264586,14402.4725779389,13879.4394084275,13691.8734663745,13729.8696430575,13745.4324449993,12447.4815923975,13195.181516013,15115.6283091077
Caribbean small states,CSS,Energy use (kg of oil equivalent per capita),EG.USE.PCAP.KG.OE,..,..,..,..,4055.21834361878,4689.43000938639,5122.88564753561,5373.67067488637,..,..,..,..,..,..,..,..,..,..,..,..,..,..,..
Caribbean small states,CSS,Urban population (% of total population),SP.URB.TOTL.IN.ZS,49.4118251124998,49.3864691771211,49.3209060019469,49.2353900046655,49.1376927029049,48.9362817686175,48.823070972757,48.7196540194762,48.6177371493486,48.5133312024238,48.4287004395765,48.3838117896069,48.3739174351328,48.3569432367189,48.3537213917686,48.3596419249866,48.3751733912142,48.4023208037305,48.3598060566405,48.3740566861139,48.4789384076252,48.5521210245119,48.6529372671664
Caribbean small states,CSS,Trade (% of GDP),NE.TRD.GNFS.ZS,..,..,..,..,..,..,..,..,..,..,..,..,..,..,..,..,..,..,..,..,..,..,..
Caribbean small states,CSS,Renewable energy consumption (% of total final energy consumption),EG.FEC.RNEW.ZS,11.3438453713123,10.4633576642336,10.9455765407555,10.0274405050996,10.0686854460094,8.82919141160347,9.42070063694267,8.52536082474227,8.71866048862679,8.57920034028073,7.763243873979,8.84632068164214,7.93956806787505,6.8601581027668,6.01613766730402,6.1973602484472,6.68268450932684,7.41293833131802,7.1973830973831,5.88822815533981,6.28843567906768,..,..
Caribbean small states,CSS,"Industry (including construction), value added (% of GDP)",NV.IND.TOTL.ZS,25.3407011825174,24.1171640345878,23.5630185776534,28.0489282646521,30.1833219570314,33.7907400795209,35.477144015927,35.3476693973051,40.3643286204381,31.763074645934,33.0747976406062,35.7684349983766,31.3877900130258,30.5567098334302,29.6495113968519,24.8929421590821,24.2989627533906,25.2857422897184,25.618947783333,24.6578325711092,24.5532533263353,29.5447603261654,36.5842618945573
Caribbean small states,CSS,Fossil fuel energy consumption (% of total),EG.USE.COMM.FO.ZS,98.5355103446878,98.6592747018722,98.683920430355,98.9381171147655,85.9322714511587,87.3459070839359,88.2326860115997,88.6860957417251,99.1172860602799,99.1239407114428,99.2886891363114,99.3623242675258,99.4237405336517,99.4184209293356,99.5484781230623,99.5708317257709,99.3855099628893,99.3163168115206,99.2815942711008,99.3180773582721,99.2262499125797,99.2460497546649,99.274888507237
Caribbean small states,CSS,Population density (people per sq. km of land area),EN.POP.DNST,9.92711395830266,10.004543976263,10.0841093544309,10.1648917122706,10.2391124168285,10.1610726544141,10.219941850453,10.2849963143081,10.3505149869039,10.4055500696677,10.4718842441054,10.5415707584225,10.610168264126,10.6835308098227,10.7559574103285,10.8253252516181,10.8934309469801,10.9556775752626,11.059856053637,11.1488737254616,11.1894430601684,11.2392890419813,11.2848141186504
Central Europe and the Baltics,CEB,Carbon dioxide (CO2) emissions excluding LULUCF per capita (t CO2e/capita),EN.GHG.CO2.PC.CE.AR5,7.0333988444065,7.19877210524191,7.0911730151653,7.42283970199739,7.4220404756752,7.43445674041087,7.6739629469408,7.75254608263139,7.58281734814222,6.95135876053997,7.25910070945483,7.29250986699776,7.04660507632222,6.83277277559224,6.67488390206715,6.7963317084343,6.91992461728822,7.20438541879189,7.18920640877708,6.83459345128205,6.43883502612137,7.00168629076029,6.88404936488097
Central Europe and the Baltics,CEB,GDP per capita (constant 2015 US$),NY.GDP.PCAP.KD,7450.84783060072,7730.93571388212,8057.20843158367,8405.61688234993,8923.84368154359,9387.57581776009,10036.5200313461,10712.5958772465,11177.0081279721,10792.8397629018,10998.6732543831,11421.8179722162,11544.5451357668,11662.0190543525,12076.2019030548,12596.9475064791,12991.5831012396,13696.4865078378,14427.2136400191,15039.0854339968,14633.6483797066,15748.7346962917,16406.3748705233
Central Europe and the Baltics,CEB,Energy use (kg of oil equivalent per capita),EG.USE.PCAP.KG.OE,2381.7789875388,2463.92432408414,2488.20279463695,2575.75689670154,2585.0570772537,2629.49750034566,2703.24241265251,2711.3043952263,2714.57232709977,2531.74340604357,2657.48197415251,2658.75435879536,2585.09598428927,2544.19963483215,2486.69110195474,2528.22006328076,2589.29903149768,2707.96339038787,2762.10272447413,2699.50660805025,2621.63600452965,2806.97546373865,2683.1570949953
Central Europe and the Baltics,CEB,Urban population (% of total population),SP.URB.TOTL.IN.ZS,61.4761873574983,61.4954533010999,61.5557607471992,61.6021556919924,61.6481810490578,61.7026922241905,61.7638954455271,61.8418454287671,61.9245405466205,61.9860468760089,62.0260650244197,62.0639344852313,62.0822947513821,62.0853985481731,62.096663299312,62.1180221963844,62.1565528590691,62.2153791390802,62.2947407041374,62.3925547365605,62.5213419275711,62.6535671301718,62.835931596872
Central Europe and the Baltics,CEB,Trade (% of GDP),NE.TRD.GNFS.ZS,79.966182784819,80.5911753052678,79.5447219618856,83.8467467274666,90.7634620261512,93.7320808776106,101.887750515862,104.681609503951,104.184884067717,92.9317239351587,104.464664270605,112.883240958105,116.120635352461,117.682527739437,119.874848066537,119.413104244675,120.335177819385,123.350955669178,123.723652937066,121.278616589799,114.570862331556,125.445341328855,139.624675349051
Central Europe and the Baltics,CEB,Renewable energy consumption (% of total final energy consumption),EG.FEC.RNEW.ZS,9.93462832051322,9.886920662836,10.1651233390795,10.2752610927543,10.7849700389784,11.281127395073,11.1059202329456,11.3862829485805,12.1782191475117,13.7392384371762,14.5716532675985,14.7499600707318,15.6926044784711,16.6612114024685,17.0702957655506,17.1594982078853,16.8577627377285,16.4703987047156,18.1476863313142,18.8601539560352,19.6977838168354,..,..
Central Europe and the Baltics,CEB,"Industry (including construction), value added (% of GDP)",NV.IND.TOTL.ZS,28.8746540505292,28.6136572822253,28.2292798238016,28.4513975696766,29.4176847395587,29.5104721825402,30.0378500421246,30.1611643122299,30.0920452617747,29.7822059984786,29.8122203446518,30.5760475015506,29.6262586998802,28.4225578345563,29.3028737746094,29.5195610015245,29.0046633777627,28.012698314626,27.7841849809225,27.4983672994915,27.0364242275861,26.5768924039531,27.3524496261107
Central Europe and the Baltics,CEB,Fossil fuel energy consumption (% of total),EG.USE.COMM.FO.ZS,85.789508414296,85.6421816882785,84.8270287275546,85.0421267028573,84.3618248503864,84.0388777614505,84.2090812133664,84.1241333997874,82.6199028367249,80.6725932179359,81.060999409797,80.9039198474816,79.2018635743881,78.3607619460349,77.334302362587,77.4453728901794,77.7477619677425,77.9435919536441,76.6423244496855,75.1989331318621,73.765281642929,74.9293008570427,74.4891649181178
Central Europe and the Baltics,CEB,Population density (people per sq. km of land area),EN.POP.DNST,98.1455805547486,97.4326347616992,96.9453892371877,96.6357946311316,96.3611331879134,96.1115677123883,95.8699753736775,95.5226277464895,95.1826331612885,94.9140560740283,94.5723770250091,94.3426815032299,94.1348819123649,93.7188941593356,93.3954139880869,93.1179707001656,92.8247588904212,92.6047341774741,92.3692084301826,92.1854556712536,91.5975668995432,90.6877587931935,90.5708010536644
Early-demographic dividend,EAR,Carbon dioxide (CO2) emissions excluding LULUCF per capita (t CO2e/capita),EN.GHG.CO2.PC.CE.AR5,1.65239082572299,1.65109711068216,1.67300043333451,1.7136771440152,1.77864729731647,1.82489066860657,1.89136885136398,1.96897702163134,2.00692607454905,2.0273941558375,2.09453651231462,2.13736333982496,2.21618072843656,2.20320635919252,2.27113950423154,2.26229306924747,2.27218667734432,2.3350539601054,2.35376403110086,2.33494234831358,2.16045469902446,2.28574805484061,2.33747513954449
Early-demographic dividend,EAR,GDP per capita (constant 2015 US$),NY.GDP.PCAP.KD,2179.57227094119,2163.98713900034,2166.91877715115,2240.12438513381,2338.11435994232,2434.67072282312,2539.94909752522,2641.61069904162,2689.5968649202,2666.76155884388,2796.60483926579,2890.64966596632,2967.59848958026,3043.82525423964,3126.23097443148,3219.68827173818,3317.06815926143,3427.77881974115,3516.28535725061,3556.47650660398,3365.39681686141,3580.09519085706,3751.2648671429
Early-demographic dividend,EAR,Energy use (kg of oil equivalent per capita),EG.USE.PCAP.KG.OE,672.584750799077,668.17199326737,679.471653322007,690.830149986856,711.169510762489,728.382672749811,746.860540748836,766.146173401742,786.630139488981,793.839301652154,812.577194352047,822.220315086009,836.373756405216,836.597895456877,861.722450793759,860.92823065967,871.536606871326,891.861098441034,892.668109304478,899.45854914906,862.363351958046,910.570346376032,943.128344625501
Early-demographic dividend,EAR,Urban population (% of total population),SP.URB.TOTL.IN.ZS,38.2479884233456,38.5738998095604,38.9324288858957,39.2908672452613,39.6553695908555,40.0254075283237,40.4041156940663,40.7769666713782,41.1574165001313,41.5380760267634,41.9029813707321,42.2694370720537,42.6346426000162,43.015949236188,43.4013542045574,43.8136019607097,44.2160174055837,44.6014670203505,44.9830331970367,45.3762640144949,45.7878149257313,46.185409692723,46.6251546023672
Early-demographic dividend,EAR,Trade (% of GDP),NE.TRD.GNFS.ZS,48.769053993432,47.5889599208863,49.0899603299895,49.9405997319524,54.1436673093529,56.5434196752264,57.9366854081639,58.2261714195529,61.2516331459839,53.2622719599752,54.8083448722747,58.0316813807899,57.690962087291,56.4022755024859,54.5270478495113,50.727586065499,48.8658060503753,50.9853129921075,54.720818897844,52.2545931493767,48.0403591303045,54.320819389462,60.0623661947115
Early-demographic dividend,EAR,Renewable energy consumption (% of total final energy consumption),EG.FEC.RNEW.ZS,30.4115078474481,30.2824344933359,29.6019530457092,29.033800310868,28.3764922132302,27.8795150462726,27.1651772172781,26.2096590198511,25.9491221333158,25.4129390516275,24.8615971543891,24.0855008274837,23.7687952198121,24.0275019293983,23.4924369677916,23.2788830905664,23.2789953267586,22.9476250496601,23.0553629444334,23.4235915027361,24.9895503831566,..,..
Early-demographic dividend,EAR,"Industry (including construction), value added (% of GDP)",NV.IND.TOTL.ZS,32.3805315578442,31.8409737138617,32.8666939375831,32.4789262543723,33.6318527432335,34.8564753828057,35.9453750481821,35.6343720893248,36.9136005851333,33.7313820498593,34.3460097663964,35.2228421610833,35.00846619618,33.9162938874948,32.8054536271618,31.968302469118,31.4182821681482,31.9776781435346,32.9931161675963,31.9075075034085,30.7382453734137,32.8525361206552,34.2582758256014
Early-demographic dividend,EAR,Fossil fuel energy consumption (% of total),EG.USE.COMM.FO.ZS,78.4727746777316,78.5026732030382,78.9905174392249,79.3971883474201,79.87772750045,80.2091252423212,80.5585292663323,81.04159285277,81.6791585739113,81.8410962706664,82.1021034378152,82.2603972409782,82.6113405497155,82.1571561151651,82.6889795831696,82.5543980043324,82.3880083446395,82.4195111977602,81.9414813796362,81.7870345543725,80.6855526762697,81.2922443076134,81.2196457930468
Early-demographic dividend,EAR,Population density (people per sq. km of land area),EN.POP.DNST,75.6044104013335,77.017662871189,78.3909683143576,79.7530261092754,80.8325051329444,82.2031159963338,83.5796772703463,84.9538936563716,86.317587643204,87.6854105545023,89.0525525332427,90.4444620157787,91.8072245321802,93.1523170525683,94.4506290925745,95.7429697331358,97.0256299345761,98.2755925064534,99.4817619661395,100.705896897962,101.937460447807,102.970775558914,104.215136704616
East Asia & Pacific,EAS,Carbon dioxide (CO2) emissions excluding LULUCF per capita (t CO2e/capita),EN.GHG.CO2.PC.CE.AR5,3.31030569315781,3.39007206387434,3.55051558278995,3.86448667908202,4.22230383221709,4.56847727106486,4.86697240070339,5.16055693651313,5.21148828304572,5.41312744716546,5.82401545642879,6.22525241080319,6.34886605722771,6.52504408924785,6.53596189497415,6.43867284797118,6.42993425732309,6.52618302588045,6.75630608554915,6.86923370404473,6.83306059558734,7.08672521505706,7.00012670436035
East Asia & Pacific,EAS,GDP per capita (constant 2015 US$),NY.GDP.PCAP.KD,5037.74846611186,5158.27566255205,5341.96598541057,5565.00241873511,5848.89608588104,6151.46241562103,6501.30587125695,6935.23063025292,7188.3884442262,7324.39505150941,7827.32592584171,8194.57043365624,8551.14311350086,8930.66566384547,9288.66786787888,9657.52889618953,10035.4566392464,10468.1195299222,10903.061725507,11285.3290344998,11233.1998729839,11916.6591236649,12249.7952074863
East Asia & Pacific,EAS,Energy use (kg of oil equivalent per capita),EG.USE.PCAP.KG.OE,1196.06644605495,1205.51259685028,1249.12695234508,1335.0733671216,1444.86755507908,1516.79498463798,1593.05041314665,1659.96400745446,1677.04523871186,1727.23226972069,1856.09851451024,1914.39604814779,1947.8172550298,1989.21398792676,2010.20689117482,2000.6809777292,1994.10921872918,2044.40218763886,2113.21476021091,2164.40254913959,2177.53040742144,2289.23126526578,2321.46909977427
East Asia & Pacific,EAS,Urban population (% of total population),SP.URB.TOTL.IN.ZS,41.4610353715653,42.4512936275273,43.5330300204815,44.6158597852124,45.7023209102196,46.7853720162275,47.8347136993276,48.8657980593705,49.8986960290052,50.9238337525509,51.9469002743605,52.873230697114,53.7643617758052,54.6496650596792,55.5360592269389,56.4205224809368,57.3027481588233,58.1765611121294,59.0346049837374,59.8725583443197,60.6822345154889,61.4594002340012,62.2257312651105
East Asia & Pacific,EAS,Trade (% of GDP),NE.TRD.GNFS.ZS,52.6476481051457,51.3433036988959,52.8553613886784,58.3458561661376,64.8662465173739,67.3826781807488,69.8220397715487,69.0785621386721,69.5819394558481,57.4961339605384,62.6992613442183,64.909937479383,63.5014710084766,62.7282464521268,61.7586192532762,56.2395988915297,52.6065616879845,54.5709993358452,55.5954072530637,53.3341085131921,50.3026651330018,55.4514242716015,60.5212524048302
East Asia & Pacific,EAS,Renewable energy consumption (% of total final energy consumption),EG.FEC.RNEW.ZS,22.4699992122275,21.7860879921779,21.1665092061506,19.8363938905982,17.9775346321832,16.4297576010523,15.9686753943731,15.0789487832137,14.735235141223,14.2636176245449,13.434787598045,12.7263364615484,12.7952806131987,12.807588042962,13.1772220799983,12.9820393664344,13.3311956056945,13.5844394239657,13.7870493058758,14.2375892668268,14.8081424064458,..,..
East Asia & Pacific,EAS,"Industry (including construction), value added (% of GDP)",NV.IND.TOTL.ZS,33.9979527763837,33.1706376512739,33.0091001222454,33.2686277648776,33.5783545596728,34.1407534015344,34.8521733026691,35.2596611887957,35.4341248728342,34.8812222846145,35.6491593975339,35.6843020885845,35.4991317689365,35.6296269518158,35.7466947439036,35.0383550283451,34.2476960276529,34.7255622256122,34.8709582542981,34.1364317268032,33.8208645542871,34.925057052437,34.9007258699429
East Asia & Pacific,EAS,Fossil fuel energy consumption (% of total),EG.USE.COMM.FO.ZS,80.5537001797908,81.036091776468,81.8365357637384,83.5126941412745,84.3910978279969,84.9371389767759,85.5520259008759,86.6227121737585,86.6485846836308,86.936245782538,87.5506205792195,89.057769116944,89.4101500961501,89.3839616872323,88.8910331980967,88.5472643340584,87.8592551657058,87.5511927266058,87.0474780366794,86.6460143524815,86.3616897653977,85.9966789556784,85.541782743536
East Asia & Pacific,EAS,Population density (people per sq. km of land area),EN.POP.DNST,83.8610283923368,84.6180209072522,85.3339979051621,85.9898625903736,86.6447901055722,87.2821829617991,87.9299461993076,88.5992481515687,89.2704344580735,89.9112402589462,90.541816346644,91.2047609541949,91.9505053157009,92.6875501269335,93.3939861708619,94.0667650140412,94.6937276463779,95.3640917843833,95.9404015370252,96.4384403820969,96.8326589374524,97.0062255590139,97.335244772577
East Asia & Pacific (excluding high income),EAP,Carbon dioxide (CO2) emissions excluding LULUCF per capita (t CO2e/capita),EN.GHG.CO2.PC.CE.AR5,2.47580039085481,2.57246368932871,2.73374478318436,3.08408379977432,3.4759823321491,3.86088870943536,4.20452595067235,4.50817611357017,4.60270951182899,4.85887802420269,5.26408172780653,5.67217574678604,5.79484796534005,5.99331356229783,6.04196302012474,5.94980208116405,5.93583532255736,6.04782590343549,6.32626474561795,6.48286400382153,6.50586652845903,6.77370808260879,6.73944156729028
East Asia & Pacific (excluding high income),EAP,GDP per capita (constant 2015 US$),NY.GDP.PCAP.KD,2132.39410423255,2259.81828605734,2422.47671732858,2618.81609426375,2835.25083360468,3095.23480174477,3410.6774971557,3805.18151972235,4102.13288402558,4397.68610978362,4797.25188466663,5168.4832165349,5511.82854369397,5864.64303651664,6225.6558853226,6589.77384002779,6966.47429558357,7374.82657013849,7806.58937392474,8220.70959573115,8293.70107855619,8905.88956214936,9199.99703074238
East Asia & Pacific (excluding high income),EAP,Energy use (kg of oil equivalent per capita),EG.USE.PCAP.KG.OE,822.284813918603,839.628431846102,884.225216349308,977.758377961348,1087.03931636766,1174.71978376892,1257.43629433017,1329.64968006066,1358.73676151161,1426.82094843454,1549.14984837932,1631.3632063662,1675.80540451316,1720.02866946792,1751.89903530367,1743.43428058207,1735.33171932716,1789.76862992439,1869.44295683305,1936.42006358564,1971.59042459145,2078.78978982215,2124.8762701815
East Asia & Pacific (excluding high income),EAP,Urban population (% of total population),SP.URB.TOTL.IN.ZS,36.6172744751306,37.6453993908773,38.7527561796692,39.8724608531232,41.0033495519225,42.138525220804,43.2464228822115,44.3390203931955,45.4360027878237,46.5352874881402,47.6373514132382,48.6753704718916,49.6877540842409,50.6939122439899,51.6973010333851,52.695650436027,53.6897778094006,54.6759933117768,55.6392400876998,56.5760210675401,57.4845396808942,58.3655369003636,59.2214841637791
East Asia & Pacific (excluding high income),EAP,Trade (% of GDP),NE.TRD.GNFS.ZS,50.7678968893188,49.4268180915803,51.9205196510027,59.0616618322075,66.635496672727,69.100013381885,70.3404662143512,67.9568455270685,64.1905324166218,51.5731196158471,56.1701798908398,56.8293901555048,54.391392382776,52.7866805876478,51.1637628841389,46.053894399187,43.4842919919537,44.7896648235517,45.0922759948898,42.7020086583678,40.5869928912785,44.6665303157569,46.7845372803467
East Asia & Pacific (excluding high income),EAP,Renewable energy consumption (% of total final energy consumption),EG.FEC.RNEW.ZS,31.6527774362387,30.4766600589993,29.2833650336476,26.642756693053,23.2719848484571,20.7412125979338,19.7794500219053,18.442744793017,17.7862359678226,16.97060416335,15.7296949227323,14.7055801193074,14.7136828117177,14.6049166091883,14.8403680079479,14.5349935193322,14.9330102136904,15.1598217902853,15.2617412584325,15.6869369882801,16.1762699381612,..,..
East Asia & Pacific (excluding high income),EAP,"Industry (including construction), value added (% of GDP)",NV.IND.TOTL.ZS,43.3979803013773,43.4231085497637,43.1718230328799,43.7350299541184,44.1447521365131,45.1085980909282,45.5814686278229,45.0174131148168,45.2186743756462,44.2473076493265,44.2135380977175,44.4074193454654,43.5393919062324,42.4277860999904,41.5242331660949,39.4966288606316,38.3761566955048,38.6886146905688,38.6296926329688,37.5146879449318,36.6821399777928,37.9191620680169,37.9210486131334
East Asia & Pacific (excluding high income),EAP,Fossil fuel energy consumption (% of total),EG.USE.COMM.FO.ZS,78.4964525372059,79.3227689771928,80.4151056497699,82.4666183227779,84.2241788334025,85.4981543030435,86.3400370106279,87.2759859885986,87.4182059745597,88.0095192559054,88.7832742527973,89.4000684952903,89.1651668762968,89.0745122349893,88.6037132729143,88.3208565136654,87.4808717414911,87.1101144318644,86.7054818557939,86.4196649884132,86.1607469233744,85.8588206049256,85.444281462092
East Asia & Pacific (excluding high income),EAP,Population density (people per sq. km of land area),EN.POP.DNST,113.8692161427,114.948848125012,115.979292636256,116.915793940812,117.873684186311,118.803384208304,119.728065264991,120.679234154656,121.624879230522,122.545457709395,123.455331524104,124.425348644058,125.517256762924,126.602516818691,127.633880213556,128.613801730869,129.581742367703,130.567654797603,131.409868337961,132.134925461608,132.732163470285,133.025368143379,133.338264665834
East Asia & Pacific (IDA & IBRD countries),TEA,Carbon dioxide (CO2) emissions excluding LULUCF per capita (t CO2e/capita),EN.GHG.CO2.PC.CE.AR5,2.46846772440446,2.56522436344224,2.73012308228795,3.08459405987998,3.48093169377133,3.86946406596828,4.21693053853145,4.53147590932853,4.62395957059321,4.88538286410236,5.2971685228554,5.719864122517,5.84553473461047,6.05109535695157,6.09813693543954,6.00912397982793,5.99322854017814,6.08836174076812,6.37381903614124,6.52911716842005,6.55455697279589,6.83152253633847,6.79599620744296
East Asia & Pacific (IDA & IBRD countries),TEA,GDP per capita (constant 2015 US$),NY.GDP.PCAP.KD,2157.91995931087,2286.76974781623,2451.2456739386,2649.81509481322,2868.75132044237,3131.70544851294,3450.72756651798,3849.69334017187,4149.93982471626,4448.74516272751,4852.74554176247,5228.04161101544,5575.04186656936,5931.59345201841,6296.46196673162,6664.48716537469,7045.21047272403,7457.88424094092,7894.29652931398,8312.91754012004,8386.64139973947,9005.7234915616,9303.27535177522
East Asia & Pacific (IDA & IBRD countries),TEA,Energy use (kg of oil equivalent per capita),EG.USE.PCAP.KG.OE,822.141112640822,839.421421362005,885.107874120636,979.679553636252,1090.20652918351,1178.6405093037,1262.3700203105,1337.27303443163,1365.79688758377,1435.20864605085,1559.42497179179,1645.09207035321,1690.21582378661,1736.35082407121,1768.17399531823,1760.80424654879,1752.09105289361,1802.63943215718,1884.14605822846,1951.15159433555,1987.21508617756,2097.12219161021,2143.54847654303
East Asia & Pacific (IDA & IBRD countries),TEA,Urban population (% of total population),SP.URB.TOTL.IN.ZS,36.3175227418132,37.3590499504852,38.4808627983776,39.6148030399397,40.7597478212709,41.9092131668666,43.0310771581234,44.1374284035844,45.2481560988525,46.3601323263502,47.4745186343923,48.5240493742081,49.547645689144,50.5648235001956,51.5790439600646,52.5880415202357,53.5925053714926,54.5887621075747,55.5614585448153,56.5071002716161,57.4239114272433,58.3126038346384,59.1757435746239
East Asia & Pacific (IDA & IBRD countries),TEA,Trade (% of GDP),NE.TRD.GNFS.ZS,50.7678968893188,49.4268180915803,51.9205196510027,59.0616618322075,66.635496672727,69.1019928322186,70.3424202279182,67.958587112092,64.1933246580678,51.5759181314014,56.1724328956401,56.832063417019,54.3940618107884,52.7899029112146,51.167286666201,46.0574040835974,43.4874711891797,44.7925127832037,45.0948555833229,42.7047952898388,40.5894508094725,44.6680220435277,46.7867286425314
East Asia & Pacific (IDA & IBRD countries),TEA,Renewable energy consumption (% of total final energy consumption),EG.FEC.RNEW.ZS,32.0473838064782,30.8543840241225,29.6069654396592,26.9036923956426,23.4592336952789,20.8868291125453,19.9088668343395,18.5148999605136,17.8640720779668,17.0208227881363,15.7610889736946,14.7046669134649,14.7099408406947,14.5828878425143,14.8262934267536,14.5102816361425,14.9020380294471,15.1902273112057,15.2801719188239,15.7206717226655,16.2041019103429,..,..
East Asia & Pacific (IDA & IBRD countries),TEA,"Industry (including construction), value added (% of GDP)",NV.IND.TOTL.ZS,43.3881415349488,43.4137057809265,43.1630042515951,43.7260814917738,44.1356607476633,45.0992695449546,45.5723370384169,45.0088102243019,45.2102112477902,44.23915642793,44.2056415822565,44.3995367987883,43.5315673238043,42.4202563911317,41.5168721841179,39.4896371268294,38.3693553032612,38.6817875102694,38.6229232613488,37.5082061006655,36.6758727463493,37.9127041226664,37.9146174542223
East Asia & Pacific (IDA & IBRD countries),TEA,Fossil fuel energy consumption (% of total),EG.USE.COMM.FO.ZS,78.3359542796043,79.171343557281,80.2968517775607,82.3842737974989,84.16854065852,85.4561826659545,86.3059623944262,87.270824341632,87.4079607913793,88.0029820614922,88.7870866894898,89.4221972322956,89.1873284694397,89.1054036636943,88.6275208230281,88.3446656034403,87.5058646153974,87.0986492805964,86.6997472906453,86.4040603065818,86.1510561580195,85.8630141265127,85.4457213595355
East Asia & Pacific (IDA & IBRD countries),TEA,Population density (people per sq. km of land area),EN.POP.DNST,113.239732891779,114.318114989172,115.348226976538,116.282856429,117.237609924872,118.165527105702,119.089234291532,120.039884645085,120.985207739425,121.905557589463,122.815438556154,123.785798668121,124.878776695313,125.964807846466,126.996322772836,127.975847866414,128.943356299366,129.92920605548,130.770644859426,131.494477158156,132.090022057767,132.37999364036,132.689192865033
Euro area,EMU,Carbon dioxide (CO2) emissions excluding LULUCF per capita (t CO2e/capita),EN.GHG.CO2.PC.CE.AR5,8.59977339180571,8.70528329311162,8.67761285411556,8.82792488481358,8.82906023664705,8.74394775799509,8.65933645449259,8.52523289901505,8.28676806101036,7.62991968020965,7.84983721130927,7.59426358285399,7.47040128116551,7.29039113243131,6.91356787773439,7.04448803705567,7.02008805160222,7.01966863919061,6.81594530206804,6.48470343869261,5.82191781019312,6.23556785723369,6.02860729762702
Euro area,EMU,GDP per capita (constant 2015 US$),NY.GDP.PCAP.KD,30849.3495356471,31420.1683805001,31562.3981409532,31625.2705597974,32175.915256941,32573.6713955007,33494.9394151646,34321.2137008976,34291.7806492405,32642.9821300714,33250.7967323502,33905.2502330287,33521.8333777348,33412.1448579786,33838.9466036265,34467.5766635134,34998.5990485664,35837.1637318741,36360.4726315102,36884.8645609771,34605.7692985848,36782.7263539196,37922.8499997112
Euro area,EMU,Energy use (kg of oil equivalent per capita),EG.USE.PCAP.KG.OE,3668.05008203938,3753.11801261208,3737.27049855719,3805.45107234976,3838.51072744992,3830.76203447148,3825.96668055615,3744.72423061683,3718.26498485013,3497.60303299689,3614.34111200805,3487.54301856319,3445.54958698502,3410.91663276807,3269.30548506514,3311.38867059749,3311.4342649246,3343.85875752965,3280.87151560212,3223.6339809124,2978.61449640543,3147.59414387948,2940.89384165904
Euro area,EMU,Urban population (% of total population),SP.URB.TOTL.IN.ZS,72.674521459245,72.8906265942551,73.1337517593937,73.3835527488815,73.6282526962228,73.8702765468753,74.1071888850381,74.335325070015,74.5609913920847,74.7874335901435,75.0167628883867,75.2411698356353,75.4569184847163,75.6755763098784,75.8877298191384,76.1029415532991,76.3197588251561,76.5414998212393,76.7633481741657,76.9997231691574,77.2349813593651,77.4716240507127,77.7126830118197
Euro area,EMU,Trade (% of GDP),NE.TRD.GNFS.ZS,70.5118519248864,69.6581861284386,67.2678402777454,65.7762308113744,68.5579562632619,71.6139920714661,75.6558843126658,77.3195903660286,78.2311561267045,67.9946019054889,75.8640233588706,81.015080473643,82.6321650154463,82.1454221375905,82.5933262364231,83.9969255612316,82.9496354047787,86.0388959793433,87.7150253989362,87.8415249179136,81.0752515328643,88.3678233791702,100.606794180425
Euro area,EMU,Renewable energy consumption (% of total final energy consumption),EG.FEC.RNEW.ZS,7.68788679257207,7.88714977861375,7.71666100470046,8.26622650651417,8.5257639408072,8.85240005083539,9.66259662253437,10.7826491973959,11.4584461004547,12.5390429242373,13.3653292881949,13.4342559883708,14.8828725196823,15.7039596875564,16.3222210722072,16.3384695385984,16.3515161082474,16.5781248896323,17.5470865076425,18.1354055105348,19.8074872686191,..,..
Euro area,EMU,"Industry (including construction), value added (% of GDP)",NV.IND.TOTL.ZS,24.942708992467,24.6382485772172,24.1765949249916,23.8219844223065,23.7264314353637,23.5323964846642,23.702246585531,23.6840068994352,23.305425640194,21.7743493899127,21.9859852664548,21.9722204994971,21.7846191491557,21.4578582726316,21.321286958981,21.6701681906881,21.6693675865759,21.674091458316,21.6727277899849,21.6221818029644,21.5926379039447,21.7986782407659,22.3650830834011
Euro area,EMU,Fossil fuel energy consumption (% of total),EG.USE.COMM.FO.ZS,77.285356573459,77.2374684586655,77.0965424138135,76.9360395289269,76.7252104636539,76.4759684867056,75.9393075526807,75.6373986859058,74.6840501909679,73.789189718666,73.1012670006605,72.7347476945451,71.8924885734632,71.1016432442924,69.8688710183945,70.2377543519538,70.6624775539088,71.1287065406595,70.0503157941896,69.3390228575862,68.0685539344089,67.9617199350733,69.016477383646
Euro area,EMU,Population density (people per sq. km of land area),EN.POP.DNST,119.105131450003,119.520042014619,120.08712249395,120.730011724126,121.424491427549,122.073299268938,122.68723190759,123.336645733533,123.981075102388,124.408405913685,124.665342660934,124.440506773543,124.694484115971,124.827568074068,125.043363443323,125.417955535534,125.74801921269,126.028700924669,126.404243914838,126.636297354644,126.815416504565,126.88812174621,127.437377049031
Europe & Central Asia,ECS,Carbon dioxide (CO2) emissions excluding LULUCF per capita (t CO2e/capita),EN.GHG.CO2.PC.CE.AR5,8.07854835534771,8.11879182357418,8.09908003064752,8.36087099534632,8.35485483832057,8.3155523726148,8.42944862828753,8.41019237096415,8.28808837665343,7.63164656019612,7.93415567104725,7.9331975796711,7.83041561784002,7.62700254461839,7.27408313069155,7.22889438437139,7.2035026620743,7.26380034725488,7.25568684504947,7.09385489649413,6.65283707084091,7.09946869856188,6.97920029879094
Europe & Central Asia,ECS,GDP per capita (constant 2015 US$),NY.GDP.PCAP.KD,18450.0762772974,18838.6832129001,19099.2032534557,19394.4395790848,19955.9260347275,20438.532593463,21174.7018038753,21884.4875686508,22013.8387040677,20954.5455472652,21426.2972328891,21885.9177792506,21867.202832463,21973.6951779781,22309.2877911281,22676.9494565466,23000.1152991508,23569.8160432616,23974.6926624587,24333.2531795548,22973.6125300555,24508.7640310929,25308.0306451487
Europe & Central Asia,ECS,Energy use (kg of oil equivalent per capita),EG.USE.PCAP.KG.OE,3177.56891913811,3220.69874223443,3221.93881128999,3308.71418407178,3342.81559241591,3344.34885706863,3388.94292501365,3360.57935230041,3368.3136250371,3147.56130692903,3308.17774181966,3270.03252552061,3246.72625165246,3186.9438463428,3071.83807969206,3046.40282728792,3083.21340808739,3127.73595649839,3158.50358102599,3081.53996706735,2942.96404938236,3175.65484623477,3026.13702308003
Europe & Central Asia,ECS,Urban population (% of total population),SP.URB.TOTL.IN.ZS,68.6999129390518,68.8544702516437,69.0540819801949,69.2634193650142,69.475618767895,69.6905206649959,69.9044563599283,70.1216093273013,70.3352580229127,70.540609283588,70.742327971398,70.9254293147007,71.0995802377693,71.2714715683547,71.4427438586557,71.6193597607359,71.8018319488657,71.987006547281,72.1787895688215,72.378819157659,72.5846286655557,72.7998575512773,73.0396201290606
Europe & Central Asia,ECS,Trade (% of GDP),NE.TRD.GNFS.ZS,69.1697541905492,68.2004717739838,66.0223195571065,65.0960622881303,67.4669199458044,69.8428527164605,73.3531977201377,74.0488976224326,75.7224433162991,67.3475473918545,73.5505676427335,78.0996492110808,78.8816921463068,78.439755241056,78.2501697549213,78.669104541513,78.2992502293339,81.1339882896627,83.3034004930992,83.1503711219644,77.0292361623349,83.3031323845526,93.5504878498777
Europe & Central Asia,ECS,Renewable energy consumption (% of total final energy consumption),EG.FEC.RNEW.ZS,7.60963626922575,7.60911900870341,7.57546823402183,7.6788565938799,7.93527297018763,8.29181865284284,8.57521802832624,9.14113260306134,9.47387156015955,10.4249676128482,10.8681448886901,10.7258330443851,11.5800703095476,12.2761565609349,12.4321725847963,12.8744480605886,12.8866548739741,12.8819075023182,13.4797382823169,14.0059727126658,15.106449203531,..,..
Europe & Central Asia,ECS,"Industry (including construction), value added (% of GDP)",NV.IND.TOTL.ZS,25.269989906754,24.8541849953089,24.3515435894998,24.0320665874587,24.0897904912846,24.2462528742225,24.5435392940443,24.5208135790485,24.6111493406474,22.9455339133707,23.3791003031528,23.6558148001381,23.5220549911862,23.1888026271008,22.888704016863,22.8994269475999,22.7068847473198,23.0006138718526,23.1797315100903,22.9975165876305,22.5963835915558,23.2271803251349,24.2931517033642
Europe & Central Asia,ECS,Fossil fuel energy consumption (% of total),EG.USE.COMM.FO.ZS,82.6637926410221,82.4307424117641,82.3267701518097,82.5016438763604,82.2583068995023,82.043041523439,81.9852142514451,81.8963442270228,81.6059850916592,80.5197534596999,80.4721690395343,80.4766917774756,79.8438741610639,79.1925934177955,78.3768654130332,77.8701854341802,78.152766806464,78.2931577051714,77.9689305193537,77.0793108225336,76.4175749414675,77.1086501289852,77.5409905467591
Europe & Central Asia,ECS,Population density (people per sq. km of land area),EN.POP.DNST,31.6482193568461,31.693766554777,31.7547133722856,31.8380446202087,31.930960143523,32.0222831747256,32.0043806024028,32.0952911630863,32.2270496345534,32.3541655949542,32.4711233879488,32.5449107135017,32.6739250428319,32.7974304974497,32.9324241110865,33.0730559119483,33.221608322728,33.3509534023512,33.4831810364487,33.6025712416224,33.6715577314118,33.6979029983928,33.7113857782742
Europe & Central Asia (excluding high income),ECA,Carbon dioxide (CO2) emissions excluding LULUCF per capita (t CO2e/capita),EN.GHG.CO2.PC.CE.AR5,4.91052170284109,4.77032288966965,4.9124170490963,5.19369690997369,5.19537472181775,5.22621518559716,5.50786138960109,5.72153050688866,5.86363594443941,5.28250762437941,5.58543663662188,5.8634586614959,5.78451551326576,5.70325448826901,5.26875777257583,4.93790383691447,5.07782132811912,5.20428122027889,5.24170149689025,5.05382942494801,5.01426875916775,5.2665395683312,4.95758731428444
Europe & Central Asia (excluding high income),ECA,GDP per capita (constant 2015 US$),NY.GDP.PCAP.KD,3231.22350702211,3213.97710106797,3404.82271470876,3613.10787068172,3939.57822065905,4255.05385111552,4581.54648351216,4896.0767774642,5011.69308537755,4801.76155666826,5099.33119310465,5484.34972684392,5659.28510712076,5974.78987146726,6120.3820340921,6282.95418433325,6399.7112324524,6713.32686595588,6888.2510975942,6984.71829296284,6955.08813207363,7538.17706529109,7814.1063456801
Europe & Central Asia (excluding high income),ECA,Energy use (kg of oil equivalent per capita),EG.USE.PCAP.KG.OE,1739.58201179831,1698.52746237005,1747.49075714747,1824.02730008381,1896.99548524558,1884.32853529656,1957.46041098837,2018.38689045103,2028.01021498627,1841.12277507177,1996.44675956021,2056.25793912607,2010.83849894811,1966.65159454039,1841.54481657053,1764.48983327798,1816.65775163937,1854.44419808913,1895.61305295567,1880.29320593661,1838.06190953237,2008.40605157107,1892.38086764397
Europe & Central Asia (excluding high income),ECA,Urban population (% of total population),SP.URB.TOTL.IN.ZS,58.3666591945727,58.6209775355286,58.913248330494,59.2249325901427,59.5415478617923,59.8615334531593,60.1832466998389,60.484626742263,60.8097209766359,61.1348068231508,61.4519143883621,61.7326506199102,61.9656250023103,62.1908557834385,62.4124312631,62.6318175737991,62.8526598744631,63.0728825951758,63.3013485933657,63.5381802571839,63.7631153787727,63.9919790909835,64.169725876266
Europe & Central Asia (excluding high income),ECA,Trade (% of GDP),NE.TRD.GNFS.ZS,64.2359439476866,66.4211984304588,65.2501501985882,65.8518393593541,69.9100557128917,66.072028772651,66.3908199003759,66.3646041900171,69.438150173601,61.7968557120785,61.5816813165922,68.5201974705955,67.8280237215578,64.195771301488,64.3037601591306,61.5929693596065,61.4072764367669,66.3473375971782,72.2974960063343,71.6485329931711,66.0866026423523,74.1609664132365,83.0318066701553
Europe & Central Asia (excluding high income),ECA,Renewable energy consumption (% of total final energy consumption),EG.FEC.RNEW.ZS,7.62529126114546,7.46341990667124,7.52963978899774,7.30693300291376,7.38659560693208,7.2836157568398,7.07847885220545,6.63494298230947,6.45158501915867,7.42803913844124,7.81163686125183,7.06633152811845,7.4990959908438,8.04245729281583,7.75696722378988,8.89374944135576,9.05362050305208,8.68104031424437,9.10455322874983,10.0324286162535,10.0604471757322,..,..
Europe & Central Asia (excluding high income),ECA,"Industry (including construction), value added (% of GDP)",NV.IND.TOTL.ZS,27.9782043232008,27.3851772730799,26.7597452057877,26.8259861485792,27.1250234943073,27.8607929945566,29.1115050987049,29.4372985622389,30.0263472703796,28.0084459983177,28.518325935742,29.9306273035525,29.7127471517785,29.7009421397183,29.9018682781466,28.6140397822956,28.6589535388704,29.4984319116682,30.0344178101672,28.7177971572466,28.4459347071014,30.6678358882125,31.1505269325865
Europe & Central Asia (excluding high income),ECA,Fossil fuel energy consumption (% of total),EG.USE.COMM.FO.ZS,88.7648576286323,88.7437587471202,88.7560299902954,89.1595796005594,89.2388753038911,89.1022545458559,89.4010414461239,89.5987445625645,89.8970839243008,89.1492716557702,89.0674928685876,89.5638160121231,89.1914529631175,88.830667899313,88.1290092846458,86.8453509022238,87.1767961750194,87.1441860574689,86.9851307246112,85.9731386285805,85.6371172773171,85.7213916163845,85.8475409441522
Europe & Central Asia (excluding high income),ECA,Population density (people per sq. km of land area),EN.POP.DNST,37.626910005721,37.790633725525,37.9569308172028,38.1291367114004,38.3037300850588,38.4664500289497,37.9881837868454,38.0901945237322,38.3457160529815,38.6382318064592,38.9526977500834,39.271769960237,39.5979534967812,39.9479793190285,40.3165215942552,40.6419862049271,41.0104035571893,41.3695051301242,41.7285053240067,42.1016867213955,42.4292551525623,42.6876214180152,42.4595345234533
Europe & Central Asia (IDA & IBRD countries),TEC,Carbon dioxide (CO2) emissions excluding LULUCF per capita (t CO2e/capita),EN.GHG.CO2.PC.CE.AR5,7.42889764846352,7.40076050763042,7.44156691638486,7.79197617009727,7.79983263136688,7.82314608306835,8.10649409162492,8.23046074173443,8.24041839881566,7.60386158398604,7.98884528309162,8.33690556159906,8.21573548313978,7.99066564071775,7.69450735951192,7.54049844455872,7.5636825406708,7.72445731989347,7.90063765790566,7.89648485445848,7.6421630387502,8.15790741148292,8.14793279365541
Europe & Central Asia (IDA & IBRD countries),TEC,GDP per capita (constant 2015 US$),NY.GDP.PCAP.KD,4429.9940509236,4548.306239699,4778.6472177224,5072.88451326408,5468.1108728344,5827.0910348538,6278.75650488488,6757.45489352359,7042.67439752077,6688.53510135421,6974.54519480835,7354.23103419735,7571.49903748339,7785.79620589687,7926.82910857088,8004.56641973475,8112.55470045155,8421.43271307493,8698.32942822884,8894.08895327841,8746.45484939779,9395.16907894132,9622.94735198736
Europe & Central Asia (IDA & IBRD countries),TEC,Energy use (kg of oil equivalent per capita),EG.USE.PCAP.KG.OE,2627.7743387218,2633.31839466852,2657.3037137745,2761.42321275279,2803.20296358183,2812.87197543189,2910.70506719683,2947.80070266362,2989.71091690533,2770.35925039632,2969.27468369818,3051.84193861324,3030.41002880344,2945.23065365735,2869.33342409523,2801.33167713982,2878.11697706222,2937.51809866777,3050.20195621983,2966.98724148728,2925.564480499,3238.48514557214,3136.62875803839
Europe & Central Asia (IDA & IBRD countries),TEC,Urban population (% of total population),SP.URB.TOTL.IN.ZS,63.561740048542,63.6750137137482,63.8085359530661,63.9584883645413,64.1167990826192,64.2792705525898,64.4441869181253,64.6132975111846,64.7910470567355,64.9652673388568,65.1362336538206,65.2896834847151,65.4208965118103,65.5493192956304,65.6821834722408,65.8203157701268,65.9672037692398,66.1211888619255,66.2842724108461,66.4578157383552,66.6377675914124,66.8270365388467,67.0058080559943
Europe & Central Asia (IDA & IBRD countries),TEC,Trade (% of GDP),NE.TRD.GNFS.ZS,64.9833931089277,62.8667019473806,62.2072023833181,63.4134405234693,64.5622490795898,63.0462815152521,63.5256044851189,62.8728447393466,64.8407992198428,58.2255637405022,60.5056194349761,63.3952442450776,63.101676789391,61.8161126385809,62.8313772411459,62.4603104748748,61.8492989635283,64.609682835406,69.1142541549923,67.6683076937812,63.2071451226041,70.4091910702098,73.012126339612
Europe & Central Asia (IDA & IBRD countries),TEC,Renewable energy consumption (% of total final energy consumption),EG.FEC.RNEW.ZS,5.77687830938613,5.70512702235186,5.76921609440525,5.64950276023539,5.88133511209109,5.99664955248276,5.81734150154749,5.75867132998041,5.64264695953204,6.30497199994692,6.4529448184641,6.04948456107391,6.28402287149414,6.84165697411543,6.52584380803076,6.91555148923036,7.04015093233689,6.75633843243037,7.25779989922942,7.59012527634488,8.02684416318492,..,..
Europe & Central Asia (IDA & IBRD countries),TEC,"Industry (including construction), value added (% of GDP)",NV.IND.TOTL.ZS,29.7703607758017,28.955181493713,27.6638895945745,27.6657464801901,29.1859072211454,29.896626416224,30.2192069670558,30.2472631060126,30.3554690734265,29.1412077878725,29.5615507787095,30.011309538545,29.5021111713586,28.7991098107998,28.9498417955188,29.2992435037811,29.0066953771549,29.6339867350358,30.5288603137352,29.8075003679337,28.5803423579195,30.1545148278383,30.8950161730157
Europe & Central Asia (IDA & IBRD countries),TEC,Fossil fuel energy consumption (% of total),EG.USE.COMM.FO.ZS,90.2055138189896,90.0955758409254,89.9775115462972,90.2739928225174,90.0650841929021,89.9684612997793,90.0640874259627,90.0732076382277,90.1782785171601,89.3259132567456,89.4655953891825,89.8363443110436,89.4719575235327,89.1587597690501,88.6923215294887,87.8773633738922,87.9910499664682,88.0002308082629,87.8824529557341,86.9560132940764,86.3741485404519,87.1955794191983,87.2383096749489
Europe & Central Asia (IDA & IBRD countries),TEC,Population density (people per sq. km of land area),EN.POP.DNST,19.1530449259825,19.1397285952941,19.1278967075025,19.1321551772837,19.1418948279368,19.1504483871371,19.0859930493063,19.0846908058469,19.1312337095341,19.1995948770159,19.2706355617002,19.3537254278879,19.4467308314539,19.5435609465345,19.646353659176,19.7407056927962,19.8402328838922,19.9331346467245,20.0187796692359,20.1064840709914,20.1498801587827,20.1618000551046,20.0679600085481
European Union,EUU,Carbon dioxide (CO2) emissions excluding LULUCF per capita (t CO2e/capita),EN.GHG.CO2.PC.CE.AR5,8.29939664343967,8.41114193417543,8.36542281950563,8.56610256698091,8.54811219911002,8.46529128391151,8.47537018745638,8.36060578245513,8.13090297744738,7.48894965162589,7.72195627611144,7.51637740017889,7.35491909458225,7.1613025789112,6.83168677153557,6.95417364399652,6.95961118282414,7.00327893767252,6.83241492072153,6.50724743732946,5.91040376826099,6.35047324910993,6.15788551421844
European Union,EUU,GDP per capita (constant 2015 US$),NY.GDP.PCAP.KD,26362.9094240555,26896.987862174,27128.2570443701,27281.9008904633,27882.9623955211,28331.9759556404,29243.0400160238,30056.5798645133,30142.6043994065,28769.7630265752,29351.7125948792,29973.0708103289,29700.6173366773,29666.138095714,30115.8058767786,30769.090644109,31305.5746438272,32133.7302385419,32719.6472999741,33290.544331928,31437.8963906325,33484.6721067007,34539.7533324
European Union,EUU,Energy use (kg of oil equivalent per capita),EG.USE.PCAP.KG.OE,3426.83308666771,3513.05434688124,3509.85008081957,3580.34477017976,3610.4237630397,3610.55848940846,3625.76732649016,3560.87699096301,3539.98406145018,3325.85401389365,3455.72012945554,3352.9544484885,3305.80724919781,3267.65397107209,3143.88823335219,3176.28838380569,3193.84744220649,3244.3990547838,3209.90930196045,3149.89746458067,2933.9871843456,3109.89331024934,2919.48877954422
European Union,EUU,Urban population (% of total population),SP.URB.TOTL.IN.ZS,70.8257617510047,71.0122593876759,71.2401628189884,71.4619792178923,71.6797455781348,71.897994774521,72.1140855435958,72.3331564783875,72.5510340245521,72.7585269115746,72.9664289080433,73.1608223836712,73.3498260906621,73.5388052677658,73.7231874097275,73.9141353825646,74.1111569045568,74.3137180838517,74.5212870645992,74.7405842986022,74.9759872159918,75.2201807496595,75.4620574704142
European Union,EUU,Trade (% of GDP),NE.TRD.GNFS.ZS,71.5705151940395,70.7299522670404,68.4361470222715,67.3581906963449,70.3968628612795,73.5520917740246,77.9839385296893,79.7970244252128,80.7815196430292,70.5000667139148,78.2730132710728,83.4606447556792,85.0747555137482,84.6163698290923,85.3379509549977,86.5669288173153,85.6129846196525,88.6204026308031,90.338760767485,90.425916487988,83.691503056623,91.0946908356994,103.634282249447
European Union,EUU,Renewable energy consumption (% of total final energy consumption),EG.FEC.RNEW.ZS,8.97097778304585,8.95821365646506,8.85977327804269,9.24891789838676,9.54963915397878,10.0205156530631,10.6866219026938,11.7554752685425,12.456805484523,13.6219724174621,14.469048952148,14.6250037786311,16.0530317099573,16.7974520279699,17.4415753867716,17.6122764341327,17.523235814157,17.6857102209371,18.7249884796166,19.3440009483852,21.0591470733795,..,..
European Union,EUU,"Industry (including construction), value added (% of GDP)",NV.IND.TOTL.ZS,25.1511153506032,24.8462641598202,24.4104854285259,24.058352857915,24.0303421288702,23.9004854196582,24.1207621123368,24.1516891294152,23.8520765915533,22.3665845782417,22.6237388280628,22.6953940005781,22.4265013265568,22.0031460854798,21.9376899902505,22.3091632553215,22.2707970691746,22.2226518378662,22.2262490965809,22.1740865199927,22.0659101648183,22.2597969810508,22.908686538076
European Union,EUU,Fossil fuel energy consumption (% of total),EG.USE.COMM.FO.ZS,77.7223521181339,77.6035731158798,77.4633667989752,77.4439166556964,76.9914564487326,76.6797268947904,76.3835596449246,76.0240494909892,75.0323213945391,74.0147554077292,73.3824612239787,73.07226123195,71.9306780182102,71.1250302636231,69.9464248682166,70.2653558503933,70.5847421507687,70.9583844856407,69.9156004626602,69.0469086060391,67.8297070735814,67.9457115743053,68.6753458764793
European Union,EUU,Population density (people per sq. km of land area),EN.POP.DNST,107.43763087465,107.594573632833,107.880681159712,108.265369826613,108.693059634446,109.100484741679,109.487760037929,109.872787636933,110.257478075334,110.511696270864,110.651114403573,110.484964567195,110.644954271132,110.695507497063,110.798657268447,111.034208891564,111.244316879376,111.42564117038,111.672659926438,111.821235691404,111.811112231477,111.646373360122,112.018417981833
Fragile and conflict affected situations,FCS,Carbon dioxide (CO2) emissions excluding LULUCF per capita (t CO2e/capita),EN.GHG.CO2.PC.CE.AR5,1.42502542351262,1.43399202050089,1.38526655266847,1.40588387094396,1.35751555215845,1.342314815109,1.30386949343159,1.27146301182975,1.26902469498246,1.16571807202573,1.22979440660838,1.21904676855165,1.23610818064905,1.22198408613792,1.14619429938728,1.03269766787483,1.01829144007563,0.99368003087647,1.00375962563838,0.97230347323356,0.834387419863461,0.83200143219014,0.785642823416706
Fragile and conflict affected situations,FCS,GDP per capita (constant 2015 US$),NY.GDP.PCAP.KD,1366.26930852196,1390.520439393,1421.96303710453,1402.31982752347,1523.58971232149,1574.44483922903,1626.11293098177,1683.36816612022,1726.26658804099,1734.70002952683,1811.48078574662,1768.82799688443,1822.79460884141,1841.3902986378,1841.24503993054,1815.53207965872,1814.04601470785,1819.90998931539,1829.43249580468,1831.00990291013,1700.81574564837,1704.61803143629,1693.31285629188
Fragile and conflict affected situations,FCS,Energy use (kg of oil equivalent per capita),EG.USE.PCAP.KG.OE,704.2730991504,699.461432387711,715.109951651093,705.606760050828,693.853455946867,699.1123799848,677.112789233259,666.303900251739,660.453196954025,618.706137198012,676.152008370705,658.753579902504,640.498601038809,637.266240878696,611.533221065676,569.339496775734,560.782818228885,557.905319488635,540.996219877218,542.938345185775,499.198744560237,525.477032895564,498.689646479432
Fragile and conflict affected situations,FCS,Urban population (% of total population),SP.URB.TOTL.IN.ZS,37.1691912917702,37.4540643186163,37.7155534815033,37.9791887221475,38.25502259884,38.5403322301542,38.8139538806159,39.0465050357355,39.3944970504354,39.7494228049932,40.1115303645567,40.4284190361875,40.744224534,41.0947458588812,41.4493013991037,41.8328369417415,42.2140242756675,42.5843185313941,42.927213828579,43.2680779543801,43.6394229966267,44.0421070914078,44.401646495307
Fragile and conflict affected situations,FCS,Trade (% of GDP),NE.TRD.GNFS.ZS,..,..,..,..,..,..,..,..,..,..,..,..,..,..,..,..,..,..,..,..,..,..,..
Fragile and conflict affected situations,FCS,Renewable energy consumption (% of total final energy consumption),EG.FEC.RNEW.ZS,49.5188192560577,48.9788027200773,49.1277723116101,50.0190081643703,50.132593305144,50.1168009051894,51.0492547821467,50.8910276048412,51.0606926390178,53.3779535496623,51.7136616362192,52.1356585553803,51.8676545525319,52.4531809927011,53.73093929142,57.6932200867948,58.0264070642556,58.2811879395165,57.5039867109635,58.3619072174114,61.665418044345,..,..
Fragile and conflict affected situations,FCS,"Industry (including construction), value added (% of GDP)",NV.IND.TOTL.ZS,..,..,..,..,..,..,..,..,..,..,..,..,..,..,..,..,..,..,..,..,..,..,..
Fragile and conflict affected situations,FCS,Fossil fuel energy consumption (% of total),EG.USE.COMM.FO.ZS,67.6528393719543,67.3225046492817,67.853829305184,67.2797238006123,66.3443612430404,66.4315623239051,65.1558255190829,65.2447196467675,65.0977232904064,63.1575622236048,65.9331502255731,64.5076417893923,62.7964993141261,62.8875546911138,62.2421485895065,59.2226506186121,59.3837556708972,59.2382373437574,58.1536305961494,58.6853785672557,54.4749209759215,55.0448065473006,54.6026178679287
Fragile and conflict affected situations,FCS,Population density (people per sq. km of land area),EN.POP.DNST,34.8726391525287,35.6811961119982,36.5653107269578,37.4875270995904,38.0888367920759,39.0250244001052,39.9799961758585,40.933939358435,41.9339482487242,42.9968622820873,44.0750500796665,45.1665423094469,40.6290796216564,41.6240481507428,42.5990696716156,43.5534678248018,44.5302624176423,45.5270131066182,46.535393078334,47.5710181630295,48.6401896042009,49.716034688003,50.6796378484564
Heavily indebted poor countries (HIPC),HPC,Carbon dioxide (CO2) emissions excluding LULUCF per capita (t CO2e/capita),EN.GHG.CO2.PC.CE.AR5,0.176678359086975,0.181082754178713,0.184324092572119,0.185978921245576,0.19058601844822,0.194873431124756,0.206351304309237,0.216019585328139,0.220549836631057,0.226918164896728,0.23826104918018,0.253000116898492,0.26260044645083,0.266520569561269,0.272008551076262,0.284170031850263,0.295077374896507,0.294585651092628,0.299291910771866,0.303005865453895,0.286052626675527,0.300745512467318,0.295871728138878
Heavily indebted poor countries (HIPC),HPC,GDP per capita (constant 2015 US$),NY.GDP.PCAP.KD,677.558211848878,683.461240624205,690.001909431372,696.757837850112,716.611764579366,735.980077554583,756.97102782666,776.419476427812,797.720514308209,803.363974668223,829.717281093898,843.927481954543,853.478503714767,877.096553027641,900.190152354274,917.999801798178,931.66620711483,950.257423394052,962.546669755313,977.960356939643,953.597086826481,967.583078913846,989.774610294658
Heavily indebted poor countries (HIPC),HPC,Energy use (kg of oil equivalent per capita),EG.USE.PCAP.KG.OE,352.438705088556,353.826100167406,358.119442230013,356.860187659596,360.685332326003,361.146209912792,363.341715875629,357.030085723399,359.503966699138,362.652859595113,360.826575844498,372.298209581603,380.234814328636,389.940392315486,391.524698329173,392.044750068991,392.011720656837,387.139623860052,387.483220146225,388.902391742687,388.246103651277,398.512148598139,400.784696544082
Heavily indebted poor countries (HIPC),HPC,Urban population (% of total population),SP.URB.TOTL.IN.ZS,28.7512066462091,29.0997842101013,29.4405452459864,29.7848750098507,30.1319847165404,30.50070559239,30.8754644673954,31.1918387091867,31.6240989205184,32.0530756202666,32.491512966673,32.9335581402091,33.3590439921105,33.7920341062954,34.2342020425185,34.6901904052385,35.1570287833477,35.6246731078244,36.0931323349764,36.5663214736184,37.0465389661088,37.5368693810027,38.0398695478936
Heavily indebted poor countries (HIPC),HPC,Trade (% of GDP),NE.TRD.GNFS.ZS,53.6778933928849,53.0126652785773,55.0684206137128,55.96591232939,58.2831676600205,60.0215052414877,57.2219065537697,61.3803616534364,63.3445427263214,57.1132470473546,61.8051956501404,63.4600458607672,63.336262905593,59.9647965423403,58.7688876201687,56.1647411648786,52.6952316322355,53.3096581401469,54.2536080120655,53.4211950297243,47.5954343047253,51.8638975112201,56.8747124505342
Heavily indebted poor countries (HIPC),HPC,Renewable energy consumption (% of total final energy consumption),EG.FEC.RNEW.ZS,85.3583528760041,84.9516479758069,84.4545528836959,84.270327212806,83.9450364180269,83.9256979376258,83.1818878444874,81.7362408698414,81.2329236673649,80.4451955986762,79.6115171074584,78.8967629817918,77.8546208866133,77.654981472332,77.378161792632,76.5530574120486,76.0862841962469,75.9193473348398,75.2520183545811,74.8448133256749,76.0353291030768,..,..
Heavily indebted poor countries (HIPC),HPC,"Industry (including construction), value added (% of GDP)",NV.IND.TOTL.ZS,21.3781341672554,21.2443745844843,21.8086952744537,22.0845551037536,22.9403927226773,23.4190447430718,24.2069802168297,24.4012737749285,24.9048640535163,23.4931859393888,24.0652259452418,25.3842242813011,25.3224110765258,25.9646213154554,25.3585109227283,24.2352996073634,24.077371724033,25.463854468862,27.6950284865805,26.0371508095352,25.226639028604,25.7209456218149,26.6751677416637
Heavily indebted poor countries (HIPC),HPC,Fossil fuel energy consumption (% of total),EG.USE.COMM.FO.ZS,15.1352891754798,15.3392655585314,16.2905906314778,16.2420567404581,16.4516956896599,16.8986313746841,17.6513449477391,18.9343751194385,19.1985040088013,19.2515653362744,19.5143190802278,20.4213488486389,19.9809292493748,21.5299115074971,22.0315722223367,22.8441143088997,23.0318805412547,22.9591464908913,23.5731645261181,23.858352356656,22.5211103013585,23.2034239049145,23.4969560048383
Heavily indebted poor countries (HIPC),HPC,Population density (people per sq. km of land area),EN.POP.DNST,27.7366075449133,28.4969734176254,29.330401041227,30.1990112786353,30.8005566950545,31.6880495040748,32.6064614235137,33.5180446547401,34.4638831444811,35.4526417632089,36.4473822892634,37.4730548761782,34.8236049284709,35.8149382891725,36.8537865109223,37.9189176723804,39.025674597164,40.1855427979159,41.3523557492643,42.5190680719139,43.7099075657914,44.9054154980091,46.0900782945962
High income,HIC,Carbon dioxide (CO2) emissions excluding LULUCF per capita (t CO2e/capita),EN.GHG.CO2.PC.CE.AR5,12.3522856890669,12.3256171859056,12.1895003438708,12.3820438548819,12.4326843199333,12.4182816389286,12.3327759807283,12.3828331724394,12.0622543379517,11.2926883121659,11.7587398538556,11.6194454714165,11.4159655915397,11.3742775698906,11.1685510961243,11.0777451670853,10.9282377567972,10.8600505111031,10.8971882715262,10.6577116723178,9.81094582731842,10.3423877635914,10.2341685138303
High income,HIC,GDP per capita (constant 2015 US$),NY.GDP.PCAP.KD,30162.6065895713,30488.6042200671,30830.2734542022,31373.2515458979,32302.1929288384,33090.5639155227,33961.4450191266,34701.622087168,34694.1883246009,33325.5045496659,34184.8588436066,34730.5760290495,35030.60694981,35391.8047074026,35957.9385852906,36571.192904688,37014.9995373144,37764.2030217286,38525.156050765,39130.3015259849,37514.023100318,39753.1922462333,40751.2002459135
High income,HIC,Energy use (kg of oil equivalent per capita),EG.USE.PCAP.KG.OE,4879.53248345703,4868.02880129051,4884.79790758695,4940.49981595089,4997.9818809832,4999.5550782261,5006.4692363339,5005.35661329929,4946.19269966601,4710.89202257935,4877.45977042931,4793.13178187589,4745.28268352311,4734.73216154537,4692.50634053119,4665.07983411652,4659.8301337906,4675.67372964314,4720.79726408101,4650.50367739895,4373.99050412491,4616.78732287861,4550.45532367848
High income,HIC,Urban population (% of total population),SP.URB.TOTL.IN.ZS,75.7159104606567,76.0217333975495,76.3770316647447,76.7142748013634,77.0421768823531,77.3601853804245,77.6555109257519,77.9419987843462,78.2197380662393,78.4817631800137,78.730290968659,78.9234665090901,79.0924332402722,79.2656707284999,79.4387061186541,79.6164028862012,79.7971842507954,79.9779465106785,80.1568320346379,80.3466412738277,80.5443858638507,80.732211145294,80.941962138335
High income,HIC,Trade (% of GDP),NE.TRD.GNFS.ZS,52.0885849195309,50.7042473871575,49.5345771884833,49.8242019311516,52.5418893494937,54.7400359005025,57.5105678915182,58.617791722532,61.197001799758,53.3540544627437,58.3065132877855,62.04766938951,62.3932666151857,62.0257566783646,61.9199461380836,60.1656654810154,58.4509490631413,60.2900593253014,61.5078902991321,60.6394769261446,56.0668682758186,60.6085371781335,67.4005056667149
High income,HIC,Renewable energy consumption (% of total final energy consumption),EG.FEC.RNEW.ZS,6.84678847436669,6.54177055385906,6.62132648676549,6.86995743794711,7.10768137806772,7.38790136062168,7.77042745709828,8.02429581434502,8.3984841545264,8.96094596937985,9.13757742354582,9.52836321852016,9.90988310752564,10.3849989396956,10.5213333961469,10.6050781624931,10.7845732962853,11.0890197580437,11.4686788378903,11.7839130112794,12.7831808525723,..,..
High income,HIC,"Industry (including construction), value added (% of GDP)",NV.IND.TOTL.ZS,26.525653555125,25.4055291565749,24.7206356775741,24.7195474640813,24.9403749978058,25.1927298017446,25.4303852465472,25.2862831419357,25.1614437045366,23.3759057236167,23.9526585856879,24.2457156204769,24.0993168410818,23.7696173364775,23.6015427329227,22.7507107695596,22.3070707954355,22.6773380541012,23.0760901354658,22.6151308262521,21.9360250622899,22.6433407085822,23.3317606945473
High income,HIC,Fossil fuel energy consumption (% of total),EG.USE.COMM.FO.ZS,83.9441163036788,84.0501234673778,84.0341734056229,84.3080735329399,83.9268517702005,83.6697811681916,83.4996241227882,83.712792214474,83.307936494686,82.5749904263499,82.5900382151416,83.0041365638442,83.0922852006472,82.6872512280364,82.4242261695169,82.2830248595276,82.1678007417496,82.0973146858929,81.8072441060527,81.3369753289302,80.5627596056696,80.8794834099815,81.0708930688609
High income,HIC,Population density (people per sq. km of land area),EN.POP.DNST,24.1535701358984,24.2771604071842,24.4018327088701,24.5293174733751,24.6633338332345,24.7972124711731,24.9486416694535,25.1157481975867,25.29838229325,25.4534352610134,25.5663327933253,25.6796475001584,25.83096050615,25.9788439668636,26.1199986091246,26.2841462002655,26.4381447156711,26.5546210258502,26.6462181721644,26.7361972211884,26.8080119115152,26.8676247622244,27.0272663824886
IBRD only,IBD,Carbon dioxide (CO2) emissions excluding LULUCF per capita (t CO2e/capita),EN.GHG.CO2.PC.CE.AR5,2.7448601576067,2.78053967675054,2.854936901302,3.05601654286345,3.26823834230394,3.46227891590756,3.66357102453509,3.84626310953448,3.91323426903933,3.97083829139671,4.2212654815239,4.45258605358459,4.55336077183143,4.62940322081026,4.64604331419765,4.56705997434581,4.54618926572406,4.61881638580664,4.75895705242321,4.80767723683887,4.66825242575857,4.90892393414436,4.91691314841078
IBRD only,IBD,GDP per capita (constant 2015 US$),NY.GDP.PCAP.KD,2753.40433818245,2819.83846181208,2916.83274092127,3057.43397482287,3255.23799402724,3452.89075349,3700.64963656318,3991.68298840586,4185.87416996123,4260.12805053394,4546.65487571937,4786.10696847077,4992.88349505787,5197.2031606553,5391.63590086897,5572.51411128581,5770.53135992578,6015.93919271361,6260.14050126277,6461.74226549531,6337.54586359436,6783.29455197322,7003.87183239032
IBRD only,IBD,Energy use (kg of oil equivalent per capita),EG.USE.PCAP.KG.OE,986.636770330863,992.879938763478,1016.60872680136,1073.230241303,1139.20935506176,1188.10351364712,1241.49411690316,1288.78313292297,1315.85638333612,1325.7946306504,1409.69988051208,1458.83273523479,1487.9305389912,1503.0418685108,1518.77070485243,1501.78818003191,1504.22335980707,1537.84266003276,1579.54998775426,1605.59697660724,1584.47002839728,1687.00026339644,1713.28798703433
IBRD only,IBD,Urban population (% of total population),SP.URB.TOTL.IN.ZS,43.7183512473418,44.3038011635736,44.9425890080496,45.5921181600685,46.2510960003965,46.9164837158728,47.5698188024491,48.2114862583341,48.8610009971071,49.5107521258833,50.1584462571237,50.77719392999,51.3872104622612,52.0043833909345,52.6285015720936,53.249256825779,53.8630279498437,54.4730525266222,55.0771234775401,55.6730186862018,56.2572383997406,56.8369027884104,57.4051949405733
IBRD only,IBD,Trade (% of GDP),NE.TRD.GNFS.ZS,48.7730369128175,47.7017535852232,50.0842347309471,54.4773154349478,59.3766862419508,60.9815478721669,61.8578999067276,60.6204261112174,60.3383929154263,50.6172167561213,53.8593494433328,55.5217082982644,54.3003054743985,52.9898820685193,51.6428764340244,48.3351373322941,46.5501822796336,47.9702953607092,50.1625460550077,48.0799881740083,45.6572285085157,51.0446269048433,54.1589791628141
IBRD only,IBD,Renewable energy consumption (% of total final energy consumption),EG.FEC.RNEW.ZS,23.4541240735978,22.9130162069356,22.5539877436238,21.5634346494163,20.2986644309744,19.3136973097539,18.7796426080362,18.0231697034131,17.6316680788104,17.4829469844672,16.7512897977865,15.9538657957954,15.8795392491567,16.0171385968997,16.003291533954,16.0209177851331,16.2845965537743,16.3923000534023,16.6268066421204,17.0666276982215,18.0085051596372,..,..
IBRD only,IBD,"Industry (including construction), value added (% of GDP)",NV.IND.TOTL.ZS,34.4479201502287,34.0940281071485,34.6280920754438,34.6292784291974,35.5146542201738,36.1032078065744,36.7235431457093,36.424860112546,37.0180763039335,35.7820203157469,36.2426311711816,36.576251583475,36.3079916026262,35.4700760361477,34.8830639507359,34.5582734135742,33.7194391910067,33.9896227656976,34.6308765753023,33.7020477645938,33.220266886601,34.8530522279435,34.9805283235406
IBRD only,IBD,Fossil fuel energy consumption (% of total),EG.USE.COMM.FO.ZS,81.6246524085532,81.9442506485646,82.2667427531513,83.1661477178795,83.9092929399298,84.4561324839342,84.878314172346,85.3672827104011,85.5966707307798,85.7491961952952,86.2685540885208,86.7665219521914,86.708920415299,86.4955126316465,86.3237422154194,85.9114184990902,85.376984019704,85.146309319022,84.8349190841443,84.5003920633187,83.897297157959,84.2183425833002,83.9097110705504
IBRD only,IBD,Population density (people per sq. km of land area),EN.POP.DNST,56.3605166988903,57.0368803805904,57.6912523622848,58.3300459712697,58.9793316998993,59.6193390938655,60.1670471962571,60.7784374445819,61.4029739441699,62.0430885387988,62.6831543816806,63.3392420682377,64.0313425329857,64.7368521906437,65.4245176860068,66.0772251415751,66.7105894758364,67.3416273591474,67.9242193333424,68.4630156602877,68.9357687165893,69.3015184313588,69.6275900862224
IDA & IBRD total,IBT,Carbon dioxide (CO2) emissions excluding LULUCF per capita (t CO2e/capita),EN.GHG.CO2.PC.CE.AR5,2.25248559366248,2.27657332031412,2.32611335040917,2.47655660952801,2.63627127695016,2.77988895773581,2.92861019934285,3.06149120313765,3.10437194289509,3.13537495908558,3.32090944938537,3.48944183098683,3.55272462485912,3.60263197737796,3.60909544205708,3.54139311446509,3.52414567825195,3.57335846696184,3.66667884780998,3.69101705394834,3.57286197380266,3.74274345563491,3.73032044778014
IDA & IBRD total,IBT,GDP per capita (constant 2015 US$),NY.GDP.PCAP.KD,2342.69263467866,2393.38728930607,2470.18986526466,2579.40971745179,2736.28001862928,2891.50569534706,3083.96445596496,3307.90197826117,3455.1951628895,3511.35486018414,3730.89900059914,3908.78015405777,4059.83584415616,4215.62042161633,4363.80564836073,4494.44119703311,4635.79860256496,4813.31983045957,4989.35477211125,5130.75740660787,5013.23263491639,5330.50443957853,5481.60568741774
IDA & IBRD total,IBT,Energy use (kg of oil equivalent per capita),EG.USE.PCAP.KG.OE,860.178492978524,864.236329698762,881.998441809477,925.758718573336,975.442187416596,1013.10326446389,1053.61401325139,1088.14775234026,1108.77901886908,1112.90779756596,1178.14301151675,1215.89579731748,1232.50407678746,1243.26897996293,1254.119147257,1237.9781536293,1239.27569087416,1262.79199302869,1291.50138540391,1308.86374865352,1290.38884525815,1366.37599993638,1381.83689015579
IDA & IBRD total,IBT,Urban population (% of total population),SP.URB.TOTL.IN.ZS,40.4256351619026,40.9375084118375,41.4906722431939,42.050642250773,42.6187392141779,43.1927558051343,43.7570148528773,44.3057503243017,44.871338637959,45.4361583517829,46.0007901850597,46.5374985760836,47.0659337967184,47.6048093056323,48.1466258633628,48.6925864607723,49.233633582592,49.7713538751917,50.301080152151,50.8211355459862,51.3285959695125,51.8301784271447,52.3261779252217
IDA & IBRD total,IBT,Trade (% of GDP),NE.TRD.GNFS.ZS,48.8585693031064,47.8616205821996,50.1335138440888,54.3542125060996,59.1097455505986,60.6781918180992,61.5087022360588,60.4247529068191,60.2835625912904,50.7169710752571,53.8406064255167,55.5537385965337,54.3363867397535,52.9843679296331,51.628215931544,48.3258368147309,46.4704813930046,47.896540460616,50.122911858289,48.1247888389153,45.5622437358698,50.858685489425,54.0246646416888
IDA & IBRD total,IBT,Renewable energy consumption (% of total final energy consumption),EG.FEC.RNEW.ZS,29.2034754750625,28.756966654433,28.4620294366149,27.4990846528317,26.1171565862039,25.0826783272947,24.4584394602454,23.5801717590485,23.1916933385608,23.1681701232033,22.2914952493169,21.5080308989151,21.3971364601676,21.5681055110978,21.5287778759064,21.6163623919511,21.8132582722264,21.8333716725747,21.9590062576992,22.4318628279228,23.435247290857,..,..
IDA & IBRD total,IBT,"Industry (including construction), value added (% of GDP)",NV.IND.TOTL.ZS,33.5627104859208,33.1973685780298,33.5939404139048,33.6430772382488,34.5842908416883,35.2146131627511,35.7899482620679,35.5371412458833,36.1375477088773,34.8661173447279,35.4256011680813,35.8646829403257,35.5660039065659,34.7404494772383,34.1561681522896,33.6971515658771,32.9319133284634,33.3370707898443,34.0460497561002,33.2012590772664,32.7414041855234,34.3426968788828,34.4950352839073
IDA & IBRD total,IBT,Fossil fuel energy consumption (% of total),EG.USE.COMM.FO.ZS,78.3076139571468,78.5703712923436,78.8801943255568,79.8136505533207,80.5661882172095,81.1656464709894,81.6576424591457,82.2377827472654,82.5218376250547,82.597962555871,83.2473661875328,83.7426532613182,83.6087127838338,83.3988290286897,83.2715304881455,82.8152312404638,82.3376182337729,82.1851292563237,81.9506943381409,81.6655341333404,81.0095784338943,81.3911861294931,81.0573152939571
IDA & IBRD total,IBT,Population density (people per sq. km of land area),EN.POP.DNST,54.8324038258068,55.6433851278034,56.4459826740064,57.2423697149221,57.9579182178703,58.7623435386983,59.5089024887134,60.3135483053692,61.1323623218924,61.9668463689047,62.8068156780173,63.6624484007281,62.8623433782887,63.7115766781115,64.5573793843395,65.3810055429382,66.2058875354181,67.0419614260911,67.8547096177904,68.6479326860907,69.4025518373778,70.0806410026448,70.7266242489639
IDA blend,IDB,Carbon dioxide (CO2) emissions excluding LULUCF per capita (t CO2e/capita),EN.GHG.CO2.PC.CE.AR5,0.993137905525918,0.991229268813804,0.944413553131709,0.930762004532859,0.941953452283594,0.91536422126086,0.916144812075202,0.90287267594728,0.893277525798436,0.834918230254855,0.866036599622769,0.877934084492423,0.825319817618582,0.844931053233728,0.848653875365581,0.83434623678519,0.86937283373388,0.88587571767453,0.870184957780839,0.864038331791745,0.863249846943118,0.906167765337209,0.87099440792787
IDA blend,IDB,GDP per capita (constant 2015 US$),NY.GDP.PCAP.KD,1294.79822893349,1311.15284624572,1360.49959658395,1387.34996576211,1452.73959307883,1501.61168172083,1548.53983834584,1590.58589485851,1614.09817973915,1665.48090513991,1719.99150192334,1748.97991711225,1786.63657405362,1848.23392003456,1914.2194306931,1947.83629776554,1953.47589122078,1968.27630348302,2003.84506122924,2023.8149390915,1955.54545528729,2017.41666000453,2064.46816484506
IDA blend,IDB,Energy use (kg of oil equivalent per capita),EG.USE.PCAP.KG.OE,468.45325312048,466.02549808834,465.607855032395,463.906783414546,470.274762608971,471.207945962889,468.488050692194,465.491704434561,458.416300757683,437.356301239342,462.968497338917,478.954775208078,459.58850814302,457.803767106823,457.60354924689,445.12992695976,454.763869354054,454.995493846581,448.786800047905,451.006772438044,459.361839196686,479.001163039242,477.044311254525
IDA blend,IDB,Urban population (% of total population),SP.URB.TOTL.IN.ZS,34.3374216788525,34.779170094102,35.2250948464066,35.6631354707663,36.1043508060075,36.5500826830597,37.0010477697796,37.4547842206776,37.9130743414928,38.3771044163808,38.8477483223638,39.3061853673143,39.7556762799774,40.2116278109995,40.6764393527976,41.1483774380694,41.6223732730942,42.094267862311,42.568372249278,43.0461551836081,43.526580341856,44.0111666695768,44.5056762549498
IDA blend,IDB,Trade (% of GDP),NE.TRD.GNFS.ZS,..,..,..,..,..,..,..,..,..,..,..,..,..,..,..,..,..,..,..,..,..,..,..
IDA blend,IDB,Renewable energy consumption (% of total final energy consumption),EG.FEC.RNEW.ZS,58.7954757830609,58.9012101457864,59.097088474877,59.3760404153803,59.3834807906034,60.1143669239581,59.7728436369701,59.7989247311828,59.8816457785291,61.5456166448889,60.5940711914845,60.1995707840284,62.2040325368952,61.9371685909771,61.535451528507,61.7521936459909,60.4836460271951,59.7969449026188,60.0455922831853,60.7067624481493,60.0736911684857,..,..
IDA blend,IDB,"Industry (including construction), value added (% of GDP)",NV.IND.TOTL.ZS,23.5408591461236,21.9405390811741,20.4947318420041,21.860666791241,23.858670661405,24.7764112246626,24.197891011534,23.2861071525237,24.189721227522,22.0609202761997,23.9090885841351,25.3689588531924,25.1069639175152,24.1785096569586,23.6898665044786,20.9220302717691,19.5533914683889,21.7141216274606,23.2373066740725,24.6056059661998,24.3426188511838,25.721033664314,26.645085517363
IDA blend,IDB,Fossil fuel energy consumption (% of total),EG.USE.COMM.FO.ZS,61.5203867738032,61.1497723153992,60.7617905475781,60.1890652798287,59.0151499103968,58.8420582910642,58.8296240290621,58.9421067283413,59.1900458502538,57.3890531728717,59.9051497331822,60.2079444174552,57.6431321303284,58.0939089603686,58.8040477577594,57.7485381876855,58.980099703621,59.3219596950001,59.3579758478175,59.686468989864,60.7626619439296,60.8234187484621,59.9072661609842
IDA blend,IDB,Population density (people per sq. km of land area),EN.POP.DNST,80.4600939070839,82.6111587109078,84.7083095999817,86.827203743006,89.0398379217651,91.2826088936342,93.581637179149,96.0455757341829,98.5976026018541,101.177378451267,103.794019345103,106.36032982086,108.809489445231,111.149837248575,113.482474604471,115.689153675963,117.979685012637,120.337543397582,122.770294331703,125.231895343451,127.763150420736,130.364672327845,132.954794448531
IDA only,IDX,Carbon dioxide (CO2) emissions excluding LULUCF per capita (t CO2e/capita),EN.GHG.CO2.PC.CE.AR5,0.255106385461471,0.26273686453958,0.266861977437306,0.276812815222744,0.282839355044174,0.302013691199241,0.311393411350163,0.32638511677213,0.33108030239843,0.332925472314526,0.343227955677777,0.353030878891452,0.355495136243759,0.345686294936454,0.356538256820374,0.364311063091453,0.390735467131116,0.412483381987465,0.422818877863247,0.425976274821234,0.40702210800452,0.426187833062504,0.422469027228882
IDA only,IDX,GDP per capita (constant 2015 US$),NY.GDP.PCAP.KD,687.696747994812,699.52073952115,713.730954424969,734.478096670906,761.12019331513,792.043503768657,823.540447910701,856.498999307072,887.106226540794,904.347389438866,941.411982476741,959.647950886679,960.645749003179,986.515648150274,1015.19174796501,1023.94411088699,1044.42742376085,1074.37612542668,1101.1327340475,1129.35499390586,1100.00133327901,1114.95742128462,1138.5954330942
IDA only,IDX,Energy use (kg of oil equivalent per capita),EG.USE.PCAP.KG.OE,312.713225553453,316.696667772832,318.611841661969,322.466223143664,323.137860849663,329.258662600134,334.819048613401,334.55280165849,338.300959813927,339.829244972191,341.041882127327,345.159789648829,342.073887126951,349.796258447028,354.877842370449,353.476098137845,359.184109601756,361.542720646237,364.075011560232,367.339199462521,366.823453230079,372.68266295247,372.93417690592
IDA only,IDX,Urban population (% of total population),SP.URB.TOTL.IN.ZS,25.8941609350284,26.2608279859372,26.6495494656367,27.0441556783664,27.441475423719,27.8549122566498,28.2822770848071,28.6819260955074,29.1475307752032,29.6040063641326,30.0717178105173,30.50893275602,30.9267678051136,31.3447448290355,31.7629487268723,32.2393173119926,32.7399434484205,33.2541343513233,33.7704062246334,34.2901441341824,34.8127799417597,35.3417682738071,35.8907865413649
IDA only,IDX,Trade (% of GDP),NE.TRD.GNFS.ZS,54.9102602513527,53.5011488482746,53.5812273910747,53.5835777280058,55.7009130891046,57.8428432122027,56.9298702771732,59.6091385555215,61.3093900707651,54.490000184911,57.5498604167279,60.866885722595,60.9928267511033,59.0739100916726,57.7624831572592,54.0051772213467,50.6065524862865,51.9797408426884,53.9443983836085,53.043017184462,47.8900223030331,52.3910344434374,55.3175586741706
IDA only,IDX,Renewable energy consumption (% of total final energy consumption),EG.FEC.RNEW.ZS,77.4297504047491,76.6386299861006,76.2397735224887,75.598263871884,75.0011327841767,73.8050436381383,73.3938956177054,71.8570857444585,71.6010224669511,71.6363429921907,70.5576135766612,69.9942562944391,69.2375680788855,70.0688971913976,69.5857709069388,69.2695625897768,68.2872983784982,67.1926478978048,66.0568216095439,66.1344154982874,67.3560634206125,..,..
IDA only,IDX,"Industry (including construction), value added (% of GDP)",NV.IND.TOTL.ZS,23.4563867856751,23.4193724786683,23.8689321737054,23.8215096603683,24.6570140672354,25.3898164682997,26.3221963304165,26.5728524262994,26.8258659079704,25.555367146636,26.1910587903548,27.4467318259699,26.2092410770421,26.4235655727689,26.6112465338655,25.84806180439,26.8298011254229,27.8665279680407,29.3320495191052,28.6658174557381,28.5796632865428,28.7153936061785,29.084968467317
IDA only,IDX,Fossil fuel energy consumption (% of total),EG.USE.COMM.FO.ZS,28.6899596340837,29.3304749323408,29.5817722070055,30.2129996407631,30.6859721815684,31.9461458607908,32.8796303460377,34.012698711083,34.4618832686525,33.9749072671718,33.8306484465273,34.0713122728721,32.9739473536607,33.3529472877337,34.1620622994451,33.8707078931121,35.1356662689595,35.9314366679347,36.2993910225651,36.8963511100475,35.9120186901454,36.3745605514148,36.0169912437056
IDA only,IDX,Population density (people per sq. km of land area),EN.POP.DNST,41.6690060198843,42.6464099082309,43.6821768734784,44.7406982658032,45.4107123697434,46.470791167017,47.5743961978219,48.6892055075049,49.8020355083412,50.9277744726185,52.0727118581478,53.2498372182488,47.7655485211288,48.7554670907223,49.7921471241083,50.864452516561,52.0015998511586,53.1835769718324,54.4056735061853,55.681005468268,56.9864757487285,58.2868067553552,59.576784263874
IDA total,IDA,Carbon dioxide (CO2) emissions excluding LULUCF per capita (t CO2e/capita),EN.GHG.CO2.PC.CE.AR5,0.513537925423203,0.518381048111718,0.504815568115645,0.506610417250026,0.514783800547229,0.518129771681139,0.524697878118194,0.530122501926661,0.530262397921814,0.511199235522569,0.529316192630256,0.540146148259365,0.523070687791126,0.523862404036767,0.532122349884482,0.531860377513362,0.561017078460817,0.580522637882198,0.581305086881548,0.580834456176578,0.567973765630832,0.595244291689911,0.580199912812205
IDA total,IDA,GDP per capita (constant 2015 US$),NY.GDP.PCAP.KD,898.926252910715,912.759658227879,939.517477506593,962.444369835942,1003.04258828016,1040.49445744778,1077.56564709036,1114.09767729303,1142.65881038241,1172.51412924099,1216.3005257885,1238.69964668899,1252.79572531256,1291.45987032235,1333.2956608341,1350.62840308024,1365.34514851903,1389.39853899449,1418.70439226284,1443.34555447691,1399.71905408952,1430.61708230182,1461.96193294782
IDA total,IDA,Energy use (kg of oil equivalent per capita),EG.USE.PCAP.KG.OE,371.079065033317,372.771124516269,373.891756671103,375.737046510282,378.449741677837,382.720119086187,385.24759238799,384.06079248358,384.018733433606,377.061383428,387.717191373581,396.483347152286,386.850656790106,391.001121059941,394.092760257051,388.504204628926,395.669294058351,397.173105732974,396.334271907079,399.149525110826,401.955373599221,413.000161884933,412.359659732814
IDA total,IDA,Urban population (% of total population),SP.URB.TOTL.IN.ZS,28.83492029164,29.2338394275423,29.6445267359147,30.0556870624884,30.4722825018542,30.9004679937344,31.3387528021494,31.7629409079578,32.2331359972255,32.6991149671495,33.1742847185102,33.6230185144664,34.0533287657888,34.48626328101,34.920461990074,35.3930381648969,35.8790773172988,36.3728522356199,36.8687600281853,37.3669945784169,37.8684932787533,38.3770927534876,38.9024403010933
IDA total,IDA,Trade (% of GDP),NE.TRD.GNFS.ZS,..,..,..,..,..,..,..,..,..,..,..,..,..,..,..,48.1562321064633,45.0170519969075,46.5390071345671,49.3934044922873,48.9493902628678,43.8396848991935,47.4866183747646,51.5690768520705
IDA total,IDA,Renewable energy consumption (% of total final energy consumption),EG.FEC.RNEW.ZS,67.6196746762415,67.3222664226306,67.2435642247321,67.1356806109481,66.8527540120632,66.7599113045394,66.3967663862666,65.6601255015347,65.5967479591471,66.5353503378893,65.4798262712482,64.9875878296829,65.6347840271434,65.9170351063927,65.5180418773844,65.4970691927081,64.3516706620498,63.4625486644428,63.0596732632859,63.4454503938806,63.7525629244284,..,..
IDA total,IDA,"Industry (including construction), value added (% of GDP)",NV.IND.TOTL.ZS,23.5333560492541,22.7315589853191,22.2277326611166,22.8793602201723,24.2891700546315,25.1169252474256,25.2453350903003,24.885654799685,25.4983729141234,23.8646400518181,25.0753038516249,26.4241926249474,25.6439910894162,25.2640479821062,25.0866184020837,23.3364261810025,23.3336182003156,24.9837611308797,26.4860286030863,26.7971809662323,26.701990379857,27.385040933827,28.0050621854728
IDA total,IDA,Fossil fuel energy consumption (% of total),EG.USE.COMM.FO.ZS,44.2222259315955,44.2677730479627,44.183270317995,44.1514097180795,43.918517797344,44.4167532128216,44.7837802908303,45.435776507393,45.6958631207301,44.3414464374017,45.7479892226721,46.1809426106877,44.1391463511994,44.402176988303,45.0828717566388,44.3242427473653,45.5950073450025,46.1457474279198,46.2404743726109,46.6849134399777,46.6919169829051,47.1257646255087,46.4818204745643
IDA total,IDA,Population density (people per sq. km of land area),EN.POP.DNST,50.0620177755881,51.2932854443478,52.5586961571558,53.8466694076021,54.7896163071281,56.1039371889656,57.4644522370557,58.8694513325759,60.2917525026172,61.7300210631151,63.1909274670047,64.6663688445888,59.5902347483495,60.8417716261234,62.1300849868292,63.4324586140116,64.7933355771926,66.2033317611789,67.6601823751493,69.1654337294484,70.708813372764,72.2614273728886,73.8026057901326
Late-demographic dividend,LTE,Carbon dioxide (CO2) emissions excluding LULUCF per capita (t CO2e/capita),EN.GHG.CO2.PC.CE.AR5,3.6097715043017,3.69763136733373,3.83579298813802,4.19024262217923,4.56423037793676,4.93026004509592,5.28095595009057,5.56864142563078,5.69076868851235,5.81654061662805,6.2656821342776,6.69043590171218,6.81348381915404,7.00466241278559,7.00504498993584,6.89978919485152,6.86820048546002,6.96752818283843,7.21417055956101,7.3584506706904,7.336072172225,7.6974201554354,7.66328778044126
Late-demographic dividend,LTE,GDP per capita (constant 2015 US$),NY.GDP.PCAP.KD,3466.37583953585,3619.84272280879,3812.98053685304,4048.91489334792,4353.28819581039,4663.32540066646,5064.28126813707,5544.97805335408,5892.26703201482,6075.02285208018,6526.23600790255,6950.05005525226,7301.18036733616,7658.75468426653,8005.09578206233,8325.54664463079,8639.33621121133,9037.44201526767,9477.12040894328,9881.6721371596,9880.45810162277,10611.7468569376,10944.899622712
Late-demographic dividend,LTE,Energy use (kg of oil equivalent per capita),EG.USE.PCAP.KG.OE,1243.97244037144,1270.83653979453,1311.72213895983,1412.49383129478,1519.7498680093,1605.78494090757,1704.47241761981,1781.98279048798,1826.94779551746,1851.37147627384,2005.74933555111,2097.72304541722,2145.65374039436,2186.06972810792,2205.02778837102,2187.06011904173,2185.69039626667,2234.01576901471,2316.4703184189,2362.79676908505,2378.45133447815,2528.66855575856,2556.02970767273
Late-demographic dividend,LTE,Urban population (% of total population),SP.URB.TOTL.IN.ZS,45.6278335826902,46.5017067580441,47.4485995521306,48.4126970641164,49.3912861225068,50.3808715430178,51.3547019865279,52.3237873689032,53.2981351995234,54.2708057062181,55.2420765130508,56.1611231164695,57.0582009531008,57.9697914804197,58.8687795884874,59.7601754569678,60.6446048429491,61.5196324604483,62.3774263489862,63.218154758505,64.0329696631862,64.8181558739638,65.6035316403987
Late-demographic dividend,LTE,Trade (% of GDP),NE.TRD.GNFS.ZS,51.8391179103628,51.7262128117832,53.8287847967165,59.4769719363165,65.2033051460543,66.8391274991469,68.1367378438902,66.9301051204656,65.1442043181929,54.9466558972812,58.8660155078388,60.0750939273144,58.8319766361176,57.6922457119664,56.7176895745294,53.7631143844612,51.9696267217425,52.8885010639412,53.7095823536865,52.6168467538735,51.1634221137488,55.3504462618317,57.6895361175491
Late-demographic dividend,LTE,Renewable energy consumption (% of total final energy consumption),EG.FEC.RNEW.ZS,21.6296317925485,20.8661376739642,20.665536308967,19.5085643879237,18.0329223717659,16.8127063266169,16.2710933355579,15.5877124923454,15.0816450798626,15.0489853771052,14.227913389653,13.4939401643027,13.5583905267186,13.6510906148841,13.7969449361474,13.7947562846974,14.1053604502349,14.3601698499908,14.7113402854056,15.1930553100861,15.8291260683112,..,..
Late-demographic dividend,LTE,"Industry (including construction), value added (% of GDP)",NV.IND.TOTL.ZS,36.4715921353957,36.6004113637743,36.5098972590128,37.0663840263537,37.7283100480599,38.1043439294823,38.3433227292203,37.7709063033491,38.0357543726732,37.6291780642514,38.1297452390429,38.4375744132825,38.1935238568205,37.3369111869417,36.8883502924646,36.1417020908116,35.0562515845712,35.2303105582804,35.882132958187,34.9751189019467,34.4601768268726,36.007363440573,36.2408151767846
Late-demographic dividend,LTE,Fossil fuel energy consumption (% of total),EG.USE.COMM.FO.ZS,82.6558183761656,83.1989149932267,83.4601466745364,84.4885584782611,85.2742646013816,85.9702553504053,86.4870627859123,86.9581982634493,87.0914783636255,87.2594554122929,87.8408865136419,88.4274842118566,88.209323058969,88.0899436132942,87.729162669305,87.3246956464906,86.7227844110408,86.4247038335473,86.1688366306652,85.7571808566606,85.4319617409644,85.5831495328727,85.0633550780098
Late-demographic dividend,LTE,Population density (people per sq. km of land area),EN.POP.DNST,46.0098979791788,46.3489595968754,46.6640057376622,46.9615796679169,47.260206287554,47.5540348054057,47.750641833215,48.0619705322459,48.3767096734734,48.6767234859002,48.9508454672571,49.2573421756937,49.6208892613785,49.9733098140472,50.3358114818514,50.6744742611957,51.0057923887123,51.3449937789352,51.6263979698143,51.8625509332114,52.0300826442229,52.1195811583426,52.2022792523304
Latin America & Caribbean,LCN,Carbon dioxide (CO2) emissions excluding LULUCF per capita (t CO2e/capita),EN.GHG.CO2.PC.CE.AR5,2.59576933928782,2.56294068068196,2.531209636212,2.55769704506259,2.64101396625459,2.69258182956422,2.72532141462607,2.78854586848274,2.82454837902796,2.70997086722983,2.87235025675623,2.93700014768685,3.04455563876375,3.06949415830207,3.05036665752178,3.0042221524637,2.91910011892375,2.87141599953529,2.77224348593704,2.7418000328341,2.42911977717975,2.62610613911213,2.62023736260935
Latin America & Caribbean,LCN,GDP per capita (constant 2015 US$),NY.GDP.PCAP.KD,6890.95854002319,6826.51917105877,6766.97487166473,6844.49871692347,7127.17744179105,7318.93876611781,7604.13264033549,7906.01969177163,8100.69859228216,7827.87872972674,8237.78723215005,8508.79172925233,8635.25206265996,8781.61859739655,8809.13039283204,8758.631461288,8647.12703102584,8730.57792019218,8794.51276668407,8782.94331550726,8144.08689277633,8670.66191916267,8961.37737419156
Latin America & Caribbean,LCN,Energy use (kg of oil equivalent per capita),EG.USE.PCAP.KG.OE,1175.0909355958,1160.84667157871,1187.34971005353,1206.11748229524,1233.91518285675,1263.00451427939,1286.83254463612,1312.38209714846,1329.68770965656,1282.39447369677,1350.19449797758,1361.48320329842,1388.58062747204,1430.04385450087,1411.81960480812,1388.6984683666,1355.89847172152,1337.78575142073,1303.5956103502,1313.00500309655,1218.33647424549,1288.24004407426,1325.27039009953
Latin America & Caribbean,LCN,Urban population (% of total population),SP.URB.TOTL.IN.ZS,75.496026457602,75.8546401595851,76.1833285481376,76.5035888283245,76.8105978108385,77.1149339228251,77.4142848028044,77.7092622774368,77.9976244507387,78.2785271012667,78.5579173925433,78.8334605944324,79.1007053150702,79.3629353810291,79.6236030336442,79.8819667727394,80.1349551347229,80.3801642315254,80.6138689467709,80.8488679958605,81.0877969256887,81.3272280767858,81.5649153564557
Latin America & Caribbean,LCN,Trade (% of GDP),NE.TRD.GNFS.ZS,38.6752821472946,38.7754512942915,41.2979985806641,43.2343616418986,45.4936722958476,45.5093843086143,46.08631831824,46.089235526681,47.858567482369,41.0509728135888,43.6582369855485,46.1072663901079,45.6501700297852,44.8900639758249,43.9781403033588,44.2989865660116,44.2546354681242,44.5963976046662,48.0416376580368,47.3631208587528,47.0299140246482,53.8722324925001,57.5513455877963
Latin America & Caribbean,LCN,Renewable energy consumption (% of total final energy consumption),EG.FEC.RNEW.ZS,28.4987826663039,27.9199322021845,28.526904727315,29.0446078906691,28.8693246970421,28.9373842994788,28.9856660718838,29.0767468358782,29.1895755585886,30.0250169872657,29.068340737703,28.4958595093532,27.9411911085897,27.7426663261076,27.7215959010541,28.2446666189275,28.8850327404841,29.4068241645848,30.252639118551,30.6248117743588,34.1964972995889,..,..
Latin America & Caribbean,LCN,"Industry (including construction), value added (% of GDP)",NV.IND.TOTL.ZS,29.4908130394389,29.3167378660131,29.9309514888402,29.6731524906815,30.6420497005025,30.6484593491277,31.1231072355398,30.2912812129565,30.3743550917745,28.0493613568738,29.1687557791031,28.9267344168926,28.5779647865287,27.6224679346547,26.8925098616768,29.0284385022147,28.093911419185,28.133642827566,29.0707781239571,28.9060493934762,28.9943193285378,31.0913835294118,31.7369941310918
Latin America & Caribbean,LCN,Fossil fuel energy consumption (% of total),EG.USE.COMM.FO.ZS,74.7599340141182,74.7378239654117,74.6308848790458,74.1701894180654,73.8117035603256,73.8392993276693,73.6634153789071,73.2754556032521,73.3229386388312,72.8364646253345,73.6885714240833,73.9010637419576,74.1821930632913,74.4151256892665,74.5714188008087,73.7766367216735,72.9713078272466,72.2668223439202,70.9487750385309,70.9438235268427,68.4264653954764,70.5427992349236,69.7189982393679
Latin America & Caribbean,LCN,Population density (people per sq. km of land area),EN.POP.DNST,25.9529802442326,26.3171527942571,26.6736175172998,27.0204001421728,27.3602195415425,27.6926786911619,28.0234967476479,28.3523925287658,28.6798177861617,29.0030480416402,29.3205404252576,29.6351277053727,29.9513839091708,30.2674745867114,30.5757421465663,30.8759165980304,31.1688358715504,31.4524540545887,31.7199328465571,31.9787636490052,32.2050368618472,32.3914746190884,32.5866649067915
Latin America & Caribbean (excluding high income),LAC,Carbon dioxide (CO2) emissions excluding LULUCF per capita (t CO2e/capita),EN.GHG.CO2.PC.CE.AR5,2.3638070683217,2.32083991309196,2.28949510546268,2.31234191450511,2.38382430140112,2.41883806845152,2.4616284062311,2.52523965618053,2.55298053618153,2.43788008581851,2.5921181919867,2.66536569630579,2.75248293153535,2.78487426297499,2.78350468911142,2.75641101541606,2.68610621543751,2.6567045600462,2.56051810318564,2.54803112078238,2.30928700465854,2.52342256719447,2.50585939025418
Latin America & Caribbean (excluding high income),LAC,GDP per capita (constant 2015 US$),NY.GDP.PCAP.KD,6579.79388057131,6497.81648026573,6432.80258653191,6501.91925151492,6760.55157366561,6945.18915892622,7222.1228904212,7516.69161205553,7707.62362339658,7436.53550315096,7847.60945831773,8107.03327818294,8208.83313243338,8348.46217344054,8368.59617559204,8307.33369621788,8182.7315614952,8262.61207558922,8305.84789826096,8274.06093377018,7670.34419013564,8143.89761140247,8403.21343200064
Latin America & Caribbean (excluding high income),LAC,Energy use (kg of oil equivalent per capita),EG.USE.PCAP.KG.OE,1080.92495534022,1075.48410746333,1078.1014322393,1107.45331160533,1140.17299371017,1162.63906579858,1182.46449503004,1205.69258436387,1228.30439333129,1183.79197515499,1234.1678513934,1258.26777212768,1282.41815983366,1315.57932642754,1321.30032741197,1300.85400884582,1276.48916349586,1263.71110497964,1248.54006768252,1255.0380370917,1178.53719381539,1239.7664335688,1270.31990096236
Latin America & Caribbean (excluding high income),LAC,Urban population (% of total population),SP.URB.TOTL.IN.ZS,74.6149326240965,74.9790157555925,75.3251097631481,75.6680548633672,75.9964933826823,76.3197038610586,76.6400974096056,76.956174306103,77.2652895836217,77.5661775693105,77.8654739637702,78.1611069994865,78.4486398684116,78.7312873391729,79.0127052039133,79.2919206746314,79.5663110301781,79.8363374785181,80.1027920682901,80.3673865463117,80.6299945481019,80.8894314614173,81.1442610510058
Latin America & Caribbean (excluding high income),LAC,Trade (% of GDP),NE.TRD.GNFS.ZS,34.3979782713171,34.7256834659512,37.1994562273876,38.8588639731718,40.7359133566437,40.1401684611942,40.7632067465058,40.7214898682896,42.3648427753668,37.0043325734306,39.3513335106608,41.502473164846,41.6862105906682,41.0365783510298,40.4768913525935,41.6773752980572,41.8432377422729,42.0989285592418,45.8074558329563,45.1936629830531,45.1408744581909,52.0169980874688,55.160270137976
Latin America & Caribbean (excluding high income),LAC,Renewable energy consumption (% of total final energy consumption),EG.FEC.RNEW.ZS,29.8286897904667,29.3175361993804,30.1399289410141,30.6828162403507,30.3512892936746,30.5136178049694,30.3257324603332,30.3326680623936,30.4410342110117,31.4816076655373,30.791063793122,29.923684115234,29.3509779416994,28.8753991496002,29.1503479276468,29.3653339575074,30.0701319995524,30.6421659951186,31.4749268035603,31.7254596724351,34.931181287891,..,..
Latin America & Caribbean (excluding high income),LAC,"Industry (including construction), value added (% of GDP)",NV.IND.TOTL.ZS,28.3718763860333,28.158858582003,28.7143604661078,28.2691632294879,29.0270983333335,28.8160637086977,29.126998663955,28.3736873176692,28.3604436681426,26.2921269293757,26.9852097825733,27.3288997857115,27.0563025072173,26.0767283108025,25.5356145145255,24.6087374566643,23.8019347436489,23.8916546041283,24.7554801229601,24.6347275155394,24.5447701700672,26.4837409928247,27.1268335860634
Latin America & Caribbean (excluding high income),LAC,Fossil fuel energy consumption (% of total),EG.USE.COMM.FO.ZS,72.5610311673832,72.7397291780975,72.0080864423046,71.6211475706731,71.8205462670531,71.8382433954289,71.6222065530682,71.0368412881162,71.0858336902981,70.6165809126092,70.9606503118138,71.6893733350003,72.415634477497,72.6657378979418,72.7814337884834,72.0648659174075,71.2121115391138,70.5241997741741,69.5379699855807,69.3805958301086,67.2466511158326,69.4699745838441,68.3841322921014
Latin America & Caribbean (excluding high income),LAC,Population density (people per sq. km of land area),EN.POP.DNST,25.867875695749,26.2315962517176,26.5871177699417,26.9323626452345,27.2706803959196,27.6044589528695,27.9343857032638,28.2630886152013,28.5908746323007,28.9150037777848,29.2328158889148,29.5492418539098,29.8670136274965,30.1848912097394,30.4949995687283,30.7974052455631,31.0973457581053,31.4060855350308,31.7276580583473,32.0408546856498,32.3079863627087,32.5199516637478,32.7327006919195
Latin America & the Caribbean (IDA & IBRD countries),TLA,Carbon dioxide (CO2) emissions excluding LULUCF per capita (t CO2e/capita),EN.GHG.CO2.PC.CE.AR5,2.56538963613489,2.53517255714377,2.51433502800584,2.53252084547616,2.61950020200771,2.67094514081504,2.72045257230476,2.78156874284768,2.82476452684869,2.70939753691988,2.87467854599783,2.9459960481819,3.05438301906521,3.07989013549735,3.06239779180254,3.00943786324793,2.92620224993598,2.87764159506224,2.77115840483703,2.74463362159391,2.42996289025933,2.63143932720689,2.62546537790332
Latin America & the Caribbean (IDA & IBRD countries),TLA,GDP per capita (constant 2015 US$),NY.GDP.PCAP.KD,6756.85832514381,6676.2412857233,6613.60452558657,6692.51140693973,6960.93288543729,7152.69460430709,7436.7567438786,7741.78186470351,7942.61999485964,7668.91149402251,8090.06385704013,8367.39195224032,8494.85171090977,8643.8783465476,8673.19274235671,8616.95753415631,8504.2923762152,8591.615571462,8658.22679130356,8644.58034902295,8021.38920067187,8553.60626841133,8840.33081627037
Latin America & the Caribbean (IDA & IBRD countries),TLA,Energy use (kg of oil equivalent per capita),EG.USE.PCAP.KG.OE,1171.84232129386,1157.84648902858,1186.75845982195,1206.31701671154,1234.61207087584,1265.66323655308,1290.11096440141,1316.67999492344,1333.81356388124,1285.94177252289,1353.99933661826,1365.7657511768,1392.87834671228,1436.2692291267,1416.89245854316,1392.78028220718,1360.20292097194,1342.9672254292,1309.17697568945,1319.86973926516,1223.85691704459,1295.56255194643,1333.08703165238
Latin America & the Caribbean (IDA & IBRD countries),TLA,Urban population (% of total population),SP.URB.TOTL.IN.ZS,75.34802028219,75.7148007535225,76.0506006118887,76.3789936703197,76.6951045149019,77.0084585404128,77.3167514313408,77.6204543475109,77.9171467954934,78.2059442308233,78.4927959794285,78.7758823910133,79.0503099536297,79.3201089434569,79.5886292750419,79.854596104089,80.1148117407706,80.3667891384065,80.607740795928,80.8468332516826,81.0901657049533,81.3334320955924,81.5750058081646
Latin America & the Caribbean (IDA & IBRD countries),TLA,Trade (% of GDP),NE.TRD.GNFS.ZS,37.8222393128199,37.9215044221277,40.4720085885631,42.2281855962202,44.4485257079312,44.2691538861666,44.7981032707178,44.7841092447097,46.2993166556774,39.8779581824945,42.4122234042978,44.6720993432278,44.6470509913374,43.8836607571243,43.0434511774399,43.4619388311966,43.4581851472548,43.71591319466,47.3359085484223,46.7570118479224,46.6558303408864,52.7321151725995,56.2378167048525
Latin America & the Caribbean (IDA & IBRD countries),TLA,Renewable energy consumption (% of total final energy consumption),EG.FEC.RNEW.ZS,28.5774086987318,27.9857754927164,28.6289640352186,29.1928289531382,29.0032130411343,29.1868140682957,29.2883960377476,29.4162906928946,29.5066403419618,30.3669946466489,29.4185691870613,28.7713961731801,28.2092931078232,28.0091335892334,27.9234565266568,28.4881357094781,29.1484835734771,29.6408830785882,30.4953793252595,30.8730849505438,34.4989632470857,..,..
Latin America & the Caribbean (IDA & IBRD countries),TLA,"Industry (including construction), value added (% of GDP)",NV.IND.TOTL.ZS,29.249497668589,28.9498164893145,29.5198961328071,29.2615335341504,30.3634602299044,30.4561281948913,30.9855595445891,30.1531012826986,30.2333219315921,27.739221922855,28.9207384165345,28.7294426837595,28.3616858888002,27.3866690007306,26.643717741016,28.8241263231947,27.7986466976388,27.8980994315211,28.875044693835,28.6764370238806,28.7359797954494,30.9843125336282,31.7434276783383
Latin America & the Caribbean (IDA & IBRD countries),TLA,Fossil fuel energy consumption (% of total),EG.USE.COMM.FO.ZS,74.7532322618013,74.7515562805395,74.5813985235095,74.0677045411216,73.7739543391991,73.7250583322106,73.5033422920784,73.1017176685446,73.0488308328761,72.562027996472,73.3973410563208,73.6489045853956,73.9411020567427,74.2016526846768,74.3738434729227,73.5606442796735,72.7122619161852,72.0647186633712,70.7822307383286,70.7760679912853,68.2332020478556,70.3575791957114,69.4898214833213
Latin America & the Caribbean (IDA & IBRD countries),TLA,Population density (people per sq. km of land area),EN.POP.DNST,25.3309386607104,25.695108937092,26.0501619925308,26.3968363338717,26.7366789597499,27.0696545262619,27.4018628690075,27.7328975330975,28.0626989258994,28.3883302401452,28.7079897400323,29.0267758338296,29.3456982827995,29.6612633119693,29.9735385054324,30.2781963771345,30.5756789555618,30.8648395091605,31.1407608410961,31.4016447900623,31.631770581189,31.8231317642983,32.0247780918987
Least developed countries: UN classification,LDC,Carbon dioxide (CO2) emissions excluding LULUCF per capita (t CO2e/capita),EN.GHG.CO2.PC.CE.AR5,0.180353041438488,0.189106780153888,0.190848330066158,0.202869878865743,0.20731451683504,0.21280925127268,0.220430116840027,0.230699812693825,0.239637605417889,0.252869538995447,0.265715734065085,0.276434987144033,0.287335986337619,0.30189834221736,0.315814536662819,0.324374894428682,0.347799685703503,0.365855658384838,0.371304889378118,0.374519278832839,0.352686565439941,0.37335760501051,0.3750024385562
Least developed countries: UN classification,LDC,GDP per capita (constant 2015 US$),NY.GDP.PCAP.KD,631.50225918843,646.737666506425,664.561359018554,681.207120945062,708.160223726469,743.27940447185,775.426362351979,812.58718477243,845.190468439238,860.428964911843,893.399285244121,901.646878560648,908.701952675905,938.445326811341,966.706091824195,970.916596442798,983.739244613172,1004.42952761641,1026.53885694871,1053.517524379,1027.57951931208,1032.24314317615,1057.29193908212
Least developed countries: UN classification,LDC,Energy use (kg of oil equivalent per capita),EG.USE.PCAP.KG.OE,287.375812574666,292.487537765402,294.217818062946,298.914581763976,297.977688513841,299.450087174284,305.286846665704,304.503421622961,310.460790557082,317.155737667404,317.199806716996,322.228437938469,324.801555309358,338.939380104651,340.781929781588,344.067149268728,348.934115885526,351.852893124132,351.831571250201,355.663489080734,356.282674193259,363.08354431143,365.276380642804
Least developed countries: UN classification,LDC,Urban population (% of total population),SP.URB.TOTL.IN.ZS,25.0271490898027,25.4263301915298,25.8481571648911,26.2766755172176,26.707526525013,27.1555092838585,27.5975648726192,27.9968049829107,28.4855264908401,28.9780363162154,29.4782380357351,29.9856100929974,30.4846413708241,30.992428991258,31.5100998139128,32.0367971381432,32.5762833143075,33.1242640987107,33.6667279661463,34.2024920969837,34.7409228785313,35.2890728691293,35.8497135775292
Least developed countries: UN classification,LDC,Trade (% of GDP),NE.TRD.GNFS.ZS,40.6780197765757,41.1248500051114,52.9397505519427,52.5701541118434,53.6232030222957,56.9327418440278,56.8510427981636,61.8708626027133,66.1805290113706,61.9184388745749,60.7548418093797,62.0098942398263,60.481458966003,60.1088988317706,57.4645303961747,51.6426507643857,47.2820474399688,48.2938931373809,52.4432171403023,49.8753994786155,48.0407383147529,52.756759233029,53.6388098253684
Least developed countries: UN classification,LDC,Renewable energy consumption (% of total final energy consumption),EG.FEC.RNEW.ZS,83.8156995400155,83.0408137064604,82.6109209826965,81.4191737213528,80.9903617758661,80.759987018664,80.1005342660568,78.8471069800247,78.1739617762925,77.0426428856211,75.9030638297872,75.2902390351355,74.1186152161421,73.4516390735312,72.8033051049145,72.6420499355701,71.7069864304561,70.6528427025745,69.6689273124056,69.5024909470932,70.885707743194,..,..
Least developed countries: UN classification,LDC,"Industry (including construction), value added (% of GDP)",NV.IND.TOTL.ZS,23.8121994271857,23.73372447866,24.8632337067545,24.7814522681023,26.0847321169448,28.1949165625925,29.7544926321912,30.8611149622256,31.3437354663247,27.6277960536544,29.332030532027,31.1657796885892,30.6829885391019,29.6853730911079,28.9711350791527,27.0060353284071,27.5131004732735,28.7584039846461,30.9123896202067,30.2167952128966,29.4397113498021,29.8895457935267,30.2744172292492
Least developed countries: UN classification,LDC,Fossil fuel energy consumption (% of total),EG.USE.COMM.FO.ZS,19.6967599019382,20.4295909251533,20.4299840766586,21.4167166324069,22.0608578131945,22.4928732254682,23.7596929884864,24.8557549591963,25.4065156733541,26.0236436463925,25.8607239469313,26.1704826082533,26.3000110812585,28.5161985936049,28.8356955380054,29.4971357443216,30.6839880591152,31.66435459097,31.6629255724019,32.3819260064006,31.4103609406673,32.0445446846517,32.155459202849
Least developed countries: UN classification,LDC,Population density (people per sq. km of land area),EN.POP.DNST,38.0358684345252,38.9533356434649,39.9351323751124,40.9427306263312,41.5882276031709,42.5974909917262,43.63249482813,44.6561647179311,45.7068074340997,46.7941114670934,47.8932877448061,49.0311506607435,44.0424518658881,45.1028650452437,46.1842630273641,47.275728089177,48.4015353371021,49.5597657740462,50.7444246385833,51.967591243585,53.2263059749044,54.4807435364887,55.7288546680037
Low & middle income,LMY,Carbon dioxide (CO2) emissions excluding LULUCF per capita (t CO2e/capita),EN.GHG.CO2.PC.CE.AR5,1.91794800606577,1.94588532916638,2.00602343337374,2.15388157666087,2.32640804944296,2.48220467496247,2.63256337126775,2.77461978804336,2.82895722067473,2.89347567022139,3.07278946926777,3.23514459277116,3.30848763722991,3.37746062569602,3.39508980266027,3.32646458691736,3.31711640860024,3.37376908582782,3.4645434289254,3.48879791654334,3.39358558970792,3.54707247008134,3.52715065003218
Low & middle income,LMY,GDP per capita (constant 2015 US$),NY.GDP.PCAP.KD,2167.96623101832,2212.81345603639,2284.71911210515,2385.26476104356,2531.52843095755,2679.56336586683,2859.145543596,3069.27406497774,3207.00034477776,3290.13140929428,3509.96036284186,3682.20601895846,3830.53202784228,3991.03886412488,4142.60267768904,4282.04601624269,4428.347315737,4605.06805564136,4776.42374355353,4915.10891731954,4808.93331379262,5113.30798163299,5266.51603000027
Low & middle income,LMY,Energy use (kg of oil equivalent per capita),EG.USE.PCAP.KG.OE,731.860966216045,737.071853030025,755.171913374682,798.668755900251,853.419492550786,892.90454849026,931.906628682057,968.739293745358,989.713439751649,1006.33166547549,1064.769902193,1102.17826374772,1120.59134769267,1136.31238823383,1152.42023344791,1139.0144924863,1138.83581475026,1164.05019172117,1190.41060947289,1215.41276443718,1201.18260448312,1264.59920829335,1284.74825982987
Low & middle income,LMY,Urban population (% of total population),SP.URB.TOTL.IN.ZS,39.2338517104975,39.8020132055294,40.4139022265827,41.0301252155546,41.6530256568993,42.2809926345142,42.8970457227504,43.4945978250084,44.1056470271771,44.7145962753349,45.3230162208833,45.9005229782248,46.4680285401234,47.0458333723862,47.6253258965521,48.2084210510769,48.7861260769608,49.3618130264144,49.9317364027109,50.4910880268035,51.0358692115089,51.5727352221803,52.1006417998491
Low & middle income,LMY,Trade (% of GDP),NE.TRD.GNFS.ZS,46.7687001084689,46.1882526569422,48.7076042995154,53.2331148956786,58.5450342356637,60.2325870446778,61.1088650783425,59.9983144139591,59.6925499699354,49.8915278258575,52.9045963068065,54.7495379356021,53.4272822540217,51.9275526206628,50.310784017779,46.5686547804031,44.6290048193125,46.091562319667,48.1877295260611,46.1620972435089,43.7050758648672,49.0230749526093,52.5942256211751
Low & middle income,LMY,Renewable energy consumption (% of total final energy consumption),EG.FEC.RNEW.ZS,33.4810769739688,32.8988266476549,32.3075425991313,31.0365511491169,29.0578442903701,27.4864034469091,26.6990960833523,25.5432067962292,25.062293977542,24.7884057872553,23.8188451600042,22.9143611457856,22.7325689012047,22.7411026554498,22.776570833244,22.8201674163747,23.0608461717503,23.0974316930161,23.1935827555534,23.6991235791253,24.5991935538732,..,..
Low & middle income,LMY,"Industry (including construction), value added (% of GDP)",NV.IND.TOTL.ZS,33.6770681664903,33.4691443354817,34.1041877940154,34.1677191163871,34.9235817719235,35.5178721674265,36.2097679810172,36.0449157468764,36.8465198094139,35.4785020407547,35.8775274209719,36.5409864165305,36.3425063903094,35.5364048910597,34.8641864987388,33.4464402048164,32.6705217508906,33.0867147585781,33.7447454672642,32.8749239685425,32.4982185329161,34.102794067849,34.2056971319995
Low & middle income,LMY,Fossil fuel energy consumption (% of total),EG.USE.COMM.FO.ZS,75.8531202859314,76.2782612204411,76.7382012492774,77.9299658656409,79.1352805894285,79.9682914439491,80.5983138484975,81.3416116007466,81.6997265940738,82.0536533500074,82.7017915043116,83.2682291813358,83.2282536855788,83.0617863633331,82.9568150094482,82.5502193019762,81.9999744977912,81.8528163447921,81.6066904404123,81.429372554095,80.8341499369056,81.0403015467368,80.7080478473165
Low & middle income,LMY,Population density (people per sq. km of land area),EN.POP.DNST,65.6468523642262,66.6600511056875,67.6620322628707,68.6499312806842,69.6331673529371,70.6307184817927,71.5324472343485,72.5263740618813,73.5348043501038,74.5602737370687,75.5920349032173,76.6391610851654,75.156657220842,76.1903292099339,77.2161722926374,78.2131492305403,79.2130006885161,80.2322397706286,81.2290970384494,82.2025927371042,83.1324821144401,83.9639648219164,84.7553204357429
Low income,LIC,Carbon dioxide (CO2) emissions excluding LULUCF per capita (t CO2e/capita),EN.GHG.CO2.PC.CE.AR5,0.504812513878319,0.507746255539924,0.488403665412682,0.493683425702199,0.49623692433431,0.534033880367741,0.542352884794008,0.515682866435642,0.53351777587262,0.519302796929659,0.506707437155002,0.450271251072265,0.408659447771076,0.357721460040566,0.353402591676468,0.304141419271077,0.303520026051926,0.378415836280807,0.365039739982898,0.370301348947805,0.341181271627928,0.325531797392746,0.319975877627563
Low income,LIC,GDP per capita (constant 2015 US$),NY.GDP.PCAP.KD,677.728896535171,686.364429192812,702.032936541764,719.922855598875,740.020695622335,764.063522063222,781.734326668875,801.161975504133,817.546765129718,821.990493789071,850.995354392052,826.188858987671,767.64883546576,766.467472001827,771.161462730256,736.645564029793,722.757828714384,716.041572530027,715.537643444124,719.265857856669,691.871963142477,681.870227394456,688.262798221044
Low income,LIC,Energy use (kg of oil equivalent per capita),EG.USE.PCAP.KG.OE,405.781138419465,410.24886180049,406.773671002137,406.67042184591,404.165367670942,417.048506870822,420.448656574477,398.37964980955,407.302970739609,403.717241063814,394.537528777496,378.080271648767,356.798795001587,357.028692096326,361.147096569252,339.607108661421,335.887155953094,357.780634560418,351.75681484985,353.389029559174,352.424999523199,354.113397748394,352.454980459215
Low income,LIC,Urban population (% of total population),SP.URB.TOTL.IN.ZS,29.9351460456332,30.215251641344,30.4677099766949,30.6993013690676,30.9477890123139,31.2279158147159,31.5329474817188,31.7710596243822,32.1133323433664,32.427806710292,32.7659789914846,33.0359682038115,33.2610310237945,33.4700257727979,33.7005554837113,34.0543791399747,34.4561050366558,34.8821585032487,35.308896471579,35.7448254230166,36.1918388913868,36.6549434168564,37.1420380582929
Low income,LIC,Trade (% of GDP),NE.TRD.GNFS.ZS,41.4282901651819,39.311688352198,46.2690934203359,46.9996480249582,48.2369182034827,50.4171715735102,50.5477257133442,54.1763868102579,58.8560399860501,51.8928570448584,55.1222788768582,54.2716227970246,52.0410226953911,53.2920614724994,51.3363472168275,45.3840662495196,46.8004757146984,52.6580982049163,56.1537915603605,53.6898355369711,50.7240212065961,56.2870314645223,55.7296051150728
Low income,LIC,Renewable energy consumption (% of total final energy consumption),EG.FEC.RNEW.ZS,61.7472285948962,61.3132659784757,62.1967036227779,62.3785906735751,61.8479533478185,60.0200829218299,59.6081079862989,59.7232903956893,58.6028597257133,61.1535452763445,61.1479791078985,64.057369394767,64.7373725804604,68.0536476664991,68.4657267473558,72.025105390618,72.3242852138885,68.0372933002885,67.4936095658543,67.0220084162203,69.2018592023965,..,..
Low income,LIC,"Industry (including construction), value added (% of GDP)",NV.IND.TOTL.ZS,26.7836178228099,26.2822180465371,26.4198468529693,26.1629866660503,27.9306638974589,29.055745307163,30.5165201701903,31.3488714115675,32.2009567496495,29.7117325549861,30.6948084958347,31.6210406733567,28.3440572835132,27.028924340278,27.7836253566542,25.6545432902588,23.5618136810763,25.3809102515556,29.0553387091655,25.3140309058823,25.8059596964748,25.6549715843311,25.1901834467072
Low income,LIC,Fossil fuel energy consumption (% of total),EG.USE.COMM.FO.ZS,43.567126101804,43.4067708956573,42.7944169503146,42.8688205145514,43.2228643199327,45.4710618559209,46.1100841681267,45.7704013166394,46.608387733305,45.4433972794522,43.9004371830222,40.4650442884963,34.9605179985289,33.931964908578,34.1965880623594,29.9540245247713,28.7067826948195,33.8397906335528,33.0393327906371,34.0224099442607,31.2004781247563,29.1746658988893,29.0138239004746
Low income,LIC,Population density (people per sq. km of land area),EN.POP.DNST,29.0798469530297,29.8550214763238,30.7351452873754,31.6557638735552,32.504046945888,33.4469575927404,34.4591668334053,35.4852723121333,36.5120470660111,37.5658766544479,38.6374380953418,39.7287894331356,33.3157558620273,34.1555986719539,34.991580246717,35.8607769920239,36.803838760481,37.8129946019888,38.8874991570558,40.0227778795972,41.1731038852571,42.3065290218641,43.4329058172616
Lower middle income,LMC,Carbon dioxide (CO2) emissions excluding LULUCF per capita (t CO2e/capita),EN.GHG.CO2.PC.CE.AR5,0.870841613830415,0.878693054159865,0.886060684346383,0.893850646052349,0.938845086242999,0.958911712546078,0.986836244420592,1.03677250966764,1.06866993851397,1.11332007604408,1.1609031283336,1.20030780003858,1.25832670800882,1.2751904758456,1.33770883120859,1.3494263729734,1.38199162901491,1.43724341471206,1.4880920655136,1.47940906994818,1.37541131383794,1.46685528108107,1.50650316179469
Lower middle income,LMC,GDP per capita (constant 2015 US$),NY.GDP.PCAP.KD,1024.85552728831,1048.15274822023,1074.61341580748,1117.43974697069,1174.79364938135,1231.17113867485,1293.75547908569,1358.4898621704,1396.24991512319,1454.14345304177,1527.32392177732,1573.12914675615,1627.33736049755,1692.31144110473,1767.45084173772,1843.92245982702,1919.93641936744,1995.24339196345,2074.08259867348,2128.98969696211,2024.80613985276,2132.43099671155,2235.50331742032
Lower middle income,LMC,Energy use (kg of oil equivalent per capita),EG.USE.PCAP.KG.OE,400.992359467152,402.71649898269,406.660701015073,409.493709042553,422.562280363479,432.470103662305,442.331415477751,455.074731566075,467.927778711227,479.744371382347,498.625764110722,510.994220600205,523.089327463055,524.941821779191,545.357649154331,550.054557611316,561.532403680681,575.591914826881,587.633697120236,591.023975670482,570.649993958195,598.937936406253,626.550285358857
Lower middle income,LMC,Urban population (% of total population),SP.URB.TOTL.IN.ZS,30.8998888809336,31.2279917033736,31.604915015984,31.9890497034069,32.3774169318961,32.7748010572084,33.1784575740319,33.5862623867699,33.9945412812436,34.4073937481876,34.8269673602317,35.2559988089918,35.6887662148081,36.1457483404799,36.6142648233343,37.0772324949332,37.5349734658891,37.9970008869979,38.468823695992,38.9483291953,39.4369727928763,39.9377220240325,40.4516375248882
Lower middle income,LMC,Trade (% of GDP),NE.TRD.GNFS.ZS,44.9587060581842,44.9715040841512,48.1459038546617,49.8119448702057,55.4136264606756,58.1327828146905,59.6999771772465,61.281475214194,66.0956361604144,57.7185607660792,57.9511303015248,62.0845547249761,61.0268453310556,59.1294128784217,56.0898617923512,51.4597282149544,49.0629668337234,51.693150816611,54.965576100206,52.2850229115017,47.8818410118391,54.5409431949281,60.5004948133472
Lower middle income,LMC,Renewable energy consumption (% of total final energy consumption),EG.FEC.RNEW.ZS,51.4714744850867,51.191160485301,50.4847570563037,50.3202568577194,49.7447205050725,49.213360964534,48.5726059587471,47.2222569008737,46.0596291718862,45.2119791483787,44.0387953948346,43.2359457667084,43.3296988230086,43.2930444377946,42.3759445048426,41.5090157779437,40.5515766783568,39.843846096,39.7446785945484,40.1472436736453,41.6375575764497,..,..
Lower middle income,LMC,"Industry (including construction), value added (% of GDP)",NV.IND.TOTL.ZS,27.0589060761245,26.3491799996134,26.6778585480487,26.8258804440961,28.0302094891668,28.6742184666779,29.3632109108088,29.3452831577628,29.7725168132698,28.6888750636944,29.1833390866917,29.6616949757688,29.7005917972396,29.0219021255863,28.3733635415875,27.1474136951648,26.5249531975193,27.081722672717,27.6165861744612,27.2304814223944,27.1383344022098,28.03109884176,28.0760710798599
Lower middle income,LMC,Fossil fuel energy consumption (% of total),EG.USE.COMM.FO.ZS,62.1370065771275,62.4476241569325,63.1006193327547,63.2748858564431,63.9461795674686,64.5066760793268,64.9495280841322,65.8532084512843,66.9439050135922,67.6747650502183,68.5594796036692,68.8511283891214,69.3605903104349,69.1914070523135,70.3102141972354,70.9071836769171,71.1159933962815,71.3797422496123,71.6872902991209,71.5793394549917,70.3625645910882,71.0109034210228,71.1762015116366
Lower middle income,LMC,Population density (people per sq. km of land area),EN.POP.DNST,113.762443250105,116.058350624155,118.312630487371,120.544470259537,122.807172210757,125.01676326009,127.256300362497,129.544273891552,131.817381787551,134.101394270723,136.423572531615,138.753724323983,141.069100715028,143.358154632001,145.677923271688,147.890413606845,150.116538465077,152.327884395316,154.501586622722,156.644254270395,158.77157989764,160.795667051507,162.833348484022
"Middle East, North Africa, Afghanistan & Pakistan",MEA,Carbon dioxide (CO2) emissions excluding LULUCF per capita (t CO2e/capita),EN.GHG.CO2.PC.CE.AR5,3.07980353814424,3.15928856919003,3.1902076674823,3.22991031334734,3.34776138120737,3.48042819345478,3.59644038501397,3.69153583101411,3.7974050193138,3.83213824143493,3.91090108690999,3.91320786675102,4.03122875209564,4.02284549017699,4.08078845758226,4.06865438316239,4.06792957338267,4.09936922015294,3.98553074440496,3.9987328034521,3.8532756083149,3.96326309771693,3.96005289316307
"Middle East, North Africa, Afghanistan & Pakistan",MEA,GDP per capita (constant 2015 US$),NY.GDP.PCAP.KD,4007.86448293982,3992.69227699441,3983.85231024802,4075.67089651208,4296.09607908562,4416.550379948,4568.71814462583,4693.69304245449,4783.88447188529,4723.90665169633,4850.36649873449,4922.32565988064,5006.12032400224,5018.47135240207,5071.9355052414,5108.83117786409,5241.37395166575,5270.56511367513,5323.20351596778,5312.46081098356,5043.7594964613,5223.07682453744,5451.27422521319
"Middle East, North Africa, Afghanistan & Pakistan",MEA,Energy use (kg of oil equivalent per capita),EG.USE.PCAP.KG.OE,1161.07179955093,1221.86988689867,1245.11886211378,1247.1475309264,1284.86299834191,1348.55274606424,1383.15239959005,1418.58460294429,1474.56284399721,1485.47236482383,1517.63524259663,1516.80920358794,1552.89349689657,1535.61541615123,1591.46899539264,1580.3068725707,1602.22035608775,1632.42756536583,1599.50335552703,1614.55707447245,1559.96648826589,1606.38075316444,1628.23219448934
"Middle East, North Africa, Afghanistan & Pakistan",MEA,Urban population (% of total population),SP.URB.TOTL.IN.ZS,48.6964988287984,48.9997815875061,49.2490750771856,49.4901716936847,49.7768179206833,50.0971512122545,50.4257855692334,50.7549179084717,51.0673958664026,51.3589935583313,51.5706862807146,51.8030588293785,52.0625197732866,52.4065166891321,52.7368859867344,53.1229249093042,53.4653658066936,53.7232256564093,53.9242829286333,54.1425070359765,54.4074384854235,54.5928225800166,54.9664853093317
"Middle East, North Africa, Afghanistan & Pakistan",MEA,Trade (% of GDP),NE.TRD.GNFS.ZS,64.9459991965825,66.2309488614725,67.5082071966753,72.9573056509746,76.849075588172,80.8248993613332,81.2084418633347,83.7194263042985,86.2832305149857,78.6093769603193,76.7276536361592,78.9771715575477,80.5472019520452,79.570305558398,77.582371917645,73.0826096048524,68.8720768917313,71.7913848828795,73.9679925020939,72.4289801373724,67.6150971131242,71.6059552741245,78.9699454042478
"Middle East, North Africa, Afghanistan & Pakistan",MEA,Renewable energy consumption (% of total final energy consumption),EG.FEC.RNEW.ZS,9.38184318723493,9.24963116469611,9.18439815609769,9.25438557193234,9.16325173786826,9.03795942767874,8.66259508825461,8.16463294723801,7.81608678497236,7.6902671973751,7.59280845232692,7.43634228145233,7.19138786591317,7.23035612797874,7.07122180407551,7.08007314623562,7.10925108984167,7.14927454903901,7.30858693459966,7.59670819188084,7.54675702757893,..,..
"Middle East, North Africa, Afghanistan & Pakistan",MEA,"Industry (including construction), value added (% of GDP)",NV.IND.TOTL.ZS,42.8363573764375,40.6385607709852,41.4950506066562,42.0006601327268,44.1886550575674,47.7809954224479,48.7747298050886,48.0494814176144,50.1090188471535,43.140329868964,45.4159194777646,48.1547206869387,48.213481480691,46.6688432033629,44.340227243234,36.3546570492527,34.4514579444242,36.2524407225908,39.2916972025828,37.615329922177,32.9424231413442,37.971086569196,43.2726369329493
"Middle East, North Africa, Afghanistan & Pakistan",MEA,Fossil fuel energy consumption (% of total),EG.USE.COMM.FO.ZS,93.6817642575565,93.847898509899,93.9622719434162,93.8543222638739,93.846669304429,93.9666433639217,94.1152576853658,94.3032943636064,94.8065657917903,94.8222697844058,94.8428755207522,94.8605620743992,95.0500719446778,94.8812505760321,95.0847770863508,95.1211001256778,95.1633772934116,95.3332828485166,95.322489361903,95.2438629513924,95.2449801331528,95.0899505756139,94.6352358734039
"Middle East, North Africa, Afghanistan & Pakistan",MEA,Population density (people per sq. km of land area),EN.POP.DNST,39.1205813574758,40.0398325290766,40.9659534553527,41.9267484532594,42.9345571290448,43.972037001608,45.0539715429544,46.1484567476675,47.2595728449152,48.402001856602,49.4062557722331,50.5310468130288,51.6553996438614,52.7782720181475,53.8266969644997,54.8954519831127,55.9068416627011,56.8731349878273,57.7809296801308,58.7580654693081,59.8411578819289,60.7250479184394,62.0217516719828
"Middle East, North Africa, Afghanistan & Pakistan (excluding high income)",MNA,Carbon dioxide (CO2) emissions excluding LULUCF per capita (t CO2e/capita),EN.GHG.CO2.PC.CE.AR5,2.10754692302967,2.15856622846265,2.15475069332969,2.16884757986959,2.26609531679499,2.36503949820974,2.43644110390956,2.4990670355214,2.52253958301802,2.54811768202333,2.53891356895167,2.49841756407262,2.56357856786675,2.55762275049736,2.57620317768031,2.53191327916739,2.55842125771372,2.64481668334065,2.60346148208826,2.61346970515524,2.5208420904801,2.60829101255772,2.59466661499863
"Middle East, North Africa, Afghanistan & Pakistan (excluding high income)",MNA,GDP per capita (constant 2015 US$),NY.GDP.PCAP.KD,2321.52827325069,2335.69429512772,2358.7981156508,2372.15142321785,2497.58400724467,2562.3369089451,2639.88821206189,2733.13754740912,2767.19467629943,2783.3018486405,2855.29922564585,2785.48059599681,2827.37163394722,2804.95399171853,2819.68611736515,2802.63134980934,2910.61822045142,2957.76906553691,2980.3112794174,2963.25398076567,2828.43090998978,2904.78451107145,2975.28809857382
"Middle East, North Africa, Afghanistan & Pakistan (excluding high income)",MNA,Energy use (kg of oil equivalent per capita),EG.USE.PCAP.KG.OE,788.158562169186,823.496277327425,825.921688605367,828.757191278571,872.302648891386,923.876272897858,935.979945433545,956.026048157276,978.986941086556,978.157484130705,973.589835310195,968.709168855289,985.641072767857,974.134287273315,1006.53687099669,971.08084425774,1000.11076515632,1046.45024831933,1028.01113640693,1059.61667696719,1021.2116514865,1062.71458409021,1069.76511209856
"Middle East, North Africa, Afghanistan & Pakistan (excluding high income)",MNA,Urban population (% of total population),SP.URB.TOTL.IN.ZS,46.3097051686053,46.5710236847772,46.7797138854854,46.9843943102949,47.2402660312111,47.5273733319657,47.8062667483667,48.0610975452996,48.3006884352445,48.5380518857829,48.7848007669426,48.9672920117844,49.1583162832566,49.4230571633408,49.7109583002776,50.0173125127404,50.299656741359,50.5591949528696,50.8132407261623,51.0649270322676,51.3116626769768,51.5827288533319,51.8947837283828
"Middle East, North Africa, Afghanistan & Pakistan (excluding high income)",MNA,Trade (% of GDP),NE.TRD.GNFS.ZS,55.3240824368587,54.9780968495183,57.1021434622576,63.3348692144497,63.8299242542419,67.1395658275184,64.1268720704687,63.0367814037427,66.3214427491276,58.4383418688653,56.4621369949099,55.0206005238039,55.1680374459443,54.7645913526067,52.2828192211508,47.8582600813931,44.3326643212117,49.4013758249142,55.645041864749,52.8854946376808,44.904072631115,50.4605696091369,59.3054485969899
"Middle East, North Africa, Afghanistan & Pakistan (excluding high income)",MNA,Renewable energy consumption (% of total final energy consumption),EG.FEC.RNEW.ZS,13.0038960774325,12.848024215526,12.8397048283667,12.9698091599557,12.706386923975,12.4721454152737,12.0275723840766,11.4371725209298,11.1816613915187,11.0947663614785,11.2058888704594,11.0708127254411,11.0420215371111,11.1442150564461,11.0400705993001,11.2870521999878,11.1503064832308,10.9413685116146,10.9619732223084,11.4865470725413,11.2181326344417,..,..
"Middle East, North Africa, Afghanistan & Pakistan (excluding high income)",MNA,"Industry (including construction), value added (% of GDP)",NV.IND.TOTL.ZS,36.5062711472036,33.929658964011,35.5154008192736,35.2152499663293,37.46157383848,40.2443835380981,41.4378187521512,41.5033498306443,43.1240013041866,37.3369690540423,39.3681076947497,40.232252661741,39.9919773744073,38.5972231429426,36.2188792541702,30.6684787075699,29.6869343891241,31.4012985324998,32.908788351482,32.2292575004305,28.5299192538546,32.6375291303272,36.5835912220802
"Middle East, North Africa, Afghanistan & Pakistan (excluding high income)",MNA,Fossil fuel energy consumption (% of total),EG.USE.COMM.FO.ZS,90.1610305962699,90.3410669393168,90.359369637723,90.1920782307837,90.380761285654,90.6306293098942,90.7296731705604,90.9658846455313,91.6620829723064,91.5984373243266,91.4305779428846,91.3978459126065,91.5006037209524,91.1870699030222,91.5196131453874,91.3336692303531,91.5468762644638,92.0506489965268,92.0708663611573,92.1825623868623,92.2738526230591,92.464524172672,92.0454587777997
"Middle East, North Africa, Afghanistan & Pakistan (excluding high income)",MNA,Population density (people per sq. km of land area),EN.POP.DNST,45.9896913197014,47.007183037732,48.0319970597146,49.1005741611585,50.2261467352218,51.3806494391487,52.5641919558156,53.7243409348052,54.9008576613877,56.142268888359,57.3701971008675,58.5873598896704,59.7718279995111,60.9240087486355,62.058006211722,63.1299804385823,64.1718148657434,65.2984288331834,66.4596824458768,67.6570070470602,68.8541721163342,70.0399427000988,71.2696960585184
"Middle East, North Africa, Afghanistan & Pakistan (IDA & IBRD)",TMN,Carbon dioxide (CO2) emissions excluding LULUCF per capita (t CO2e/capita),EN.GHG.CO2.PC.CE.AR5,2.10754692302967,2.15856622846265,2.15475069332969,2.16884757986959,2.26609531679499,2.36503949820974,2.43644110390956,2.4990670355214,2.52253958301802,2.54811768202333,2.53891356895167,2.49841756407262,2.56357856786675,2.55762275049736,2.57620317768031,2.53191327916739,2.55842125771372,2.64481668334065,2.60346148208826,2.61346970515524,2.5208420904801,2.60829101255772,2.59466661499863
"Middle East, North Africa, Afghanistan & Pakistan (IDA & IBRD)",TMN,GDP per capita (constant 2015 US$),NY.GDP.PCAP.KD,2320.80463764382,2336.86191907428,2362.14666917658,2374.28174809087,2498.04756873905,2561.88921859948,2640.53907520325,2734.20459831487,2767.73121117582,2782.93323146614,2854.8294150761,2783.21089956895,2824.63830445766,2801.57604475889,2816.94038359447,2799.45441811562,2906.72081157224,2954.31885645478,2977.30033849378,2960.37556708804,2827.77413144714,2903.75214833644,2974.40428671687
"Middle East, North Africa, Afghanistan & Pakistan (IDA & IBRD)",TMN,Energy use (kg of oil equivalent per capita),EG.USE.PCAP.KG.OE,788.158562169186,823.496277327425,825.921688605367,828.75719127857,872.302648891386,923.876272897858,935.979945433545,956.026048157276,978.986941086556,978.157484130705,973.589835310195,968.709168855289,985.641072767856,974.134287273315,1006.53687099669,971.080844257739,1000.11076515632,1046.45024831933,1028.01113640693,1059.61667696719,1021.2116514865,1062.71458409021,1069.76511209856
"Middle East, North Africa, Afghanistan & Pakistan (IDA & IBRD)",TMN,Urban population (% of total population),SP.URB.TOTL.IN.ZS,46.1467250112561,46.4077039631217,46.6156653261379,46.8196700480261,47.0753059912819,47.3624027353743,47.6412490272859,47.8957197666866,48.1345078305977,48.3712259693821,48.6173822028922,48.7988261588752,48.9887452049584,49.2527804483743,49.5400775372725,49.8457822425934,50.1272231726775,50.3861773229215,50.6387662527733,50.8890037110978,51.1342115026343,51.4038422701024,51.7147486556237
"Middle East, North Africa, Afghanistan & Pakistan (IDA & IBRD)",TMN,Trade (% of GDP),NE.TRD.GNFS.ZS,55.0242282856954,54.7206215511545,56.9244418868898,63.2136487524353,63.6694546382475,66.9846347019493,63.9551103945949,62.7680358954233,66.199343965153,58.2832616955073,56.3504582950763,54.9071270682106,55.0589032904725,54.6579769034814,52.1396037362303,47.6458719758845,44.1372583841999,49.2248950734783,55.4990540266299,52.7362475641599,44.6991692071215,50.2534796564873,59.0940883219549
"Middle East, North Africa, Afghanistan & Pakistan (IDA & IBRD)",TMN,Renewable energy consumption (% of total final energy consumption),EG.FEC.RNEW.ZS,12.9920002860324,12.83682104729,12.813688252485,12.9420466347435,12.6763206832426,12.4448450201836,12.0125380030703,11.414820556546,11.1606287551238,11.0799158086585,11.1975121431898,11.0593308918401,11.0384456368474,11.1424728929043,11.0410170572294,11.2881808687104,11.1456851493979,10.943060961286,10.9557039236004,11.4771071770715,11.2025085485546,..,..
"Middle East, North Africa, Afghanistan & Pakistan (IDA & IBRD)",TMN,"Industry (including construction), value added (% of GDP)",NV.IND.TOTL.ZS,36.6168372263502,33.9949349297328,35.6132433184107,35.2921059661046,37.5709815781102,40.3602560784207,41.562389514239,41.6189653676229,43.2532415362856,37.4503526387229,39.4923505588201,40.3579900190633,40.1101717580553,38.7385083623226,36.3528239952774,30.7811258583405,29.7924381987507,31.5079055935362,33.028752704243,32.3603792776688,28.6392662272846,32.7802148139563,36.7576469513725
"Middle East, North Africa, Afghanistan & Pakistan (IDA & IBRD)",TMN,Fossil fuel energy consumption (% of total),EG.USE.COMM.FO.ZS,90.1610305962699,90.3410669393168,90.359369637723,90.1920782307837,90.380761285654,90.6306293098942,90.7296731705605,90.9658846455313,91.6620829723064,91.5984373243266,91.4305779428846,91.3978459126065,91.5006037209524,91.1870699030222,91.5196131453874,91.3336692303531,91.5468762644639,92.0506489965268,92.0708663611572,92.1825623868623,92.2738526230591,92.464524172672,92.0454587777997
"Middle East, North Africa, Afghanistan & Pakistan (IDA & IBRD)",TMN,Population density (people per sq. km of land area),EN.POP.DNST,45.7267664443899,46.7373497544486,47.755065137466,48.816364935731,49.9344941068422,51.0813612608117,52.2570719459928,53.4091525700013,54.5766841700883,55.8091016644827,57.0281145951084,58.2363795525518,59.411911671573,60.5551600896305,61.6802231974817,62.7432255878524,63.7760400764393,64.8943558936358,66.0449357978312,67.2314161863196,68.4175628707434,69.5921921684118,70.7680179688465
Middle income,MIC,Carbon dioxide (CO2) emissions excluding LULUCF per capita (t CO2e/capita),EN.GHG.CO2.PC.CE.AR5,2.01785331803765,2.04872489119623,2.11617189294863,2.27628262690123,2.46330048105862,2.63012672637787,2.79391027759811,2.95185785522982,3.01185684074225,3.08558435006201,3.28357407739434,3.46728065173064,3.553497666669,3.63566421814312,3.65835935343157,3.59161977187832,3.58566204431551,3.64536600200339,3.7506719605778,3.78203770835669,3.6860613642564,3.86164115625204,3.84632368463524
Middle income,MIC,GDP per capita (constant 2015 US$),NY.GDP.PCAP.KD,2276.20890500993,2325.0006470529,2402.82380144627,2511.49537260931,2669.19549280949,2828.94500281931,3023.69474527142,3251.70375528877,3402.17830068429,3494.91272392487,3733.96556155466,3926.2480049756,4095.54004207798,4273.3557541338,4441.19227224839,4599.80845420887,4765.16328527473,4964.0196545653,5157.63928448533,5316.31100503943,5210.06623934632,5553.00656441625,5729.39633464263
Middle income,MIC,Energy use (kg of oil equivalent per capita),EG.USE.PCAP.KG.OE,749.719883759471,755.183910766619,774.72058754863,820.949575026461,879.531591814231,920.942549846172,962.504928987902,1003.44027846657,1025.37339468336,1043.76478773814,1107.02042623374,1148.47285792574,1171.61602571735,1188.93735015824,1206.38556589336,1194.19631452462,1195.05721394575,1221.37844499028,1251.06565705843,1278.92269887553,1264.88666780271,1334.24198829046,1357.51111895772
Middle income,MIC,Urban population (% of total population),SP.URB.TOTL.IN.ZS,39.9021243796828,40.4991547923042,41.1482511141498,41.8051861756847,42.4681610561641,43.1357017151639,43.7908125622922,44.4322338679196,45.0801497548705,45.728963250574,46.3760214227418,46.9959515643164,47.608436404347,48.2325391365215,48.8569398442886,49.4762959793182,50.0884468028492,50.6985080182169,51.3049706292102,51.901711293326,52.4827584151325,53.0542232962802,53.6143634433195
Middle income,MIC,Trade (% of GDP),NE.TRD.GNFS.ZS,46.8273750413395,46.2638052742967,48.7342578091782,53.301248185913,58.657704420002,60.3399178621885,61.2243269247779,60.0619568303377,59.7020894124189,49.8687049482552,52.8792247386697,54.7550066719726,53.4432594049431,51.9118304539184,50.2989689364484,46.5822581357995,44.6040684894791,46.0161138522354,48.0962007226774,46.0756047111612,43.6184916503551,48.9334683324958,52.5570406054129
Middle income,MIC,Renewable energy consumption (% of total final energy consumption),EG.FEC.RNEW.ZS,32.427416994662,31.8232596832642,31.1929588416597,29.8821779608537,27.9061883965044,26.3472774471576,25.5681272342587,24.4576836636216,23.9771797708647,23.6577944871636,22.7078906548731,21.7433504549751,21.616044304915,21.5666821075777,21.5627649780799,21.5560536905019,21.7814211036831,21.8712431719356,21.9901982115892,22.4930680521439,23.3167480903784,..,..
Middle income,MIC,"Industry (including construction), value added (% of GDP)",NV.IND.TOTL.ZS,33.8194162817103,33.6036774660965,34.2650326380992,34.3338779915537,35.0742046558971,35.6634851317293,36.3394569173455,36.1544208568372,36.9560625301797,35.6052647233842,35.9831369193343,36.6335896737476,36.4623816979734,35.6573391184549,34.9669148145941,33.5564035279891,32.7793825492295,33.1742056515677,33.7988778865159,32.9608512180079,32.5735137879367,34.1885490301905,34.3080158116862
Middle income,MIC,Fossil fuel energy consumption (% of total),EG.USE.COMM.FO.ZS,76.8110143300385,77.2688666386682,77.740278884862,78.918898212584,80.0956384564379,80.89018302177,81.5010378558603,82.202256130878,82.5545920665979,82.9344631103809,83.5735855477895,84.168359563256,84.2106294756443,84.059875181803,83.9535484907437,83.5842922690647,83.0504644523012,82.8543625875641,82.5948528057753,82.3940292686017,81.8745792691076,82.0957952020731,81.7585773165945
Middle income,MIC,Population density (people per sq. km of land area),EN.POP.DNST,72.1659336065224,73.2215704244172,74.245441236886,75.2445055750916,76.2639234227209,77.2709606365211,78.141938554018,79.1301815741325,80.1353559189437,81.1560503938147,82.1810998376942,83.2204744055656,84.2948225302689,85.3712680815284,86.4387142593218,87.4630281146052,88.475322741997,89.4977339597599,90.4776322909713,91.4158140342159,92.2979769058255,93.061299419413,93.7815832728045
North America,NAC,Carbon dioxide (CO2) emissions excluding LULUCF per capita (t CO2e/capita),EN.GHG.CO2.PC.CE.AR5,20.6838148071291,20.2888257416207,19.6872575960973,19.7846350290998,19.8274133295173,19.7350671130284,19.2257054770132,19.3524105256752,18.5663282847591,17.0806491588098,17.7135507738534,16.9937571051195,16.1993747983121,16.484632168221,16.4192858592851,15.9699400544628,15.5477328903026,15.2886299219997,15.6757384090381,15.1520120219784,13.5608065707337,14.3549661867831,14.3754034456739
North America,NAC,GDP per capita (constant 2015 US$),NY.GDP.PCAP.KD,47578.0061075661,47590.3021313816,47992.7493149702,48872.9848476255,50256.4438806842,51517.691015781,52436.3976435601,52982.1075090412,52571.5562155452,50741.9925006399,51671.5084350733,52118.7204894585,52849.3047651965,53554.2719641963,54473.0905410712,55534.4570291574,56048.8939030464,57026.2735977163,58314.2000586416,59425.2795999265,57729.9684953847,61099.5047550037,62273.1096789565
North America,NAC,Energy use (kg of oil equivalent per capita),EG.USE.PCAP.KG.OE,8071.78094843867,7843.18324558456,7850.58535716738,7841.66901013222,7926.97342577807,7895.19125658609,7766.54965254807,7815.10354466767,7545.29931805182,7116.88141779731,7211.89642943792,7079.73753411176,6901.74380894743,6966.20151723172,7002.00670430274,6879.60383224856,6791.82630935034,6750.27278196686,6882.61849874337,6846.62557092385,6280.79723142897,6557.25058534681,6623.01242612294
North America,NAC,Urban population (% of total population),SP.URB.TOTL.IN.ZS,79.1024052219814,79.2946000347278,79.4600916763101,79.6247150617387,79.789218173362,79.9509204392547,80.1139950647124,80.2852190690772,80.4554653722823,80.6246349465011,80.7919048503299,80.9625825229991,81.1242319014412,81.2903152718523,81.4598469580181,81.6331150379757,81.8089016137772,81.9899052280505,82.1734280782901,82.3621587015054,82.5536546891323,82.7500386541762,82.9479010196301
North America,NAC,Trade (% of GDP),NE.TRD.GNFS.ZS,30.0260550598056,27.6951361536395,26.8473058661231,26.658208146597,28.3535962856029,29.4054620322883,30.4823272372242,31.2795325813141,33.0400588204916,27.6380186356303,30.9654219938542,33.5593696349885,33.419932419452,32.712565315109,32.8641812644543,30.9872825729582,29.7889706691884,30.3815371142619,30.803772865327,29.6820247697953,26.3449007440177,28.3897170451284,30.3580190365947
North America,NAC,Renewable energy consumption (% of total final energy consumption),EG.FEC.RNEW.ZS,6.99794051078638,6.29470806028373,6.49353145956929,6.90995667354364,7.1669590453524,7.50163259617031,7.99064384156515,7.94211967922515,8.39672268148695,8.92392050805303,8.88269795903184,9.86206424776275,10.0055359347168,10.3906457230113,10.4893842157596,10.3923884465868,10.724670511025,11.2091690751112,11.3114262085469,11.5807525012806,12.4628823400948,..,..
North America,NAC,"Industry (including construction), value added (% of GDP)",NV.IND.TOTL.ZS,22.9261094461855,21.8607690279804,21.0529342101656,21.2233317252669,21.5105873832648,21.8785569607797,22.2666410921422,22.1276030013823,21.6730665358114,19.7964341727114,19.94934453828,20.2410174723884,19.9280540691494,19.9257527041784,19.9141516263922,18.7810958137692,18.1102651574069,18.4668639101891,18.8037492518555,18.3232098608704,17.4961790407477,18.1083198808738,18.7374530199795
North America,NAC,Fossil fuel energy consumption (% of total),EG.USE.COMM.FO.ZS,84.9459330482143,85.3640521741055,85.203189984215,85.3010348087772,85.0083295884211,84.9061219291485,84.5462117545519,84.5718084303994,83.909295603613,83.1698869634884,83.2059327716273,82.6745988653419,82.5686799330777,82.0422872062913,81.9729582866145,81.9551895057763,81.5365865428368,81.2916939850486,81.3765992959515,81.2995230371197,80.1213219293721,80.7769996543337,80.8334428710242
North America,NAC,Population density (people per sq. km of land area),EN.POP.DNST,17.2615410984068,17.4348675310152,17.6000776497052,17.7526765317171,17.917832754583,18.0841751268952,18.2602548803579,18.4350805767394,18.6276912619533,18.7966631708473,18.961333874821,19.1156181527322,19.27427297778,19.4263570205461,19.5855960648071,19.7417224937758,19.9042852164603,20.052778591187,20.1879719521777,20.3117942386777,20.4090671793574,20.65124212109,20.7969661757296
Not classified,INX,Carbon dioxide (CO2) emissions excluding LULUCF per capita (t CO2e/capita),EN.GHG.CO2.PC.CE.AR5,..,..,..,..,..,..,..,..,..,..,..,..,..,..,..,..,..,..,..,..,..,..,..
Not classified,INX,GDP per capita (constant 2015 US$),NY.GDP.PCAP.KD,..,..,..,..,..,..,..,..,..,..,..,..,..,..,..,..,..,..,..,..,..,..,..
Not classified,INX,Energy use (kg of oil equivalent per capita),EG.USE.PCAP.KG.OE,..,..,..,..,..,..,..,..,..,..,..,..,..,..,..,..,..,..,..,..,..,..,..
Not classified,INX,Urban population (% of total population),SP.URB.TOTL.IN.ZS,..,..,..,..,..,..,..,..,..,..,..,..,..,..,..,..,..,..,..,..,..,..,..
Not classified,INX,Trade (% of GDP),NE.TRD.GNFS.ZS,..,..,..,..,..,..,..,..,..,..,..,..,..,..,..,..,..,..,..,..,..,..,..
Not classified,INX,Renewable energy consumption (% of total final energy consumption),EG.FEC.RNEW.ZS,..,..,..,..,..,..,..,..,..,..,..,..,..,..,..,..,..,..,..,..,..,..,..
Not classified,INX,"Industry (including construction), value added (% of GDP)",NV.IND.TOTL.ZS,..,..,..,..,..,..,..,..,..,..,..,..,..,..,..,..,..,..,..,..,..,..,..
Not classified,INX,Fossil fuel energy consumption (% of total),EG.USE.COMM.FO.ZS,..,..,..,..,..,..,..,..,..,..,..,..,..,..,..,..,..,..,..,..,..,..,..
Not classified,INX,Population density (people per sq. km of land area),EN.POP.DNST,..,..,..,..,..,..,..,..,..,..,..,..,..,..,..,..,..,..,..,..,..,..,..
OECD members,OED,Carbon dioxide (CO2) emissions excluding LULUCF per capita (t CO2e/capita),EN.GHG.CO2.PC.CE.AR5,11.1596887858918,11.0566234336556,10.9030820819031,11.0181320516523,11.0473952874073,11.0065913185115,10.8794401669459,10.9256449718521,10.5652712553781,9.85896274334744,10.2152043445425,9.9826880452862,9.78401301788699,9.76796183837291,9.53676169095692,9.43423075559468,9.33181184288706,9.26860682168627,9.23803106070884,8.91444061648535,8.11879895875495,8.54281012209975,8.3638876333677
OECD members,OED,GDP per capita (constant 2015 US$),NY.GDP.PCAP.KD,30595.8599937164,30800.4047728329,31042.7992580906,31446.7416422516,32241.3840967114,32923.2108529639,33681.1694932267,34309.4454055216,34169.884064272,32774.5653150103,33514.9701462429,33967.9079202599,34220.3493541063,34570.3825208587,35110.6657336607,35772.5321374449,36201.7633431698,36912.5648355538,37543.1929192355,38025.3439632024,36403.4857351902,38502.2361135991,39468.2756007532
OECD members,OED,Energy use (kg of oil equivalent per capita),EG.USE.PCAP.KG.OE,4437.91198252458,4389.78166418946,4389.42325202588,4421.83532345486,4473.50625969407,4470.58376769108,4449.74743878547,4436.58711141148,4341.66013637715,4123.3891097595,4230.42971411025,4130.18286896376,4067.69150989785,4077.03917299531,4012.96612255424,3987.38192220322,3972.26123507886,3976.89814334873,3989.808974529,3940.6811709566,3662.80499696221,3831.50161629997,3776.37133627745
OECD members,OED,Urban population (% of total population),SP.URB.TOTL.IN.ZS,75.5919773921324,75.94275424967,76.3468613558336,76.7313280457089,77.1007415664554,77.4560044751301,77.7848292767346,78.1013257119815,78.4021401942086,78.6937274093909,78.9786810675555,79.2034329070797,79.4011845423572,79.6009303447065,79.7992968078709,79.9974429739664,80.1981065926716,80.4018750480224,80.6055820250279,80.8158684349034,81.032765332463,81.2513148285264,81.4656772954836
OECD members,OED,Trade (% of GDP),NE.TRD.GNFS.ZS,46.6067496516701,45.3634893847406,44.0019078873162,43.719663921141,45.9903410070801,47.8725774745653,50.5606923043399,51.6587971798541,53.8542586656642,46.9219874819961,51.4839456982618,55.2675226242267,55.6830095994574,55.2859601028923,55.3913854531988,54.3492920426906,53.2414632757088,55.1694606803092,56.5239122869171,55.8806763158597,51.3663175261776,55.7145079411189,63.1504747967182
OECD members,OED,Renewable energy consumption (% of total final energy consumption),EG.FEC.RNEW.ZS,7.75334126302278,7.39910129078992,7.48717816862848,7.76822251221727,7.99792720526407,8.2750689008543,8.75159229776806,9.008152485838,9.51078406141571,10.1205121168934,10.3743144709912,10.9046224842115,11.3823454495312,11.877535320146,12.1275743053496,12.2611450949417,12.432384629223,12.7954391065077,13.2024399046234,13.6864487000325,14.8380363213872,..,..
OECD members,OED,"Industry (including construction), value added (% of GDP)",NV.IND.TOTL.ZS,25.9672385343985,24.8819755089124,24.1905141063432,24.0874618633092,24.2253368111393,24.3366158738081,24.5603865178001,24.4124722791491,24.1382078140717,22.5196915011083,22.9639828664742,23.0857631522622,22.8757952731324,22.614347434533,22.5191547266709,22.0117933390559,21.6668437474805,21.9354361839876,22.0926857918669,21.7097726354977,21.2653716242556,21.6802333287518,21.962517402838
OECD members,OED,Fossil fuel energy consumption (% of total),EG.USE.COMM.FO.ZS,82.5138128631562,82.5862817674548,82.5632473597315,82.8338165209392,82.4571050241201,82.1784933369108,81.9199985551423,82.1372952866872,81.5439619666855,80.7602528675798,80.6260488111174,80.9910832896017,81.0438697161892,80.5770754911651,80.1966179914742,79.9992039965596,79.811555616454,79.6569547925355,79.2553304384889,78.8144977979339,77.8142140867752,78.0463500380564,78.1500455810593
OECD members,OED,Population density (people per sq. km of land area),EN.POP.DNST,33.8553313965611,34.1057122222379,34.3584288622996,34.6089826266917,34.8594422262491,35.1062431900061,35.362843507418,35.6156738297013,35.9119658727105,36.1719992971992,36.4164204032083,36.612240655594,36.8396776301414,37.0549984404741,37.2805284515087,37.5125065390958,37.7402639098425,37.9659116421334,38.2000604347237,38.4165132279225,38.5630534797704,38.8262894312956,39.0565255286911
Other small states,OSS,Carbon dioxide (CO2) emissions excluding LULUCF per capita (t CO2e/capita),EN.GHG.CO2.PC.CE.AR5,4.62101794694451,4.60434471548481,4.44448070627757,4.80479304782507,4.85389508430551,4.79161369238147,5.02230632886651,5.32716589514185,5.19442463776956,4.71764591287445,5.04479640466213,5.01630104426747,4.86910958036029,5.02167198642193,4.99201585835901,4.60962417023276,4.61421057860194,4.74874575888207,4.82825673045004,4.13411963401546,3.91200286016308,4.0119977270937,4.03292436698299
Other small states,OSS,GDP per capita (constant 2015 US$),NY.GDP.PCAP.KD,8299.23987457603,8413.82126755393,8558.64496322602,8805.60097248033,9108.47550261311,9414.51217187633,9894.73330950893,10303.722298426,10275.8545151889,9648.91749058456,9771.1205173708,9999.31591580046,10015.81484579,10004.1603381008,10098.3552025218,10334.0987006005,10645.8706231466,11067.3917508331,11417.5020012025,11770.5384031292,10967.2475628547,11698.7704539026,12087.8229301698
Other small states,OSS,Energy use (kg of oil equivalent per capita),EG.USE.PCAP.KG.OE,..,..,..,..,1744.85371963019,1733.6785132284,1912.28354358264,2063.28166697787,..,..,..,..,..,..,..,..,..,..,..,..,..,..,..
Other small states,OSS,Urban population (% of total population),SP.URB.TOTL.IN.ZS,51.9720002563281,52.0331152086912,52.0890259940328,52.2142351759672,52.3852551461717,52.5322613641959,52.6416635820601,52.7475516643656,52.884994889456,53.0206349728793,53.1452622797676,53.2575372775719,53.3942915386122,53.554042630812,53.7330540038995,53.9285991640959,54.131232724273,54.3571454093448,54.6048276212629,54.8602862593732,55.0796303402671,55.271772715976,55.5597027670278
Other small states,OSS,Trade (% of GDP),NE.TRD.GNFS.ZS,118.380795048673,117.151496108816,113.413780274144,107.028638313886,108.806968084258,111.219225580591,116.189377812344,115.211685381418,118.68323211106,109.459511193821,119.549953214252,128.766027889207,131.65908416972,131.603164591029,130.147036241423,129.775367733927,127.194999818097,129.521632202776,131.642650775089,133.126823974108,129.61725699792,143.827709325007,160.737375485372
Other small states,OSS,Renewable energy consumption (% of total final energy consumption),EG.FEC.RNEW.ZS,34.8842401021711,34.4060049627792,34.8973229496228,34.679399243141,34.4053686635945,34.9750106337729,33.1250047938639,34.3738268461259,36.1920582047686,39.4830543154762,40.1984612532443,40.4458062116422,40.7171691176471,41.1903048108704,41.5939404934688,42.5760198652004,42.1565383945673,41.4366535230585,42.3626099950191,42.3904707420726,45.4042214532872,..,..
Other small states,OSS,"Industry (including construction), value added (% of GDP)",NV.IND.TOTL.ZS,29.2855830010442,28.137106348214,27.6436354538765,27.3760883374992,27.4006013744136,28.1230073742101,29.1775683398124,27.7523290514561,28.9976873837641,25.2776695929987,26.0876707432435,27.7602670775023,27.496721235783,26.0788871731544,24.6868261456066,22.6729373437337,21.5842197842917,21.4357013746907,21.9749777952116,21.8678105273612,21.5964465881555,22.4077611160475,23.1162759112842
Other small states,OSS,Fossil fuel energy consumption (% of total),EG.USE.COMM.FO.ZS,74.9435153242306,75.2721256207738,74.4029729963497,76.4551429443118,71.9474720953781,70.8700001578336,69.6110560633862,68.9087167852319,69.6099458294914,64.7727648359449,67.9511573342517,66.8413555118263,65.7712283784115,64.2025931622299,64.8209516315949,60.9678174581779,64.8690009675887,65.3039495155026,63.2277440376835,61.0544739495983,58.4605829642245,59.4016593675129,61.1648854825568
Other small states,OSS,Population density (people per sq. km of land area),EN.POP.DNST,37.3282002585605,37.9896308838728,38.6549284763615,39.1637473733988,39.8063199993859,40.2238598592144,38.692760266873,39.1636312539235,39.6464078718776,40.1096653868053,40.5582215279501,40.9783139566717,41.4158602690223,41.6913810969513,42.1444543421746,42.6214772665297,43.0881692127593,43.702265785042,44.1414058010025,44.6748012134527,45.1674062811457,45.6204722862817,46.1953342694381
Pacific island small states,PSS,Carbon dioxide (CO2) emissions excluding LULUCF per capita (t CO2e/capita),EN.GHG.CO2.PC.CE.AR5,2.06916407886503,2.23894771487272,1.66097687508979,1.89272618212273,1.97762298386627,1.96043463013628,1.98522056360558,1.79232992070254,1.59884752307163,1.83261022534803,2.08382199869922,1.98716100959154,2.45335308453845,1.7621995769076,1.59687665935755,1.56591055806056,1.52986890758473,1.62792893542985,1.68158334608571,1.7398592882815,1.73934183566928,1.79920494931809,1.8747018597925
Pacific island small states,PSS,GDP per capita (constant 2015 US$),NY.GDP.PCAP.KD,3176.90714165853,3163.29051798162,3186.46671126912,3206.54937686655,3295.73167514091,3337.69248464897,3378.10382287953,3346.12772173549,3377.48177216833,3325.63976945087,3409.25500449811,3492.25214728423,3481.07000103318,3546.5300702661,3625.25362242493,3721.79465162999,3808.0649305265,3904.74999271424,3962.30591642956,3966.43703821898,3526.91824866971,3392.90548608081,3668.29674204619
Pacific island small states,PSS,Energy use (kg of oil equivalent per capita),EG.USE.PCAP.KG.OE,..,..,..,..,453.386455781781,404.694054761991,392.885398313871,377.988501802454,..,..,..,..,..,..,..,..,..,..,..,..,..,..,..
Pacific island small states,PSS,Urban population (% of total population),SP.URB.TOTL.IN.ZS,34.3907342310581,34.6580334426081,34.8879793606847,35.1160448506832,35.3598678684039,35.6035670209937,35.868218622181,36.1478256745243,36.4569424667487,36.7627309286899,37.0133602010833,37.2122094632295,37.4001775537815,37.5825207998049,37.7632566682875,37.9418362727715,38.1171567107677,38.279362098949,38.4317318565749,38.6080266824363,38.8185116377361,39.0380810941031,39.2714686784769
Pacific island small states,PSS,Trade (% of GDP),NE.TRD.GNFS.ZS,110.16140957772,105.501809772799,102.809684770427,104.498083403181,103.627752330111,104.071192663736,102.348117383083,100.676172952315,113.367228998752,100.592678730438,108.903579310931,113.362364354752,114.379773751226,115.093485835766,106.439149118169,100.801119179412,97.2708176153216,96.0873415459097,99.7127682373341,101.726843289182,75.1416487786867,76.4330426884918,99.3894131343613
Pacific island small states,PSS,Renewable energy consumption (% of total final energy consumption),EG.FEC.RNEW.ZS,43.3202099737533,38.2140664961637,41.8976,37.7193798449612,35.0321596244131,37.4314960629921,36.3674816625917,34.2550368550369,36.9616666666667,34.7113372093023,29.6785326086957,31.4028947368421,31.2037135278515,31.0864532019704,31.2214953271028,31.3321759259259,28.8504854368932,28.9891402714932,27.3537444933921,27.3889848812095,29.425845410628,..,..
Pacific island small states,PSS,"Industry (including construction), value added (% of GDP)",NV.IND.TOTL.ZS,16.4614026800886,17.1564287600546,17.5392931491208,16.6510598575803,17.3694409405647,15.2935419784717,15.0795104942433,14.8720433067701,15.2328499155049,15.0985456592362,14.9215273453857,15.8653020408639,15.3256940605331,14.5617672359953,14.0607810902085,14.0802002473527,14.7313564927793,14.4750083518948,14.170314717921,14.4246905991147,14.7781374102133,14.4023061347575,13.8902377088592
Pacific island small states,PSS,Fossil fuel energy consumption (% of total),EG.USE.COMM.FO.ZS,..,..,..,..,0,0,0,0,..,..,..,..,..,..,..,..,..,..,..,..,..,..,..
Pacific island small states,PSS,Population density (people per sq. km of land area),EN.POP.DNST,31.8111214953271,32.2289252336449,32.6366510903427,33.0310280373832,33.4190809968847,33.8010747663551,34.1785825545171,34.5518691588785,34.902476635514,35.2407476635514,35.6604205607477,36.1510747663551,36.6343302180685,37.1173052959502,37.6065109034268,38.0995171339564,38.5949221183801,39.1270303975058,39.626017147311,40.0414029618083,40.460202650039,40.9274045206547,41.4037256430242
Post-demographic dividend,PST,Carbon dioxide (CO2) emissions excluding LULUCF per capita (t CO2e/capita),EN.GHG.CO2.PC.CE.AR5,12.5395244971333,12.4782093635656,12.3178450861138,12.4769377529453,12.4961414380613,12.4409378463039,12.2641944893916,12.3122999750605,11.8969515300421,11.0487195401438,11.4775774409127,11.2246057676279,10.9679699664841,10.983904127149,10.701988157502,10.5298249700374,10.3821337162943,10.2696635441983,10.2978675642939,9.94348019209199,9.03924809665632,9.49053241643061,9.27937959844673
Post-demographic dividend,PST,GDP per capita (constant 2015 US$),NY.GDP.PCAP.KD,34230.9054924734,34586.5706661798,34937.247799889,35466.5602768555,36415.7777748076,37242.6578442336,38129.7115307412,38866.6808124154,38765.975379054,37263.2740485295,38159.5668246061,38683.8235141613,38990.6802498188,39428.1851843313,40053.068781707,40767.6732069989,41307.860490912,42156.5013034,42939.584006302,43589.6618640452,41732.4405643462,44118.9388148023,45272.358271736
Post-demographic dividend,PST,Energy use (kg of oil equivalent per capita),EG.USE.PCAP.KG.OE,5035.97556433223,4995.53432892313,5003.69798386624,5047.01240458052,5116.54018443087,5100.7995320341,5064.53202021603,5050.02748692983,4943.97297891726,4685.04058981977,4824.34493539349,4695.2764751527,4621.59690121516,4628.4455775549,4559.62711131074,4519.46724743436,4495.11941202283,4502.93559876907,4530.93386625465,4476.79024920893,4159.14027662025,4355.43294116451,4269.08791165734
Post-demographic dividend,PST,Urban population (% of total population),SP.URB.TOTL.IN.ZS,76.4517476501278,76.7965719822135,77.2021957272775,77.5903695589908,77.966082654067,78.3284706000985,78.659209202372,78.9718690716478,79.2742259442169,79.562952497419,79.8400812955742,80.0486092771528,80.2228350105744,80.3979335311433,80.5719372728436,80.7467633738853,80.9233728094521,81.1033317671139,81.2842182278933,81.4749496268461,81.6627037423207,81.84936028332,82.0738786885386
Post-demographic dividend,PST,Trade (% of GDP),NE.TRD.GNFS.ZS,49.2175271773986,47.7127652495463,46.3767227119428,46.3804123226659,48.952644844144,51.085732655568,53.8322776753541,54.7981793309175,57.4057497350901,49.6006477454975,54.5787661862007,58.5239335403132,58.8732087202835,58.5432151612358,58.3950505949397,56.7367840421545,55.1037888972218,57.1014237839989,58.3701432575157,57.409276091052,52.7295688919385,57.3530660440231,64.4815704194581
Post-demographic dividend,PST,Renewable energy consumption (% of total final energy consumption),EG.FEC.RNEW.ZS,7.10318257512277,6.74933608767742,6.81403486435157,7.12597928148982,7.35660986404122,7.64178402819778,8.13944321805613,8.4238448802232,8.91292216843766,9.54731401320155,9.8170711241403,10.3374053454359,10.855740352061,11.3357713927499,11.6687849102506,11.8425604176608,12.0622071586832,12.4846381438532,12.8576178839564,13.2726556995631,14.4278548426441,..,..
Post-demographic dividend,PST,"Industry (including construction), value added (% of GDP)",NV.IND.TOTL.ZS,25.6196354985699,24.4906326688311,23.7878085566726,23.7517091980059,23.8448433008134,23.9293115423438,24.0660579746421,23.9060227397892,23.6152261340945,22.0456858981812,22.4436666593445,22.4467337403286,22.2083662175127,21.9499708933726,21.85559118916,21.2882997744455,20.9889550767862,21.234054200658,21.3937110739909,21.0292130641682,20.5827958771651,20.9302801177182,21.1144337495388
Post-demographic dividend,PST,Fossil fuel energy consumption (% of total),EG.USE.COMM.FO.ZS,82.2698082003155,82.32395359763,82.3165708552593,82.5801742330204,82.1927545894152,81.8456140313675,81.5231043616774,81.7380572726148,81.1186023980901,80.2551527403718,80.1444530415739,80.4901145524509,80.5903761360545,80.154607946527,79.6804299021232,79.4488949360305,79.2310741741232,79.0615853879972,78.7340054694515,78.3476999807128,77.3313915588171,77.420631515482,77.7086634995273
Post-demographic dividend,PST,Population density (people per sq. km of land area),EN.POP.DNST,32.5689395361271,32.7272460656988,32.8954365361495,33.060680813435,33.2330619956973,33.4006633038553,33.583929023974,33.7842145724004,34.0064110801065,34.1814486335812,34.3423113476795,34.446033030752,34.5965883996007,34.7339388086336,34.8801632606231,35.0358978994957,35.1866090006505,35.3206844345793,35.4548360427958,35.5674632755163,35.6359337390826,35.8247013958893,35.8682354989274
Pre-demographic dividend,PRE,Carbon dioxide (CO2) emissions excluding LULUCF per capita (t CO2e/capita),EN.GHG.CO2.PC.CE.AR5,0.488222629475906,0.510096824293914,0.470102570910128,0.45984446159804,0.465559249671015,0.453136072350354,0.432761400683847,0.409839988431091,0.437413072256065,0.430835898550432,0.471533020298745,0.489684328860569,0.502986685294632,0.531629111048727,0.528877613168511,0.522852975099059,0.53805590591791,0.538977539691781,0.548712970022673,0.562375863364594,0.506699898960225,0.524433948407845,0.529081603302775
Pre-demographic dividend,PRE,GDP per capita (constant 2015 US$),NY.GDP.PCAP.KD,1069.98504122582,1085.17785843359,1116.07624655799,1075.93489894387,1170.52557140881,1205.03804090255,1243.71765592101,1283.50361465434,1326.75937950589,1350.06576988313,1397.55550126878,1416.01821827243,1432.97380778931,1472.74811348875,1505.68710312283,1508.88772064734,1502.76142001445,1485.49877756859,1482.95128186789,1491.54319700958,1415.40913185029,1422.99505709288,1447.11431883708
Pre-demographic dividend,PRE,Energy use (kg of oil equivalent per capita),EG.USE.PCAP.KG.OE,373.339751311609,380.914113848733,378.834560165562,373.837653657661,377.80205949763,381.101721822429,376.218307882459,368.719001594213,376.09192377982,375.791857346483,395.227148928861,417.405446143204,415.836132651575,422.19431043951,416.422245043901,409.058034847693,413.965433163961,412.64379685014,410.901901257408,421.07942421913,411.285164741225,429.733080718073,437.442485972398
Pre-demographic dividend,PRE,Urban population (% of total population),SP.URB.TOTL.IN.ZS,32.1721984970077,32.632873084944,33.0841834674422,33.5519816160276,34.037358363129,34.5437387013634,35.0097786842914,35.40982285152,35.9284763639459,36.4650153550427,37.0095598767732,37.5622562816969,38.1124733284927,38.6701372020105,39.2226003545783,39.7771089025231,40.3354760263504,40.8948351996284,41.4439041161344,41.9842362316093,42.5266498156658,43.0789350226666,43.6418701367517
Pre-demographic dividend,PRE,Trade (% of GDP),NE.TRD.GNFS.ZS,..,..,..,..,..,..,..,..,..,..,..,..,..,..,..,..,..,..,..,..,..,..,..
Pre-demographic dividend,PRE,Renewable energy consumption (% of total final energy consumption),EG.FEC.RNEW.ZS,78.3300233770905,77.5561547357465,77.7336427408946,78.5384429771645,77.9349317672905,78.0809457508779,78.1089116230743,77.9827883948906,77.0470225009081,77.5774660421546,75.7135622523074,74.6528191627611,73.1865442433771,72.2325804041222,72.7170196904253,73.339891666412,72.8428194718611,72.7571519329351,71.906862473446,71.4398709500275,73.3285283869645,..,..
Pre-demographic dividend,PRE,"Industry (including construction), value added (% of GDP)",NV.IND.TOTL.ZS,38.6902288451945,33.4449332559428,30.5767867460429,29.0962966489732,31.0273719558761,32.7601072780639,32.6688339973258,33.042404669592,34.9613811987829,29.4995035982789,32.5048721955268,36.3820309848655,36.0260070438338,33.9988760932896,32.0331154547409,26.835129662708,25.8320301717729,29.1928442145809,32.3501177411845,31.6321062581804,28.5809558953106,32.3776508049827,35.2429955451037
Pre-demographic dividend,PRE,Fossil fuel energy consumption (% of total),EG.USE.COMM.FO.ZS,34.2112106039646,35.1136389954897,34.4046232424547,33.5183434312742,33.505352916313,33.996867516884,33.23477185942,33.6186860220992,34.7649087559506,34.3152300152367,37.7661567539536,39.6875289433041,38.2077675103508,39.4996922581676,39.5809234870388,38.5969178811758,39.6356333656457,40.1302885918906,40.2646956966728,41.5292008334887,38.9395243660982,40.0899508803178,41.3266447512941
Pre-demographic dividend,PRE,Population density (people per sq. km of land area),EN.POP.DNST,31.6130979511473,32.521387662659,33.5065579014446,34.5269969092767,35.5087697844872,36.5684346004201,37.6301036036731,38.6683549423594,39.7953364841007,41.009318212179,42.2291584604966,43.4930692276075,39.2932362628661,40.482103410421,41.6777917953588,42.8676680117645,44.0815584681259,45.3287624097443,46.5966013671188,47.8761105936639,49.1722883716943,50.4690763570164,51.7611956981529
Small states,SST,Carbon dioxide (CO2) emissions excluding LULUCF per capita (t CO2e/capita),EN.GHG.CO2.PC.CE.AR5,4.68313015275759,4.85078296761605,4.75521370683341,5.21462874348247,5.3600268717137,5.71630054329912,6.0626861169191,6.27802529260936,6.10756614981416,5.75500481801471,6.22003767527993,6.14373403614044,5.95426679367312,5.89376637316496,5.84598783659382,5.56992049943254,5.42632650683069,5.41254142452866,5.45056674526354,5.10604149862274,4.75475334723989,4.76764821687655,4.73812006844693
Small states,SST,GDP per capita (constant 2015 US$),NY.GDP.PCAP.KD,8155.00786912822,8257.07610025167,8431.75458708002,8728.72596118041,9037.3309065158,9371.31645669111,9892.95608188327,10245.0259988082,10264.077640884,9729.03612966513,9852.12543539201,10006.3466315417,10130.5657104615,10152.1627156272,10278.8254139719,10408.6618377241,10490.2995213133,10721.8208950743,10958.5509873455,11186.3407280152,10314.4833183078,10929.9679897079,11647.2862412552
Small states,SST,Energy use (kg of oil equivalent per capita),EG.USE.PCAP.KG.OE,..,..,..,..,2178.48629394776,2295.85886754677,2509.78820768153,2661.0334418885,..,..,..,..,..,..,..,..,..,..,..,..,..,..,..
Small states,SST,Urban population (% of total population),SP.URB.TOTL.IN.ZS,49.0559834774638,49.1299103590161,49.1865762132941,49.2749280136857,49.38594459278,49.4604298495372,49.5377659620456,49.6191202224966,49.7266374936188,49.8322692769701,49.9238962017502,50.005682863859,50.11169442468,50.2301369809648,50.3646436439391,50.5130046848984,50.6676584147272,50.8398892098627,51.0083743010062,51.2028404507959,51.4005017222283,51.5703651137917,51.8158557665979
Small states,SST,Trade (% of GDP),NE.TRD.GNFS.ZS,117.386495908652,115.318495245644,111.77175747476,106.467875908973,108.500400221225,110.789467184727,112.378506516743,111.587448045485,115.550888547415,105.485582666965,114.578899733279,124.397848397891,126.649292920059,126.868062382496,125.029625854002,123.531543408839,120.885120399996,122.850400452631,125.197585874324,126.41509492098,120.186353948268,133.473309511653,150.182056010581
Small states,SST,Renewable energy consumption (% of total final energy consumption),EG.FEC.RNEW.ZS,28.0068348770361,27.0383106856084,27.882881773399,27.2502846868445,26.9271026682135,27.2333608360836,26.6335847609307,26.8431092436975,28.4953543493719,30.2776979308636,29.7265690627625,30.2495982731742,30.1846016646849,30.3387854927225,30.1999766218586,31.1755146888735,31.3734949541816,31.1677364093193,32.2826634877384,31.6559924886778,34.2609139465875,..,..
Small states,SST,"Industry (including construction), value added (% of GDP)",NV.IND.TOTL.ZS,27.3704293962479,26.2679327609347,25.8357799483542,27.1163408267414,27.7767846777151,29.2526714929065,30.5421913779373,29.4830072869776,31.9775016859771,26.8176641610031,27.800117756771,29.6284792821215,28.1787545271946,26.9617885130613,25.7338086330116,22.9832681877801,22.0517277660139,22.1766595549732,22.575407809729,22.2708859632721,22.0394834309985,23.9125977332215,26.6588776524115
Small states,SST,Fossil fuel energy consumption (% of total),EG.USE.COMM.FO.ZS,84.6805620129466,85.4421271867964,85.4531857564414,86.9574464514124,76.7802866278166,77.5932896858618,77.5532681033068,77.4136214925168,83.5010630196505,81.6447043075046,83.3617264549623,82.5140018426456,82.0777482629586,81.4583708174581,81.951292572763,80.4558771383203,80.7477775273998,80.6077209585219,79.2907211879164,78.4758039240588,76.0024294993958,76.8819406912473,77.3845792139153
Small states,SST,Population density (people per sq. km of land area),EN.POP.DNST,21.7763587407941,22.0951703045544,22.4156619874063,22.6790406564129,22.9474936600401,23.0888082733534,22.8969574840419,23.139797458615,23.3853399685667,23.6168770741806,23.8561525796908,24.0920849210761,24.3340222188766,24.5433988583401,24.7939970826117,25.0522020897752,25.30673344668,25.5970204103524,25.8745222195669,26.157554001711,26.399502296387,26.6359353738561,26.9157002086878
South Asia,SAS,Carbon dioxide (CO2) emissions excluding LULUCF per capita (t CO2e/capita),EN.GHG.CO2.PC.CE.AR5,0.839448502354799,0.841533860578474,0.857840669428924,0.87022097074278,0.921710516200405,0.947233274577375,0.994130761226053,1.06595247116201,1.11862186438008,1.20445320099999,1.26279623505038,1.324208449095,1.42848290268076,1.451142809141,1.54491595488119,1.54516133362653,1.56563560240448,1.63736791954563,1.71121198201988,1.67681264788274,1.52014644997414,1.65708806361488,1.76382962922912
South Asia,SAS,GDP per capita (constant 2015 US$),NY.GDP.PCAP.KD,758.13317248215,778.357238715482,793.587792053516,838.605352931563,887.193101603466,940.169909002097,999.335555411207,1059.31634791955,1081.29827136144,1145.46231061964,1222.5182301452,1272.07513809653,1326.51107396889,1392.20217841838,1475.21676501966,1570.54142462917,1676.35409782237,1770.2629132472,1863.72112646838,1920.39706317409,1806.99045389673,1957.51785308901,2079.70096055062
South Asia,SAS,Energy use (kg of oil equivalent per capita),EG.USE.PCAP.KG.OE,366.024485085178,365.878495098668,369.324722598924,372.380551057126,386.203065447878,395.621422649354,410.711707987568,428.283370750911,446.469897653068,471.607677019024,492.486384151898,506.21044725876,528.985468942484,535.218154134465,565.045031303674,577.23417802909,584.646207250051,603.307632026565,620.962701769055,621.296024310812,591.698831505841,632.586219671558,676.416819508078
South Asia,SAS,Urban population (% of total population),SP.URB.TOTL.IN.ZS,26.7945990826071,27.0774220149628,27.4368938387587,27.7999812501733,28.1674356226398,28.536979721248,28.9094695687906,29.2856928427484,29.6655326792886,30.0474789492246,30.4324114810732,30.8209968765955,31.2204231080542,31.6362001183141,32.0556082920779,32.4847420686569,32.9244292106513,33.3760521966301,33.8381523535219,34.3092492591791,34.7891559819959,35.2793706823099,35.7853207636492
South Asia,SAS,Trade (% of GDP),NE.TRD.GNFS.ZS,29.4521345638678,28.6226894432911,31.2058856438684,32.0000779732296,38.1607950166867,42.4971464403536,45.9944214475263,46.0171112034336,52.8016359534609,45.9241017213063,48.318869674409,54.781912294079,55.002840478453,53.1281840147581,48.7343658963128,42.3320491860183,39.7938034454886,40.3089858984443,43.1541039748077,39.8164418526812,36.988453773768,44.0145414114724,48.8421504664658
South Asia,SAS,Renewable energy consumption (% of total final energy consumption),EG.FEC.RNEW.ZS,49.1786444751449,49.1670993642818,47.9380788404799,47.6673480035601,46.9997926724521,46.222419891066,45.2453053396588,43.5322600697748,41.4480675621599,39.4741030953443,38.1566630116378,36.8092713088936,36.3851888844937,36.6107558472827,35.5096522398152,34.8834168535168,34.2074772429003,33.5888874710393,33.8834998158718,34.4293579877468,36.8864659122341,..,..
South Asia,SAS,"Industry (including construction), value added (% of GDP)",NV.IND.TOTL.ZS,26.7569932735608,26.0024716887779,27.1014548109226,26.95657842994,28.5458664604885,28.9493927115614,30.2976514244108,30.3632999653851,30.4832372420541,30.5200919895502,30.1141516904314,29.6069218828133,29.0057872672226,28.1675637622773,27.4983990641474,27.2213156085233,27.0437625991558,26.9539492631347,26.933539765976,25.4550715858569,25.9763909805829,27.1503504983348,26.3092218050277
South Asia,SAS,Fossil fuel energy consumption (% of total),EG.USE.COMM.FO.ZS,65.4278537017823,65.4521535196179,66.220287505078,66.4941866130494,67.3715136626349,67.6970437715638,68.3258858355709,69.3522400368523,70.8957211700812,72.3511504774119,72.7526321062943,73.2085970860778,74.3889806647674,73.967233814067,75.0624573501865,75.3648812785341,74.9827024925108,75.0161602523419,75.1949401992493,74.7098453818176,72.8055676717771,73.9657229137733,74.4291923866605
South Asia,SAS,Population density (people per sq. km of land area),EN.POP.DNST,369.362022618166,376.217803147914,382.915998710263,389.41334579283,396.061871291822,402.315400660187,408.379305503822,414.28225328772,419.986744874377,425.75854200787,431.612115524143,437.408578434374,443.137785083324,448.546924775609,453.976476752004,459.325034807082,464.622057592857,469.82322835622,474.800737015142,479.655227185199,484.334799417988,488.431572059838,492.382623595388
South Asia (IDA & IBRD),TSA,Carbon dioxide (CO2) emissions excluding LULUCF per capita (t CO2e/capita),EN.GHG.CO2.PC.CE.AR5,0.839448502354799,0.841533860578474,0.857840669428924,0.87022097074278,0.921710516200405,0.947233274577375,0.994130761226053,1.06595247116201,1.11862186438008,1.20445320099999,1.26279623505038,1.324208449095,1.42848290268076,1.451142809141,1.54491595488119,1.54516133362653,1.56563560240448,1.63736791954563,1.71121198201988,1.67681264788274,1.52014644997414,1.65708806361488,1.76382962922912
South Asia (IDA & IBRD),TSA,GDP per capita (constant 2015 US$),NY.GDP.PCAP.KD,758.13317248215,778.357238715482,793.587792053516,838.605352931563,887.193101603466,940.169909002097,999.335555411207,1059.31634791955,1081.29827136144,1145.46231061964,1222.5182301452,1272.07513809653,1326.51107396889,1392.20217841838,1475.21676501966,1570.54142462917,1676.35409782237,1770.2629132472,1863.72112646838,1920.39706317409,1806.99045389673,1957.51785308901,2079.70096055062
South Asia (IDA & IBRD),TSA,Energy use (kg of oil equivalent per capita),EG.USE.PCAP.KG.OE,366.024485085178,365.878495098668,369.324722598924,372.380551057126,386.203065447878,395.621422649354,410.711707987568,428.283370750911,446.469897653068,471.607677019024,492.486384151898,506.21044725876,528.985468942484,535.218154134465,565.045031303674,577.23417802909,584.646207250051,603.307632026565,620.962701769056,621.296024310812,591.698831505841,632.586219671558,676.416819508078
South Asia (IDA & IBRD),TSA,Urban population (% of total population),SP.URB.TOTL.IN.ZS,26.7945990826071,27.0774220149628,27.4368938387587,27.7999812501733,28.1674356226398,28.536979721248,28.9094695687906,29.2856928427484,29.6655326792886,30.0474789492246,30.4324114810732,30.8209968765955,31.2204231080542,31.6362001183141,32.0556082920779,32.4847420686569,32.9244292106513,33.3760521966301,33.8381523535219,34.3092492591791,34.7891559819959,35.2793706823099,35.7853207636492
South Asia (IDA & IBRD),TSA,Trade (% of GDP),NE.TRD.GNFS.ZS,29.4521345638678,28.6226894432911,31.2058856438684,32.0000779732296,38.1607950166866,42.4971464403536,45.9944214475263,46.0171112034336,52.8016359534609,45.9241017213063,48.318869674409,54.781912294079,55.002840478453,53.1281840147581,48.7343658963128,42.3320491860183,39.7938034454886,40.3089858984443,43.1541039748077,39.8164418526812,36.988453773768,44.0145414114724,48.8421504664657
South Asia (IDA & IBRD),TSA,Renewable energy consumption (% of total final energy consumption),EG.FEC.RNEW.ZS,49.1786444751449,49.1670993642818,47.9380788404799,47.6673480035601,46.9997926724521,46.222419891066,45.2453053396588,43.5322600697748,41.4480675621599,39.4741030953443,38.1566630116378,36.8092713088936,36.3851888844937,36.6107558472827,35.5096522398152,34.8834168535168,34.2074772429003,33.5888874710393,33.8834998158718,34.4293579877468,36.8864659122341,..,..
South Asia (IDA & IBRD),TSA,"Industry (including construction), value added (% of GDP)",NV.IND.TOTL.ZS,26.7569932735608,26.0024716887779,27.1014548109226,26.95657842994,28.5458664604885,28.9493927115614,30.2976514244108,30.3632999653851,30.4832372420541,30.5200919895502,30.1141516904314,29.6069218828133,29.0057872672226,28.1675637622773,27.4983990641474,27.2213156085233,27.0437625991558,26.9539492631347,26.933539765976,25.4550715858569,25.9763909805829,27.1503504983348,26.3092218050277
South Asia (IDA & IBRD),TSA,Fossil fuel energy consumption (% of total),EG.USE.COMM.FO.ZS,65.4278537017823,65.4521535196179,66.220287505078,66.4941866130494,67.3715136626349,67.6970437715638,68.3258858355709,69.3522400368523,70.8957211700812,72.3511504774119,72.7526321062942,73.2085970860778,74.3889806647674,73.967233814067,75.0624573501865,75.3648812785341,74.9827024925108,75.0161602523419,75.1949401992493,74.7098453818176,72.8055676717771,73.9657229137733,74.4291923866605
South Asia (IDA & IBRD),TSA,Population density (people per sq. km of land area),EN.POP.DNST,369.362022618166,376.217803147914,382.915998710263,389.41334579283,396.061871291822,402.315400660187,408.379305503822,414.28225328772,419.986744874377,425.75854200787,431.612115524143,437.408578434374,443.137785083324,448.546924775609,453.976476752004,459.325034807082,464.622057592857,469.82322835622,474.800737015142,479.655227185199,484.334799417988,488.431572059838,492.382623595388
Sub-Saharan Africa,SSF,Carbon dioxide (CO2) emissions excluding LULUCF per capita (t CO2e/capita),EN.GHG.CO2.PC.CE.AR5,0.846947658339851,0.854790754342536,0.837886863212289,0.864005693833685,0.888239078692841,0.88511482246342,0.86406931174604,0.863222565426186,0.887424553320477,0.823837675232198,0.839652521001475,0.822580271453231,0.824777344661487,0.846352298645822,0.855969773589539,0.819171701622009,0.811885160471964,0.799649294349674,0.796751974930496,0.792791351596808,0.702733803651108,0.720071266990476,0.689420940290208
Sub-Saharan Africa,SSF,GDP per capita (constant 2015 US$),NY.GDP.PCAP.KD,1190.88998044252,1208.15530265928,1250.90688743015,1267.28041964566,1315.35220770965,1357.37369760768,1400.5867613713,1446.46714349503,1480.05689705203,1484.97355599629,1531.48486687603,1556.45949389258,1564.22280679957,1599.51376049865,1631.33177707383,1635.04422604526,1612.39505287464,1609.91136715464,1611.27332266468,1612.14257248213,1539.85068167536,1566.10687260088,1584.93033748502
Sub-Saharan Africa,SSF,Energy use (kg of oil equivalent per capita),EG.USE.PCAP.KG.OE,498.737294190482,491.383928601479,482.272048970017,498.023709129673,507.796879537306,501.971949694251,500.462860196033,505.211164070733,519.346782423372,515.141457933699,511.939011907588,525.575188815204,509.924476424412,512.634106825431,516.528105710898,502.121177358474,503.917362994577,493.635681711509,483.282695160297,491.374235856498,476.959293920172,490.243443027609,480.247369181107
Sub-Saharan Africa,SSF,Urban population (% of total population),SP.URB.TOTL.IN.ZS,31.4488337826416,31.8752213998274,32.3129877784381,32.7526679350894,33.1968345010602,33.6568130866309,34.1142421629526,34.5296416763426,35.0325560912001,35.5398388477217,36.0550891197715,36.5769429316826,37.0916475647346,37.6114270854122,38.1433506383947,38.6894512800178,39.2247236714653,39.7596127978553,40.2998165075392,40.8329525970643,41.3686297861541,41.9076431495083,42.4493969365686
Sub-Saharan Africa,SSF,Trade (% of GDP),NE.TRD.GNFS.ZS,..,..,..,..,..,..,..,..,..,..,..,66.333716912568,65.0538259011102,63.1642364875399,61.6078930139563,57.8145462075148,55.0844469874319,54.8383036750159,57.0996615502906,55.0579799939634,51.868500733929,56.585483080435,60.3047826134558
Sub-Saharan Africa,SSF,Renewable energy consumption (% of total final energy consumption),EG.FEC.RNEW.ZS,72.6431059468747,72.5205626381098,72.0035422141919,71.3143236451567,70.8052521152658,70.5237330831511,70.6146202545352,70.1100750427751,69.9762964238958,70.0369831155563,70.5522525849335,69.9549214765695,68.9684304535012,67.8510971013982,67.6303707658131,68.0255515815612,67.9625238161754,67.8175544668556,67.6660713231228,68.1693850218034,70.2701133853785,..,..
Sub-Saharan Africa,SSF,"Industry (including construction), value added (% of GDP)",NV.IND.TOTL.ZS,28.5001150040947,27.2194900197913,26.5134879645809,26.9029908845125,27.7454462010563,28.55028757734,28.0955313637871,28.3164658762757,29.5248230555179,25.8514010688291,27.5398945415763,29.431865676229,29.0820962384355,28.2778067124604,27.2603523286768,24.2606461393468,23.4228579442352,25.5089059418731,27.3538540526081,26.9172994031961,26.2454821841936,27.5529075775029,28.2618714438922
Sub-Saharan Africa,SSF,Fossil fuel energy consumption (% of total),EG.USE.COMM.FO.ZS,45.5406784520069,45.1047110724321,43.5911199743023,45.6756567317993,46.4681373577964,46.1250550210665,46.1218234513549,47.7732164838724,48.9090590448134,48.284043417529,48.3012918261258,48.958167586571,46.9740371977955,47.0145300463662,48.1093712054945,46.9196970924347,47.2402240888349,46.463549524546,45.6850394142964,46.6088631545502,44.2916950010822,44.494026656182,44.1646740455053
Sub-Saharan Africa,SSF,Population density (people per sq. km of land area),EN.POP.DNST,32.0659370659859,32.9351587662032,33.8331022200947,34.7583701557021,35.4677033765066,36.4499544276781,37.4599840891478,38.5022334196632,39.5818703722332,40.6893543903356,41.8249568816647,42.9867084755922,39.5535383299947,40.6528738701164,41.7717146368414,42.9139005765658,44.068009585861,45.2449451429594,46.4610849355483,47.6882621146341,48.9314926208051,50.1870490616922,51.4509903312293
Sub-Saharan Africa (excluding high income),SSA,Carbon dioxide (CO2) emissions excluding LULUCF per capita (t CO2e/capita),EN.GHG.CO2.PC.CE.AR5,0.933395653916943,0.941123987778767,0.922868576133937,0.95198315260668,0.978362833769043,0.97594326817472,0.952424805722559,0.951469761085992,0.978095569529389,0.90746883888652,0.925639703322361,0.905849067839864,0.907322441004525,0.930080465604015,0.938742482875819,0.896819431803076,0.886307805739761,0.873301682150456,0.86905633425237,0.863798191791389,0.765886027355904,0.785366058961513,0.752370199044447
Sub-Saharan Africa (excluding high income),SSA,GDP per capita (constant 2015 US$),NY.GDP.PCAP.KD,1292.14178142116,1310.33902519592,1358.74490343724,1378.9819279046,1429.92824920375,1474.18236906085,1519.81267815659,1567.96820965923,1602.53904819812,1605.73228564116,1653.32403841617,1677.16984911741,1682.88387255106,1717.84547041836,1748.73091504813,1747.88416619556,1718.0345582189,1710.35358994246,1708.70763052639,1705.15912749224,1622.24757512343,1649.05311615437,1667.5908121005
Sub-Saharan Africa (excluding high income),SSA,Energy use (kg of oil equivalent per capita),EG.USE.PCAP.KG.OE,515.564437326668,506.94345844735,496.781203566804,514.465694970531,524.981097929682,518.833559406934,517.085476181748,522.339497201273,538.608725762785,533.908719200195,530.339828965184,545.363919899593,527.406648849629,529.919700873267,533.77971653583,517.560442163178,519.143308733435,507.771862499802,495.779514710354,504.72060504801,489.205871484301,505.064777472325,493.303887825375
Sub-Saharan Africa (excluding high income),SSA,Urban population (% of total population),SP.URB.TOTL.IN.ZS,33.2818971827896,33.742099368364,34.2145739362338,34.6887253988797,35.1668476536793,35.6615304774956,36.1524951281218,36.5944327576205,37.1125870311585,37.6338517687268,38.1629317509414,38.6992315898273,39.225860977515,39.756941744972,40.3004154379771,40.8593103499367,41.4068912264933,41.9542528601209,42.5054254418557,43.0487084912522,43.5952496876917,44.1445513751237,44.6956889472847
Sub-Saharan Africa (excluding high income),SSA,Trade (% of GDP),NE.TRD.GNFS.ZS,..,..,..,..,..,62.7677904051525,61.6938986636075,66.8123516873251,72.7116505552567,64.1344102460368,64.9122555374695,67.136002113056,65.9222698258343,64.165639825175,62.5439067621022,58.6318489684927,56.0143134382182,55.9378224991257,58.3308926496267,56.3193851898139,53.2356984454034,58.1563483987121,61.968462841866
Sub-Saharan Africa (excluding high income),SSA,Renewable energy consumption (% of total final energy consumption),EG.FEC.RNEW.ZS,70.5400343332986,70.4524235346665,69.9053903195362,69.1935368446526,68.6608003736634,68.3182126979773,68.4180768896989,67.8663224633458,67.7239994269514,67.7883988057594,68.3351794871795,67.7396369252933,66.674351242875,65.5633636661379,65.3661479603073,65.7662775656608,65.7628766382921,65.5572534348578,65.4505889650284,66.056261685499,68.169313816785,..,..
Sub-Saharan Africa (excluding high income),SSA,"Industry (including construction), value added (% of GDP)",NV.IND.TOTL.ZS,28.8110014657774,27.5049420163625,26.7245190239158,27.1002039465859,27.9742070370084,28.8098797346398,28.3616779115875,28.6168738105132,29.9462180265826,26.2940969867647,27.9267049590493,29.8325858700819,29.6017597801122,28.7574357521018,27.6897008060414,24.5889764748547,23.5086544120036,25.6219652297154,27.3713845349986,27.0469992619705,26.4628572634617,27.9112308999143,28.6361417769721
Sub-Saharan Africa (excluding high income),SSA,Fossil fuel energy consumption (% of total),EG.USE.COMM.FO.ZS,49.1647329717895,48.7187019673971,47.1472953950997,49.2940154307869,50.0887798499292,49.7903672208967,49.8024317491327,51.5411168817309,52.6599877883188,52.0221240146347,52.1019352094149,52.6954307711264,50.6119532534294,50.5958802762325,51.721957166609,50.5258191559008,50.8250136331392,50.0524721425698,49.2409520938036,50.1379088458413,47.7488441420442,47.7638374519609,47.5186287631322
Sub-Saharan Africa (excluding high income),SSA,Population density (people per sq. km of land area),EN.POP.DNST,30.3164158802774,31.1260198950335,31.9621124640957,32.8246110319728,33.6852264232482,34.6091652199142,35.560119851213,36.5420247228887,37.5611608597165,38.6087722789402,39.6826589484956,40.7804102708655,37.302868745376,38.340658178631,39.3972674043535,40.4751402687706,41.5612196237525,42.6669406215545,43.8116831200619,44.9646949255304,46.1298310381034,47.3061257586537,48.4892611584016
Sub-Saharan Africa (IDA & IBRD countries),TSS,Carbon dioxide (CO2) emissions excluding LULUCF per capita (t CO2e/capita),EN.GHG.CO2.PC.CE.AR5,0.846947658339851,0.854790754342536,0.837886863212289,0.864005693833685,0.888239078692841,0.88511482246342,0.86406931174604,0.863222565426186,0.887424553320477,0.823837675232198,0.839652521001475,0.822580271453231,0.824777344661487,0.846352298645822,0.855969773589539,0.819171701622009,0.811885160471964,0.799649294349674,0.796751974930496,0.792791351596808,0.702733803651108,0.720071266990476,0.689420940290208
Sub-Saharan Africa (IDA & IBRD countries),TSS,GDP per capita (constant 2015 US$),NY.GDP.PCAP.KD,1190.88998044252,1208.15530265928,1250.90688743015,1267.28041964566,1315.35220770965,1357.37369760768,1400.5867613713,1446.46714349503,1480.05689705203,1484.97355599629,1531.48486687603,1556.45949389258,1564.22280679957,1599.51376049866,1631.33177707384,1635.04422604526,1612.39505287464,1609.91136715464,1611.27332266468,1612.14257248213,1539.85068167536,1566.10687260088,1584.93033748502
Sub-Saharan Africa (IDA & IBRD countries),TSS,Energy use (kg of oil equivalent per capita),EG.USE.PCAP.KG.OE,498.737294190482,491.383928601479,482.272048970017,498.023709129673,507.796879537306,501.971949694251,500.462860196032,505.211164070733,519.346782423372,515.141457933699,511.939011907588,525.575188815204,509.924476424412,512.634106825431,516.528105710898,502.121177358474,503.917362994577,493.635681711509,483.282695160297,491.374235856498,476.959293920172,490.243443027609,480.247369181107
Sub-Saharan Africa (IDA & IBRD countries),TSS,Urban population (% of total population),SP.URB.TOTL.IN.ZS,31.4488337826416,31.8752213998274,32.3129877784381,32.7526679350895,33.1968345010602,33.656813086631,34.1142421629526,34.5296416763426,35.0325560912001,35.5398388477217,36.0550891197715,36.5769429316825,37.0916475647346,37.6114270854122,38.1433506383947,38.6894512800178,39.2247236714653,39.7596127978553,40.2998165075392,40.8329525970643,41.3686297861541,41.9076431495083,42.4493969365686
Sub-Saharan Africa (IDA & IBRD countries),TSS,Trade (% of GDP),NE.TRD.GNFS.ZS,..,..,..,..,..,..,..,..,..,..,..,66.333716912568,65.0538259011102,63.1642364875399,61.6078930139563,57.8145462075149,55.084446987432,54.8383036750159,57.0996615502906,55.0579799939634,51.868500733929,56.585483080435,60.3047826134558
Sub-Saharan Africa (IDA & IBRD countries),TSS,Renewable energy consumption (% of total final energy consumption),EG.FEC.RNEW.ZS,72.6431059468747,72.5205626381098,72.0035422141919,71.3143236451567,70.8052521152658,70.5237330831511,70.6146202545352,70.1100750427751,69.9762964238958,70.0369831155563,70.5522525849335,69.9549214765695,68.9684304535012,67.8510971013982,67.6303707658131,68.0255515815612,67.9625238161754,67.8175544668556,67.6660713231228,68.1693850218034,70.2701133853785,..,..
Sub-Saharan Africa (IDA & IBRD countries),TSS,"Industry (including construction), value added (% of GDP)",NV.IND.TOTL.ZS,28.5001150040947,27.2194900197913,26.5134879645809,26.9029908845125,27.7454462010563,28.5502875773399,28.0955313637871,28.3164658762757,29.5248230555179,25.8514010688291,27.5398945415763,29.431865676229,29.0820962384355,28.2778067124604,27.2603523286768,24.2606461393468,23.4228579442352,25.5089059418732,27.3538540526082,26.9172994031961,26.2454821841936,27.5529075775029,28.2618714438922
Sub-Saharan Africa (IDA & IBRD countries),TSS,Fossil fuel energy consumption (% of total),EG.USE.COMM.FO.ZS,45.5406784520069,45.1047110724322,43.5911199743023,45.6756567317993,46.4681373577964,46.1250550210666,46.1218234513549,47.7732164838725,48.9090590448134,48.284043417529,48.3012918261258,48.958167586571,46.9740371977955,47.0145300463662,48.1093712054945,46.9196970924346,47.2402240888349,46.463549524546,45.6850394142964,46.6088631545502,44.2916950010822,44.494026656182,44.1646740455053
Sub-Saharan Africa (IDA & IBRD countries),TSS,Population density (people per sq. km of land area),EN.POP.DNST,32.0659370659859,32.9351587662032,33.8331022200947,34.7583701557021,35.4677033765066,36.4499544276781,37.4599840891478,38.5022334196632,39.5818703722332,40.6893543903356,41.8249568816647,42.9867084755922,39.5535383299947,40.6528738701164,41.7717146368414,42.9139005765658,44.068009585861,45.2449451429594,46.4610849355483,47.6882621146341,48.9314926208051,50.1870490616922,51.4509903312293
Upper middle income,UMC,Carbon dioxide (CO2) emissions excluding LULUCF per capita (t CO2e/capita),EN.GHG.CO2.PC.CE.AR5,3.05213583139423,3.11473746104973,3.24839921045323,3.56138943610749,3.89431493315182,4.21354083904352,4.52231516229559,4.80241986193892,4.90718188238307,5.02669302494047,5.39192217918713,5.73848696935694,5.87006284062879,6.03449151892501,6.03376436253516,5.90262011270344,5.87268170889875,5.95208484064053,6.13004727209609,6.22064603568108,6.15297937716197,6.44051133588616,6.39040171974322
Upper middle income,UMC,GDP per capita (constant 2015 US$),NY.GDP.PCAP.KD,3401.40167862764,3485.11084142301,3622.00955262449,3803.94198104964,4068.32112821972,4338.89147556872,4674.16956143542,5076.63584304066,5354.00719913241,5498.75699643503,5920.71786501535,6278.51927756858,6581.33928744782,6890.78324902858,7172.38172110228,7434.5956962152,7712.27994886495,8059.48238143962,8394.40637902741,8685.84122197416,8604.86234676385,9230.36060705031,9522.30699359525
Upper middle income,UMC,Energy use (kg of oil equivalent per capita),EG.USE.PCAP.KG.OE,1060.00600285289,1072.0639511697,1109.00706764028,1198.37209586372,1303.44244785189,1378.18603104993,1454.04250465329,1526.93600565183,1561.74380897354,1591.35674612489,1703.10053278591,1778.44033277147,1817.23572354277,1854.45750201429,1873.68869097506,1849.36237053964,1843.84048015696,1887.02274828573,1939.40759793906,1997.63740797603,1996.03954368441,2115.28809315073,2141.42959432448
Upper middle income,UMC,Urban population (% of total population),SP.URB.TOTL.IN.ZS,48.0028485838759,48.9290185291646,49.9147948276724,50.9125967928276,51.9225000959744,52.9341924501054,53.9229782302226,54.894490459213,55.8744061025032,56.8533836982897,57.8288638787138,58.739769479309,59.621376611654,60.4981478897379,61.3711709586363,62.2388361971036,63.1000058814833,63.950715773199,64.787702639662,65.6044451357591,66.395677535933,67.1643769563542,67.9126119225171
Upper middle income,UMC,Trade (% of GDP),NE.TRD.GNFS.ZS,47.2296254050293,46.5419864976265,48.864590774622,54.074203385718,59.3763369664895,60.8259907283446,61.5599483567028,59.7932871810704,58.2940423413247,48.139935780146,51.7821044959641,53.1691364797874,51.80242387414,50.3477851829354,49.0443034178583,45.5063939473899,43.6205321539446,44.7676402453669,46.5855123286553,44.7100517324187,42.6802767517809,47.6994581650805,50.8089626385085
Upper middle income,UMC,Renewable energy consumption (% of total final energy consumption),EG.FEC.RNEW.ZS,24.7576902058413,23.9539036010756,23.3936017651862,21.9360208050356,19.972600701939,18.430436768434,17.7588234927998,16.7774713255611,16.4144187151124,16.110203195669,15.363151286548,14.378550940055,14.2589863945024,14.1934413509233,14.3687879721054,14.5429189160572,14.9096847055022,15.1318149947337,15.3128112264645,15.8640951439244,16.5853427587953,..,..
Upper middle income,UMC,"Industry (including construction), value added (% of GDP)",NV.IND.TOTL.ZS,35.6602996208103,35.597710438124,36.4456474887337,36.5311378968884,37.0851852207117,37.5969851936873,38.2550283912107,38.014047441171,38.7492156241536,37.4172988860217,37.7379613950401,38.3125237538969,38.0737478198729,37.2289684361273,36.590570849634,35.1914650665494,34.4353161116204,34.7671261948338,35.3748473957796,34.4698089426943,34.0041163899922,35.7269305559961,35.8985461876976
Upper middle income,UMC,Fossil fuel energy consumption (% of total),EG.USE.COMM.FO.ZS,81.7564346041145,82.2813402543696,82.6290908259124,83.8335931539603,84.9598407404691,85.7119198606528,86.2683514316271,86.8634843585756,87.0641848385382,87.4082861981533,87.8804025710508,88.5168062498722,88.4620361234681,88.2856425632195,87.966347291807,87.4214183332416,86.7719398010034,86.4683705360789,86.0379579736123,85.7296990576747,85.3232622422375,85.4424377974793,85.0391696681981
Upper middle income,UMC,Population density (people per sq. km of land area),EN.POP.DNST,54.3100750437118,54.8333281717879,55.3291325811476,55.8027988964265,56.2904823499657,56.7785358695044,57.112241742896,57.5439152398892,58.0061759712362,58.4837702603424,58.9527241335299,59.4396222811177,59.982377301026,60.5387792932323,61.070932985398,61.5809397962781,62.0736960265922,62.5828662803278,63.051503494143,63.4736737537186,63.8203213249238,64.0535425057839,64.2182728867798
World,WLD,Carbon dioxide (CO2) emissions excluding LULUCF per capita (t CO2e/capita),EN.GHG.CO2.PC.CE.AR5,4.01431105268727,4.01370329181194,4.01751514643519,4.15489517681896,4.28638947772331,4.39248261566189,4.48182385476563,4.59171360897313,4.56376544213623,4.45764153516031,4.67626876251348,4.76575658042257,4.77830675432608,4.81500029122133,4.7809346364807,4.6985544656489,4.65381087302809,4.6751667531539,4.74304009319394,4.70786516510003,4.46660839076502,4.67121986233945,4.63181673071043
World,WLD,GDP per capita (constant 2015 US$),NY.GDP.PCAP.KD,7871.24443001781,7924.78791729258,8003.87801869858,8146.90742048105,8403.45406958747,8632.39020131485,8904.43443404345,9178.47474059228,9250.84000022313,9015.16040279835,9309.31873020995,9504.38291607333,9639.48614203712,9796.48671320554,9983.73325351848,10175.4094195078,10340.5608748854,10577.5913254585,10808.7873552704,10986.370268324,10569.0440347692,11154.1116782999,11428.5478109765
World,WLD,Energy use (kg of oil equivalent per capita),EG.USE.PCAP.KG.OE,1590.53600804969,1584.48166042261,1597.42958388422,1635.68493163054,1682.91262485075,1708.55270571192,1735.35240707658,1759.58764727864,1760.65936421268,1722.83553405813,1797.33396996069,1803.96021847689,1803.78035740325,1810.79138958391,1809.81315769071,1790.19445095075,1784.68028332509,1802.74094841186,1825.67532790236,1828.36716498659,1761.39969751375,1850.91482446576,1853.46458517393
World,WLD,Urban population (% of total population),SP.URB.TOTL.IN.ZS,46.5947279272757,47.0391420916467,47.5301749848121,48.0243050585955,48.5246693011157,49.0288904197989,49.5243255576513,50.0095492883941,50.5079440259338,50.9982568321664,51.4781088042592,51.9239897157904,52.3653340141834,52.8176002224882,53.2720421527374,53.7372524306533,54.1987359505442,54.6501253213613,55.0928852332806,55.5315178075519,55.9623738261611,56.3752739801048,56.815715402616
World,WLD,Trade (% of GDP),NE.TRD.GNFS.ZS,50.3641134484609,49.2303996368708,49.2659311356531,50.9203974837067,54.4775410072948,56.5201167863385,58.6686717720081,59.0521532533905,60.6815079275238,52.1911115942307,56.5343313698282,59.6589208899797,59.4698022494605,58.7515209551049,58.1402310039602,55.7739837987947,53.9845114759781,55.6998749258413,57.1988365804186,55.9567466552738,52.0638639072625,56.8519496456584,62.6053973154262
World,WLD,Renewable energy consumption (% of total final energy consumption),EG.FEC.RNEW.ZS,17.5262813966932,17.2141012541802,17.2206557859887,17.067470633117,16.7834791518651,16.6370993331808,16.7290772224366,16.5374660334277,16.6569817886533,17.0654993607187,16.7414815095897,16.6987205578704,16.8962150785112,17.1692464159295,17.3299951573821,17.4035082673572,17.6281084915531,17.8541835016377,18.1052270747944,18.5751641385934,19.7355641050053,..,..
World,WLD,"Industry (including construction), value added (% of GDP)",NV.IND.TOTL.ZS,27.7159860051057,26.7584692616929,26.2638306620811,26.2637162463126,26.6593654343636,27.1556919732358,27.6687825148635,27.7272271580585,28.0585812838461,26.5209087242538,27.4510814861494,28.0179414042181,28.0020121627633,27.6351016416607,27.3552197212105,26.6134704406081,26.0352430400482,26.5173706361878,27.0183836207374,26.4408122978511,25.8434700112106,26.9989215362528,27.5094492921474
World,WLD,Fossil fuel energy consumption (% of total),EG.USE.COMM.FO.ZS,80.8796467142375,81.0546701168924,81.1844739180213,81.7055462819403,81.8474745206062,81.9761558714325,82.0979619520723,82.5063082933971,82.4126582352211,82.1467684893987,82.4809545565654,82.9475300947244,82.9724321303124,82.6960679575939,82.5147412181312,82.225619322364,81.8883626112425,81.7737967700541,81.4900977194701,81.1792011066594,80.4761449426367,80.7499165009521,80.6491413156923
World,WLD,Population density (people per sq. km of land area),EN.POP.DNST,48.4403366874438,49.0950719465217,49.74405681699,50.3873940548433,50.9812849046914,51.6324527440478,52.2521307537334,52.9152833498651,53.5968813081381,54.2729530877478,54.9363760941037,55.6095936956326,55.2311553112151,55.9168398630561,56.595970623195,57.2688522107605,57.9358405506781,58.5984448552765,59.2347954923675,59.8567522747398,60.4493566980575,61.0315500482907,61.5978420781725
,,,,,,,,,,,,,,,,,,,,,,,,,,
,,,,,,,,,,,,,,,,,,,,,,,,,,
,,,,,,,,,,,,,,,,,,,,,,,,,,
Data from database: World Development Indicators,,,,,,,,,,,,,,,,,,,,,,,,,,
Last Updated: 10/07/2025,,,,,,,,,,,,,,,,,,,,,,,,,,
Code,License Type,Indicator Name,Short definition,Long definition,Source,Topic,Dataset,Unit of measure,Periodicity,Reference period,Aggregation method,Statistical concept and methodology,Development relevance,Limitations and exceptions,Other notes,License URL
EN.GHG.CO2.PC.CE.AR5,CC BY-4.0,Carbon dioxide (CO2) emissions excluding LULUCF per capita (t CO2e/capita),"Total annual emissions of carbon dioxide (CO2), one of the six Kyoto greenhouse gases (GHG), from the agriculture, energy, waste, and industrial sectors, excluding LULUCF, standardized to carbon dioxide equivalent values divided by the economy's population. This measure excludes GHG fluxes caused by Land Use Change Land Use and Forestry (LULUCF), as these fluxes have larger uncertainties.","Total annual emissions of carbon dioxide (CO2), one of the six Kyoto greenhouse gases (GHG), from the agriculture, energy, waste, and industrial sectors, excluding LULUCF, standardized to carbon dioxide equivalent values divided by the economy's population. This measure excludes GHG fluxes caused by Land Use Change Land Use and Forestry (LULUCF), as these fluxes have larger uncertainties.","EDGAR (Emissions Database for Global Atmospheric Research) Community GHG Database, Joint Research Centre (JRC) - European Commission, uri: https://edgar.jrc.ec.europa.eu/dataset_ghg2032, publisher: JRC European Commission, date published: 2024;
International Energy Agency (IEA), uri: https://edgar.jrc.ec.europa.eu/dataset_ghg2032, publisher: JRC European Commission, date published: 2024",Environment: Emissions,WDI,t CO2e/capita,Annual,1970-2023,Weighted average using population as weights,"Methodology: EDGAR compiles data from multiple authoritative sources, including: International Energy Agency (IEA) – Energy consumption data, United Nations Framework Convention on Climate Change (UNFCCC) – National GHG inventories, Food and Agriculture Organization (FAO) – Agricultural emissions, World Bank & National Statistics Offices – Socioeconomic and industrial data, Scientific Literature & IPCC Guidelines – Emission factors and methodologies. 



EDGAR follows the IPCC (Intergovernmental Panel on Climate Change) Guidelines for National Greenhouse Gas Inventories to estimate emissions. The core equation is:



?? =??×????



Where:



E = Total emissions (kg, tons, or CO2-equivalent)



A = Activity data (e.g., fuel consumption, production levels)



EF = Emission factor (kg of pollutant per unit of activity)







Depending on the pollutant, different tiers of complexity are used:



Tier 1 – Default IPCC emission factors (simple estimation)



Tier 2 – Country/region-specific emission factors



Tier 3 – Detailed process-based models (highest accuracy)","Anthropogenic (human-caused) emissions of global greenhouse gases, including carbon dioxide (CO2), methane (CH4), nitrous oxide (NO2) and F-gases, lead to an increase of the concentration of greenhouse gases in the atmosphere, which in turn causes atmospheric warming by trapping heat in the atmosphere (greenhouse gas effect). Atmospheric warming leads to climatic changes causing more frequent and extreme weather events and higher temperatures globally, leading to large impacts across the globe and particularly in developing countries that often have a limited means to adapt and build resilience. The international scientific community has warned that emissions need to decline to net zero by the middle of the 21st century to limit global warming to well below a 2deg C increase and help avoid the most consequential climate change impacts. 











Climate change is having a disproportionate impact on developing countries and if unabated will not only reverse past development progress and hinder poverty reduction but will also make future development more costly. Country level assessments of the potential climate change impacts on specific developing countries, performed as part of the World Bank’s Country Climate and Development Reports (CCDRs), show that climate change will have a significant impact on developing countries’ economies, ranging from about 0.5% of GDP for higher income developing countries to over 13% for the lowest income developing countries. The costs of partial adaptation to these changes will be significant as well -- ranging between 1 and 10% of developing countries’ GDP.","Global GHG emissions are currently not directly measurable, but approaches for their estimation exist, and numerous sources exist to supply data for this indicator. Reputable scientific organizations produce these data for use for research, policy analysis, climate negotiations, and broader public communications. The estimated accuracy from fossil fuel combustion and industrial processes are quite high, as quantities of fossil fuels and other emissive materials (such as cement and steel) produced are well known. For these sectors, emissions estimates are roughly accurate to within 10% when aggregated to the global level and between 4% and 35% at the country level (Crippa et al., 2023). For non- combustion and non- industrial process emissions, the accuracy is lower. Agricultural emissions, for example, depend upon many factors including the type of crops grown and livestock raised, specific agricultural practices, and other climate and non-climate factors. For these emissions, the accuracy is lower—around 30% for CH4 and fluorinated gases (HFCs, PFCs, and SF6).",,https://datacatalog.worldbank.org/public-licenses#cc-by
NY.GDP.PCAP.KD,CC BY-4.0,GDP per capita (constant 2015 US$),"Gross domestic product is the total income earned through the production of goods and services in an economic territory during an accounting period. It can be measured in three different ways: using either the expenditure approach, the income approach, or the production approach. The core indicator has been divided by the general population to achieve a per capita estimate.This indicator is expressed in constant prices, meaning the series has been adjusted to account for price changes over time. The reference year for this adjustment is 2015. This indicator is expressed in United States dollars.","Gross domestic product is the total income earned through the production of goods and services in an economic territory during an accounting period. It can be measured in three different ways: using either the expenditure approach, the income approach, or the production approach. The core indicator has been divided by the general population to achieve a per capita estimate.This indicator is expressed in constant prices, meaning the series has been adjusted to account for price changes over time. The reference year for this adjustment is 2015. This indicator is expressed in United States dollars.","Country official statistics, National Statistical Organizations and/or Central Banks;
National Accounts data files, Organisation for Economic Co-operation and Development (OECD);
Staff estimates, World Bank (WB)",Economic Policy & Debt: National accounts: US$ at constant 2015 prices: Aggregate indicators,WDI,constant 2015 US$,Annual,1960-2024,Weighted average,"Methodology: National accounts are compiled in accordance with international standards: System of National Accounts, 2008 or 1993 versions. Specific information on how countries compile their national accounts can be found on the IMF website: https://dsbb.imf.org/ Per capita estimates are divided by the total population.
Statistical concept(s): The conceptual elements of the SNA (System of National Accounts) measure what takes place in the economy, between which agents, and for what purpose. At the heart of the SNA is the production of goods and services. These may be used for consumption in the period to which the accounts relate or may be accumulated for use in a later period. In simple terms, the amount of value added generated by production represents GDP. The income corresponding to GDP is distributed to the various agents or groups of agents as income and it is the process of distributing and redistributing income that allows one agent to consume the goods and services produced by another agent or to acquire goods and services for later consumption. The way in which the SNA captures this pattern of economic flows is to identify the activities concerned by recognizing the institutional units in the economy and by specifying the structure of accounts capturing the transactions relevant to one stage or another of the process by which goods and services are produced and ultimately consumed.","This indicator is related to the national accounts, which are critical for understanding and managing a country's economy. They provide a framework for the analysis of economic performance. National accounts are the basis for estimating the Gross Domestic Product (GDP) and Gross National Income (GNI), which are the most widely used indicator of economic performance. They are essential for government policymakers, providing the data needed to design and assess fiscal and monetary policies; and are also used by businesses and investors to assess the economic climate and make investment decisions. NAS enable comparison between economies, which is crucial for international trade, investment decisions, and economic competitiveness. More specifically, this indicator is related to national accounts aggregates. Gross Domestic Product (GDP), Gross National Income (GNI), and other aggregates provide a snapshot of the size and health of an economy by measuring the total economic activity within a country. They can thus be used by policymakers to design and implement economic policies, as they reflect the overall economic performance and can indicate the need for intervention in certain areas. Aggregates also allow for comparisons between different economies, which can be useful for trade negotiations, investment decisions, and economic benchmarking. By examining aggregates over time, economists and analysts can identify trends, cycles, and potential areas of concern within an economy, and investors can use national accounts aggregates to assess the potential risks and returns of investing in a particular country. Overall, national accounts aggregates are fundamental tools for economic analysis, policy formulation, and decision-making at both the national and international levels.",,,https://datacatalog.worldbank.org/public-licenses#cc-by
EG.USE.PCAP.KG.OE,CC BY-4.0,Energy use (kg of oil equivalent per capita),"Energy use refers to use of primary energy before transformation to other end-use fuels, which is equal to indigenous production plus imports and stock changes, minus exports and fuels supplied to ships and aircraft engaged in international transport.","Energy use refers to use of primary energy before transformation to other end-use fuels, which is equal to indigenous production plus imports and stock changes, minus exports and fuels supplied to ships and aircraft engaged in international transport.","IEA Energy Statistics Data Browser, International Energy Agency (IEA), uri: https://www.iea.org/data-and-statistics/data-tools/energy-statistics-data-browser, publisher: International Energy Agency (IEA), date accessed: 2025-03-25",Environment: Energy production & use,WDI,kg of oil equivalent per capita,Annual,1960-2023,Weighted average,"Methodology: Total energy use refers to the use of primary energy before transformation to other end-use fuels (such as electricity and refined petroleum products). It includes energy from combustible renewables and waste - solid biomass and animal products, gas and liquid from biomass, and industrial and municipal waste. Biomass is any plant matter used directly as fuel or converted into fuel, heat, or electricity. World Bank population estimates are used to calculate per capita data.













Energy data are compiled by the International Energy Agency (IEA). IEA data for economies that are not members of the Organisation for Economic Co-operation and Development (OECD) are based on national energy data adjusted to conform to annual questionnaires completed by OECD member governments.













Data for combustible renewables and waste are often based on small surveys or other incomplete information and thus give only a broad impression of developments and are not strictly comparable across countries. The IEA reports include country notes that explain some of these differences. All forms of energy - primary energy and primary electricity - are converted into oil equivalents. A notional thermal efficiency of 33 percent is assumed for converting nuclear electricity into oil equivalents and 100 percent efficiency for converting hydroelectric power.","In developing economies growth in energy use is closely related to growth in the modern sectors - industry, motorized transport, and urban areas - but energy use also reflects climatic, geographic, and economic factors (such as the relative price of energy). Energy use has been growing rapidly in low- and middle-income economies, but high-income economies still use almost five times as much energy on a per capita basis.













Governments in many countries are increasingly aware of the urgent need to make better use of the world's energy resources. Improved energy efficiency is often the most economic and readily available means of improving energy security and reducing greenhouse gas emissions.","The IEA makes these estimates in consultation with national statistical offices, oil companies, electric utilities, and national energy experts. The IEA occasionally revises its time series to reflect political changes, and energy statistics undergo continual changes in coverage or methodology as more detailed energy accounts become available. Breaks in series are therefore unavoidable.",,https://datacatalog.worldbank.org/public-licenses#cc-by
SP.URB.TOTL.IN.ZS,CC BY-4.0,Urban population (% of total population),Urban population refers to people living in urban areas as defined by national statistical offices. The data are collected and smoothed by United Nations Population Division.,Urban population refers to people living in urban areas as defined by national statistical offices. The data are collected and smoothed by United Nations Population Division.,"World Urbanization Prospects, United Nations (UN), uri: https://population.un.org/wup/, publisher: UN Population Division",Environment: Density & urbanization,WDI,Percentage,Annual,1960-2024,Weighted average,Methodology: Percentages urban are the numbers of persons residing in an area defined as ''urban'' per 100 total population.
Statistical concept(s): Urban population refers to people living in urban areas as defined by national statistical offices. Particular caution should be used in interpreting the figures for percentage urban for different countries. Countries differ in the way they classify population as "urban" or "rural." The population of a city or metropolitan area depends on the boundaries chosen.,"Explosive growth of cities globally signifies the demographic transition from rural to urban, and is associated with shifts from an agriculture-based economy to mass industry, technology, and service.







In principle, cities offer a more favorable setting for the resolution of social and environmental problems than rural areas. Cities generate jobs and income, and deliver education, health care and other services. Cities also present opportunities for social mobilization and women's empowerment.","Aggregation of urban and rural population may not add up to total population because of different country coverage. There is no consistent and universally accepted standard for distinguishing urban from rural areas, in part because of the wide variety of situations across countries.







Most countries use an urban classification related to the size or characteristics of settlements. Some define urban areas based on the presence of certain infrastructure and services. And other countries designate urban areas based on administrative arrangements. Because of national differences in the characteristics that distinguish urban from rural areas, the distinction between urban and rural population is not amenable to a single definition that would be applicable to all countries.







Estimates of the world's urban population would change significantly if China, India, and a few other populous nations were to change their definition of urban centers. 







Because the estimates of city and metropolitan area are based on national definitions of what constitutes a city or metropolitan area, cross-country comparisons should be made with caution.",,https://datacatalog.worldbank.org/public-licenses#cc-by
NE.TRD.GNFS.ZS,CC BY-4.0,Trade (% of GDP),Trade is the sum of exports and imports of goods and services. This indicator is expressed as a percentage of Gross Domestic Product (GDP) which is the total income earned through the production of goods and services in an economic territory during an accounting period.,Trade is the sum of exports and imports of goods and services. This indicator is expressed as a percentage of Gross Domestic Product (GDP) which is the total income earned through the production of goods and services in an economic territory during an accounting period.,"Country official statistics, National Statistical Organizations and/or Central Banks;
National Accounts data files, Organisation for Economic Co-operation and Development (OECD);
Staff estimates, World Bank (WB)",Economic Policy & Debt: National accounts: Shares of GDP & other,WDI,%,Annual,1960-2024,Weighted average,"Methodology: National accounts are compiled in accordance with international standards: System of National Accounts, 2008 or 1993 versions. Specific information on how countries compile their national accounts can be found on the IMF website: https://dsbb.imf.org/
Statistical concept(s): The conceptual elements of the SNA (System of National Accounts) measure what takes place in the economy, between which agents, and for what purpose. At the heart of the SNA is the production of goods and services. These may be used for consumption in the period to which the accounts relate or may be accumulated for use in a later period. In simple terms, the amount of value added generated by production represents GDP. The income corresponding to GDP is distributed to the various agents or groups of agents as income and it is the process of distributing and redistributing income that allows one agent to consume the goods and services produced by another agent or to acquire goods and services for later consumption. The way in which the SNA captures this pattern of economic flows is to identify the activities concerned by recognizing the institutional units in the economy and by specifying the structure of accounts capturing the transactions relevant to one stage or another of the process by which goods and services are produced and ultimately consumed.","This indicator is related to the national accounts, which are critical for understanding and managing a country's economy. They provide a framework for the analysis of economic performance. National accounts are the basis for estimating the Gross Domestic Product (GDP) and Gross National Income (GNI), which are the most widely used indicator of economic performance. They are essential for government policymakers, providing the data needed to design and assess fiscal and monetary policies; and are also used by businesses and investors to assess the economic climate and make investment decisions. NAS enable comparison between economies, which is crucial for international trade, investment decisions, and economic competitiveness. More specifically, this indicator is related to the expenditure approach used to calculate GDP, which focuses on the total amount of spending on final goods and services within an economy over a specific period. Unlike the production approach, which looks at the supply side by summing the value of output produced by all sectors, the expenditure approach looks at the demand side by summing all expenditures. This demand-side analysis provides insights into the spending behaviors of different sectors, including households, businesses, the government, and foreign entities. Also, by breaking down expenditures into categories like consumption, investment, government spending, and net exports, it helps identify which components are driving or hindering economic growth. This approach can thus be used to assess the effectiveness of fiscal and monetary policies. Overall, the expenditure approach is crucial for understanding the dynamics of an economy, guiding policy decisions, and providing a comprehensive view of economic activity from the perspective of total spending.",,,https://datacatalog.worldbank.org/public-licenses#cc-by
EG.FEC.RNEW.ZS,CC BY-4.0,Renewable energy consumption (% of total final energy consumption),Renewable energy consumption is the share of renewables energy in total final energy consumption.,Renewable energy consumption is the share of renewables energy in total final energy consumption.,"IEA Energy Statistics Data Browser, International Energy Agency (IEA), uri: https://www.iea.org/data-and-statistics/data-tools/energy-statistics-data-browser, publisher: International Energy Agency (IEA), date accessed: 2025-03-25",Environment: Energy production & use,WDI,% (share) of final energy consumption,Annual,1990-2022,Weighted average,"Methodology: The numerator includes the direct consumption of renewable energy sources plus the final consumption of gross electricity and heat estimated to have come from renewable sources, while the denominator is the total final energy consumption of all energy products.
Statistical concept(s):",,,,https://datacatalog.worldbank.org/public-licenses#cc-by
NV.IND.TOTL.ZS,CC BY-4.0,"Industry, including construction, value added (% of GDP)","Industry (including construction) corresponds to ISIC (Rev.4) divisions 05-43. It is comprised of mining, manufacturing, construction, electricity, water, and gas industries. Value added is the contribution to the economy by a producer or an industry or an institutional sector, which is estimated by the total value of output produced and deducting the total value of intermediate consumption of goods and services used to produce that output. This indicator is expressed as a percentage of Gross Domestic Product (GDP) which is the total income earned through the production of goods and services in an economic territory during an accounting period.","Industry (including construction) corresponds to ISIC (Rev.4) divisions 05-43. It is comprised of mining, manufacturing, construction, electricity, water, and gas industries. Value added is the contribution to the economy by a producer or an industry or an institutional sector, which is estimated by the total value of output produced and deducting the total value of intermediate consumption of goods and services used to produce that output. This indicator is expressed as a percentage of Gross Domestic Product (GDP) which is the total income earned through the production of goods and services in an economic territory during an accounting period.","Country official statistics, National Statistical Organizations and/or Central Banks;
National Accounts data files, Organisation for Economic Co-operation and Development (OECD);
Staff estimates, World Bank (WB)",Economic Policy & Debt: National accounts: Shares of GDP & other,WDI,%,Annual,1960-2024,Weighted average,"Methodology: National accounts are compiled in accordance with international standards: System of National Accounts, 2008 or 1993 versions. Specific information on how countries compile their national accounts can be found on the IMF website: https://dsbb.imf.org/
Statistical concept(s): The conceptual elements of the SNA (System of National Accounts) measure what takes place in the economy, between which agents, and for what purpose. At the heart of the SNA is the production of goods and services. These may be used for consumption in the period to which the accounts relate or may be accumulated for use in a later period. In simple terms, the amount of value added generated by production represents GDP. The income corresponding to GDP is distributed to the various agents or groups of agents as income and it is the process of distributing and redistributing income that allows one agent to consume the goods and services produced by another agent or to acquire goods and services for later consumption. The way in which the SNA captures this pattern of economic flows is to identify the activities concerned by recognizing the institutional units in the economy and by specifying the structure of accounts capturing the transactions relevant to one stage or another of the process by which goods and services are produced and ultimately consumed.","This indicator is related to the national accounts, which are critical for understanding and managing a country's economy. They provide a framework for the analysis of economic performance. National accounts are the basis for estimating the Gross Domestic Product (GDP) and Gross National Income (GNI), which are the most widely used indicator of economic performance. They are essential for government policymakers, providing the data needed to design and assess fiscal and monetary policies; and are also used by businesses and investors to assess the economic climate and make investment decisions. NAS enable comparison between economies, which is crucial for international trade, investment decisions, and economic competitiveness. More specifically, this indicator is related to the production approach (or output approach) used to calculate GDP, which gives detailed breakdown of the economy by sectors, providing valuable insights into the structure of an economy and its key drivers of growth. It helps in identifying which sectors are expanding or contracting, information that is crucial for policymakers when designing economic strategies and interventions. Additionally, by focusing on the production side, it reflects the supply conditions of an economy, which can be particularly important when analyzing issues like productivity and competitiveness.","Ideally, industrial output should be measured through regular censuses and surveys of firms. But in most developing countries such surveys are infrequent, so earlier survey results must be extrapolated using an appropriate indicator. The choice of sampling unit, which may be the enterprise (where responses may be based on financial records) or the establishment (where production units may be recorded separately), also affects the quality of the data. Moreover, much industrial production is organized in unincorporated or owner-operated ventures that are not captured by surveys aimed at the formal sector. Even in large industries, where regular surveys are more likely, evasion of excise and other taxes and nondisclosure of income lower the estimates of value added. Such problems become more acute as countries move from state control of industry to private enterprise, because new firms and growing numbers of established firms fail to report. In accordance with the System of National Accounts, output should include all such unreported activity as well as the value of illegal activities and other unrecorded, informal, or small-scale operations. Data on these activities need to be collected using techniques other than conventional surveys of firms.","Note: Data for OECD countries are based on ISIC, revision 4.",https://datacatalog.worldbank.org/public-licenses#cc-by
EG.USE.COMM.FO.ZS,CC BY-4.0,Fossil fuel energy consumption (% of total),"Fossil fuel comprises coal, oil, petroleum, and natural gas products.","Fossil fuel comprises coal, oil, petroleum, and natural gas products.","IEA Energy Statistics Data Browser, International Energy Agency (IEA), uri: https://www.iea.org/data-and-statistics/data-tools/energy-statistics-data-browser, publisher: International Energy Agency (IEA), date accessed: 2025-03-25",Environment: Energy production & use,WDI,% (share) of energy consumption,Annual,1990-2023,Weighted average,Methodology: Energy data are compiled by the International Energy Agency (IEA). IEA data for economies that are not members of the Organisation for Economic Co-operation and Development (OECD) are based on national energy data adjusted to conform to annual questionnaires completed by OECD member governments.













Data for combustible renewables and waste are often based on small surveys or other incomplete information and thus give only a broad impression of developments and are not strictly comparable across countries. The IEA reports include country notes that explain some of these differences. All forms of energy - primary energy and primary electricity - are converted into oil equivalents. A notional thermal efficiency of 33 percent is assumed for converting nuclear electricity into oil equivalents and 100 percent efficiency for converting hydroelectric power.,"Fossil fuels are non-renewable resources because they take millions of years to form, and reserves are being depleted much faster than new ones are being made. In developing economies growth in energy use is closely related to growth in the modern sectors - industry, motorized transport, and urban areas - but energy use also reflects climatic, geographic, and economic factors (such as the relative price of energy). Energy use has been growing rapidly in low- and middle-income economies, but high-income economies still use almost five times as much energy on a per capita basis.













Total energy use refers to the use of primary energy before transformation to other end-use fuels (such as electricity and refined petroleum products). It includes energy from combustible renewables and waste - solid biomass and animal products, gas and liquid from biomass, and industrial and municipal waste. Biomass is any plant matter used directly as fuel or converted into fuel, heat, or electricity.","The IEA makes these estimates in consultation with national statistical offices, oil companies, electric utilities, and national energy experts. The IEA occasionally revises its time series to reflect political changes, and energy statistics undergo continual changes in coverage or methodology as more detailed energy accounts become available. Breaks in series are therefore unavoidable.",,https://datacatalog.worldbank.org/public-licenses#cc-by
EN.POP.DNST,CC BY-4.0,Population density (people per sq. km of land area),"Population density is midyear population divided by land area in square kilometers. Population is based on the de facto definition of population, which counts all residents regardless of legal status or citizenship--except for refugees not permanently settled in the country of asylum, who are generally considered part of the population of their country of origin. Land area is a country's total area, excluding area under inland water bodies, national claims to continental shelf, and exclusive economic zones. In most cases the definition of inland water bodies includes major rivers and lakes.","Population density is midyear population divided by land area in square kilometers. Population is based on the de facto definition of population, which counts all residents regardless of legal status or citizenship--except for refugees not permanently settled in the country of asylum, who are generally considered part of the population of their country of origin. Land area is a country's total area, excluding area under inland water bodies, national claims to continental shelf, and exclusive economic zones. In most cases the definition of inland water bodies includes major rivers and lakes.","FAO population estimates, Food and Agriculture Organization of the United Nations (FAO), publisher: Food and Agriculture Organization of the United Nations (FAO);
World Bank population estimates, World Bank (WB), publisher: World Bank (WB)",Environment: Density & urbanization,WDI,people per square kilometer of land area,Annual,1961-2022,Weighted average,"Methodology: Population density is midyear population divided by land area in square kilometers. This ratio can be calculated for any territorial unit for any point in time, depending on the source of the population data. Populationestimates are prepared by World Bank staff from variety of sources. They are based on the de facto definition of population and include all residents regardless of legal status or citizenship, within the physical boundaries of a country and under the jurisdiction of that country's political control. Refugees not permanently settled in the country of asylum are considered part of the population of their country of origin. Population numbers are either current census data or historical census data extrapolated through demographic methods. The count also excludes visitors from overseas.















Population density is calculated by dividing midyear population by land area in a country. Population is based on the de facto definition of population, which counts all residents regardless of legal status or citizenship - except for refugees not permanently settled in the country of asylum, who are generally considered part of the population of their country of origin. Land area is a country's total area, excluding area under inland water bodies, national claims to continental shelf, and exclusive economic zones. In most cases the definition of inland water bodies includes major rivers and lakes.","Population estimates are usually based on national population censuses. Estimates for the years before and after the census are interpolations or extrapolations based on demographic models. Errors and undercounting occur even in high-income countries; in developing countries errors may be substantial because of limits in the transport, communications, and other resources required conducting and analyzing a full census.















Population density is a measure of the intensity of land-use, and can be calculated for a block, city, county, state, country, continent or the entire world. Considering that over half of the Earth's land mass consists of areas inhospitable to human inhabitation, such as deserts and high mountains, and that population tends to cluster around seaports and fresh water sources, a simple number of population density by itself does not give any meaningful measurement of human population density.















Several of the most densely populated territories in the world are city-states, microstates, or dependencies.[6][7] These territories share a relatively small area and a high urbanization level, with an economically specialized city population drawing also on rural resources outside the area, illustrating the difference between high population density and overpopulation.","Current population estimates for developing countries that lack recent census data and pre- and post-census estimates for countries with census data are provided by the United Nations Population Division and other agencies. The cohort component method - a standard method for estimating and projecting population - requires fertility, mortality, and net migration data, often collected from sample surveys, which can be small or limited in coverage. Population estimates are from demographic modeling and so are susceptible to biases and errors from shortcomings in the model and in the data. Because the five-year age group is the cohort unit and five-year period data are used, interpolations to obtain annual data or single age structure may not reflect actual events or age composition.













The quality and reliability of official demographic data are also affected by public trust in the government, government commitment to full and accurate enumeration, confidentiality and protection against misuse of census data, and census agencies' independence from political influence. Moreover, comparability of population indicators is limited by differences in the concepts, definitions, collection procedures, and estimation methods used by national statistical agencies and other organizations that collect the data.",,https://datacatalog.worldbank.org/public-licenses#cc-by
