Country Name,Country Code,Series Name,Series Code,2022 [YR2022]
Afghanistan,AFG,Carbon dioxide (CO2) emissions excluding LULUCF per capita (t CO2e/capita),EN.GHG.CO2.PC.CE.AR5,0.203551890416193
Afghanistan,AFG,GDP per capita (constant 2015 US$),NY.GDP.PCAP.KD,377.665627080705
Afghanistan,AFG,Energy use (kg of oil equivalent per capita),EG.USE.PCAP.KG.OE,..
Afghanistan,AFG,Urban population (% of total population),SP.URB.TOTL.IN.ZS,26.616
Afghanistan,AFG,Trade (% of GDP),NE.TRD.GNFS.ZS,72.8854696086536
Afghanistan,AFG,Renewable energy consumption (% of total final energy consumption),EG.FEC.RNEW.ZS,20
Albania,ALB,Carbon dioxide (CO2) emissions excluding LULUCF per capita (t CO2e/capita),EN.GHG.CO2.PC.CE.AR5,1.65929303100527
Albania,ALB,GDP per capita (constant 2015 US$),NY.GDP.PCAP.KD,5178.88431481499
Albania,ALB,Energy use (kg of oil equivalent per capita),EG.USE.PCAP.KG.OE,780.738623945557
Albania,ALB,Urban population (% of total population),SP.URB.TOTL.IN.ZS,63.799
Albania,ALB,Trade (% of GDP),NE.TRD.GNFS.ZS,84.6980571024438
Albania,ALB,Renewable energy consumption (% of total final energy consumption),EG.FEC.RNEW.ZS,..
Algeria,DZA,Carbon dioxide (CO2) emissions excluding LULUCF per capita (t CO2e/capita),EN.GHG.CO2.PC.CE.AR5,4.10411424455349
Algeria,DZA,GDP per capita (constant 2015 US$),NY.GDP.PCAP.KD,4544.46688060372
Algeria,DZA,Energy use (kg of oil equivalent per capita),EG.USE.PCAP.KG.OE,1499.50999958517
Algeria,DZA,Urban population (% of total population),SP.URB.TOTL.IN.ZS,74.772
Algeria,DZA,Trade (% of GDP),NE.TRD.GNFS.ZS,51.2023757404409
Algeria,DZA,Renewable energy consumption (% of total final energy consumption),EG.FEC.RNEW.ZS,..
American Samoa,ASM,Carbon dioxide (CO2) emissions excluding LULUCF per capita (t CO2e/capita),EN.GHG.CO2.PC.CE.AR5,0.00206859459683091
American Samoa,ASM,GDP per capita (constant 2015 US$),NY.GDP.PCAP.KD,13709.0974895473
American Samoa,ASM,Energy use (kg of oil equivalent per capita),EG.USE.PCAP.KG.OE,..
American Samoa,ASM,Urban population (% of total population),SP.URB.TOTL.IN.ZS,87.196
American Samoa,ASM,Trade (% of GDP),NE.TRD.GNFS.ZS,124.684270952928
American Samoa,ASM,Renewable energy consumption (% of total final energy consumption),EG.FEC.RNEW.ZS,0.4
Andorra,AND,Carbon dioxide (CO2) emissions excluding LULUCF per capita (t CO2e/capita),EN.GHG.CO2.PC.CE.AR5,..
Andorra,AND,GDP per capita (constant 2015 US$),NY.GDP.PCAP.KD,39780.3966116268
Andorra,AND,Energy use (kg of oil equivalent per capita),EG.USE.PCAP.KG.OE,..
Andorra,AND,Urban population (% of total population),SP.URB.TOTL.IN.ZS,87.811
Andorra,AND,Trade (% of GDP),NE.TRD.GNFS.ZS,..
Andorra,AND,Renewable energy consumption (% of total final energy consumption),EG.FEC.RNEW.ZS,18.7
Angola,AGO,Carbon dioxide (CO2) emissions excluding LULUCF per capita (t CO2e/capita),EN.GHG.CO2.PC.CE.AR5,0.767587420793175
Angola,AGO,GDP per capita (constant 2015 US$),NY.GDP.PCAP.KD,2382.02263952585
Angola,AGO,Energy use (kg of oil equivalent per capita),EG.USE.PCAP.KG.OE,423.122517600564
Angola,AGO,Urban population (% of total population),SP.URB.TOTL.IN.ZS,68.081
Angola,AGO,Trade (% of GDP),NE.TRD.GNFS.ZS,69.6910705054094
Angola,AGO,Renewable energy consumption (% of total final energy consumption),EG.FEC.RNEW.ZS,..
Antigua and Barbuda,ATG,Carbon dioxide (CO2) emissions excluding LULUCF per capita (t CO2e/capita),EN.GHG.CO2.PC.CE.AR5,3.30137871607066
Antigua and Barbuda,ATG,GDP per capita (constant 2015 US$),NY.GDP.PCAP.KD,17456.8722243104
Antigua and Barbuda,ATG,Energy use (kg of oil equivalent per capita),EG.USE.PCAP.KG.OE,..
Antigua and Barbuda,ATG,Urban population (% of total population),SP.URB.TOTL.IN.ZS,24.346
Antigua and Barbuda,ATG,Trade (% of GDP),NE.TRD.GNFS.ZS,117.703527768353
Antigua and Barbuda,ATG,Renewable energy consumption (% of total final energy consumption),EG.FEC.RNEW.ZS,0.9
Argentina,ARG,Carbon dioxide (CO2) emissions excluding LULUCF per capita (t CO2e/capita),EN.GHG.CO2.PC.CE.AR5,4.26096742981134
Argentina,ARG,GDP per capita (constant 2015 US$),NY.GDP.PCAP.KD,13182.7933950725
Argentina,ARG,Energy use (kg of oil equivalent per capita),EG.USE.PCAP.KG.OE,1808.76021335553
Argentina,ARG,Urban population (% of total population),SP.URB.TOTL.IN.ZS,92.347
Argentina,ARG,Trade (% of GDP),NE.TRD.GNFS.ZS,31.5477080051071
Argentina,ARG,Renewable energy consumption (% of total final energy consumption),EG.FEC.RNEW.ZS,..
Armenia,ARM,Carbon dioxide (CO2) emissions excluding LULUCF per capita (t CO2e/capita),EN.GHG.CO2.PC.CE.AR5,2.45497103596928
Armenia,ARM,GDP per capita (constant 2015 US$),NY.GDP.PCAP.KD,4791.00481712183
Armenia,ARM,Energy use (kg of oil equivalent per capita),EG.USE.PCAP.KG.OE,1347.59055747413
Armenia,ARM,Urban population (% of total population),SP.URB.TOTL.IN.ZS,63.573
Armenia,ARM,Trade (% of GDP),NE.TRD.GNFS.ZS,101.41077826094
Armenia,ARM,Renewable energy consumption (% of total final energy consumption),EG.FEC.RNEW.ZS,..
Aruba,ABW,Carbon dioxide (CO2) emissions excluding LULUCF per capita (t CO2e/capita),EN.GHG.CO2.PC.CE.AR5,4.68455875500885
Aruba,ABW,GDP per capita (constant 2015 US$),NY.GDP.PCAP.KD,29917.1280287045
Aruba,ABW,Energy use (kg of oil equivalent per capita),EG.USE.PCAP.KG.OE,..
Aruba,ABW,Urban population (% of total population),SP.URB.TOTL.IN.ZS,44.052
Aruba,ABW,Trade (% of GDP),NE.TRD.GNFS.ZS,172.884171676527
Aruba,ABW,Renewable energy consumption (% of total final energy consumption),EG.FEC.RNEW.ZS,8.8
Australia,AUS,Carbon dioxide (CO2) emissions excluding LULUCF per capita (t CO2e/capita),EN.GHG.CO2.PC.CE.AR5,14.4104232429125
Australia,AUS,GDP per capita (constant 2015 US$),NY.GDP.PCAP.KD,61009.8077147403
Australia,AUS,Energy use (kg of oil equivalent per capita),EG.USE.PCAP.KG.OE,4942.98480698243
Australia,AUS,Urban population (% of total population),SP.URB.TOTL.IN.ZS,86.488
Australia,AUS,Trade (% of GDP),NE.TRD.GNFS.ZS,45.8217702307271
Australia,AUS,Renewable energy consumption (% of total final energy consumption),EG.FEC.RNEW.ZS,..
Austria,AUT,Carbon dioxide (CO2) emissions excluding LULUCF per capita (t CO2e/capita),EN.GHG.CO2.PC.CE.AR5,6.77114674860269
Austria,AUT,GDP per capita (constant 2015 US$),NY.GDP.PCAP.KD,47250.9695999523
Austria,AUT,Energy use (kg of oil equivalent per capita),EG.USE.PCAP.KG.OE,3486.72943293763
Austria,AUT,Urban population (% of total population),SP.URB.TOTL.IN.ZS,59.256
Austria,AUT,Trade (% of GDP),NE.TRD.GNFS.ZS,124.38345148483
Austria,AUT,Renewable energy consumption (% of total final energy consumption),EG.FEC.RNEW.ZS,..
Azerbaijan,AZE,Carbon dioxide (CO2) emissions excluding LULUCF per capita (t CO2e/capita),EN.GHG.CO2.PC.CE.AR5,3.8875713436608
Azerbaijan,AZE,GDP per capita (constant 2015 US$),NY.GDP.PCAP.KD,5599.58525100539
Azerbaijan,AZE,Energy use (kg of oil equivalent per capita),EG.USE.PCAP.KG.OE,1714.03725982832
Azerbaijan,AZE,Urban population (% of total population),SP.URB.TOTL.IN.ZS,57.17
Azerbaijan,AZE,Trade (% of GDP),NE.TRD.GNFS.ZS,86.9822732541779
Azerbaijan,AZE,Renewable energy consumption (% of total final energy consumption),EG.FEC.RNEW.ZS,..
"Bahamas, The",BHS,Carbon dioxide (CO2) emissions excluding LULUCF per capita (t CO2e/capita),EN.GHG.CO2.PC.CE.AR5,4.01672292963188
"Bahamas, The",BHS,GDP per capita (constant 2015 US$),NY.GDP.PCAP.KD,32186.513975715
"Bahamas, The",BHS,Energy use (kg of oil equivalent per capita),EG.USE.PCAP.KG.OE,..
"Bahamas, The",BHS,Urban population (% of total population),SP.URB.TOTL.IN.ZS,83.492
"Bahamas, The",BHS,Trade (% of GDP),NE.TRD.GNFS.ZS,75.9829601059237
"Bahamas, The",BHS,Renewable energy consumption (% of total final energy consumption),EG.FEC.RNEW.ZS,1.1
Bahrain,BHR,Carbon dioxide (CO2) emissions excluding LULUCF per capita (t CO2e/capita),EN.GHG.CO2.PC.CE.AR5,23.8009225463749
Bahrain,BHR,GDP per capita (constant 2015 US$),NY.GDP.PCAP.KD,25234.40256182
Bahrain,BHR,Energy use (kg of oil equivalent per capita),EG.USE.PCAP.KG.OE,10701.7927575092
Bahrain,BHR,Urban population (% of total population),SP.URB.TOTL.IN.ZS,89.743
Bahrain,BHR,Trade (% of GDP),NE.TRD.GNFS.ZS,167.141241152535
Bahrain,BHR,Renewable energy consumption (% of total final energy consumption),EG.FEC.RNEW.ZS,..
Bangladesh,BGD,Carbon dioxide (CO2) emissions excluding LULUCF per capita (t CO2e/capita),EN.GHG.CO2.PC.CE.AR5,0.732520444251886
Bangladesh,BGD,GDP per capita (constant 2015 US$),NY.GDP.PCAP.KD,1804.3493461776
Bangladesh,BGD,Energy use (kg of oil equivalent per capita),EG.USE.PCAP.KG.OE,297.118356342706
Bangladesh,BGD,Urban population (% of total population),SP.URB.TOTL.IN.ZS,39.711
Bangladesh,BGD,Trade (% of GDP),NE.TRD.GNFS.ZS,33.7799672705735
Bangladesh,BGD,Renewable energy consumption (% of total final energy consumption),EG.FEC.RNEW.ZS,..
Barbados,BRB,Carbon dioxide (CO2) emissions excluding LULUCF per capita (t CO2e/capita),EN.GHG.CO2.PC.CE.AR5,2.69129138064169
Barbados,BRB,GDP per capita (constant 2015 US$),NY.GDP.PCAP.KD,18959.3351638653
Barbados,BRB,Energy use (kg of oil equivalent per capita),EG.USE.PCAP.KG.OE,..
Barbados,BRB,Urban population (% of total population),SP.URB.TOTL.IN.ZS,31.324
Barbados,BRB,Trade (% of GDP),NE.TRD.GNFS.ZS,..
Barbados,BRB,Renewable energy consumption (% of total final energy consumption),EG.FEC.RNEW.ZS,5.5
Belarus,BLR,Carbon dioxide (CO2) emissions excluding LULUCF per capita (t CO2e/capita),EN.GHG.CO2.PC.CE.AR5,6.15801503911272
Belarus,BLR,GDP per capita (constant 2015 US$),NY.GDP.PCAP.KD,6206.61909735439
Belarus,BLR,Energy use (kg of oil equivalent per capita),EG.USE.PCAP.KG.OE,2862.48703453706
Belarus,BLR,Urban population (% of total population),SP.URB.TOTL.IN.ZS,80.326
Belarus,BLR,Trade (% of GDP),NE.TRD.GNFS.ZS,120.024207576094
Belarus,BLR,Renewable energy consumption (% of total final energy consumption),EG.FEC.RNEW.ZS,..
Belgium,BEL,Carbon dioxide (CO2) emissions excluding LULUCF per capita (t CO2e/capita),EN.GHG.CO2.PC.CE.AR5,7.68302111006566
Belgium,BEL,GDP per capita (constant 2015 US$),NY.GDP.PCAP.KD,44596.7859981166
Belgium,BEL,Energy use (kg of oil equivalent per capita),EG.USE.PCAP.KG.OE,4368.44562567427
Belgium,BEL,Urban population (% of total population),SP.URB.TOTL.IN.ZS,98.153
Belgium,BEL,Trade (% of GDP),NE.TRD.GNFS.ZS,191.939444094087
Belgium,BEL,Renewable energy consumption (% of total final energy consumption),EG.FEC.RNEW.ZS,..
Belize,BLZ,Carbon dioxide (CO2) emissions excluding LULUCF per capita (t CO2e/capita),EN.GHG.CO2.PC.CE.AR5,0.649810171999811
Belize,BLZ,GDP per capita (constant 2015 US$),NY.GDP.PCAP.KD,6269.37997445105
Belize,BLZ,Energy use (kg of oil equivalent per capita),EG.USE.PCAP.KG.OE,..
Belize,BLZ,Urban population (% of total population),SP.URB.TOTL.IN.ZS,46.396
Belize,BLZ,Trade (% of GDP),NE.TRD.GNFS.ZS,108.52917413145
Belize,BLZ,Renewable energy consumption (% of total final energy consumption),EG.FEC.RNEW.ZS,30.8
Benin,BEN,Carbon dioxide (CO2) emissions excluding LULUCF per capita (t CO2e/capita),EN.GHG.CO2.PC.CE.AR5,0.481049421777723
Benin,BEN,GDP per capita (constant 2015 US$),NY.GDP.PCAP.KD,1218.49668929091
Benin,BEN,Energy use (kg of oil equivalent per capita),EG.USE.PCAP.KG.OE,375.820983649337
Benin,BEN,Urban population (% of total population),SP.URB.TOTL.IN.ZS,49.534
Benin,BEN,Trade (% of GDP),NE.TRD.GNFS.ZS,44.3815928877424
Benin,BEN,Renewable energy consumption (% of total final energy consumption),EG.FEC.RNEW.ZS,..
Bermuda,BMU,Carbon dioxide (CO2) emissions excluding LULUCF per capita (t CO2e/capita),EN.GHG.CO2.PC.CE.AR5,5.13367001806978
Bermuda,BMU,GDP per capita (constant 2015 US$),NY.GDP.PCAP.KD,109642.671877743
Bermuda,BMU,Energy use (kg of oil equivalent per capita),EG.USE.PCAP.KG.OE,..
Bermuda,BMU,Urban population (% of total population),SP.URB.TOTL.IN.ZS,100
Bermuda,BMU,Trade (% of GDP),NE.TRD.GNFS.ZS,75.1972250263227
Bermuda,BMU,Renewable energy consumption (% of total final energy consumption),EG.FEC.RNEW.ZS,0.9
Bhutan,BTN,Carbon dioxide (CO2) emissions excluding LULUCF per capita (t CO2e/capita),EN.GHG.CO2.PC.CE.AR5,2.46723710933598
Bhutan,BTN,GDP per capita (constant 2015 US$),NY.GDP.PCAP.KD,3349.73309632799
Bhutan,BTN,Energy use (kg of oil equivalent per capita),EG.USE.PCAP.KG.OE,..
Bhutan,BTN,Urban population (% of total population),SP.URB.TOTL.IN.ZS,43.686
Bhutan,BTN,Trade (% of GDP),NE.TRD.GNFS.ZS,85.5712165226139
Bhutan,BTN,Renewable energy consumption (% of total final energy consumption),EG.FEC.RNEW.ZS,82.5
Bolivia,BOL,Carbon dioxide (CO2) emissions excluding LULUCF per capita (t CO2e/capita),EN.GHG.CO2.PC.CE.AR5,1.88267865094707
Bolivia,BOL,GDP per capita (constant 2015 US$),NY.GDP.PCAP.KD,3172.91046695036
Bolivia,BOL,Energy use (kg of oil equivalent per capita),EG.USE.PCAP.KG.OE,798.293220052314
Bolivia,BOL,Urban population (% of total population),SP.URB.TOTL.IN.ZS,70.83
Bolivia,BOL,Trade (% of GDP),NE.TRD.GNFS.ZS,67.7558987681252
Bolivia,BOL,Renewable energy consumption (% of total final energy consumption),EG.FEC.RNEW.ZS,..
Bosnia and Herzegovina,BIH,Carbon dioxide (CO2) emissions excluding LULUCF per capita (t CO2e/capita),EN.GHG.CO2.PC.CE.AR5,7.08708369503015
Bosnia and Herzegovina,BIH,GDP per capita (constant 2015 US$),NY.GDP.PCAP.KD,6327.06293910437
Bosnia and Herzegovina,BIH,Energy use (kg of oil equivalent per capita),EG.USE.PCAP.KG.OE,2270.72637629896
Bosnia and Herzegovina,BIH,Urban population (% of total population),SP.URB.TOTL.IN.ZS,49.841
Bosnia and Herzegovina,BIH,Trade (% of GDP),NE.TRD.GNFS.ZS,110.20596766123
Bosnia and Herzegovina,BIH,Renewable energy consumption (% of total final energy consumption),EG.FEC.RNEW.ZS,..
Botswana,BWA,Carbon dioxide (CO2) emissions excluding LULUCF per capita (t CO2e/capita),EN.GHG.CO2.PC.CE.AR5,2.98484523085448
Botswana,BWA,GDP per capita (constant 2015 US$),NY.GDP.PCAP.KD,7159.5860618268
Botswana,BWA,Energy use (kg of oil equivalent per capita),EG.USE.PCAP.KG.OE,1165.14968696121
Botswana,BWA,Urban population (% of total population),SP.URB.TOTL.IN.ZS,72.224
Botswana,BWA,Trade (% of GDP),NE.TRD.GNFS.ZS,85.6117077589148
Botswana,BWA,Renewable energy consumption (% of total final energy consumption),EG.FEC.RNEW.ZS,..
Brazil,BRA,Carbon dioxide (CO2) emissions excluding LULUCF per capita (t CO2e/capita),EN.GHG.CO2.PC.CE.AR5,2.2772215483774
Brazil,BRA,GDP per capita (constant 2015 US$),NY.GDP.PCAP.KD,9032.08481566299
Brazil,BRA,Energy use (kg of oil equivalent per capita),EG.USE.PCAP.KG.OE,1432.72741132919
Brazil,BRA,Urban population (% of total population),SP.URB.TOTL.IN.ZS,87.555
Brazil,BRA,Trade (% of GDP),NE.TRD.GNFS.ZS,38.8160659763397
Brazil,BRA,Renewable energy consumption (% of total final energy consumption),EG.FEC.RNEW.ZS,..
British Virgin Islands,VGB,Carbon dioxide (CO2) emissions excluding LULUCF per capita (t CO2e/capita),EN.GHG.CO2.PC.CE.AR5,1.8633054098489
British Virgin Islands,VGB,GDP per capita (constant 2015 US$),NY.GDP.PCAP.KD,..
British Virgin Islands,VGB,Energy use (kg of oil equivalent per capita),EG.USE.PCAP.KG.OE,..
British Virgin Islands,VGB,Urban population (% of total population),SP.URB.TOTL.IN.ZS,49.331
British Virgin Islands,VGB,Trade (% of GDP),NE.TRD.GNFS.ZS,..
British Virgin Islands,VGB,Renewable energy consumption (% of total final energy consumption),EG.FEC.RNEW.ZS,1.3
Brunei Darussalam,BRN,Carbon dioxide (CO2) emissions excluding LULUCF per capita (t CO2e/capita),EN.GHG.CO2.PC.CE.AR5,20.7490612029778
Brunei Darussalam,BRN,GDP per capita (constant 2015 US$),NY.GDP.PCAP.KD,28549.175527547
Brunei Darussalam,BRN,Energy use (kg of oil equivalent per capita),EG.USE.PCAP.KG.OE,9537.0515607056
Brunei Darussalam,BRN,Urban population (% of total population),SP.URB.TOTL.IN.ZS,78.854
Brunei Darussalam,BRN,Trade (% of GDP),NE.TRD.GNFS.ZS,146.973966092536
Brunei Darussalam,BRN,Renewable energy consumption (% of total final energy consumption),EG.FEC.RNEW.ZS,..
Bulgaria,BGR,Carbon dioxide (CO2) emissions excluding LULUCF per capita (t CO2e/capita),EN.GHG.CO2.PC.CE.AR5,7.74436949669897
Bulgaria,BGR,GDP per capita (constant 2015 US$),NY.GDP.PCAP.KD,9601.43271269533
Bulgaria,BGR,Energy use (kg of oil equivalent per capita),EG.USE.PCAP.KG.OE,2968.65663426552
Bulgaria,BGR,Urban population (% of total population),SP.URB.TOTL.IN.ZS,76.363
Bulgaria,BGR,Trade (% of GDP),NE.TRD.GNFS.ZS,138.84014681798
Bulgaria,BGR,Renewable energy consumption (% of total final energy consumption),EG.FEC.RNEW.ZS,..
Burkina Faso,BFA,Carbon dioxide (CO2) emissions excluding LULUCF per capita (t CO2e/capita),EN.GHG.CO2.PC.CE.AR5,0.272952580203561
Burkina Faso,BFA,GDP per capita (constant 2015 US$),NY.GDP.PCAP.KD,739.363021191451
Burkina Faso,BFA,Energy use (kg of oil equivalent per capita),EG.USE.PCAP.KG.OE,312.929085804227
Burkina Faso,BFA,Urban population (% of total population),SP.URB.TOTL.IN.ZS,31.877
Burkina Faso,BFA,Trade (% of GDP),NE.TRD.GNFS.ZS,64.8438739203037
Burkina Faso,BFA,Renewable energy consumption (% of total final energy consumption),EG.FEC.RNEW.ZS,71.4
Burundi,BDI,Carbon dioxide (CO2) emissions excluding LULUCF per capita (t CO2e/capita),EN.GHG.CO2.PC.CE.AR5,0.0630278422265073
Burundi,BDI,GDP per capita (constant 2015 US$),NY.GDP.PCAP.KD,253.69164159159
Burundi,BDI,Energy use (kg of oil equivalent per capita),EG.USE.PCAP.KG.OE,..
Burundi,BDI,Urban population (% of total population),SP.URB.TOTL.IN.ZS,14.417
Burundi,BDI,Trade (% of GDP),NE.TRD.GNFS.ZS,28.315320358729
Burundi,BDI,Renewable energy consumption (% of total final energy consumption),EG.FEC.RNEW.ZS,83
Cabo Verde,CPV,Carbon dioxide (CO2) emissions excluding LULUCF per capita (t CO2e/capita),EN.GHG.CO2.PC.CE.AR5,1.99541694805682
Cabo Verde,CPV,GDP per capita (constant 2015 US$),NY.GDP.PCAP.KD,3997.76763250653
Cabo Verde,CPV,Energy use (kg of oil equivalent per capita),EG.USE.PCAP.KG.OE,..
Cabo Verde,CPV,Urban population (% of total population),SP.URB.TOTL.IN.ZS,67.545
Cabo Verde,CPV,Trade (% of GDP),NE.TRD.GNFS.ZS,96.9941368513357
Cabo Verde,CPV,Renewable energy consumption (% of total final energy consumption),EG.FEC.RNEW.ZS,21.8
Cambodia,KHM,Carbon dioxide (CO2) emissions excluding LULUCF per capita (t CO2e/capita),EN.GHG.CO2.PC.CE.AR5,1.00888143537241
Cambodia,KHM,GDP per capita (constant 2015 US$),NY.GDP.PCAP.KD,2011.27433313199
Cambodia,KHM,Energy use (kg of oil equivalent per capita),EG.USE.PCAP.KG.OE,501.644136152087
Cambodia,KHM,Urban population (% of total population),SP.URB.TOTL.IN.ZS,25.114
Cambodia,KHM,Trade (% of GDP),NE.TRD.GNFS.ZS,145.873632761406
Cambodia,KHM,Renewable energy consumption (% of total final energy consumption),EG.FEC.RNEW.ZS,..
Cameroon,CMR,Carbon dioxide (CO2) emissions excluding LULUCF per capita (t CO2e/capita),EN.GHG.CO2.PC.CE.AR5,0.391799287881769
Cameroon,CMR,GDP per capita (constant 2015 US$),NY.GDP.PCAP.KD,1458.66180431693
Cameroon,CMR,Energy use (kg of oil equivalent per capita),EG.USE.PCAP.KG.OE,384.104863153688
Cameroon,CMR,Urban population (% of total population),SP.URB.TOTL.IN.ZS,58.733
Cameroon,CMR,Trade (% of GDP),NE.TRD.GNFS.ZS,41.2866025594679
Cameroon,CMR,Renewable energy consumption (% of total final energy consumption),EG.FEC.RNEW.ZS,..
Canada,CAN,Carbon dioxide (CO2) emissions excluding LULUCF per capita (t CO2e/capita),EN.GHG.CO2.PC.CE.AR5,14.7761011717351
Canada,CAN,GDP per capita (constant 2015 US$),NY.GDP.PCAP.KD,45677.686578804
Canada,CAN,Energy use (kg of oil equivalent per capita),EG.USE.PCAP.KG.OE,7578.02093601237
Canada,CAN,Urban population (% of total population),SP.URB.TOTL.IN.ZS,81.752
Canada,CAN,Trade (% of GDP),NE.TRD.GNFS.ZS,67.3176215563989
Canada,CAN,Renewable energy consumption (% of total final energy consumption),EG.FEC.RNEW.ZS,..
Cayman Islands,CYM,Carbon dioxide (CO2) emissions excluding LULUCF per capita (t CO2e/capita),EN.GHG.CO2.PC.CE.AR5,4.74221620036038
Cayman Islands,CYM,GDP per capita (constant 2015 US$),NY.GDP.PCAP.KD,79587.3887913705
Cayman Islands,CYM,Energy use (kg of oil equivalent per capita),EG.USE.PCAP.KG.OE,..
Cayman Islands,CYM,Urban population (% of total population),SP.URB.TOTL.IN.ZS,100
Cayman Islands,CYM,Trade (% of GDP),NE.TRD.GNFS.ZS,..
Cayman Islands,CYM,Renewable energy consumption (% of total final energy consumption),EG.FEC.RNEW.ZS,0
Central African Republic,CAF,Carbon dioxide (CO2) emissions excluding LULUCF per capita (t CO2e/capita),EN.GHG.CO2.PC.CE.AR5,0.0692030798508995
Central African Republic,CAF,GDP per capita (constant 2015 US$),NY.GDP.PCAP.KD,398.915397976511
Central African Republic,CAF,Energy use (kg of oil equivalent per capita),EG.USE.PCAP.KG.OE,..
Central African Republic,CAF,Urban population (% of total population),SP.URB.TOTL.IN.ZS,43.12
Central African Republic,CAF,Trade (% of GDP),NE.TRD.GNFS.ZS,45.23357000162
Central African Republic,CAF,Renewable energy consumption (% of total final energy consumption),EG.FEC.RNEW.ZS,90.9
Chad,TCD,Carbon dioxide (CO2) emissions excluding LULUCF per capita (t CO2e/capita),EN.GHG.CO2.PC.CE.AR5,0.135841618750933
Chad,TCD,GDP per capita (constant 2015 US$),NY.GDP.PCAP.KD,934.967732795261
Chad,TCD,Energy use (kg of oil equivalent per capita),EG.USE.PCAP.KG.OE,198.544774520873
Chad,TCD,Urban population (% of total population),SP.URB.TOTL.IN.ZS,24.063
Chad,TCD,Trade (% of GDP),NE.TRD.GNFS.ZS,47.9883784319429
Chad,TCD,Renewable energy consumption (% of total final energy consumption),EG.FEC.RNEW.ZS,70
Channel Islands,CHI,Carbon dioxide (CO2) emissions excluding LULUCF per capita (t CO2e/capita),EN.GHG.CO2.PC.CE.AR5,..
Channel Islands,CHI,GDP per capita (constant 2015 US$),NY.GDP.PCAP.KD,67513.5800895208
Channel Islands,CHI,Energy use (kg of oil equivalent per capita),EG.USE.PCAP.KG.OE,..
Channel Islands,CHI,Urban population (% of total population),SP.URB.TOTL.IN.ZS,31.077
Channel Islands,CHI,Trade (% of GDP),NE.TRD.GNFS.ZS,..
Channel Islands,CHI,Renewable energy consumption (% of total final energy consumption),EG.FEC.RNEW.ZS,..
Chile,CHL,Carbon dioxide (CO2) emissions excluding LULUCF per capita (t CO2e/capita),EN.GHG.CO2.PC.CE.AR5,4.54379565403552
Chile,CHL,GDP per capita (constant 2015 US$),NY.GDP.PCAP.KD,14283.1489501524
Chile,CHL,Energy use (kg of oil equivalent per capita),EG.USE.PCAP.KG.OE,2124.6984823137
Chile,CHL,Urban population (% of total population),SP.URB.TOTL.IN.ZS,87.912
Chile,CHL,Trade (% of GDP),NE.TRD.GNFS.ZS,75.2016177425303
Chile,CHL,Renewable energy consumption (% of total final energy consumption),EG.FEC.RNEW.ZS,..
China,CHN,Carbon dioxide (CO2) emissions excluding LULUCF per capita (t CO2e/capita),EN.GHG.CO2.PC.CE.AR5,8.87059061376954
China,CHN,GDP per capita (constant 2015 US$),NY.GDP.PCAP.KD,11830.5983703496
China,CHN,Energy use (kg of oil equivalent per capita),EG.USE.PCAP.KG.OE,2676.48200976111
China,CHN,Urban population (% of total population),SP.URB.TOTL.IN.ZS,63.56
China,CHN,Trade (% of GDP),NE.TRD.GNFS.ZS,37.4407198763585
China,CHN,Renewable energy consumption (% of total final energy consumption),EG.FEC.RNEW.ZS,..
Colombia,COL,Carbon dioxide (CO2) emissions excluding LULUCF per capita (t CO2e/capita),EN.GHG.CO2.PC.CE.AR5,1.77356293864325
Colombia,COL,GDP per capita (constant 2015 US$),NY.GDP.PCAP.KD,6856.72590505374
Colombia,COL,Energy use (kg of oil equivalent per capita),EG.USE.PCAP.KG.OE,851.232776568033
Colombia,COL,Urban population (% of total population),SP.URB.TOTL.IN.ZS,82.05
Colombia,COL,Trade (% of GDP),NE.TRD.GNFS.ZS,48.2826551123359
Colombia,COL,Renewable energy consumption (% of total final energy consumption),EG.FEC.RNEW.ZS,..
Comoros,COM,Carbon dioxide (CO2) emissions excluding LULUCF per capita (t CO2e/capita),EN.GHG.CO2.PC.CE.AR5,0.380250015584017
Comoros,COM,GDP per capita (constant 2015 US$),NY.GDP.PCAP.KD,1488.85613490824
Comoros,COM,Energy use (kg of oil equivalent per capita),EG.USE.PCAP.KG.OE,..
Comoros,COM,Urban population (% of total population),SP.URB.TOTL.IN.ZS,29.864
Comoros,COM,Trade (% of GDP),NE.TRD.GNFS.ZS,50.3887704882382
Comoros,COM,Renewable energy consumption (% of total final energy consumption),EG.FEC.RNEW.ZS,39.3
"Congo, Dem. Rep.",COD,Carbon dioxide (CO2) emissions excluding LULUCF per capita (t CO2e/capita),EN.GHG.CO2.PC.CE.AR5,0.0380089379208962
"Congo, Dem. Rep.",COD,GDP per capita (constant 2015 US$),NY.GDP.PCAP.KD,511.29926733563
"Congo, Dem. Rep.",COD,Energy use (kg of oil equivalent per capita),EG.USE.PCAP.KG.OE,390.899911233015
"Congo, Dem. Rep.",COD,Urban population (% of total population),SP.URB.TOTL.IN.ZS,46.837
"Congo, Dem. Rep.",COD,Trade (% of GDP),NE.TRD.GNFS.ZS,93.7286668861721
"Congo, Dem. Rep.",COD,Renewable energy consumption (% of total final energy consumption),EG.FEC.RNEW.ZS,..
"Congo, Rep.",COG,Carbon dioxide (CO2) emissions excluding LULUCF per capita (t CO2e/capita),EN.GHG.CO2.PC.CE.AR5,1.27911631680249
"Congo, Rep.",COG,GDP per capita (constant 2015 US$),NY.GDP.PCAP.KD,1686.00234391385
"Congo, Rep.",COG,Energy use (kg of oil equivalent per capita),EG.USE.PCAP.KG.OE,627.585966198745
"Congo, Rep.",COG,Urban population (% of total population),SP.URB.TOTL.IN.ZS,68.736
"Congo, Rep.",COG,Trade (% of GDP),NE.TRD.GNFS.ZS,98.1613366922001
"Congo, Rep.",COG,Renewable energy consumption (% of total final energy consumption),EG.FEC.RNEW.ZS,..
Costa Rica,CRI,Carbon dioxide (CO2) emissions excluding LULUCF per capita (t CO2e/capita),EN.GHG.CO2.PC.CE.AR5,1.59196657066984
Costa Rica,CRI,GDP per capita (constant 2015 US$),NY.GDP.PCAP.KD,13686.1614090906
Costa Rica,CRI,Energy use (kg of oil equivalent per capita),EG.USE.PCAP.KG.OE,1009.21522950084
Costa Rica,CRI,Urban population (% of total population),SP.URB.TOTL.IN.ZS,82.042
Costa Rica,CRI,Trade (% of GDP),NE.TRD.GNFS.ZS,82.227532535289
Costa Rica,CRI,Renewable energy consumption (% of total final energy consumption),EG.FEC.RNEW.ZS,..
Cote d'Ivoire,CIV,Carbon dioxide (CO2) emissions excluding LULUCF per capita (t CO2e/capita),EN.GHG.CO2.PC.CE.AR5,0.485714723756228
Cote d'Ivoire,CIV,GDP per capita (constant 2015 US$),NY.GDP.PCAP.KD,2227.09845246984
Cote d'Ivoire,CIV,Energy use (kg of oil equivalent per capita),EG.USE.PCAP.KG.OE,471.775424802239
Cote d'Ivoire,CIV,Urban population (% of total population),SP.URB.TOTL.IN.ZS,52.661
Cote d'Ivoire,CIV,Trade (% of GDP),NE.TRD.GNFS.ZS,52.8663910413483
Cote d'Ivoire,CIV,Renewable energy consumption (% of total final energy consumption),EG.FEC.RNEW.ZS,..
Croatia,HRV,Carbon dioxide (CO2) emissions excluding LULUCF per capita (t CO2e/capita),EN.GHG.CO2.PC.CE.AR5,4.52389109878228
Croatia,HRV,GDP per capita (constant 2015 US$),NY.GDP.PCAP.KD,16616.3915356348
Croatia,HRV,Energy use (kg of oil equivalent per capita),EG.USE.PCAP.KG.OE,2154.95483266747
Croatia,HRV,Urban population (% of total population),SP.URB.TOTL.IN.ZS,58.219
Croatia,HRV,Trade (% of GDP),NE.TRD.GNFS.ZS,125.213857590974
Croatia,HRV,Renewable energy consumption (% of total final energy consumption),EG.FEC.RNEW.ZS,..
Cuba,CUB,Carbon dioxide (CO2) emissions excluding LULUCF per capita (t CO2e/capita),EN.GHG.CO2.PC.CE.AR5,1.88498546992627
Cuba,CUB,GDP per capita (constant 2015 US$),NY.GDP.PCAP.KD,7552.33152218841
Cuba,CUB,Energy use (kg of oil equivalent per capita),EG.USE.PCAP.KG.OE,815.615862798832
Cuba,CUB,Urban population (% of total population),SP.URB.TOTL.IN.ZS,77.401
Cuba,CUB,Trade (% of GDP),NE.TRD.GNFS.ZS,93.8607755890525
Cuba,CUB,Renewable energy consumption (% of total final energy consumption),EG.FEC.RNEW.ZS,..
Curacao,CUW,Carbon dioxide (CO2) emissions excluding LULUCF per capita (t CO2e/capita),EN.GHG.CO2.PC.CE.AR5,..
Curacao,CUW,GDP per capita (constant 2015 US$),NY.GDP.PCAP.KD,17307.719460018
Curacao,CUW,Energy use (kg of oil equivalent per capita),EG.USE.PCAP.KG.OE,5774.97008786204
Curacao,CUW,Urban population (% of total population),SP.URB.TOTL.IN.ZS,89.025
Curacao,CUW,Trade (% of GDP),NE.TRD.GNFS.ZS,..
Curacao,CUW,Renewable energy consumption (% of total final energy consumption),EG.FEC.RNEW.ZS,..
Cyprus,CYP,Carbon dioxide (CO2) emissions excluding LULUCF per capita (t CO2e/capita),EN.GHG.CO2.PC.CE.AR5,5.39692196759729
Cyprus,CYP,GDP per capita (constant 2015 US$),NY.GDP.PCAP.KD,31967.541015625
Cyprus,CYP,Energy use (kg of oil equivalent per capita),EG.USE.PCAP.KG.OE,1682.70492545045
Cyprus,CYP,Urban population (% of total population),SP.URB.TOTL.IN.ZS,66.911
Cyprus,CYP,Trade (% of GDP),NE.TRD.GNFS.ZS,207.632427046376
Cyprus,CYP,Renewable energy consumption (% of total final energy consumption),EG.FEC.RNEW.ZS,..
Czechia,CZE,Carbon dioxide (CO2) emissions excluding LULUCF per capita (t CO2e/capita),EN.GHG.CO2.PC.CE.AR5,9.3170352876533
Czechia,CZE,GDP per capita (constant 2015 US$),NY.GDP.PCAP.KD,20627.348651011
Czechia,CZE,Energy use (kg of oil equivalent per capita),EG.USE.PCAP.KG.OE,3895.62928915395
Czechia,CZE,Urban population (% of total population),SP.URB.TOTL.IN.ZS,74.377
Czechia,CZE,Trade (% of GDP),NE.TRD.GNFS.ZS,144.011494109397
Czechia,CZE,Renewable energy consumption (% of total final energy consumption),EG.FEC.RNEW.ZS,..
Denmark,DNK,Carbon dioxide (CO2) emissions excluding LULUCF per capita (t CO2e/capita),EN.GHG.CO2.PC.CE.AR5,4.76729181944819
Denmark,DNK,GDP per capita (constant 2015 US$),NY.GDP.PCAP.KD,60248.671222365
Denmark,DNK,Energy use (kg of oil equivalent per capita),EG.USE.PCAP.KG.OE,2580.54319180783
Denmark,DNK,Urban population (% of total population),SP.URB.TOTL.IN.ZS,88.367
Denmark,DNK,Trade (% of GDP),NE.TRD.GNFS.ZS,131.54315114232
Denmark,DNK,Renewable energy consumption (% of total final energy consumption),EG.FEC.RNEW.ZS,..
Djibouti,DJI,Carbon dioxide (CO2) emissions excluding LULUCF per capita (t CO2e/capita),EN.GHG.CO2.PC.CE.AR5,0.658255767323076
Djibouti,DJI,GDP per capita (constant 2015 US$),NY.GDP.PCAP.KD,2959.78673011268
Djibouti,DJI,Energy use (kg of oil equivalent per capita),EG.USE.PCAP.KG.OE,..
Djibouti,DJI,Urban population (% of total population),SP.URB.TOTL.IN.ZS,78.38
Djibouti,DJI,Trade (% of GDP),NE.TRD.GNFS.ZS,302.285409231545
Djibouti,DJI,Renewable energy consumption (% of total final energy consumption),EG.FEC.RNEW.ZS,26.9
Dominica,DMA,Carbon dioxide (CO2) emissions excluding LULUCF per capita (t CO2e/capita),EN.GHG.CO2.PC.CE.AR5,1.13428904917248
Dominica,DMA,GDP per capita (constant 2015 US$),NY.GDP.PCAP.KD,8590.92209069816
Dominica,DMA,Energy use (kg of oil equivalent per capita),EG.USE.PCAP.KG.OE,..
Dominica,DMA,Urban population (% of total population),SP.URB.TOTL.IN.ZS,71.7
Dominica,DMA,Trade (% of GDP),NE.TRD.GNFS.ZS,..
Dominica,DMA,Renewable energy consumption (% of total final energy consumption),EG.FEC.RNEW.ZS,8.9
Dominican Republic,DOM,Carbon dioxide (CO2) emissions excluding LULUCF per capita (t CO2e/capita),EN.GHG.CO2.PC.CE.AR5,2.63956033505913
Dominican Republic,DOM,GDP per capita (constant 2015 US$),NY.GDP.PCAP.KD,8698.13592094395
Dominican Republic,DOM,Energy use (kg of oil equivalent per capita),EG.USE.PCAP.KG.OE,950.470105292014
Dominican Republic,DOM,Urban population (% of total population),SP.URB.TOTL.IN.ZS,83.848
Dominican Republic,DOM,Trade (% of GDP),NE.TRD.GNFS.ZS,54.3781976712844
Dominican Republic,DOM,Renewable energy consumption (% of total final energy consumption),EG.FEC.RNEW.ZS,..
Ecuador,ECU,Carbon dioxide (CO2) emissions excluding LULUCF per capita (t CO2e/capita),EN.GHG.CO2.PC.CE.AR5,2.37098542479234
Ecuador,ECU,GDP per capita (constant 2015 US$),NY.GDP.PCAP.KD,6107.49495006543
Ecuador,ECU,Energy use (kg of oil equivalent per capita),EG.USE.PCAP.KG.OE,904.739923624519
Ecuador,ECU,Urban population (% of total population),SP.URB.TOTL.IN.ZS,64.57
Ecuador,ECU,Trade (% of GDP),NE.TRD.GNFS.ZS,61.880792818786
Ecuador,ECU,Renewable energy consumption (% of total final energy consumption),EG.FEC.RNEW.ZS,..
"Egypt, Arab Rep.",EGY,Carbon dioxide (CO2) emissions excluding LULUCF per capita (t CO2e/capita),EN.GHG.CO2.PC.CE.AR5,2.19467715046185
"Egypt, Arab Rep.",EGY,GDP per capita (constant 2015 US$),NY.GDP.PCAP.KD,4029.78295457978
"Egypt, Arab Rep.",EGY,Energy use (kg of oil equivalent per capita),EG.USE.PCAP.KG.OE,902.48842991302
"Egypt, Arab Rep.",EGY,Urban population (% of total population),SP.URB.TOTL.IN.ZS,42.967
"Egypt, Arab Rep.",EGY,Trade (% of GDP),NE.TRD.GNFS.ZS,36.9831048772713
"Egypt, Arab Rep.",EGY,Renewable energy consumption (% of total final energy consumption),EG.FEC.RNEW.ZS,..
El Salvador,SLV,Carbon dioxide (CO2) emissions excluding LULUCF per capita (t CO2e/capita),EN.GHG.CO2.PC.CE.AR5,1.26076398348555
El Salvador,SLV,GDP per capita (constant 2015 US$),NY.GDP.PCAP.KD,4355.96083888359
El Salvador,SLV,Energy use (kg of oil equivalent per capita),EG.USE.PCAP.KG.OE,768.683429492147
El Salvador,SLV,Urban population (% of total population),SP.URB.TOTL.IN.ZS,74.767
El Salvador,SLV,Trade (% of GDP),NE.TRD.GNFS.ZS,88.7011093776867
El Salvador,SLV,Renewable energy consumption (% of total final energy consumption),EG.FEC.RNEW.ZS,..
Equatorial Guinea,GNQ,Carbon dioxide (CO2) emissions excluding LULUCF per capita (t CO2e/capita),EN.GHG.CO2.PC.CE.AR5,2.30723380897067
Equatorial Guinea,GNQ,GDP per capita (constant 2015 US$),NY.GDP.PCAP.KD,5524.24312418579
Equatorial Guinea,GNQ,Energy use (kg of oil equivalent per capita),EG.USE.PCAP.KG.OE,1283.9351679017
Equatorial Guinea,GNQ,Urban population (% of total population),SP.URB.TOTL.IN.ZS,74.01
Equatorial Guinea,GNQ,Trade (% of GDP),NE.TRD.GNFS.ZS,81.8130161368099
Equatorial Guinea,GNQ,Renewable energy consumption (% of total final energy consumption),EG.FEC.RNEW.ZS,4.2
Eritrea,ERI,Carbon dioxide (CO2) emissions excluding LULUCF per capita (t CO2e/capita),EN.GHG.CO2.PC.CE.AR5,0.195750219903697
Eritrea,ERI,GDP per capita (constant 2015 US$),NY.GDP.PCAP.KD,..
Eritrea,ERI,Energy use (kg of oil equivalent per capita),EG.USE.PCAP.KG.OE,289.547794683649
Eritrea,ERI,Urban population (% of total population),SP.URB.TOTL.IN.ZS,42.625
Eritrea,ERI,Trade (% of GDP),NE.TRD.GNFS.ZS,..
Eritrea,ERI,Renewable energy consumption (% of total final energy consumption),EG.FEC.RNEW.ZS,..
Estonia,EST,Carbon dioxide (CO2) emissions excluding LULUCF per capita (t CO2e/capita),EN.GHG.CO2.PC.CE.AR5,9.33261172563091
Estonia,EST,GDP per capita (constant 2015 US$),NY.GDP.PCAP.KD,21080.6531409009
Estonia,EST,Energy use (kg of oil equivalent per capita),EG.USE.PCAP.KG.OE,3559.04893160478
Estonia,EST,Urban population (% of total population),SP.URB.TOTL.IN.ZS,69.609
Estonia,EST,Trade (% of GDP),NE.TRD.GNFS.ZS,174.563994182116
Estonia,EST,Renewable energy consumption (% of total final energy consumption),EG.FEC.RNEW.ZS,..
Eswatini,SWZ,Carbon dioxide (CO2) emissions excluding LULUCF per capita (t CO2e/capita),EN.GHG.CO2.PC.CE.AR5,1.10967358729101
Eswatini,SWZ,GDP per capita (constant 2015 US$),NY.GDP.PCAP.KD,3680.42326804666
Eswatini,SWZ,Energy use (kg of oil equivalent per capita),EG.USE.PCAP.KG.OE,958.916943750887
Eswatini,SWZ,Urban population (% of total population),SP.URB.TOTL.IN.ZS,24.576
Eswatini,SWZ,Trade (% of GDP),NE.TRD.GNFS.ZS,92.6789042197449
Eswatini,SWZ,Renewable energy consumption (% of total final energy consumption),EG.FEC.RNEW.ZS,64.7
Ethiopia,ETH,Carbon dioxide (CO2) emissions excluding LULUCF per capita (t CO2e/capita),EN.GHG.CO2.PC.CE.AR5,0.131907277982926
Ethiopia,ETH,GDP per capita (constant 2015 US$),NY.GDP.PCAP.KD,843.648005300445
Ethiopia,ETH,Energy use (kg of oil equivalent per capita),EG.USE.PCAP.KG.OE,377.921752731092
Ethiopia,ETH,Urban population (% of total population),SP.URB.TOTL.IN.ZS,22.661
Ethiopia,ETH,Trade (% of GDP),NE.TRD.GNFS.ZS,26.5954996967313
Ethiopia,ETH,Renewable energy consumption (% of total final energy consumption),EG.FEC.RNEW.ZS,..
Faroe Islands,FRO,Carbon dioxide (CO2) emissions excluding LULUCF per capita (t CO2e/capita),EN.GHG.CO2.PC.CE.AR5,0.0389415320711332
Faroe Islands,FRO,GDP per capita (constant 2015 US$),NY.GDP.PCAP.KD,57829.4905587025
Faroe Islands,FRO,Energy use (kg of oil equivalent per capita),EG.USE.PCAP.KG.OE,..
Faroe Islands,FRO,Urban population (% of total population),SP.URB.TOTL.IN.ZS,42.779
Faroe Islands,FRO,Trade (% of GDP),NE.TRD.GNFS.ZS,124.535531033936
Faroe Islands,FRO,Renewable energy consumption (% of total final energy consumption),EG.FEC.RNEW.ZS,7.9
Fiji,FJI,Carbon dioxide (CO2) emissions excluding LULUCF per capita (t CO2e/capita),EN.GHG.CO2.PC.CE.AR5,2.32602656886609
Fiji,FJI,GDP per capita (constant 2015 US$),NY.GDP.PCAP.KD,5362.78680848613
Fiji,FJI,Energy use (kg of oil equivalent per capita),EG.USE.PCAP.KG.OE,..
Fiji,FJI,Urban population (% of total population),SP.URB.TOTL.IN.ZS,58.229
Fiji,FJI,Trade (% of GDP),NE.TRD.GNFS.ZS,117.506559634974
Fiji,FJI,Renewable energy consumption (% of total final energy consumption),EG.FEC.RNEW.ZS,28.4
Finland,FIN,Carbon dioxide (CO2) emissions excluding LULUCF per capita (t CO2e/capita),EN.GHG.CO2.PC.CE.AR5,6.50702128433115
Finland,FIN,GDP per capita (constant 2015 US$),NY.GDP.PCAP.KD,46016.1492103929
Finland,FIN,Energy use (kg of oil equivalent per capita),EG.USE.PCAP.KG.OE,5683.95102157914
Finland,FIN,Urban population (% of total population),SP.URB.TOTL.IN.ZS,85.681
Finland,FIN,Trade (% of GDP),NE.TRD.GNFS.ZS,94.5625340522667
Finland,FIN,Renewable energy consumption (% of total final energy consumption),EG.FEC.RNEW.ZS,..
France,FRA,Carbon dioxide (CO2) emissions excluding LULUCF per capita (t CO2e/capita),EN.GHG.CO2.PC.CE.AR5,4.56119637966729
France,FRA,GDP per capita (constant 2015 US$),NY.GDP.PCAP.KD,38881.2230613595
France,FRA,Energy use (kg of oil equivalent per capita),EG.USE.PCAP.KG.OE,3105.63006347506
France,FRA,Urban population (% of total population),SP.URB.TOTL.IN.ZS,81.509
France,FRA,Trade (% of GDP),NE.TRD.GNFS.ZS,75.7901436111221
France,FRA,Renewable energy consumption (% of total final energy consumption),EG.FEC.RNEW.ZS,..
French Polynesia,PYF,Carbon dioxide (CO2) emissions excluding LULUCF per capita (t CO2e/capita),EN.GHG.CO2.PC.CE.AR5,4.34163878763669
French Polynesia,PYF,GDP per capita (constant 2015 US$),NY.GDP.PCAP.KD,21019.8374847547
French Polynesia,PYF,Energy use (kg of oil equivalent per capita),EG.USE.PCAP.KG.OE,..
French Polynesia,PYF,Urban population (% of total population),SP.URB.TOTL.IN.ZS,62.17
French Polynesia,PYF,Trade (% of GDP),NE.TRD.GNFS.ZS,67.2309662556929
French Polynesia,PYF,Renewable energy consumption (% of total final energy consumption),EG.FEC.RNEW.ZS,7
Gabon,GAB,Carbon dioxide (CO2) emissions excluding LULUCF per capita (t CO2e/capita),EN.GHG.CO2.PC.CE.AR5,2.21948232374657
Gabon,GAB,GDP per capita (constant 2015 US$),NY.GDP.PCAP.KD,6527.48207901861
Gabon,GAB,Energy use (kg of oil equivalent per capita),EG.USE.PCAP.KG.OE,2096.2456480631
Gabon,GAB,Urban population (% of total population),SP.URB.TOTL.IN.ZS,90.735
Gabon,GAB,Trade (% of GDP),NE.TRD.GNFS.ZS,92.0630888496921
Gabon,GAB,Renewable energy consumption (% of total final energy consumption),EG.FEC.RNEW.ZS,..
"Gambia, The",GMB,Carbon dioxide (CO2) emissions excluding LULUCF per capita (t CO2e/capita),EN.GHG.CO2.PC.CE.AR5,0.236718035858553
"Gambia, The",GMB,GDP per capita (constant 2015 US$),NY.GDP.PCAP.KD,710.686979384658
"Gambia, The",GMB,Energy use (kg of oil equivalent per capita),EG.USE.PCAP.KG.OE,..
"Gambia, The",GMB,Urban population (% of total population),SP.URB.TOTL.IN.ZS,63.852
"Gambia, The",GMB,Trade (% of GDP),NE.TRD.GNFS.ZS,44.7219215522334
"Gambia, The",GMB,Renewable energy consumption (% of total final energy consumption),EG.FEC.RNEW.ZS,47.7
Georgia,GEO,Carbon dioxide (CO2) emissions excluding LULUCF per capita (t CO2e/capita),EN.GHG.CO2.PC.CE.AR5,3.40306887376761
Georgia,GEO,GDP per capita (constant 2015 US$),NY.GDP.PCAP.KD,5736.30449578597
Georgia,GEO,Energy use (kg of oil equivalent per capita),EG.USE.PCAP.KG.OE,1543.58379982411
Georgia,GEO,Urban population (% of total population),SP.URB.TOTL.IN.ZS,60.297
Georgia,GEO,Trade (% of GDP),NE.TRD.GNFS.ZS,114.695437688718
Georgia,GEO,Renewable energy consumption (% of total final energy consumption),EG.FEC.RNEW.ZS,..
Germany,DEU,Carbon dioxide (CO2) emissions excluding LULUCF per capita (t CO2e/capita),EN.GHG.CO2.PC.CE.AR5,7.87013912088698
Germany,DEU,GDP per capita (constant 2015 US$),NY.GDP.PCAP.KD,44180.4298386858
Germany,DEU,Energy use (kg of oil equivalent per capita),EG.USE.PCAP.KG.OE,3237.71606625231
Germany,DEU,Urban population (% of total population),SP.URB.TOTL.IN.ZS,77.648
Germany,DEU,Trade (% of GDP),NE.TRD.GNFS.ZS,89.0641273695259
Germany,DEU,Renewable energy consumption (% of total final energy consumption),EG.FEC.RNEW.ZS,..
Ghana,GHA,Carbon dioxide (CO2) emissions excluding LULUCF per capita (t CO2e/capita),EN.GHG.CO2.PC.CE.AR5,0.74779288471693
Ghana,GHA,GDP per capita (constant 2015 US$),NY.GDP.PCAP.KD,2067.20895910766
Ghana,GHA,Energy use (kg of oil equivalent per capita),EG.USE.PCAP.KG.OE,359.179379052306
Ghana,GHA,Urban population (% of total population),SP.URB.TOTL.IN.ZS,58.615
Ghana,GHA,Trade (% of GDP),NE.TRD.GNFS.ZS,70.1154557958907
Ghana,GHA,Renewable energy consumption (% of total final energy consumption),EG.FEC.RNEW.ZS,..
Gibraltar,GIB,Carbon dioxide (CO2) emissions excluding LULUCF per capita (t CO2e/capita),EN.GHG.CO2.PC.CE.AR5,17.9478316360446
Gibraltar,GIB,GDP per capita (constant 2015 US$),NY.GDP.PCAP.KD,..
Gibraltar,GIB,Energy use (kg of oil equivalent per capita),EG.USE.PCAP.KG.OE,6522.23499259331
Gibraltar,GIB,Urban population (% of total population),SP.URB.TOTL.IN.ZS,100
Gibraltar,GIB,Trade (% of GDP),NE.TRD.GNFS.ZS,..
Gibraltar,GIB,Renewable energy consumption (% of total final energy consumption),EG.FEC.RNEW.ZS,..
Greece,GRC,Carbon dioxide (CO2) emissions excluding LULUCF per capita (t CO2e/capita),EN.GHG.CO2.PC.CE.AR5,5.26328648728615
Greece,GRC,GDP per capita (constant 2015 US$),NY.GDP.PCAP.KD,20595.4952639016
Greece,GRC,Energy use (kg of oil equivalent per capita),EG.USE.PCAP.KG.OE,1957.79872050503
Greece,GRC,Urban population (% of total population),SP.URB.TOTL.IN.ZS,80.357
Greece,GRC,Trade (% of GDP),NE.TRD.GNFS.ZS,107.679207902405
Greece,GRC,Renewable energy consumption (% of total final energy consumption),EG.FEC.RNEW.ZS,..
Greenland,GRL,Carbon dioxide (CO2) emissions excluding LULUCF per capita (t CO2e/capita),EN.GHG.CO2.PC.CE.AR5,10.1621926898572
Greenland,GRL,GDP per capita (constant 2015 US$),NY.GDP.PCAP.KD,49679.3365414895
Greenland,GRL,Energy use (kg of oil equivalent per capita),EG.USE.PCAP.KG.OE,..
Greenland,GRL,Urban population (% of total population),SP.URB.TOTL.IN.ZS,87.727
Greenland,GRL,Trade (% of GDP),NE.TRD.GNFS.ZS,93.3651328766632
Greenland,GRL,Renewable energy consumption (% of total final energy consumption),EG.FEC.RNEW.ZS,11.7
Grenada,GRD,Carbon dioxide (CO2) emissions excluding LULUCF per capita (t CO2e/capita),EN.GHG.CO2.PC.CE.AR5,1.15727079110108
Grenada,GRD,GDP per capita (constant 2015 US$),NY.GDP.PCAP.KD,9406.19337643226
Grenada,GRD,Energy use (kg of oil equivalent per capita),EG.USE.PCAP.KG.OE,..
Grenada,GRD,Urban population (% of total population),SP.URB.TOTL.IN.ZS,36.868
Grenada,GRD,Trade (% of GDP),NE.TRD.GNFS.ZS,..
Grenada,GRD,Renewable energy consumption (% of total final energy consumption),EG.FEC.RNEW.ZS,10
Guam,GUM,Carbon dioxide (CO2) emissions excluding LULUCF per capita (t CO2e/capita),EN.GHG.CO2.PC.CE.AR5,0.00242160067804819
Guam,GUM,GDP per capita (constant 2015 US$),NY.GDP.PCAP.KD,34627.9862781837
Guam,GUM,Energy use (kg of oil equivalent per capita),EG.USE.PCAP.KG.OE,..
Guam,GUM,Urban population (% of total population),SP.URB.TOTL.IN.ZS,95.091
Guam,GUM,Trade (% of GDP),NE.TRD.GNFS.ZS,71.8668596237337
Guam,GUM,Renewable energy consumption (% of total final energy consumption),EG.FEC.RNEW.ZS,6.7
Guatemala,GTM,Carbon dioxide (CO2) emissions excluding LULUCF per capita (t CO2e/capita),EN.GHG.CO2.PC.CE.AR5,1.11930959631781
Guatemala,GTM,GDP per capita (constant 2015 US$),NY.GDP.PCAP.KD,4385.14877653813
Guatemala,GTM,Energy use (kg of oil equivalent per capita),EG.USE.PCAP.KG.OE,887.8389253262
Guatemala,GTM,Urban population (% of total population),SP.URB.TOTL.IN.ZS,52.666
Guatemala,GTM,Trade (% of GDP),NE.TRD.GNFS.ZS,54.4310414653089
Guatemala,GTM,Renewable energy consumption (% of total final energy consumption),EG.FEC.RNEW.ZS,..
Guinea,GIN,Carbon dioxide (CO2) emissions excluding LULUCF per capita (t CO2e/capita),EN.GHG.CO2.PC.CE.AR5,0.270989887896504
Guinea,GIN,GDP per capita (constant 2015 US$),NY.GDP.PCAP.KD,987.502501465337
Guinea,GIN,Energy use (kg of oil equivalent per capita),EG.USE.PCAP.KG.OE,..
Guinea,GIN,Urban population (% of total population),SP.URB.TOTL.IN.ZS,37.668
Guinea,GIN,Trade (% of GDP),NE.TRD.GNFS.ZS,94.1652726931221
Guinea,GIN,Renewable energy consumption (% of total final energy consumption),EG.FEC.RNEW.ZS,66.6
Guinea-Bissau,GNB,Carbon dioxide (CO2) emissions excluding LULUCF per capita (t CO2e/capita),EN.GHG.CO2.PC.CE.AR5,0.169316119606997
Guinea-Bissau,GNB,GDP per capita (constant 2015 US$),NY.GDP.PCAP.KD,750.731145294061
Guinea-Bissau,GNB,Energy use (kg of oil equivalent per capita),EG.USE.PCAP.KG.OE,..
Guinea-Bissau,GNB,Urban population (% of total population),SP.URB.TOTL.IN.ZS,45.041
Guinea-Bissau,GNB,Trade (% of GDP),NE.TRD.GNFS.ZS,46.2708566194737
Guinea-Bissau,GNB,Renewable energy consumption (% of total final energy consumption),EG.FEC.RNEW.ZS,87.4
Guyana,GUY,Carbon dioxide (CO2) emissions excluding LULUCF per capita (t CO2e/capita),EN.GHG.CO2.PC.CE.AR5,4.04339142468024
Guyana,GUY,GDP per capita (constant 2015 US$),NY.GDP.PCAP.KD,17365.3336428642
Guyana,GUY,Energy use (kg of oil equivalent per capita),EG.USE.PCAP.KG.OE,..
Guyana,GUY,Urban population (% of total population),SP.URB.TOTL.IN.ZS,27.022
Guyana,GUY,Trade (% of GDP),NE.TRD.GNFS.ZS,..
Guyana,GUY,Renewable energy consumption (% of total final energy consumption),EG.FEC.RNEW.ZS,12.1
Haiti,HTI,Carbon dioxide (CO2) emissions excluding LULUCF per capita (t CO2e/capita),EN.GHG.CO2.PC.CE.AR5,0.294872755551607
Haiti,HTI,GDP per capita (constant 2015 US$),NY.GDP.PCAP.KD,1256.72143592448
Haiti,HTI,Energy use (kg of oil equivalent per capita),EG.USE.PCAP.KG.OE,377.526060418635
Haiti,HTI,Urban population (% of total population),SP.URB.TOTL.IN.ZS,58.82
Haiti,HTI,Trade (% of GDP),NE.TRD.GNFS.ZS,36.529550283828
Haiti,HTI,Renewable energy consumption (% of total final energy consumption),EG.FEC.RNEW.ZS,..
Honduras,HND,Carbon dioxide (CO2) emissions excluding LULUCF per capita (t CO2e/capita),EN.GHG.CO2.PC.CE.AR5,0.987053358450868
Honduras,HND,GDP per capita (constant 2015 US$),NY.GDP.PCAP.KD,2482.22384904714
Honduras,HND,Energy use (kg of oil equivalent per capita),EG.USE.PCAP.KG.OE,573.344445082903
Honduras,HND,Urban population (% of total population),SP.URB.TOTL.IN.ZS,59.6
Honduras,HND,Trade (% of GDP),NE.TRD.GNFS.ZS,112.698524913966
Honduras,HND,Renewable energy consumption (% of total final energy consumption),EG.FEC.RNEW.ZS,..
"Hong Kong SAR, China",HKG,Carbon dioxide (CO2) emissions excluding LULUCF per capita (t CO2e/capita),EN.GHG.CO2.PC.CE.AR5,4.44139066987926
"Hong Kong SAR, China",HKG,GDP per capita (constant 2015 US$),NY.GDP.PCAP.KD,43281.7214533226
"Hong Kong SAR, China",HKG,Energy use (kg of oil equivalent per capita),EG.USE.PCAP.KG.OE,1566.39613487602
"Hong Kong SAR, China",HKG,Urban population (% of total population),SP.URB.TOTL.IN.ZS,100
"Hong Kong SAR, China",HKG,Trade (% of GDP),NE.TRD.GNFS.ZS,384.881143223724
"Hong Kong SAR, China",HKG,Renewable energy consumption (% of total final energy consumption),EG.FEC.RNEW.ZS,..
Hungary,HUN,Carbon dioxide (CO2) emissions excluding LULUCF per capita (t CO2e/capita),EN.GHG.CO2.PC.CE.AR5,4.95583896594654
Hungary,HUN,GDP per capita (constant 2015 US$),NY.GDP.PCAP.KD,16506.4721041768
Hungary,HUN,Energy use (kg of oil equivalent per capita),EG.USE.PCAP.KG.OE,2672.86765529203
Hungary,HUN,Urban population (% of total population),SP.URB.TOTL.IN.ZS,72.552
Hungary,HUN,Trade (% of GDP),NE.TRD.GNFS.ZS,183.808014139622
Hungary,HUN,Renewable energy consumption (% of total final energy consumption),EG.FEC.RNEW.ZS,..
Iceland,ISL,Carbon dioxide (CO2) emissions excluding LULUCF per capita (t CO2e/capita),EN.GHG.CO2.PC.CE.AR5,8.50804836611231
Iceland,ISL,GDP per capita (constant 2015 US$),NY.GDP.PCAP.KD,57804.7610694483
Iceland,ISL,Energy use (kg of oil equivalent per capita),EG.USE.PCAP.KG.OE,15806.7848368996
Iceland,ISL,Urban population (% of total population),SP.URB.TOTL.IN.ZS,93.992
Iceland,ISL,Trade (% of GDP),NE.TRD.GNFS.ZS,92.0771911313757
Iceland,ISL,Renewable energy consumption (% of total final energy consumption),EG.FEC.RNEW.ZS,..
India,IND,Carbon dioxide (CO2) emissions excluding LULUCF per capita (t CO2e/capita),EN.GHG.CO2.PC.CE.AR5,1.922811819624
India,IND,GDP per capita (constant 2015 US$),NY.GDP.PCAP.KD,2098.2112447615
India,IND,Energy use (kg of oil equivalent per capita),EG.USE.PCAP.KG.OE,727.902200094024
India,IND,Urban population (% of total population),SP.URB.TOTL.IN.ZS,35.872
India,IND,Trade (% of GDP),NE.TRD.GNFS.ZS,50.0752701498882
India,IND,Renewable energy consumption (% of total final energy consumption),EG.FEC.RNEW.ZS,..
Indonesia,IDN,Carbon dioxide (CO2) emissions excluding LULUCF per capita (t CO2e/capita),EN.GHG.CO2.PC.CE.AR5,2.35508357838392
Indonesia,IDN,GDP per capita (constant 2015 US$),NY.GDP.PCAP.KD,4024.91225288391
Indonesia,IDN,Energy use (kg of oil equivalent per capita),EG.USE.PCAP.KG.OE,953.65392850686
Indonesia,IDN,Urban population (% of total population),SP.URB.TOTL.IN.ZS,57.934
Indonesia,IDN,Trade (% of GDP),NE.TRD.GNFS.ZS,45.4646701959453
Indonesia,IDN,Renewable energy consumption (% of total final energy consumption),EG.FEC.RNEW.ZS,..
"Iran, Islamic Rep.",IRN,Carbon dioxide (CO2) emissions excluding LULUCF per capita (t CO2e/capita),EN.GHG.CO2.PC.CE.AR5,8.49550522882929
"Iran, Islamic Rep.",IRN,GDP per capita (constant 2015 US$),NY.GDP.PCAP.KD,5460.69457075433
"Iran, Islamic Rep.",IRN,Energy use (kg of oil equivalent per capita),EG.USE.PCAP.KG.OE,3266.12248660454
"Iran, Islamic Rep.",IRN,Urban population (% of total population),SP.URB.TOTL.IN.ZS,76.807
"Iran, Islamic Rep.",IRN,Trade (% of GDP),NE.TRD.GNFS.ZS,51.597506811024
"Iran, Islamic Rep.",IRN,Renewable energy consumption (% of total final energy consumption),EG.FEC.RNEW.ZS,..
Iraq,IRQ,Carbon dioxide (CO2) emissions excluding LULUCF per capita (t CO2e/capita),EN.GHG.CO2.PC.CE.AR5,4.32205397205041
Iraq,IRQ,GDP per capita (constant 2015 US$),NY.GDP.PCAP.KD,4412.99733146512
Iraq,IRQ,Energy use (kg of oil equivalent per capita),EG.USE.PCAP.KG.OE,1411.58869867393
Iraq,IRQ,Urban population (% of total population),SP.URB.TOTL.IN.ZS,71.354
Iraq,IRQ,Trade (% of GDP),NE.TRD.GNFS.ZS,68.75879409409
Iraq,IRQ,Renewable energy consumption (% of total final energy consumption),EG.FEC.RNEW.ZS,..
Ireland,IRL,Carbon dioxide (CO2) emissions excluding LULUCF per capita (t CO2e/capita),EN.GHG.CO2.PC.CE.AR5,6.6630908779789
Ireland,IRL,GDP per capita (constant 2015 US$),NY.GDP.PCAP.KD,98776.1598658208
Ireland,IRL,Energy use (kg of oil equivalent per capita),EG.USE.PCAP.KG.OE,2600.15740643769
Ireland,IRL,Urban population (% of total population),SP.URB.TOTL.IN.ZS,64.183
Ireland,IRL,Trade (% of GDP),NE.TRD.GNFS.ZS,232.129490581307
Ireland,IRL,Renewable energy consumption (% of total final energy consumption),EG.FEC.RNEW.ZS,..
Isle of Man,IMN,Carbon dioxide (CO2) emissions excluding LULUCF per capita (t CO2e/capita),EN.GHG.CO2.PC.CE.AR5,..
Isle of Man,IMN,GDP per capita (constant 2015 US$),NY.GDP.PCAP.KD,86103.3379308107
Isle of Man,IMN,Energy use (kg of oil equivalent per capita),EG.USE.PCAP.KG.OE,..
Isle of Man,IMN,Urban population (% of total population),SP.URB.TOTL.IN.ZS,53.271
Isle of Man,IMN,Trade (% of GDP),NE.TRD.GNFS.ZS,..
Isle of Man,IMN,Renewable energy consumption (% of total final energy consumption),EG.FEC.RNEW.ZS,2.7
Israel,ISR,Carbon dioxide (CO2) emissions excluding LULUCF per capita (t CO2e/capita),EN.GHG.CO2.PC.CE.AR5,6.57641642688988
Israel,ISR,GDP per capita (constant 2015 US$),NY.GDP.PCAP.KD,42516.3888090274
Israel,ISR,Energy use (kg of oil equivalent per capita),EG.USE.PCAP.KG.OE,2501.42064264807
Israel,ISR,Urban population (% of total population),SP.URB.TOTL.IN.ZS,92.763
Israel,ISR,Trade (% of GDP),NE.TRD.GNFS.ZS,60.6448526742952
Israel,ISR,Renewable energy consumption (% of total final energy consumption),EG.FEC.RNEW.ZS,..
Italy,ITA,Carbon dioxide (CO2) emissions excluding LULUCF per capita (t CO2e/capita),EN.GHG.CO2.PC.CE.AR5,5.63879211234238
Italy,ITA,GDP per capita (constant 2015 US$),NY.GDP.PCAP.KD,33891.8866526216
Italy,ITA,Energy use (kg of oil equivalent per capita),EG.USE.PCAP.KG.OE,2411.65172417311
Italy,ITA,Urban population (% of total population),SP.URB.TOTL.IN.ZS,71.657
Italy,ITA,Trade (% of GDP),NE.TRD.GNFS.ZS,72.0165023032697
Italy,ITA,Renewable energy consumption (% of total final energy consumption),EG.FEC.RNEW.ZS,..
Jamaica,JAM,Carbon dioxide (CO2) emissions excluding LULUCF per capita (t CO2e/capita),EN.GHG.CO2.PC.CE.AR5,2.24328177788798
Jamaica,JAM,GDP per capita (constant 2015 US$),NY.GDP.PCAP.KD,5215.08605772144
Jamaica,JAM,Energy use (kg of oil equivalent per capita),EG.USE.PCAP.KG.OE,968.879419803617
Jamaica,JAM,Urban population (% of total population),SP.URB.TOTL.IN.ZS,57.008
Jamaica,JAM,Trade (% of GDP),NE.TRD.GNFS.ZS,..
Jamaica,JAM,Renewable energy consumption (% of total final energy consumption),EG.FEC.RNEW.ZS,..
Japan,JPN,Carbon dioxide (CO2) emissions excluding LULUCF per capita (t CO2e/capita),EN.GHG.CO2.PC.CE.AR5,8.07175855176299
Japan,JPN,GDP per capita (constant 2015 US$),NY.GDP.PCAP.KD,36238.3294895302
Japan,JPN,Energy use (kg of oil equivalent per capita),EG.USE.PCAP.KG.OE,3129.65861717499
Japan,JPN,Urban population (% of total population),SP.URB.TOTL.IN.ZS,91.955
Japan,JPN,Trade (% of GDP),NE.TRD.GNFS.ZS,46.8129868368938
Japan,JPN,Renewable energy consumption (% of total final energy consumption),EG.FEC.RNEW.ZS,..
Jordan,JOR,Carbon dioxide (CO2) emissions excluding LULUCF per capita (t CO2e/capita),EN.GHG.CO2.PC.CE.AR5,1.98429976271876
Jordan,JOR,GDP per capita (constant 2015 US$),NY.GDP.PCAP.KD,3909.80228869045
Jordan,JOR,Energy use (kg of oil equivalent per capita),EG.USE.PCAP.KG.OE,754.305503117865
Jordan,JOR,Urban population (% of total population),SP.URB.TOTL.IN.ZS,91.827
Jordan,JOR,Trade (% of GDP),NE.TRD.GNFS.ZS,104.095459439189
Jordan,JOR,Renewable energy consumption (% of total final energy consumption),EG.FEC.RNEW.ZS,..
Kazakhstan,KAZ,Carbon dioxide (CO2) emissions excluding LULUCF per capita (t CO2e/capita),EN.GHG.CO2.PC.CE.AR5,11.9902714347957
Kazakhstan,KAZ,GDP per capita (constant 2015 US$),NY.GDP.PCAP.KD,11058.3482413407
Kazakhstan,KAZ,Energy use (kg of oil equivalent per capita),EG.USE.PCAP.KG.OE,3506.54555005386
Kazakhstan,KAZ,Urban population (% of total population),SP.URB.TOTL.IN.ZS,57.99
Kazakhstan,KAZ,Trade (% of GDP),NE.TRD.GNFS.ZS,68.3343147415612
Kazakhstan,KAZ,Renewable energy consumption (% of total final energy consumption),EG.FEC.RNEW.ZS,..
Kenya,KEN,Carbon dioxide (CO2) emissions excluding LULUCF per capita (t CO2e/capita),EN.GHG.CO2.PC.CE.AR5,0.394260455760707
Kenya,KEN,GDP per capita (constant 2015 US$),NY.GDP.PCAP.KD,1747.53198804428
Kenya,KEN,Energy use (kg of oil equivalent per capita),EG.USE.PCAP.KG.OE,541.12804988998
Kenya,KEN,Urban population (% of total population),SP.URB.TOTL.IN.ZS,29.002
Kenya,KEN,Trade (% of GDP),NE.TRD.GNFS.ZS,33.6911387270322
Kenya,KEN,Renewable energy consumption (% of total final energy consumption),EG.FEC.RNEW.ZS,..
Kiribati,KIR,Carbon dioxide (CO2) emissions excluding LULUCF per capita (t CO2e/capita),EN.GHG.CO2.PC.CE.AR5,0.722010592554553
Kiribati,KIR,GDP per capita (constant 2015 US$),NY.GDP.PCAP.KD,1948.24330263386
Kiribati,KIR,Energy use (kg of oil equivalent per capita),EG.USE.PCAP.KG.OE,..
Kiribati,KIR,Urban population (% of total population),SP.URB.TOTL.IN.ZS,57.058
Kiribati,KIR,Trade (% of GDP),NE.TRD.GNFS.ZS,108.143660536647
Kiribati,KIR,Renewable energy consumption (% of total final energy consumption),EG.FEC.RNEW.ZS,41.9
"Korea, Dem. People's Rep.",PRK,Carbon dioxide (CO2) emissions excluding LULUCF per capita (t CO2e/capita),EN.GHG.CO2.PC.CE.AR5,2.25855710723353
"Korea, Dem. People's Rep.",PRK,GDP per capita (constant 2015 US$),NY.GDP.PCAP.KD,..
"Korea, Dem. People's Rep.",PRK,Energy use (kg of oil equivalent per capita),EG.USE.PCAP.KG.OE,640.514278027031
"Korea, Dem. People's Rep.",PRK,Urban population (% of total population),SP.URB.TOTL.IN.ZS,62.916
"Korea, Dem. People's Rep.",PRK,Trade (% of GDP),NE.TRD.GNFS.ZS,..
"Korea, Dem. People's Rep.",PRK,Renewable energy consumption (% of total final energy consumption),EG.FEC.RNEW.ZS,..
"Korea, Rep.",KOR,Carbon dioxide (CO2) emissions excluding LULUCF per capita (t CO2e/capita),EN.GHG.CO2.PC.CE.AR5,11.3758152802505
"Korea, Rep.",KOR,GDP per capita (constant 2015 US$),NY.GDP.PCAP.KD,33690.3788793046
"Korea, Rep.",KOR,Energy use (kg of oil equivalent per capita),EG.USE.PCAP.KG.OE,5411.97477731382
"Korea, Rep.",KOR,Urban population (% of total population),SP.URB.TOTL.IN.ZS,81.427
"Korea, Rep.",KOR,Trade (% of GDP),NE.TRD.GNFS.ZS,96.5364092886865
"Korea, Rep.",KOR,Renewable energy consumption (% of total final energy consumption),EG.FEC.RNEW.ZS,..
Kosovo,XKX,Carbon dioxide (CO2) emissions excluding LULUCF per capita (t CO2e/capita),EN.GHG.CO2.PC.CE.AR5,..
Kosovo,XKX,GDP per capita (constant 2015 US$),NY.GDP.PCAP.KD,4666.3913779077
Kosovo,XKX,Energy use (kg of oil equivalent per capita),EG.USE.PCAP.KG.OE,..
Kosovo,XKX,Urban population (% of total population),SP.URB.TOTL.IN.ZS,..
Kosovo,XKX,Trade (% of GDP),NE.TRD.GNFS.ZS,110.012031619226
Kosovo,XKX,Renewable energy consumption (% of total final energy consumption),EG.FEC.RNEW.ZS,..
Kuwait,KWT,Carbon dioxide (CO2) emissions excluding LULUCF per capita (t CO2e/capita),EN.GHG.CO2.PC.CE.AR5,23.8356883095265
Kuwait,KWT,GDP per capita (constant 2015 US$),NY.GDP.PCAP.KD,26579.8322106354
Kuwait,KWT,Energy use (kg of oil equivalent per capita),EG.USE.PCAP.KG.OE,9129.59798629005
Kuwait,KWT,Urban population (% of total population),SP.URB.TOTL.IN.ZS,100
Kuwait,KWT,Trade (% of GDP),NE.TRD.GNFS.ZS,90.9188102145939
Kuwait,KWT,Renewable energy consumption (% of total final energy consumption),EG.FEC.RNEW.ZS,..
Kyrgyz Republic,KGZ,Carbon dioxide (CO2) emissions excluding LULUCF per capita (t CO2e/capita),EN.GHG.CO2.PC.CE.AR5,1.47823294462397
Kyrgyz Republic,KGZ,GDP per capita (constant 2015 US$),NY.GDP.PCAP.KD,1212.17812721768
Kyrgyz Republic,KGZ,Energy use (kg of oil equivalent per capita),EG.USE.PCAP.KG.OE,645.014246171812
Kyrgyz Republic,KGZ,Urban population (% of total population),SP.URB.TOTL.IN.ZS,37.461
Kyrgyz Republic,KGZ,Trade (% of GDP),NE.TRD.GNFS.ZS,133.786718048766
Kyrgyz Republic,KGZ,Renewable energy consumption (% of total final energy consumption),EG.FEC.RNEW.ZS,..
Lao PDR,LAO,Carbon dioxide (CO2) emissions excluding LULUCF per capita (t CO2e/capita),EN.GHG.CO2.PC.CE.AR5,3.24790015408108
Lao PDR,LAO,GDP per capita (constant 2015 US$),NY.GDP.PCAP.KD,2589.05015191628
Lao PDR,LAO,Energy use (kg of oil equivalent per capita),EG.USE.PCAP.KG.OE,815.086540442856
Lao PDR,LAO,Urban population (% of total population),SP.URB.TOTL.IN.ZS,37.592
Lao PDR,LAO,Trade (% of GDP),NE.TRD.GNFS.ZS,..
Lao PDR,LAO,Renewable energy consumption (% of total final energy consumption),EG.FEC.RNEW.ZS,49.2
Latvia,LVA,Carbon dioxide (CO2) emissions excluding LULUCF per capita (t CO2e/capita),EN.GHG.CO2.PC.CE.AR5,3.54259882099604
Latvia,LVA,GDP per capita (constant 2015 US$),NY.GDP.PCAP.KD,16404.9770631465
Latvia,LVA,Energy use (kg of oil equivalent per capita),EG.USE.PCAP.KG.OE,2256.11904538867
Latvia,LVA,Urban population (% of total population),SP.URB.TOTL.IN.ZS,68.54
Latvia,LVA,Trade (% of GDP),NE.TRD.GNFS.ZS,159.84434485906
Latvia,LVA,Renewable energy consumption (% of total final energy consumption),EG.FEC.RNEW.ZS,..
Lebanon,LBN,Carbon dioxide (CO2) emissions excluding LULUCF per capita (t CO2e/capita),EN.GHG.CO2.PC.CE.AR5,2.93693660132346
Lebanon,LBN,GDP per capita (constant 2015 US$),NY.GDP.PCAP.KD,5909.03651555028
Lebanon,LBN,Energy use (kg of oil equivalent per capita),EG.USE.PCAP.KG.OE,617.482998993413
Lebanon,LBN,Urban population (% of total population),SP.URB.TOTL.IN.ZS,89.262
Lebanon,LBN,Trade (% of GDP),NE.TRD.GNFS.ZS,114.888278265666
Lebanon,LBN,Renewable energy consumption (% of total final energy consumption),EG.FEC.RNEW.ZS,..
Lesotho,LSO,Carbon dioxide (CO2) emissions excluding LULUCF per capita (t CO2e/capita),EN.GHG.CO2.PC.CE.AR5,0.372597993972294
Lesotho,LSO,GDP per capita (constant 2015 US$),NY.GDP.PCAP.KD,967.51928598325
Lesotho,LSO,Energy use (kg of oil equivalent per capita),EG.USE.PCAP.KG.OE,..
Lesotho,LSO,Urban population (% of total population),SP.URB.TOTL.IN.ZS,29.943
Lesotho,LSO,Trade (% of GDP),NE.TRD.GNFS.ZS,142.373981443861
Lesotho,LSO,Renewable energy consumption (% of total final energy consumption),EG.FEC.RNEW.ZS,34.9
Liberia,LBR,Carbon dioxide (CO2) emissions excluding LULUCF per capita (t CO2e/capita),EN.GHG.CO2.PC.CE.AR5,0.312657375531657
Liberia,LBR,GDP per capita (constant 2015 US$),NY.GDP.PCAP.KD,638.005183858289
Liberia,LBR,Energy use (kg of oil equivalent per capita),EG.USE.PCAP.KG.OE,..
Liberia,LBR,Urban population (% of total population),SP.URB.TOTL.IN.ZS,53.065
Liberia,LBR,Trade (% of GDP),NE.TRD.GNFS.ZS,..
Liberia,LBR,Renewable energy consumption (% of total final energy consumption),EG.FEC.RNEW.ZS,92.8
Libya,LBY,Carbon dioxide (CO2) emissions excluding LULUCF per capita (t CO2e/capita),EN.GHG.CO2.PC.CE.AR5,7.8970293356479
Libya,LBY,GDP per capita (constant 2015 US$),NY.GDP.PCAP.KD,7008.20648391963
Libya,LBY,Energy use (kg of oil equivalent per capita),EG.USE.PCAP.KG.OE,2539.19813836223
Libya,LBY,Urban population (% of total population),SP.URB.TOTL.IN.ZS,81.302
Libya,LBY,Trade (% of GDP),NE.TRD.GNFS.ZS,156.321684682347
Libya,LBY,Renewable energy consumption (% of total final energy consumption),EG.FEC.RNEW.ZS,..
Liechtenstein,LIE,Carbon dioxide (CO2) emissions excluding LULUCF per capita (t CO2e/capita),EN.GHG.CO2.PC.CE.AR5,..
Liechtenstein,LIE,GDP per capita (constant 2015 US$),NY.GDP.PCAP.KD,..
Liechtenstein,LIE,Energy use (kg of oil equivalent per capita),EG.USE.PCAP.KG.OE,..
Liechtenstein,LIE,Urban population (% of total population),SP.URB.TOTL.IN.ZS,14.538
Liechtenstein,LIE,Trade (% of GDP),NE.TRD.GNFS.ZS,..
Liechtenstein,LIE,Renewable energy consumption (% of total final energy consumption),EG.FEC.RNEW.ZS,56.9
Lithuania,LTU,Carbon dioxide (CO2) emissions excluding LULUCF per capita (t CO2e/capita),EN.GHG.CO2.PC.CE.AR5,4.64398887005017
Lithuania,LTU,GDP per capita (constant 2015 US$),NY.GDP.PCAP.KD,18884.5152531698
Lithuania,LTU,Energy use (kg of oil equivalent per capita),EG.USE.PCAP.KG.OE,2453.93993260259
Lithuania,LTU,Urban population (% of total population),SP.URB.TOTL.IN.ZS,68.465
Lithuania,LTU,Trade (% of GDP),NE.TRD.GNFS.ZS,175.651612151093
Lithuania,LTU,Renewable energy consumption (% of total final energy consumption),EG.FEC.RNEW.ZS,..
Luxembourg,LUX,Carbon dioxide (CO2) emissions excluding LULUCF per capita (t CO2e/capita),EN.GHG.CO2.PC.CE.AR5,11.120757369052
Luxembourg,LUX,GDP per capita (constant 2015 US$),NY.GDP.PCAP.KD,107469.755128407
Luxembourg,LUX,Energy use (kg of oil equivalent per capita),EG.USE.PCAP.KG.OE,4862.94740833352
Luxembourg,LUX,Urban population (% of total population),SP.URB.TOTL.IN.ZS,91.881
Luxembourg,LUX,Trade (% of GDP),NE.TRD.GNFS.ZS,412.177169924175
Luxembourg,LUX,Renewable energy consumption (% of total final energy consumption),EG.FEC.RNEW.ZS,..
"Macao SAR, China",MAC,Carbon dioxide (CO2) emissions excluding LULUCF per capita (t CO2e/capita),EN.GHG.CO2.PC.CE.AR5,4.31167872434667
"Macao SAR, China",MAC,GDP per capita (constant 2015 US$),NY.GDP.PCAP.KD,34121.9031101701
"Macao SAR, China",MAC,Energy use (kg of oil equivalent per capita),EG.USE.PCAP.KG.OE,..
"Macao SAR, China",MAC,Urban population (% of total population),SP.URB.TOTL.IN.ZS,100
"Macao SAR, China",MAC,Trade (% of GDP),NE.TRD.GNFS.ZS,168.081022502393
"Macao SAR, China",MAC,Renewable energy consumption (% of total final energy consumption),EG.FEC.RNEW.ZS,11
Madagascar,MDG,Carbon dioxide (CO2) emissions excluding LULUCF per capita (t CO2e/capita),EN.GHG.CO2.PC.CE.AR5,0.13108603957498
Madagascar,MDG,GDP per capita (constant 2015 US$),NY.GDP.PCAP.KD,438.516263353783
Madagascar,MDG,Energy use (kg of oil equivalent per capita),EG.USE.PCAP.KG.OE,308.672539601401
Madagascar,MDG,Urban population (% of total population),SP.URB.TOTL.IN.ZS,39.882
Madagascar,MDG,Trade (% of GDP),NE.TRD.GNFS.ZS,70.5471344131153
Madagascar,MDG,Renewable energy consumption (% of total final energy consumption),EG.FEC.RNEW.ZS,83.1
Malawi,MWI,Carbon dioxide (CO2) emissions excluding LULUCF per capita (t CO2e/capita),EN.GHG.CO2.PC.CE.AR5,0.289167127884622
Malawi,MWI,GDP per capita (constant 2015 US$),NY.GDP.PCAP.KD,560.635759714941
Malawi,MWI,Energy use (kg of oil equivalent per capita),EG.USE.PCAP.KG.OE,..
Malawi,MWI,Urban population (% of total population),SP.URB.TOTL.IN.ZS,17.98
Malawi,MWI,Trade (% of GDP),NE.TRD.GNFS.ZS,..
Malawi,MWI,Renewable energy consumption (% of total final energy consumption),EG.FEC.RNEW.ZS,62.9
Malaysia,MYS,Carbon dioxide (CO2) emissions excluding LULUCF per capita (t CO2e/capita),EN.GHG.CO2.PC.CE.AR5,7.90714805522435
Malaysia,MYS,GDP per capita (constant 2015 US$),NY.GDP.PCAP.KD,11174.2100761842
Malaysia,MYS,Energy use (kg of oil equivalent per capita),EG.USE.PCAP.KG.OE,2867.09651939173
Malaysia,MYS,Urban population (% of total population),SP.URB.TOTL.IN.ZS,78.214
Malaysia,MYS,Trade (% of GDP),NE.TRD.GNFS.ZS,146.505418280787
Malaysia,MYS,Renewable energy consumption (% of total final energy consumption),EG.FEC.RNEW.ZS,..
Maldives,MDV,Carbon dioxide (CO2) emissions excluding LULUCF per capita (t CO2e/capita),EN.GHG.CO2.PC.CE.AR5,5.30579691894388
Maldives,MDV,GDP per capita (constant 2015 US$),NY.GDP.PCAP.KD,10939.9963243616
Maldives,MDV,Energy use (kg of oil equivalent per capita),EG.USE.PCAP.KG.OE,..
Maldives,MDV,Urban population (% of total population),SP.URB.TOTL.IN.ZS,41.536
Maldives,MDV,Trade (% of GDP),NE.TRD.GNFS.ZS,162.243570519228
Maldives,MDV,Renewable energy consumption (% of total final energy consumption),EG.FEC.RNEW.ZS,1.2
Mali,MLI,Carbon dioxide (CO2) emissions excluding LULUCF per capita (t CO2e/capita),EN.GHG.CO2.PC.CE.AR5,0.296676063077307
Mali,MLI,GDP per capita (constant 2015 US$),NY.GDP.PCAP.KD,876.168301872624
Mali,MLI,Energy use (kg of oil equivalent per capita),EG.USE.PCAP.KG.OE,..
Mali,MLI,Urban population (% of total population),SP.URB.TOTL.IN.ZS,45.437
Mali,MLI,Trade (% of GDP),NE.TRD.GNFS.ZS,61.6636979670454
Mali,MLI,Renewable energy consumption (% of total final energy consumption),EG.FEC.RNEW.ZS,71.1
Malta,MLT,Carbon dioxide (CO2) emissions excluding LULUCF per capita (t CO2e/capita),EN.GHG.CO2.PC.CE.AR5,3.31285432666871
Malta,MLT,GDP per capita (constant 2015 US$),NY.GDP.PCAP.KD,31979.6090400598
Malta,MLT,Energy use (kg of oil equivalent per capita),EG.USE.PCAP.KG.OE,1456.24524810948
Malta,MLT,Urban population (% of total population),SP.URB.TOTL.IN.ZS,94.875
Malta,MLT,Trade (% of GDP),NE.TRD.GNFS.ZS,243.415382342225
Malta,MLT,Renewable energy consumption (% of total final energy consumption),EG.FEC.RNEW.ZS,..
Marshall Islands,MHL,Carbon dioxide (CO2) emissions excluding LULUCF per capita (t CO2e/capita),EN.GHG.CO2.PC.CE.AR5,0
Marshall Islands,MHL,GDP per capita (constant 2015 US$),NY.GDP.PCAP.KD,5516.88000598847
Marshall Islands,MHL,Energy use (kg of oil equivalent per capita),EG.USE.PCAP.KG.OE,..
Marshall Islands,MHL,Urban population (% of total population),SP.URB.TOTL.IN.ZS,78.52
Marshall Islands,MHL,Trade (% of GDP),NE.TRD.GNFS.ZS,118.835319652723
Marshall Islands,MHL,Renewable energy consumption (% of total final energy consumption),EG.FEC.RNEW.ZS,12.2
Mauritania,MRT,Carbon dioxide (CO2) emissions excluding LULUCF per capita (t CO2e/capita),EN.GHG.CO2.PC.CE.AR5,0.980302676347726
Mauritania,MRT,GDP per capita (constant 2015 US$),NY.GDP.PCAP.KD,1576.75624107308
Mauritania,MRT,Energy use (kg of oil equivalent per capita),EG.USE.PCAP.KG.OE,..
Mauritania,MRT,Urban population (% of total population),SP.URB.TOTL.IN.ZS,56.923
Mauritania,MRT,Trade (% of GDP),NE.TRD.GNFS.ZS,102.025899125696
Mauritania,MRT,Renewable energy consumption (% of total final energy consumption),EG.FEC.RNEW.ZS,19.6
Mauritius,MUS,Carbon dioxide (CO2) emissions excluding LULUCF per capita (t CO2e/capita),EN.GHG.CO2.PC.CE.AR5,3.20714949351418
Mauritius,MUS,GDP per capita (constant 2015 US$),NY.GDP.PCAP.KD,10552.2905595266
Mauritius,MUS,Energy use (kg of oil equivalent per capita),EG.USE.PCAP.KG.OE,1095.73879704883
Mauritius,MUS,Urban population (% of total population),SP.URB.TOTL.IN.ZS,40.81
Mauritius,MUS,Trade (% of GDP),NE.TRD.GNFS.ZS,112.584757873474
Mauritius,MUS,Renewable energy consumption (% of total final energy consumption),EG.FEC.RNEW.ZS,..
Mexico,MEX,Carbon dioxide (CO2) emissions excluding LULUCF per capita (t CO2e/capita),EN.GHG.CO2.PC.CE.AR5,3.62283731915151
Mexico,MEX,GDP per capita (constant 2015 US$),NY.GDP.PCAP.KD,10013.366859074
Mexico,MEX,Energy use (kg of oil equivalent per capita),EG.USE.PCAP.KG.OE,1525.73516114419
Mexico,MEX,Urban population (% of total population),SP.URB.TOTL.IN.ZS,81.3
Mexico,MEX,Trade (% of GDP),NE.TRD.GNFS.ZS,88.8269347828552
Mexico,MEX,Renewable energy consumption (% of total final energy consumption),EG.FEC.RNEW.ZS,..
"Micronesia, Fed. Sts.",FSM,Carbon dioxide (CO2) emissions excluding LULUCF per capita (t CO2e/capita),EN.GHG.CO2.PC.CE.AR5,0
"Micronesia, Fed. Sts.",FSM,GDP per capita (constant 2015 US$),NY.GDP.PCAP.KD,2929.91266261092
"Micronesia, Fed. Sts.",FSM,Energy use (kg of oil equivalent per capita),EG.USE.PCAP.KG.OE,..
"Micronesia, Fed. Sts.",FSM,Urban population (% of total population),SP.URB.TOTL.IN.ZS,23.217
"Micronesia, Fed. Sts.",FSM,Trade (% of GDP),NE.TRD.GNFS.ZS,87.7013226864624
"Micronesia, Fed. Sts.",FSM,Renewable energy consumption (% of total final energy consumption),EG.FEC.RNEW.ZS,2
Moldova,MDA,Carbon dioxide (CO2) emissions excluding LULUCF per capita (t CO2e/capita),EN.GHG.CO2.PC.CE.AR5,3.73997391497611
Moldova,MDA,GDP per capita (constant 2015 US$),NY.GDP.PCAP.KD,3611.95484829954
Moldova,MDA,Energy use (kg of oil equivalent per capita),EG.USE.PCAP.KG.OE,1422.63575303914
Moldova,MDA,Urban population (% of total population),SP.URB.TOTL.IN.ZS,43.173
Moldova,MDA,Trade (% of GDP),NE.TRD.GNFS.ZS,112.117671579766
Moldova,MDA,Renewable energy consumption (% of total final energy consumption),EG.FEC.RNEW.ZS,..
Monaco,MCO,Carbon dioxide (CO2) emissions excluding LULUCF per capita (t CO2e/capita),EN.GHG.CO2.PC.CE.AR5,..
Monaco,MCO,GDP per capita (constant 2015 US$),NY.GDP.PCAP.KD,213937.006283651
Monaco,MCO,Energy use (kg of oil equivalent per capita),EG.USE.PCAP.KG.OE,..
Monaco,MCO,Urban population (% of total population),SP.URB.TOTL.IN.ZS,100
Monaco,MCO,Trade (% of GDP),NE.TRD.GNFS.ZS,..
Monaco,MCO,Renewable energy consumption (% of total final energy consumption),EG.FEC.RNEW.ZS,..
Mongolia,MNG,Carbon dioxide (CO2) emissions excluding LULUCF per capita (t CO2e/capita),EN.GHG.CO2.PC.CE.AR5,7.54001167237666
Mongolia,MNG,GDP per capita (constant 2015 US$),NY.GDP.PCAP.KD,4205.88554513551
Mongolia,MNG,Energy use (kg of oil equivalent per capita),EG.USE.PCAP.KG.OE,1890.63113929262
Mongolia,MNG,Urban population (% of total population),SP.URB.TOTL.IN.ZS,68.93
Mongolia,MNG,Trade (% of GDP),NE.TRD.GNFS.ZS,136.327929944516
Mongolia,MNG,Renewable energy consumption (% of total final energy consumption),EG.FEC.RNEW.ZS,..
Montenegro,MNE,Carbon dioxide (CO2) emissions excluding LULUCF per capita (t CO2e/capita),EN.GHG.CO2.PC.CE.AR5,..
Montenegro,MNE,GDP per capita (constant 2015 US$),NY.GDP.PCAP.KD,7808.54763337242
Montenegro,MNE,Energy use (kg of oil equivalent per capita),EG.USE.PCAP.KG.OE,1674.12860283285
Montenegro,MNE,Urban population (% of total population),SP.URB.TOTL.IN.ZS,68.164
Montenegro,MNE,Trade (% of GDP),NE.TRD.GNFS.ZS,125.898604629493
Montenegro,MNE,Renewable energy consumption (% of total final energy consumption),EG.FEC.RNEW.ZS,..
Morocco,MAR,Carbon dioxide (CO2) emissions excluding LULUCF per capita (t CO2e/capita),EN.GHG.CO2.PC.CE.AR5,1.88316803228712
Morocco,MAR,GDP per capita (constant 2015 US$),NY.GDP.PCAP.KD,3325.560546875
Morocco,MAR,Energy use (kg of oil equivalent per capita),EG.USE.PCAP.KG.OE,602.994477750907
Morocco,MAR,Urban population (% of total population),SP.URB.TOTL.IN.ZS,64.596
Morocco,MAR,Trade (% of GDP),NE.TRD.GNFS.ZS,101.132382053244
Morocco,MAR,Renewable energy consumption (% of total final energy consumption),EG.FEC.RNEW.ZS,..
Mozambique,MOZ,Carbon dioxide (CO2) emissions excluding LULUCF per capita (t CO2e/capita),EN.GHG.CO2.PC.CE.AR5,0.307083673977713
Mozambique,MOZ,GDP per capita (constant 2015 US$),NY.GDP.PCAP.KD,596.058889461466
Mozambique,MOZ,Energy use (kg of oil equivalent per capita),EG.USE.PCAP.KG.OE,358.637694361749
Mozambique,MOZ,Urban population (% of total population),SP.URB.TOTL.IN.ZS,38.187
Mozambique,MOZ,Trade (% of GDP),NE.TRD.GNFS.ZS,135.279578416991
Mozambique,MOZ,Renewable energy consumption (% of total final energy consumption),EG.FEC.RNEW.ZS,..
Myanmar,MMR,Carbon dioxide (CO2) emissions excluding LULUCF per capita (t CO2e/capita),EN.GHG.CO2.PC.CE.AR5,0.602575075776013
Myanmar,MMR,GDP per capita (constant 2015 US$),NY.GDP.PCAP.KD,1174.76697945755
Myanmar,MMR,Energy use (kg of oil equivalent per capita),EG.USE.PCAP.KG.OE,399.521185214539
Myanmar,MMR,Urban population (% of total population),SP.URB.TOTL.IN.ZS,31.771
Myanmar,MMR,Trade (% of GDP),NE.TRD.GNFS.ZS,..
Myanmar,MMR,Renewable energy consumption (% of total final energy consumption),EG.FEC.RNEW.ZS,..
Namibia,NAM,Carbon dioxide (CO2) emissions excluding LULUCF per capita (t CO2e/capita),EN.GHG.CO2.PC.CE.AR5,1.47242134201163
Namibia,NAM,GDP per capita (constant 2015 US$),NY.GDP.PCAP.KD,3905.55135201003
Namibia,NAM,Energy use (kg of oil equivalent per capita),EG.USE.PCAP.KG.OE,692.461356441068
Namibia,NAM,Urban population (% of total population),SP.URB.TOTL.IN.ZS,53.956
Namibia,NAM,Trade (% of GDP),NE.TRD.GNFS.ZS,99.2625547753262
Namibia,NAM,Renewable energy consumption (% of total final energy consumption),EG.FEC.RNEW.ZS,..
Nauru,NRU,Carbon dioxide (CO2) emissions excluding LULUCF per capita (t CO2e/capita),EN.GHG.CO2.PC.CE.AR5,0
Nauru,NRU,GDP per capita (constant 2015 US$),NY.GDP.PCAP.KD,8460.34773930659
Nauru,NRU,Energy use (kg of oil equivalent per capita),EG.USE.PCAP.KG.OE,..
Nauru,NRU,Urban population (% of total population),SP.URB.TOTL.IN.ZS,100
Nauru,NRU,Trade (% of GDP),NE.TRD.GNFS.ZS,167.539569662011
Nauru,NRU,Renewable energy consumption (% of total final energy consumption),EG.FEC.RNEW.ZS,1.9
Nepal,NPL,Carbon dioxide (CO2) emissions excluding LULUCF per capita (t CO2e/capita),EN.GHG.CO2.PC.CE.AR5,0.579560737389147
Nepal,NPL,GDP per capita (constant 2015 US$),NY.GDP.PCAP.KD,1113.55462341223
Nepal,NPL,Energy use (kg of oil equivalent per capita),EG.USE.PCAP.KG.OE,519.950604103483
Nepal,NPL,Urban population (% of total population),SP.URB.TOTL.IN.ZS,21.451
Nepal,NPL,Trade (% of GDP),NE.TRD.GNFS.ZS,48.9734014799428
Nepal,NPL,Renewable energy consumption (% of total final energy consumption),EG.FEC.RNEW.ZS,..
Netherlands,NLD,Carbon dioxide (CO2) emissions excluding LULUCF per capita (t CO2e/capita),EN.GHG.CO2.PC.CE.AR5,7.51205215620241
Netherlands,NLD,GDP per capita (constant 2015 US$),NY.GDP.PCAP.KD,51777.5431588864
Netherlands,NLD,Energy use (kg of oil equivalent per capita),EG.USE.PCAP.KG.OE,3570.12031994399
Netherlands,NLD,Urban population (% of total population),SP.URB.TOTL.IN.ZS,92.886
Netherlands,NLD,Trade (% of GDP),NE.TRD.GNFS.ZS,184.107484252682
Netherlands,NLD,Renewable energy consumption (% of total final energy consumption),EG.FEC.RNEW.ZS,..
New Caledonia,NCL,Carbon dioxide (CO2) emissions excluding LULUCF per capita (t CO2e/capita),EN.GHG.CO2.PC.CE.AR5,20.4852972419486
New Caledonia,NCL,GDP per capita (constant 2015 US$),NY.GDP.PCAP.KD,..
New Caledonia,NCL,Energy use (kg of oil equivalent per capita),EG.USE.PCAP.KG.OE,..
New Caledonia,NCL,Urban population (% of total population),SP.URB.TOTL.IN.ZS,72.325
New Caledonia,NCL,Trade (% of GDP),NE.TRD.GNFS.ZS,..
New Caledonia,NCL,Renewable energy consumption (% of total final energy consumption),EG.FEC.RNEW.ZS,9.6
New Zealand,NZL,Carbon dioxide (CO2) emissions excluding LULUCF per capita (t CO2e/capita),EN.GHG.CO2.PC.CE.AR5,6.76181821734967
New Zealand,NZL,GDP per capita (constant 2015 US$),NY.GDP.PCAP.KD,42668.0420243621
New Zealand,NZL,Energy use (kg of oil equivalent per capita),EG.USE.PCAP.KG.OE,3738.46502118256
New Zealand,NZL,Urban population (% of total population),SP.URB.TOTL.IN.ZS,86.884
New Zealand,NZL,Trade (% of GDP),NE.TRD.GNFS.ZS,53.4761627655817
New Zealand,NZL,Renewable energy consumption (% of total final energy consumption),EG.FEC.RNEW.ZS,..
Nicaragua,NIC,Carbon dioxide (CO2) emissions excluding LULUCF per capita (t CO2e/capita),EN.GHG.CO2.PC.CE.AR5,0.802908602938139
Nicaragua,NIC,GDP per capita (constant 2015 US$),NY.GDP.PCAP.KD,2175.73899144405
Nicaragua,NIC,Energy use (kg of oil equivalent per capita),EG.USE.PCAP.KG.OE,608.245546712747
Nicaragua,NIC,Urban population (% of total population),SP.URB.TOTL.IN.ZS,59.556
Nicaragua,NIC,Trade (% of GDP),NE.TRD.GNFS.ZS,115.454678712865
Nicaragua,NIC,Renewable energy consumption (% of total final energy consumption),EG.FEC.RNEW.ZS,..
Niger,NER,Carbon dioxide (CO2) emissions excluding LULUCF per capita (t CO2e/capita),EN.GHG.CO2.PC.CE.AR5,0.114767821536472
Niger,NER,GDP per capita (constant 2015 US$),NY.GDP.PCAP.KD,566.797962983866
Niger,NER,Energy use (kg of oil equivalent per capita),EG.USE.PCAP.KG.OE,162.045865914287
Niger,NER,Urban population (% of total population),SP.URB.TOTL.IN.ZS,16.894
Niger,NER,Trade (% of GDP),NE.TRD.GNFS.ZS,52.8061484329409
Niger,NER,Renewable energy consumption (% of total final energy consumption),EG.FEC.RNEW.ZS,..
Nigeria,NGA,Carbon dioxide (CO2) emissions excluding LULUCF per capita (t CO2e/capita),EN.GHG.CO2.PC.CE.AR5,0.583043144043661
Nigeria,NGA,GDP per capita (constant 2015 US$),NY.GDP.PCAP.KD,2398.98622787065
Nigeria,NGA,Energy use (kg of oil equivalent per capita),EG.USE.PCAP.KG.OE,333.060729584941
Nigeria,NGA,Urban population (% of total population),SP.URB.TOTL.IN.ZS,53.521
Nigeria,NGA,Trade (% of GDP),NE.TRD.GNFS.ZS,..
Nigeria,NGA,Renewable energy consumption (% of total final energy consumption),EG.FEC.RNEW.ZS,..
North Macedonia,MKD,Carbon dioxide (CO2) emissions excluding LULUCF per capita (t CO2e/capita),EN.GHG.CO2.PC.CE.AR5,4.57713876417253
North Macedonia,MKD,GDP per capita (constant 2015 US$),NY.GDP.PCAP.KD,6250.62720952063
North Macedonia,MKD,Energy use (kg of oil equivalent per capita),EG.USE.PCAP.KG.OE,1476.13542564094
North Macedonia,MKD,Urban population (% of total population),SP.URB.TOTL.IN.ZS,59.118
North Macedonia,MKD,Trade (% of GDP),NE.TRD.GNFS.ZS,166.147357379878
North Macedonia,MKD,Renewable energy consumption (% of total final energy consumption),EG.FEC.RNEW.ZS,..
Northern Mariana Islands,MNP,Carbon dioxide (CO2) emissions excluding LULUCF per capita (t CO2e/capita),EN.GHG.CO2.PC.CE.AR5,0
Northern Mariana Islands,MNP,GDP per capita (constant 2015 US$),NY.GDP.PCAP.KD,19461.8611129744
Northern Mariana Islands,MNP,Energy use (kg of oil equivalent per capita),EG.USE.PCAP.KG.OE,..
Northern Mariana Islands,MNP,Urban population (% of total population),SP.URB.TOTL.IN.ZS,91.983
Northern Mariana Islands,MNP,Trade (% of GDP),NE.TRD.GNFS.ZS,93.1569343065693
Northern Mariana Islands,MNP,Renewable energy consumption (% of total final energy consumption),EG.FEC.RNEW.ZS,0.5
Norway,NOR,Carbon dioxide (CO2) emissions excluding LULUCF per capita (t CO2e/capita),EN.GHG.CO2.PC.CE.AR5,8.16471744198
Norway,NOR,GDP per capita (constant 2015 US$),NY.GDP.PCAP.KD,79620.1635455079
Norway,NOR,Energy use (kg of oil equivalent per capita),EG.USE.PCAP.KG.OE,4651.48670758657
Norway,NOR,Urban population (% of total population),SP.URB.TOTL.IN.ZS,83.664
Norway,NOR,Trade (% of GDP),NE.TRD.GNFS.ZS,82.6094798361389
Norway,NOR,Renewable energy consumption (% of total final energy consumption),EG.FEC.RNEW.ZS,..
Oman,OMN,Carbon dioxide (CO2) emissions excluding LULUCF per capita (t CO2e/capita),EN.GHG.CO2.PC.CE.AR5,19.2317238119278
Oman,OMN,GDP per capita (constant 2015 US$),NY.GDP.PCAP.KD,18792.4460565306
Oman,OMN,Energy use (kg of oil equivalent per capita),EG.USE.PCAP.KG.OE,5867.32005628854
Oman,OMN,Urban population (% of total population),SP.URB.TOTL.IN.ZS,87.75
Oman,OMN,Trade (% of GDP),NE.TRD.GNFS.ZS,105.745009280655
Oman,OMN,Renewable energy consumption (% of total final energy consumption),EG.FEC.RNEW.ZS,..
Pakistan,PAK,Carbon dioxide (CO2) emissions excluding LULUCF per capita (t CO2e/capita),EN.GHG.CO2.PC.CE.AR5,0.897331150923768
Pakistan,PAK,GDP per capita (constant 2015 US$),NY.GDP.PCAP.KD,1642.28066974826
Pakistan,PAK,Energy use (kg of oil equivalent per capita),EG.USE.PCAP.KG.OE,470.723496524025
Pakistan,PAK,Urban population (% of total population),SP.URB.TOTL.IN.ZS,37.731
Pakistan,PAK,Trade (% of GDP),NE.TRD.GNFS.ZS,33.031353478032
Pakistan,PAK,Renewable energy consumption (% of total final energy consumption),EG.FEC.RNEW.ZS,..
Palau,PLW,Carbon dioxide (CO2) emissions excluding LULUCF per capita (t CO2e/capita),EN.GHG.CO2.PC.CE.AR5,78.7262796328622
Palau,PLW,GDP per capita (constant 2015 US$),NY.GDP.PCAP.KD,12129.8009823299
Palau,PLW,Energy use (kg of oil equivalent per capita),EG.USE.PCAP.KG.OE,..
Palau,PLW,Urban population (% of total population),SP.URB.TOTL.IN.ZS,81.956
Palau,PLW,Trade (% of GDP),NE.TRD.GNFS.ZS,87.7375620669108
Palau,PLW,Renewable energy consumption (% of total final energy consumption),EG.FEC.RNEW.ZS,0.9
Panama,PAN,Carbon dioxide (CO2) emissions excluding LULUCF per capita (t CO2e/capita),EN.GHG.CO2.PC.CE.AR5,2.72636193686882
Panama,PAN,GDP per capita (constant 2015 US$),NY.GDP.PCAP.KD,15917.427539403
Panama,PAN,Energy use (kg of oil equivalent per capita),EG.USE.PCAP.KG.OE,1062.69925631817
Panama,PAN,Urban population (% of total population),SP.URB.TOTL.IN.ZS,69.141
Panama,PAN,Trade (% of GDP),NE.TRD.GNFS.ZS,93.687178754867
Panama,PAN,Renewable energy consumption (% of total final energy consumption),EG.FEC.RNEW.ZS,..
Papua New Guinea,PNG,Carbon dioxide (CO2) emissions excluding LULUCF per capita (t CO2e/capita),EN.GHG.CO2.PC.CE.AR5,0.569685751554247
Papua New Guinea,PNG,GDP per capita (constant 2015 US$),NY.GDP.PCAP.KD,2467.23488790877
Papua New Guinea,PNG,Energy use (kg of oil equivalent per capita),EG.USE.PCAP.KG.OE,..
Papua New Guinea,PNG,Urban population (% of total population),SP.URB.TOTL.IN.ZS,13.582
Papua New Guinea,PNG,Trade (% of GDP),NE.TRD.GNFS.ZS,..
Papua New Guinea,PNG,Renewable energy consumption (% of total final energy consumption),EG.FEC.RNEW.ZS,54.6
Paraguay,PRY,Carbon dioxide (CO2) emissions excluding LULUCF per capita (t CO2e/capita),EN.GHG.CO2.PC.CE.AR5,1.2097838254889
Paraguay,PRY,GDP per capita (constant 2015 US$),NY.GDP.PCAP.KD,6218.19790694024
Paraguay,PRY,Energy use (kg of oil equivalent per capita),EG.USE.PCAP.KG.OE,1044.98506765929
Paraguay,PRY,Urban population (% of total population),SP.URB.TOTL.IN.ZS,62.818
Paraguay,PRY,Trade (% of GDP),NE.TRD.GNFS.ZS,73.7379050218533
Paraguay,PRY,Renewable energy consumption (% of total final energy consumption),EG.FEC.RNEW.ZS,..
Peru,PER,Carbon dioxide (CO2) emissions excluding LULUCF per capita (t CO2e/capita),EN.GHG.CO2.PC.CE.AR5,1.70307853776252
Peru,PER,GDP per capita (constant 2015 US$),NY.GDP.PCAP.KD,6667.51695632036
Peru,PER,Energy use (kg of oil equivalent per capita),EG.USE.PCAP.KG.OE,826.705646687846
Peru,PER,Urban population (% of total population),SP.URB.TOTL.IN.ZS,78.708
Peru,PER,Trade (% of GDP),NE.TRD.GNFS.ZS,57.2969759649721
Peru,PER,Renewable energy consumption (% of total final energy consumption),EG.FEC.RNEW.ZS,..
Philippines,PHL,Carbon dioxide (CO2) emissions excluding LULUCF per capita (t CO2e/capita),EN.GHG.CO2.PC.CE.AR5,1.32180559851978
Philippines,PHL,GDP per capita (constant 2015 US$),NY.GDP.PCAP.KD,3577.70136573244
Philippines,PHL,Energy use (kg of oil equivalent per capita),EG.USE.PCAP.KG.OE,550.793803994865
Philippines,PHL,Urban population (% of total population),SP.URB.TOTL.IN.ZS,47.977
Philippines,PHL,Trade (% of GDP),NE.TRD.GNFS.ZS,72.4296836107599
Philippines,PHL,Renewable energy consumption (% of total final energy consumption),EG.FEC.RNEW.ZS,..
Poland,POL,Carbon dioxide (CO2) emissions excluding LULUCF per capita (t CO2e/capita),EN.GHG.CO2.PC.CE.AR5,8.61696982400266
Poland,POL,GDP per capita (constant 2015 US$),NY.GDP.PCAP.KD,17303.64494323
Poland,POL,Energy use (kg of oil equivalent per capita),EG.USE.PCAP.KG.OE,2798.00774623397
Poland,POL,Urban population (% of total population),SP.URB.TOTL.IN.ZS,60.134
Poland,POL,Trade (% of GDP),NE.TRD.GNFS.ZS,123.021332860345
Poland,POL,Renewable energy consumption (% of total final energy consumption),EG.FEC.RNEW.ZS,..
Portugal,PRT,Carbon dioxide (CO2) emissions excluding LULUCF per capita (t CO2e/capita),EN.GHG.CO2.PC.CE.AR5,3.78545555192225
Portugal,PRT,GDP per capita (constant 2015 US$),NY.GDP.PCAP.KD,22042.8682074432
Portugal,PRT,Energy use (kg of oil equivalent per capita),EG.USE.PCAP.KG.OE,1949.86496103932
Portugal,PRT,Urban population (% of total population),SP.URB.TOTL.IN.ZS,67.381
Portugal,PRT,Trade (% of GDP),NE.TRD.GNFS.ZS,101.364147310434
Portugal,PRT,Renewable energy consumption (% of total final energy consumption),EG.FEC.RNEW.ZS,..
Puerto Rico (US),PRI,Carbon dioxide (CO2) emissions excluding LULUCF per capita (t CO2e/capita),EN.GHG.CO2.PC.CE.AR5,3.92324922821607
Puerto Rico (US),PRI,GDP per capita (constant 2015 US$),NY.GDP.PCAP.KD,29643.7408907829
Puerto Rico (US),PRI,Energy use (kg of oil equivalent per capita),EG.USE.PCAP.KG.OE,..
Puerto Rico (US),PRI,Urban population (% of total population),SP.URB.TOTL.IN.ZS,93.61
Puerto Rico (US),PRI,Trade (% of GDP),NE.TRD.GNFS.ZS,98.2586651698776
Puerto Rico (US),PRI,Renewable energy consumption (% of total final energy consumption),EG.FEC.RNEW.ZS,2.5
Qatar,QAT,Carbon dioxide (CO2) emissions excluding LULUCF per capita (t CO2e/capita),EN.GHG.CO2.PC.CE.AR5,44.6800607977999
Qatar,QAT,GDP per capita (constant 2015 US$),NY.GDP.PCAP.KD,64315.6263643699
Qatar,QAT,Energy use (kg of oil equivalent per capita),EG.USE.PCAP.KG.OE,16683.663609726
Qatar,QAT,Urban population (% of total population),SP.URB.TOTL.IN.ZS,99.318
Qatar,QAT,Trade (% of GDP),NE.TRD.GNFS.ZS,100.213647199618
Qatar,QAT,Renewable energy consumption (% of total final energy consumption),EG.FEC.RNEW.ZS,..
Romania,ROU,Carbon dioxide (CO2) emissions excluding LULUCF per capita (t CO2e/capita),EN.GHG.CO2.PC.CE.AR5,3.98885959641341
Romania,ROU,GDP per capita (constant 2015 US$),NY.GDP.PCAP.KD,12114.8715109948
Romania,ROU,Energy use (kg of oil equivalent per capita),EG.USE.PCAP.KG.OE,1655.23818974845
Romania,ROU,Urban population (% of total population),SP.URB.TOTL.IN.ZS,54.489
Romania,ROU,Trade (% of GDP),NE.TRD.GNFS.ZS,93.6215624887545
Romania,ROU,Renewable energy consumption (% of total final energy consumption),EG.FEC.RNEW.ZS,..
Russian Federation,RUS,Carbon dioxide (CO2) emissions excluding LULUCF per capita (t CO2e/capita),EN.GHG.CO2.PC.CE.AR5,14.0403956038084
Russian Federation,RUS,GDP per capita (constant 2015 US$),NY.GDP.PCAP.KD,10119.0625
Russian Federation,RUS,Energy use (kg of oil equivalent per capita),EG.USE.PCAP.KG.OE,5601.08435085175
Russian Federation,RUS,Urban population (% of total population),SP.URB.TOTL.IN.ZS,75.126
Russian Federation,RUS,Trade (% of GDP),NE.TRD.GNFS.ZS,42.7827864294811
Russian Federation,RUS,Renewable energy consumption (% of total final energy consumption),EG.FEC.RNEW.ZS,..
Rwanda,RWA,Carbon dioxide (CO2) emissions excluding LULUCF per capita (t CO2e/capita),EN.GHG.CO2.PC.CE.AR5,0.118833523917243
Rwanda,RWA,GDP per capita (constant 2015 US$),NY.GDP.PCAP.KD,948.413687606773
Rwanda,RWA,Energy use (kg of oil equivalent per capita),EG.USE.PCAP.KG.OE,372.991402429343
Rwanda,RWA,Urban population (% of total population),SP.URB.TOTL.IN.ZS,17.721
Rwanda,RWA,Trade (% of GDP),NE.TRD.GNFS.ZS,61.1450795033651
Rwanda,RWA,Renewable energy consumption (% of total final energy consumption),EG.FEC.RNEW.ZS,79.9
Samoa,WSM,Carbon dioxide (CO2) emissions excluding LULUCF per capita (t CO2e/capita),EN.GHG.CO2.PC.CE.AR5,2.10395752133457
Samoa,WSM,GDP per capita (constant 2015 US$),NY.GDP.PCAP.KD,3710.62462714769
Samoa,WSM,Energy use (kg of oil equivalent per capita),EG.USE.PCAP.KG.OE,..
Samoa,WSM,Urban population (% of total population),SP.URB.TOTL.IN.ZS,17.616
Samoa,WSM,Trade (% of GDP),NE.TRD.GNFS.ZS,64.9831803274504
Samoa,WSM,Renewable energy consumption (% of total final energy consumption),EG.FEC.RNEW.ZS,35.9
San Marino,SMR,Carbon dioxide (CO2) emissions excluding LULUCF per capita (t CO2e/capita),EN.GHG.CO2.PC.CE.AR5,..
San Marino,SMR,GDP per capita (constant 2015 US$),NY.GDP.PCAP.KD,51277.3460993917
San Marino,SMR,Energy use (kg of oil equivalent per capita),EG.USE.PCAP.KG.OE,..
San Marino,SMR,Urban population (% of total population),SP.URB.TOTL.IN.ZS,97.732
San Marino,SMR,Trade (% of GDP),NE.TRD.GNFS.ZS,370.436071813414
San Marino,SMR,Renewable energy consumption (% of total final energy consumption),EG.FEC.RNEW.ZS,..
Sao Tome and Principe,STP,Carbon dioxide (CO2) emissions excluding LULUCF per capita (t CO2e/capita),EN.GHG.CO2.PC.CE.AR5,0.905415258169285
Sao Tome and Principe,STP,GDP per capita (constant 2015 US$),NY.GDP.PCAP.KD,1403.23356704678
Sao Tome and Principe,STP,Energy use (kg of oil equivalent per capita),EG.USE.PCAP.KG.OE,..
Sao Tome and Principe,STP,Urban population (% of total population),SP.URB.TOTL.IN.ZS,75.755
Sao Tome and Principe,STP,Trade (% of GDP),NE.TRD.GNFS.ZS,..
Sao Tome and Principe,STP,Renewable energy consumption (% of total final energy consumption),EG.FEC.RNEW.ZS,42.5
Saudi Arabia,SAU,Carbon dioxide (CO2) emissions excluding LULUCF per capita (t CO2e/capita),EN.GHG.CO2.PC.CE.AR5,18.8112940565697
Saudi Arabia,SAU,GDP per capita (constant 2015 US$),NY.GDP.PCAP.KD,26706.917926066
Saudi Arabia,SAU,Energy use (kg of oil equivalent per capita),EG.USE.PCAP.KG.OE,7529.60103058863
Saudi Arabia,SAU,Urban population (% of total population),SP.URB.TOTL.IN.ZS,84.729
Saudi Arabia,SAU,Trade (% of GDP),NE.TRD.GNFS.ZS,56.8241647749332
Saudi Arabia,SAU,Renewable energy consumption (% of total final energy consumption),EG.FEC.RNEW.ZS,..
Senegal,SEN,Carbon dioxide (CO2) emissions excluding LULUCF per capita (t CO2e/capita),EN.GHG.CO2.PC.CE.AR5,0.700103557267781
Senegal,SEN,GDP per capita (constant 2015 US$),NY.GDP.PCAP.KD,1433.1991875241
Senegal,SEN,Energy use (kg of oil equivalent per capita),EG.USE.PCAP.KG.OE,315.965932815121
Senegal,SEN,Urban population (% of total population),SP.URB.TOTL.IN.ZS,49.086
Senegal,SEN,Trade (% of GDP),NE.TRD.GNFS.ZS,79.5998216515832
Senegal,SEN,Renewable energy consumption (% of total final energy consumption),EG.FEC.RNEW.ZS,..
Serbia,SRB,Carbon dioxide (CO2) emissions excluding LULUCF per capita (t CO2e/capita),EN.GHG.CO2.PC.CE.AR5,..
Serbia,SRB,GDP per capita (constant 2015 US$),NY.GDP.PCAP.KD,7857.40327149497
Serbia,SRB,Energy use (kg of oil equivalent per capita),EG.USE.PCAP.KG.OE,2440.9165854049
Serbia,SRB,Urban population (% of total population),SP.URB.TOTL.IN.ZS,56.873
Serbia,SRB,Trade (% of GDP),NE.TRD.GNFS.ZS,131.93764235858
Serbia,SRB,Renewable energy consumption (% of total final energy consumption),EG.FEC.RNEW.ZS,..
Seychelles,SYC,Carbon dioxide (CO2) emissions excluding LULUCF per capita (t CO2e/capita),EN.GHG.CO2.PC.CE.AR5,10.0310315487412
Seychelles,SYC,GDP per capita (constant 2015 US$),NY.GDP.PCAP.KD,15869.6738782504
Seychelles,SYC,Energy use (kg of oil equivalent per capita),EG.USE.PCAP.KG.OE,..
Seychelles,SYC,Urban population (% of total population),SP.URB.TOTL.IN.ZS,58.396
Seychelles,SYC,Trade (% of GDP),NE.TRD.GNFS.ZS,189.826835436591
Seychelles,SYC,Renewable energy consumption (% of total final energy consumption),EG.FEC.RNEW.ZS,1.9
Sierra Leone,SLE,Carbon dioxide (CO2) emissions excluding LULUCF per capita (t CO2e/capita),EN.GHG.CO2.PC.CE.AR5,0.133251868746003
Sierra Leone,SLE,GDP per capita (constant 2015 US$),NY.GDP.PCAP.KD,1077.08884538507
Sierra Leone,SLE,Energy use (kg of oil equivalent per capita),EG.USE.PCAP.KG.OE,..
Sierra Leone,SLE,Urban population (% of total population),SP.URB.TOTL.IN.ZS,43.831
Sierra Leone,SLE,Trade (% of GDP),NE.TRD.GNFS.ZS,45.0330918170265
Sierra Leone,SLE,Renewable energy consumption (% of total final energy consumption),EG.FEC.RNEW.ZS,71.6
Singapore,SGP,Carbon dioxide (CO2) emissions excluding LULUCF per capita (t CO2e/capita),EN.GHG.CO2.PC.CE.AR5,9.89125108967111
Singapore,SGP,GDP per capita (constant 2015 US$),NY.GDP.PCAP.KD,68218.805333562
Singapore,SGP,Energy use (kg of oil equivalent per capita),EG.USE.PCAP.KG.OE,5785.04367341681
Singapore,SGP,Urban population (% of total population),SP.URB.TOTL.IN.ZS,100
Singapore,SGP,Trade (% of GDP),NE.TRD.GNFS.ZS,332.34956775484
Singapore,SGP,Renewable energy consumption (% of total final energy consumption),EG.FEC.RNEW.ZS,..
Sint Maarten (Dutch part),SXM,Carbon dioxide (CO2) emissions excluding LULUCF per capita (t CO2e/capita),EN.GHG.CO2.PC.CE.AR5,..
Sint Maarten (Dutch part),SXM,GDP per capita (constant 2015 US$),NY.GDP.PCAP.KD,32316.8721521009
Sint Maarten (Dutch part),SXM,Energy use (kg of oil equivalent per capita),EG.USE.PCAP.KG.OE,..
Sint Maarten (Dutch part),SXM,Urban population (% of total population),SP.URB.TOTL.IN.ZS,100
Sint Maarten (Dutch part),SXM,Trade (% of GDP),NE.TRD.GNFS.ZS,..
Sint Maarten (Dutch part),SXM,Renewable energy consumption (% of total final energy consumption),EG.FEC.RNEW.ZS,0
Slovak Republic,SVK,Carbon dioxide (CO2) emissions excluding LULUCF per capita (t CO2e/capita),EN.GHG.CO2.PC.CE.AR5,6.54551238716348
Slovak Republic,SVK,GDP per capita (constant 2015 US$),NY.GDP.PCAP.KD,18952.4452860922
Slovak Republic,SVK,Energy use (kg of oil equivalent per capita),EG.USE.PCAP.KG.OE,3089.1457459111
Slovak Republic,SVK,Urban population (% of total population),SP.URB.TOTL.IN.ZS,53.909
Slovak Republic,SVK,Trade (% of GDP),NE.TRD.GNFS.ZS,203.928968248026
Slovak Republic,SVK,Renewable energy consumption (% of total final energy consumption),EG.FEC.RNEW.ZS,..
Slovenia,SVN,Carbon dioxide (CO2) emissions excluding LULUCF per capita (t CO2e/capita),EN.GHG.CO2.PC.CE.AR5,6.2175319448732
Slovenia,SVN,GDP per capita (constant 2015 US$),NY.GDP.PCAP.KD,25276.9359105789
Slovenia,SVN,Energy use (kg of oil equivalent per capita),EG.USE.PCAP.KG.OE,3045.94458555582
Slovenia,SVN,Urban population (% of total population),SP.URB.TOTL.IN.ZS,55.751
Slovenia,SVN,Trade (% of GDP),NE.TRD.GNFS.ZS,186.21959497631
Slovenia,SVN,Renewable energy consumption (% of total final energy consumption),EG.FEC.RNEW.ZS,..
Solomon Islands,SLB,Carbon dioxide (CO2) emissions excluding LULUCF per capita (t CO2e/capita),EN.GHG.CO2.PC.CE.AR5,0.518522122330251
Solomon Islands,SLB,GDP per capita (constant 2015 US$),NY.GDP.PCAP.KD,1932.78966817916
Solomon Islands,SLB,Energy use (kg of oil equivalent per capita),EG.USE.PCAP.KG.OE,..
Solomon Islands,SLB,Urban population (% of total population),SP.URB.TOTL.IN.ZS,25.584
Solomon Islands,SLB,Trade (% of GDP),NE.TRD.GNFS.ZS,78.0359309562018
Solomon Islands,SLB,Renewable energy consumption (% of total final energy consumption),EG.FEC.RNEW.ZS,50.1
"Somalia, Fed. Rep.",SOM,Carbon dioxide (CO2) emissions excluding LULUCF per capita (t CO2e/capita),EN.GHG.CO2.PC.CE.AR5,0.0486577357458028
"Somalia, Fed. Rep.",SOM,GDP per capita (constant 2015 US$),NY.GDP.PCAP.KD,460.29964584736
"Somalia, Fed. Rep.",SOM,Energy use (kg of oil equivalent per capita),EG.USE.PCAP.KG.OE,..
"Somalia, Fed. Rep.",SOM,Urban population (% of total population),SP.URB.TOTL.IN.ZS,47.324
"Somalia, Fed. Rep.",SOM,Trade (% of GDP),NE.TRD.GNFS.ZS,90.759891164324
"Somalia, Fed. Rep.",SOM,Renewable energy consumption (% of total final energy consumption),EG.FEC.RNEW.ZS,95.4
South Africa,ZAF,Carbon dioxide (CO2) emissions excluding LULUCF per capita (t CO2e/capita),EN.GHG.CO2.PC.CE.AR5,6.56328688082944
South Africa,ZAF,GDP per capita (constant 2015 US$),NY.GDP.PCAP.KD,5783.86090401536
South Africa,ZAF,Energy use (kg of oil equivalent per capita),EG.USE.PCAP.KG.OE,1938.30644693274
South Africa,ZAF,Urban population (% of total population),SP.URB.TOTL.IN.ZS,68.335
South Africa,ZAF,Trade (% of GDP),NE.TRD.GNFS.ZS,64.7830021330108
South Africa,ZAF,Renewable energy consumption (% of total final energy consumption),EG.FEC.RNEW.ZS,..
South Sudan,SSD,Carbon dioxide (CO2) emissions excluding LULUCF per capita (t CO2e/capita),EN.GHG.CO2.PC.CE.AR5,..
South Sudan,SSD,GDP per capita (constant 2015 US$),NY.GDP.PCAP.KD,..
South Sudan,SSD,Energy use (kg of oil equivalent per capita),EG.USE.PCAP.KG.OE,69.0433646121056
South Sudan,SSD,Urban population (% of total population),SP.URB.TOTL.IN.ZS,20.846
South Sudan,SSD,Trade (% of GDP),NE.TRD.GNFS.ZS,..
South Sudan,SSD,Renewable energy consumption (% of total final energy consumption),EG.FEC.RNEW.ZS,..
Spain,ESP,Carbon dioxide (CO2) emissions excluding LULUCF per capita (t CO2e/capita),EN.GHG.CO2.PC.CE.AR5,4.92760844983757
Spain,ESP,GDP per capita (constant 2015 US$),NY.GDP.PCAP.KD,28152.4661471586
Spain,ESP,Energy use (kg of oil equivalent per capita),EG.USE.PCAP.KG.OE,2408.92811488939
Spain,ESP,Urban population (% of total population),SP.URB.TOTL.IN.ZS,81.304
Spain,ESP,Trade (% of GDP),NE.TRD.GNFS.ZS,78.6275624641006
Spain,ESP,Renewable energy consumption (% of total final energy consumption),EG.FEC.RNEW.ZS,..
Sri Lanka,LKA,Carbon dioxide (CO2) emissions excluding LULUCF per capita (t CO2e/capita),EN.GHG.CO2.PC.CE.AR5,0.900779946801316
Sri Lanka,LKA,GDP per capita (constant 2015 US$),NY.GDP.PCAP.KD,4033.14561476298
Sri Lanka,LKA,Energy use (kg of oil equivalent per capita),EG.USE.PCAP.KG.OE,473.920825625094
Sri Lanka,LKA,Urban population (% of total population),SP.URB.TOTL.IN.ZS,19.026
Sri Lanka,LKA,Trade (% of GDP),NE.TRD.GNFS.ZS,46.6826080196819
Sri Lanka,LKA,Renewable energy consumption (% of total final energy consumption),EG.FEC.RNEW.ZS,..
St. Kitts and Nevis,KNA,Carbon dioxide (CO2) emissions excluding LULUCF per capita (t CO2e/capita),EN.GHG.CO2.PC.CE.AR5,2.41281123552206
St. Kitts and Nevis,KNA,GDP per capita (constant 2015 US$),NY.GDP.PCAP.KD,21024.4472094197
St. Kitts and Nevis,KNA,Energy use (kg of oil equivalent per capita),EG.USE.PCAP.KG.OE,..
St. Kitts and Nevis,KNA,Urban population (% of total population),SP.URB.TOTL.IN.ZS,30.991
St. Kitts and Nevis,KNA,Trade (% of GDP),NE.TRD.GNFS.ZS,..
St. Kitts and Nevis,KNA,Renewable energy consumption (% of total final energy consumption),EG.FEC.RNEW.ZS,1.5
St. Lucia,LCA,Carbon dioxide (CO2) emissions excluding LULUCF per capita (t CO2e/capita),EN.GHG.CO2.PC.CE.AR5,1.5728740749856
St. Lucia,LCA,GDP per capita (constant 2015 US$),NY.GDP.PCAP.KD,11224.2899455738
St. Lucia,LCA,Energy use (kg of oil equivalent per capita),EG.USE.PCAP.KG.OE,..
St. Lucia,LCA,Urban population (% of total population),SP.URB.TOTL.IN.ZS,19.05
St. Lucia,LCA,Trade (% of GDP),NE.TRD.GNFS.ZS,..
St. Lucia,LCA,Renewable energy consumption (% of total final energy consumption),EG.FEC.RNEW.ZS,9.7
St. Martin (French part),MAF,Carbon dioxide (CO2) emissions excluding LULUCF per capita (t CO2e/capita),EN.GHG.CO2.PC.CE.AR5,..
St. Martin (French part),MAF,GDP per capita (constant 2015 US$),NY.GDP.PCAP.KD,..
St. Martin (French part),MAF,Energy use (kg of oil equivalent per capita),EG.USE.PCAP.KG.OE,..
St. Martin (French part),MAF,Urban population (% of total population),SP.URB.TOTL.IN.ZS,..
St. Martin (French part),MAF,Trade (% of GDP),NE.TRD.GNFS.ZS,..
St. Martin (French part),MAF,Renewable energy consumption (% of total final energy consumption),EG.FEC.RNEW.ZS,..
St. Vincent and the Grenadines,VCT,Carbon dioxide (CO2) emissions excluding LULUCF per capita (t CO2e/capita),EN.GHG.CO2.PC.CE.AR5,0.894694549516885
St. Vincent and the Grenadines,VCT,GDP per capita (constant 2015 US$),NY.GDP.PCAP.KD,8524.0898518317
St. Vincent and the Grenadines,VCT,Energy use (kg of oil equivalent per capita),EG.USE.PCAP.KG.OE,..
St. Vincent and the Grenadines,VCT,Urban population (% of total population),SP.URB.TOTL.IN.ZS,53.875
St. Vincent and the Grenadines,VCT,Trade (% of GDP),NE.TRD.GNFS.ZS,..
St. Vincent and the Grenadines,VCT,Renewable energy consumption (% of total final energy consumption),EG.FEC.RNEW.ZS,5.1
Sudan,SDN,Carbon dioxide (CO2) emissions excluding LULUCF per capita (t CO2e/capita),EN.GHG.CO2.PC.CE.AR5,0.433405221266295
Sudan,SDN,GDP per capita (constant 2015 US$),NY.GDP.PCAP.KD,973.225280761719
Sudan,SDN,Energy use (kg of oil equivalent per capita),EG.USE.PCAP.KG.OE,411.780538179181
Sudan,SDN,Urban population (% of total population),SP.URB.TOTL.IN.ZS,35.956
Sudan,SDN,Trade (% of GDP),NE.TRD.GNFS.ZS,2.69883443585856
Sudan,SDN,Renewable energy consumption (% of total final energy consumption),EG.FEC.RNEW.ZS,..
Suriname,SUR,Carbon dioxide (CO2) emissions excluding LULUCF per capita (t CO2e/capita),EN.GHG.CO2.PC.CE.AR5,4.07468980878228
Suriname,SUR,GDP per capita (constant 2015 US$),NY.GDP.PCAP.KD,7081.33357325783
Suriname,SUR,Energy use (kg of oil equivalent per capita),EG.USE.PCAP.KG.OE,1738.82345454805
Suriname,SUR,Urban population (% of total population),SP.URB.TOTL.IN.ZS,66.307
Suriname,SUR,Trade (% of GDP),NE.TRD.GNFS.ZS,..
Suriname,SUR,Renewable energy consumption (% of total final energy consumption),EG.FEC.RNEW.ZS,..
Sweden,SWE,Carbon dioxide (CO2) emissions excluding LULUCF per capita (t CO2e/capita),EN.GHG.CO2.PC.CE.AR5,3.45273230773397
Sweden,SWE,GDP per capita (constant 2015 US$),NY.GDP.PCAP.KD,54878.2919499171
Sweden,SWE,Energy use (kg of oil equivalent per capita),EG.USE.PCAP.KG.OE,4323.66572139304
Sweden,SWE,Urban population (% of total population),SP.URB.TOTL.IN.ZS,88.492
Sweden,SWE,Trade (% of GDP),NE.TRD.GNFS.ZS,105.855015275665
Sweden,SWE,Renewable energy consumption (% of total final energy consumption),EG.FEC.RNEW.ZS,..
Switzerland,CHE,Carbon dioxide (CO2) emissions excluding LULUCF per capita (t CO2e/capita),EN.GHG.CO2.PC.CE.AR5,3.92081063787899
Switzerland,CHE,GDP per capita (constant 2015 US$),NY.GDP.PCAP.KD,90605.019427268
Switzerland,CHE,Energy use (kg of oil equivalent per capita),EG.USE.PCAP.KG.OE,2591.92141040481
Switzerland,CHE,Urban population (% of total population),SP.URB.TOTL.IN.ZS,74.092
Switzerland,CHE,Trade (% of GDP),NE.TRD.GNFS.ZS,138.500698753519
Switzerland,CHE,Renewable energy consumption (% of total final energy consumption),EG.FEC.RNEW.ZS,..
Syrian Arab Republic,SYR,Carbon dioxide (CO2) emissions excluding LULUCF per capita (t CO2e/capita),EN.GHG.CO2.PC.CE.AR5,1.126021957003
Syrian Arab Republic,SYR,GDP per capita (constant 2015 US$),NY.GDP.PCAP.KD,712.272278200037
Syrian Arab Republic,SYR,Energy use (kg of oil equivalent per capita),EG.USE.PCAP.KG.OE,454.532086054546
Syrian Arab Republic,SYR,Urban population (% of total population),SP.URB.TOTL.IN.ZS,56.769
Syrian Arab Republic,SYR,Trade (% of GDP),NE.TRD.GNFS.ZS,35.6094680799956
Syrian Arab Republic,SYR,Renewable energy consumption (% of total final energy consumption),EG.FEC.RNEW.ZS,..
Tajikistan,TJK,Carbon dioxide (CO2) emissions excluding LULUCF per capita (t CO2e/capita),EN.GHG.CO2.PC.CE.AR5,0.901944585376355
Tajikistan,TJK,GDP per capita (constant 2015 US$),NY.GDP.PCAP.KD,1325.75545290849
Tajikistan,TJK,Energy use (kg of oil equivalent per capita),EG.USE.PCAP.KG.OE,375.197095148471
Tajikistan,TJK,Urban population (% of total population),SP.URB.TOTL.IN.ZS,27.968
Tajikistan,TJK,Trade (% of GDP),NE.TRD.GNFS.ZS,65.4355115893577
Tajikistan,TJK,Renewable energy consumption (% of total final energy consumption),EG.FEC.RNEW.ZS,..
Tanzania,TZA,Carbon dioxide (CO2) emissions excluding LULUCF per capita (t CO2e/capita),EN.GHG.CO2.PC.CE.AR5,0.293323533578201
Tanzania,TZA,GDP per capita (constant 2015 US$),NY.GDP.PCAP.KD,1070.58532714844
Tanzania,TZA,Energy use (kg of oil equivalent per capita),EG.USE.PCAP.KG.OE,405.146314827946
Tanzania,TZA,Urban population (% of total population),SP.URB.TOTL.IN.ZS,36.682
Tanzania,TZA,Trade (% of GDP),NE.TRD.GNFS.ZS,35.0034517101994
Tanzania,TZA,Renewable energy consumption (% of total final energy consumption),EG.FEC.RNEW.ZS,..
Thailand,THA,Carbon dioxide (CO2) emissions excluding LULUCF per capita (t CO2e/capita),EN.GHG.CO2.PC.CE.AR5,3.84564905250522
Thailand,THA,GDP per capita (constant 2015 US$),NY.GDP.PCAP.KD,6278.7855138276
Thailand,THA,Energy use (kg of oil equivalent per capita),EG.USE.PCAP.KG.OE,1867.46968312053
Thailand,THA,Urban population (% of total population),SP.URB.TOTL.IN.ZS,52.889
Thailand,THA,Trade (% of GDP),NE.TRD.GNFS.ZS,132.858712082871
Thailand,THA,Renewable energy consumption (% of total final energy consumption),EG.FEC.RNEW.ZS,..
Timor-Leste,TLS,Carbon dioxide (CO2) emissions excluding LULUCF per capita (t CO2e/capita),EN.GHG.CO2.PC.CE.AR5,0.520048638167816
Timor-Leste,TLS,GDP per capita (constant 2015 US$),NY.GDP.PCAP.KD,1578.51778365868
Timor-Leste,TLS,Energy use (kg of oil equivalent per capita),EG.USE.PCAP.KG.OE,..
Timor-Leste,TLS,Urban population (% of total population),SP.URB.TOTL.IN.ZS,32.074
Timor-Leste,TLS,Trade (% of GDP),NE.TRD.GNFS.ZS,97.6219215507319
Timor-Leste,TLS,Renewable energy consumption (% of total final energy consumption),EG.FEC.RNEW.ZS,11.4
Togo,TGO,Carbon dioxide (CO2) emissions excluding LULUCF per capita (t CO2e/capita),EN.GHG.CO2.PC.CE.AR5,0.278346856642073
Togo,TGO,GDP per capita (constant 2015 US$),NY.GDP.PCAP.KD,862.763712696128
Togo,TGO,Energy use (kg of oil equivalent per capita),EG.USE.PCAP.KG.OE,425.402321106605
Togo,TGO,Urban population (% of total population),SP.URB.TOTL.IN.ZS,43.921
Togo,TGO,Trade (% of GDP),NE.TRD.GNFS.ZS,65.4877850146886
Togo,TGO,Renewable energy consumption (% of total final energy consumption),EG.FEC.RNEW.ZS,..
Tonga,TON,Carbon dioxide (CO2) emissions excluding LULUCF per capita (t CO2e/capita),EN.GHG.CO2.PC.CE.AR5,2.02490432398469
Tonga,TON,GDP per capita (constant 2015 US$),NY.GDP.PCAP.KD,4594.63439155091
Tonga,TON,Energy use (kg of oil equivalent per capita),EG.USE.PCAP.KG.OE,..
Tonga,TON,Urban population (% of total population),SP.URB.TOTL.IN.ZS,23.125
Tonga,TON,Trade (% of GDP),NE.TRD.GNFS.ZS,75.3152289886984
Tonga,TON,Renewable energy consumption (% of total final energy consumption),EG.FEC.RNEW.ZS,2.3
Trinidad and Tobago,TTO,Carbon dioxide (CO2) emissions excluding LULUCF per capita (t CO2e/capita),EN.GHG.CO2.PC.CE.AR5,20.4446461976636
Trinidad and Tobago,TTO,GDP per capita (constant 2015 US$),NY.GDP.PCAP.KD,15721.830095148
Trinidad and Tobago,TTO,Energy use (kg of oil equivalent per capita),EG.USE.PCAP.KG.OE,11038.4068472239
Trinidad and Tobago,TTO,Urban population (% of total population),SP.URB.TOTL.IN.ZS,53.34
Trinidad and Tobago,TTO,Trade (% of GDP),NE.TRD.GNFS.ZS,..
Trinidad and Tobago,TTO,Renewable energy consumption (% of total final energy consumption),EG.FEC.RNEW.ZS,..
Tunisia,TUN,Carbon dioxide (CO2) emissions excluding LULUCF per capita (t CO2e/capita),EN.GHG.CO2.PC.CE.AR5,2.5131661525295
Tunisia,TUN,GDP per capita (constant 2015 US$),NY.GDP.PCAP.KD,3983.49130488497
Tunisia,TUN,Energy use (kg of oil equivalent per capita),EG.USE.PCAP.KG.OE,956.041118887201
Tunisia,TUN,Urban population (% of total population),SP.URB.TOTL.IN.ZS,70.214
Tunisia,TUN,Trade (% of GDP),NE.TRD.GNFS.ZS,115.827616610395
Tunisia,TUN,Renewable energy consumption (% of total final energy consumption),EG.FEC.RNEW.ZS,..
Turkiye,TUR,Carbon dioxide (CO2) emissions excluding LULUCF per capita (t CO2e/capita),EN.GHG.CO2.PC.CE.AR5,5.10409677637585
Turkiye,TUR,GDP per capita (constant 2015 US$),NY.GDP.PCAP.KD,14055.1031460453
Turkiye,TUR,Energy use (kg of oil equivalent per capita),EG.USE.PCAP.KG.OE,1841.55630679263
Turkiye,TUR,Urban population (% of total population),SP.URB.TOTL.IN.ZS,77.022
Turkiye,TUR,Trade (% of GDP),NE.TRD.GNFS.ZS,81.170129694525
Turkiye,TUR,Renewable energy consumption (% of total final energy consumption),EG.FEC.RNEW.ZS,..
Turkmenistan,TKM,Carbon dioxide (CO2) emissions excluding LULUCF per capita (t CO2e/capita),EN.GHG.CO2.PC.CE.AR5,9.21404172751682
Turkmenistan,TKM,GDP per capita (constant 2015 US$),NY.GDP.PCAP.KD,7551.03650143157
Turkmenistan,TKM,Energy use (kg of oil equivalent per capita),EG.USE.PCAP.KG.OE,5625.64523686666
Turkmenistan,TKM,Urban population (% of total population),SP.URB.TOTL.IN.ZS,53.494
Turkmenistan,TKM,Trade (% of GDP),NE.TRD.GNFS.ZS,37.3609509597775
Turkmenistan,TKM,Renewable energy consumption (% of total final energy consumption),EG.FEC.RNEW.ZS,..
Turks and Caicos Islands,TCA,Carbon dioxide (CO2) emissions excluding LULUCF per capita (t CO2e/capita),EN.GHG.CO2.PC.CE.AR5,2.13318210569939
Turks and Caicos Islands,TCA,GDP per capita (constant 2015 US$),NY.GDP.PCAP.KD,42205.2888008806
Turks and Caicos Islands,TCA,Energy use (kg of oil equivalent per capita),EG.USE.PCAP.KG.OE,..
Turks and Caicos Islands,TCA,Urban population (% of total population),SP.URB.TOTL.IN.ZS,94.047
Turks and Caicos Islands,TCA,Trade (% of GDP),NE.TRD.GNFS.ZS,..
Turks and Caicos Islands,TCA,Renewable energy consumption (% of total final energy consumption),EG.FEC.RNEW.ZS,0.8
Tuvalu,TUV,Carbon dioxide (CO2) emissions excluding LULUCF per capita (t CO2e/capita),EN.GHG.CO2.PC.CE.AR5,0
Tuvalu,TUV,GDP per capita (constant 2015 US$),NY.GDP.PCAP.KD,4515.29701517492
Tuvalu,TUV,Energy use (kg of oil equivalent per capita),EG.USE.PCAP.KG.OE,..
Tuvalu,TUV,Urban population (% of total population),SP.URB.TOTL.IN.ZS,65.527
Tuvalu,TUV,Trade (% of GDP),NE.TRD.GNFS.ZS,..
Tuvalu,TUV,Renewable energy consumption (% of total final energy consumption),EG.FEC.RNEW.ZS,5.2
Uganda,UGA,Carbon dioxide (CO2) emissions excluding LULUCF per capita (t CO2e/capita),EN.GHG.CO2.PC.CE.AR5,0.152622807410413
Uganda,UGA,GDP per capita (constant 2015 US$),NY.GDP.PCAP.KD,933.094056370423
Uganda,UGA,Energy use (kg of oil equivalent per capita),EG.USE.PCAP.KG.OE,482.821621536668
Uganda,UGA,Urban population (% of total population),SP.URB.TOTL.IN.ZS,26.159
Uganda,UGA,Trade (% of GDP),NE.TRD.GNFS.ZS,34.5053019270937
Uganda,UGA,Renewable energy consumption (% of total final energy consumption),EG.FEC.RNEW.ZS,90.9
Ukraine,UKR,Carbon dioxide (CO2) emissions excluding LULUCF per capita (t CO2e/capita),EN.GHG.CO2.PC.CE.AR5,3.370030660605
Ukraine,UKR,GDP per capita (constant 2015 US$),NY.GDP.PCAP.KD,1874.66296386719
Ukraine,UKR,Energy use (kg of oil equivalent per capita),EG.USE.PCAP.KG.OE,1479.47224953939
Ukraine,UKR,Urban population (% of total population),SP.URB.TOTL.IN.ZS,69.919
Ukraine,UKR,Trade (% of GDP),NE.TRD.GNFS.ZS,87.3965139907244
Ukraine,UKR,Renewable energy consumption (% of total final energy consumption),EG.FEC.RNEW.ZS,..
United Arab Emirates,ARE,Carbon dioxide (CO2) emissions excluding LULUCF per capita (t CO2e/capita),EN.GHG.CO2.PC.CE.AR5,20.5359774022313
United Arab Emirates,ARE,GDP per capita (constant 2015 US$),NY.GDP.PCAP.KD,42687.7207209003
United Arab Emirates,ARE,Energy use (kg of oil equivalent per capita),EG.USE.PCAP.KG.OE,8335.80957162683
United Arab Emirates,ARE,Urban population (% of total population),SP.URB.TOTL.IN.ZS,87.543
United Arab Emirates,ARE,Trade (% of GDP),NE.TRD.GNFS.ZS,188.945461748684
United Arab Emirates,ARE,Renewable energy consumption (% of total final energy consumption),EG.FEC.RNEW.ZS,..
United Kingdom,GBR,Carbon dioxide (CO2) emissions excluding LULUCF per capita (t CO2e/capita),EN.GHG.CO2.PC.CE.AR5,4.84380657949234
United Kingdom,GBR,GDP per capita (constant 2015 US$),NY.GDP.PCAP.KD,47682.7615349036
United Kingdom,GBR,Energy use (kg of oil equivalent per capita),EG.USE.PCAP.KG.OE,2254.36941582721
United Kingdom,GBR,Urban population (% of total population),SP.URB.TOTL.IN.ZS,84.398
United Kingdom,GBR,Trade (% of GDP),NE.TRD.GNFS.ZS,68.8805301397863
United Kingdom,GBR,Renewable energy consumption (% of total final energy consumption),EG.FEC.RNEW.ZS,..
United States,USA,Carbon dioxide (CO2) emissions excluding LULUCF per capita (t CO2e/capita),EN.GHG.CO2.PC.CE.AR5,14.3304861726018
United States,USA,GDP per capita (constant 2015 US$),NY.GDP.PCAP.KD,64198.4324880296
United States,USA,Energy use (kg of oil equivalent per capita),EG.USE.PCAP.KG.OE,6511.68841394546
United States,USA,Urban population (% of total population),SP.URB.TOTL.IN.ZS,83.084
United States,USA,Trade (% of GDP),NE.TRD.GNFS.ZS,26.891689830077
United States,USA,Renewable energy consumption (% of total final energy consumption),EG.FEC.RNEW.ZS,..
Uruguay,URY,Carbon dioxide (CO2) emissions excluding LULUCF per capita (t CO2e/capita),EN.GHG.CO2.PC.CE.AR5,2.56874770895036
Uruguay,URY,GDP per capita (constant 2015 US$),NY.GDP.PCAP.KD,18228.3558443761
Uruguay,URY,Energy use (kg of oil equivalent per capita),EG.USE.PCAP.KG.OE,1626.06034935571
Uruguay,URY,Urban population (% of total population),SP.URB.TOTL.IN.ZS,95.688
Uruguay,URY,Trade (% of GDP),NE.TRD.GNFS.ZS,61.0307951043821
Uruguay,URY,Renewable energy consumption (% of total final energy consumption),EG.FEC.RNEW.ZS,..
Uzbekistan,UZB,Carbon dioxide (CO2) emissions excluding LULUCF per capita (t CO2e/capita),EN.GHG.CO2.PC.CE.AR5,3.9758315610756
Uzbekistan,UZB,GDP per capita (constant 2015 US$),NY.GDP.PCAP.KD,3576.71552716054
Uzbekistan,UZB,Energy use (kg of oil equivalent per capita),EG.USE.PCAP.KG.OE,1381.80448771676
Uzbekistan,UZB,Urban population (% of total population),SP.URB.TOTL.IN.ZS,50.466
Uzbekistan,UZB,Trade (% of GDP),NE.TRD.GNFS.ZS,62.8412525378517
Uzbekistan,UZB,Renewable energy consumption (% of total final energy consumption),EG.FEC.RNEW.ZS,..
Vanuatu,VUT,Carbon dioxide (CO2) emissions excluding LULUCF per capita (t CO2e/capita),EN.GHG.CO2.PC.CE.AR5,0.887409518089993
Vanuatu,VUT,GDP per capita (constant 2015 US$),NY.GDP.PCAP.KD,2740.27545530661
Vanuatu,VUT,Energy use (kg of oil equivalent per capita),EG.USE.PCAP.KG.OE,..
Vanuatu,VUT,Urban population (% of total population),SP.URB.TOTL.IN.ZS,25.816
Vanuatu,VUT,Trade (% of GDP),NE.TRD.GNFS.ZS,65.1038775338548
Vanuatu,VUT,Renewable energy consumption (% of total final energy consumption),EG.FEC.RNEW.ZS,25
"Venezuela, RB",VEN,Carbon dioxide (CO2) emissions excluding LULUCF per capita (t CO2e/capita),EN.GHG.CO2.PC.CE.AR5,2.75925825302554
"Venezuela, RB",VEN,GDP per capita (constant 2015 US$),NY.GDP.PCAP.KD,..
"Venezuela, RB",VEN,Energy use (kg of oil equivalent per capita),EG.USE.PCAP.KG.OE,1478.06434305688
"Venezuela, RB",VEN,Urban population (% of total population),SP.URB.TOTL.IN.ZS,88.378
"Venezuela, RB",VEN,Trade (% of GDP),NE.TRD.GNFS.ZS,..
"Venezuela, RB",VEN,Renewable energy consumption (% of total final energy consumption),EG.FEC.RNEW.ZS,..
Viet Nam,VNM,Carbon dioxide (CO2) emissions excluding LULUCF per capita (t CO2e/capita),EN.GHG.CO2.PC.CE.AR5,3.25941578132688
Viet Nam,VNM,GDP per capita (constant 2015 US$),NY.GDP.PCAP.KD,3617.66311465012
Viet Nam,VNM,Energy use (kg of oil equivalent per capita),EG.USE.PCAP.KG.OE,1023.0571362687
Viet Nam,VNM,Urban population (% of total population),SP.URB.TOTL.IN.ZS,38.766
Viet Nam,VNM,Trade (% of GDP),NE.TRD.GNFS.ZS,183.153619147836
Viet Nam,VNM,Renewable energy consumption (% of total final energy consumption),EG.FEC.RNEW.ZS,..
Virgin Islands (U.S.),VIR,Carbon dioxide (CO2) emissions excluding LULUCF per capita (t CO2e/capita),EN.GHG.CO2.PC.CE.AR5,0.00189729919459649
Virgin Islands (U.S.),VIR,GDP per capita (constant 2015 US$),NY.GDP.PCAP.KD,36983.431060272
Virgin Islands (U.S.),VIR,Energy use (kg of oil equivalent per capita),EG.USE.PCAP.KG.OE,..
Virgin Islands (U.S.),VIR,Urban population (% of total population),SP.URB.TOTL.IN.ZS,96.136
Virgin Islands (U.S.),VIR,Trade (% of GDP),NE.TRD.GNFS.ZS,205.629280821918
Virgin Islands (U.S.),VIR,Renewable energy consumption (% of total final energy consumption),EG.FEC.RNEW.ZS,5.9
West Bank and Gaza,PSE,Carbon dioxide (CO2) emissions excluding LULUCF per capita (t CO2e/capita),EN.GHG.CO2.PC.CE.AR5,..
West Bank and Gaza,PSE,GDP per capita (constant 2015 US$),NY.GDP.PCAP.KD,3099.9609010368
West Bank and Gaza,PSE,Energy use (kg of oil equivalent per capita),EG.USE.PCAP.KG.OE,..
West Bank and Gaza,PSE,Urban population (% of total population),SP.URB.TOTL.IN.ZS,77.291
West Bank and Gaza,PSE,Trade (% of GDP),NE.TRD.GNFS.ZS,82.3949283869453
West Bank and Gaza,PSE,Renewable energy consumption (% of total final energy consumption),EG.FEC.RNEW.ZS,15.4
"Yemen, Rep.",YEM,Carbon dioxide (CO2) emissions excluding LULUCF per capita (t CO2e/capita),EN.GHG.CO2.PC.CE.AR5,0.292772317813029
"Yemen, Rep.",YEM,GDP per capita (constant 2015 US$),NY.GDP.PCAP.KD,..
"Yemen, Rep.",YEM,Energy use (kg of oil equivalent per capita),EG.USE.PCAP.KG.OE,68.9495345137687
"Yemen, Rep.",YEM,Urban population (% of total population),SP.URB.TOTL.IN.ZS,39.188
"Yemen, Rep.",YEM,Trade (% of GDP),NE.TRD.GNFS.ZS,..
"Yemen, Rep.",YEM,Renewable energy consumption (% of total final energy consumption),EG.FEC.RNEW.ZS,..
Zambia,ZMB,Carbon dioxide (CO2) emissions excluding LULUCF per capita (t CO2e/capita),EN.GHG.CO2.PC.CE.AR5,0.387387685110727
Zambia,ZMB,GDP per capita (constant 2015 US$),NY.GDP.PCAP.KD,1298.8480495593
Zambia,ZMB,Energy use (kg of oil equivalent per capita),EG.USE.PCAP.KG.OE,800.674873527651
Zambia,ZMB,Urban population (% of total population),SP.URB.TOTL.IN.ZS,45.761
Zambia,ZMB,Trade (% of GDP),NE.TRD.GNFS.ZS,69.2973154193203
Zambia,ZMB,Renewable energy consumption (% of total final energy consumption),EG.FEC.RNEW.ZS,..
Zimbabwe,ZWE,Carbon dioxide (CO2) emissions excluding LULUCF per capita (t CO2e/capita),EN.GHG.CO2.PC.CE.AR5,0.682242939473234
Zimbabwe,ZWE,GDP per capita (constant 2015 US$),NY.GDP.PCAP.KD,1368.49841808934
Zimbabwe,ZWE,Energy use (kg of oil equivalent per capita),EG.USE.PCAP.KG.OE,416.586875381392
Zimbabwe,ZWE,Urban population (% of total population),SP.URB.TOTL.IN.ZS,32.395
Zimbabwe,ZWE,Trade (% of GDP),NE.TRD.GNFS.ZS,64.7636073783674
Zimbabwe,ZWE,Renewable energy consumption (% of total final energy consumption),EG.FEC.RNEW.ZS,..
Africa Eastern and Southern,AFE,Carbon dioxide (CO2) emissions excluding LULUCF per capita (t CO2e/capita),EN.GHG.CO2.PC.CE.AR5,0.816361436828426
Africa Eastern and Southern,AFE,GDP per capita (constant 2015 US$),NY.GDP.PCAP.KD,1421.79716897878
Africa Eastern and Southern,AFE,Energy use (kg of oil equivalent per capita),EG.USE.PCAP.KG.OE,562.060699360646
Africa Eastern and Southern,AFE,Urban population (% of total population),SP.URB.TOTL.IN.ZS,37.9090120211832
Africa Eastern and Southern,AFE,Trade (% of GDP),NE.TRD.GNFS.ZS,58.6422872783484
Africa Eastern and Southern,AFE,Renewable energy consumption (% of total final energy consumption),EG.FEC.RNEW.ZS,..
Africa Western and Central,AFW,Carbon dioxide (CO2) emissions excluding LULUCF per capita (t CO2e/capita),EN.GHG.CO2.PC.CE.AR5,0.505462163299022
Africa Western and Central,AFW,GDP per capita (constant 2015 US$),NY.GDP.PCAP.KD,1824.95329630102
Africa Western and Central,AFW,Energy use (kg of oil equivalent per capita),EG.USE.PCAP.KG.OE,351.913061564233
Africa Western and Central,AFW,Urban population (% of total population),SP.URB.TOTL.IN.ZS,49.1298079868363
Africa Western and Central,AFW,Trade (% of GDP),NE.TRD.GNFS.ZS,..
Africa Western and Central,AFW,Renewable energy consumption (% of total final energy consumption),EG.FEC.RNEW.ZS,..
Arab World,ARB,Carbon dioxide (CO2) emissions excluding LULUCF per capita (t CO2e/capita),EN.GHG.CO2.PC.CE.AR5,4.4035884024526
Arab World,ARB,GDP per capita (constant 2015 US$),NY.GDP.PCAP.KD,6369.41320452418
Arab World,ARB,Energy use (kg of oil equivalent per capita),EG.USE.PCAP.KG.OE,1780.22285816424
Arab World,ARB,Urban population (% of total population),SP.URB.TOTL.IN.ZS,59.0542670171409
Arab World,ARB,Trade (% of GDP),NE.TRD.GNFS.ZS,87.2777226969785
Arab World,ARB,Renewable energy consumption (% of total final energy consumption),EG.FEC.RNEW.ZS,..
Caribbean small states,CSS,Carbon dioxide (CO2) emissions excluding LULUCF per capita (t CO2e/capita),EN.GHG.CO2.PC.CE.AR5,8.31739417562943
Caribbean small states,CSS,GDP per capita (constant 2015 US$),NY.GDP.PCAP.KD,15115.6283091077
Caribbean small states,CSS,Energy use (kg of oil equivalent per capita),EG.USE.PCAP.KG.OE,..
Caribbean small states,CSS,Urban population (% of total population),SP.URB.TOTL.IN.ZS,48.6529372671664
Caribbean small states,CSS,Trade (% of GDP),NE.TRD.GNFS.ZS,..
Caribbean small states,CSS,Renewable energy consumption (% of total final energy consumption),EG.FEC.RNEW.ZS,..
Central Europe and the Baltics,CEB,Carbon dioxide (CO2) emissions excluding LULUCF per capita (t CO2e/capita),EN.GHG.CO2.PC.CE.AR5,6.88404936488097
Central Europe and the Baltics,CEB,GDP per capita (constant 2015 US$),NY.GDP.PCAP.KD,16406.3748705233
Central Europe and the Baltics,CEB,Energy use (kg of oil equivalent per capita),EG.USE.PCAP.KG.OE,2683.1570949953
Central Europe and the Baltics,CEB,Urban population (% of total population),SP.URB.TOTL.IN.ZS,62.835931596872
Central Europe and the Baltics,CEB,Trade (% of GDP),NE.TRD.GNFS.ZS,139.624675349051
Central Europe and the Baltics,CEB,Renewable energy consumption (% of total final energy consumption),EG.FEC.RNEW.ZS,..
Early-demographic dividend,EAR,Carbon dioxide (CO2) emissions excluding LULUCF per capita (t CO2e/capita),EN.GHG.CO2.PC.CE.AR5,2.33747513954449
Early-demographic dividend,EAR,GDP per capita (constant 2015 US$),NY.GDP.PCAP.KD,3751.2648671429
Early-demographic dividend,EAR,Energy use (kg of oil equivalent per capita),EG.USE.PCAP.KG.OE,943.128344625501
Early-demographic dividend,EAR,Urban population (% of total population),SP.URB.TOTL.IN.ZS,46.6251546023672
Early-demographic dividend,EAR,Trade (% of GDP),NE.TRD.GNFS.ZS,60.0623661947115
Early-demographic dividend,EAR,Renewable energy consumption (% of total final energy consumption),EG.FEC.RNEW.ZS,..
East Asia & Pacific,EAS,Carbon dioxide (CO2) emissions excluding LULUCF per capita (t CO2e/capita),EN.GHG.CO2.PC.CE.AR5,7.00012670436035
East Asia & Pacific,EAS,GDP per capita (constant 2015 US$),NY.GDP.PCAP.KD,12249.7952074863
East Asia & Pacific,EAS,Energy use (kg of oil equivalent per capita),EG.USE.PCAP.KG.OE,2321.46909977427
East Asia & Pacific,EAS,Urban population (% of total population),SP.URB.TOTL.IN.ZS,62.2257312651105
East Asia & Pacific,EAS,Trade (% of GDP),NE.TRD.GNFS.ZS,60.5212524048302
East Asia & Pacific,EAS,Renewable energy consumption (% of total final energy consumption),EG.FEC.RNEW.ZS,..
East Asia & Pacific (excluding high income),EAP,Carbon dioxide (CO2) emissions excluding LULUCF per capita (t CO2e/capita),EN.GHG.CO2.PC.CE.AR5,6.73944156729028
East Asia & Pacific (excluding high income),EAP,GDP per capita (constant 2015 US$),NY.GDP.PCAP.KD,9199.99703074238
East Asia & Pacific (excluding high income),EAP,Energy use (kg of oil equivalent per capita),EG.USE.PCAP.KG.OE,2124.8762701815
East Asia & Pacific (excluding high income),EAP,Urban population (% of total population),SP.URB.TOTL.IN.ZS,59.2214841637791
East Asia & Pacific (excluding high income),EAP,Trade (% of GDP),NE.TRD.GNFS.ZS,46.7845372803467
East Asia & Pacific (excluding high income),EAP,Renewable energy consumption (% of total final energy consumption),EG.FEC.RNEW.ZS,..
East Asia & Pacific (IDA & IBRD countries),TEA,Carbon dioxide (CO2) emissions excluding LULUCF per capita (t CO2e/capita),EN.GHG.CO2.PC.CE.AR5,6.79599620744296
East Asia & Pacific (IDA & IBRD countries),TEA,GDP per capita (constant 2015 US$),NY.GDP.PCAP.KD,9303.27535177522
East Asia & Pacific (IDA & IBRD countries),TEA,Energy use (kg of oil equivalent per capita),EG.USE.PCAP.KG.OE,2143.54847654303
East Asia & Pacific (IDA & IBRD countries),TEA,Urban population (% of total population),SP.URB.TOTL.IN.ZS,59.1757435746239
East Asia & Pacific (IDA & IBRD countries),TEA,Trade (% of GDP),NE.TRD.GNFS.ZS,46.7867286425314
East Asia & Pacific (IDA & IBRD countries),TEA,Renewable energy consumption (% of total final energy consumption),EG.FEC.RNEW.ZS,..
Euro area,EMU,Carbon dioxide (CO2) emissions excluding LULUCF per capita (t CO2e/capita),EN.GHG.CO2.PC.CE.AR5,6.02860729762702
Euro area,EMU,GDP per capita (constant 2015 US$),NY.GDP.PCAP.KD,37922.8499997112
Euro area,EMU,Energy use (kg of oil equivalent per capita),EG.USE.PCAP.KG.OE,2940.89384165904
Euro area,EMU,Urban population (% of total population),SP.URB.TOTL.IN.ZS,77.7126830118197
Euro area,EMU,Trade (% of GDP),NE.TRD.GNFS.ZS,100.606794180425
Euro area,EMU,Renewable energy consumption (% of total final energy consumption),EG.FEC.RNEW.ZS,..
Europe & Central Asia,ECS,Carbon dioxide (CO2) emissions excluding LULUCF per capita (t CO2e/capita),EN.GHG.CO2.PC.CE.AR5,6.97920029879094
Europe & Central Asia,ECS,GDP per capita (constant 2015 US$),NY.GDP.PCAP.KD,25308.0306451487
Europe & Central Asia,ECS,Energy use (kg of oil equivalent per capita),EG.USE.PCAP.KG.OE,3026.13702308003
Europe & Central Asia,ECS,Urban population (% of total population),SP.URB.TOTL.IN.ZS,73.0396201290606
Europe & Central Asia,ECS,Trade (% of GDP),NE.TRD.GNFS.ZS,93.5504878498777
Europe & Central Asia,ECS,Renewable energy consumption (% of total final energy consumption),EG.FEC.RNEW.ZS,..
Europe & Central Asia (excluding high income),ECA,Carbon dioxide (CO2) emissions excluding LULUCF per capita (t CO2e/capita),EN.GHG.CO2.PC.CE.AR5,4.95758731428444
Europe & Central Asia (excluding high income),ECA,GDP per capita (constant 2015 US$),NY.GDP.PCAP.KD,7814.1063456801
Europe & Central Asia (excluding high income),ECA,Energy use (kg of oil equivalent per capita),EG.USE.PCAP.KG.OE,1892.38086764397
Europe & Central Asia (excluding high income),ECA,Urban population (% of total population),SP.URB.TOTL.IN.ZS,64.169725876266
Europe & Central Asia (excluding high income),ECA,Trade (% of GDP),NE.TRD.GNFS.ZS,83.0318066701553
Europe & Central Asia (excluding high income),ECA,Renewable energy consumption (% of total final energy consumption),EG.FEC.RNEW.ZS,..
Europe & Central Asia (IDA & IBRD countries),TEC,Carbon dioxide (CO2) emissions excluding LULUCF per capita (t CO2e/capita),EN.GHG.CO2.PC.CE.AR5,8.14793279365541
Europe & Central Asia (IDA & IBRD countries),TEC,GDP per capita (constant 2015 US$),NY.GDP.PCAP.KD,9622.94735198736
Europe & Central Asia (IDA & IBRD countries),TEC,Energy use (kg of oil equivalent per capita),EG.USE.PCAP.KG.OE,3136.62875803839
Europe & Central Asia (IDA & IBRD countries),TEC,Urban population (% of total population),SP.URB.TOTL.IN.ZS,67.0058080559943
Europe & Central Asia (IDA & IBRD countries),TEC,Trade (% of GDP),NE.TRD.GNFS.ZS,73.012126339612
Europe & Central Asia (IDA & IBRD countries),TEC,Renewable energy consumption (% of total final energy consumption),EG.FEC.RNEW.ZS,..
European Union,EUU,Carbon dioxide (CO2) emissions excluding LULUCF per capita (t CO2e/capita),EN.GHG.CO2.PC.CE.AR5,6.15788551421844
European Union,EUU,GDP per capita (constant 2015 US$),NY.GDP.PCAP.KD,34539.7533324
European Union,EUU,Energy use (kg of oil equivalent per capita),EG.USE.PCAP.KG.OE,2919.48877954422
European Union,EUU,Urban population (% of total population),SP.URB.TOTL.IN.ZS,75.4620574704142
European Union,EUU,Trade (% of GDP),NE.TRD.GNFS.ZS,103.634282249447
European Union,EUU,Renewable energy consumption (% of total final energy consumption),EG.FEC.RNEW.ZS,..
Fragile and conflict affected situations,FCS,Carbon dioxide (CO2) emissions excluding LULUCF per capita (t CO2e/capita),EN.GHG.CO2.PC.CE.AR5,0.785642823416706
Fragile and conflict affected situations,FCS,GDP per capita (constant 2015 US$),NY.GDP.PCAP.KD,1693.31285629188
Fragile and conflict affected situations,FCS,Energy use (kg of oil equivalent per capita),EG.USE.PCAP.KG.OE,498.689646479432
Fragile and conflict affected situations,FCS,Urban population (% of total population),SP.URB.TOTL.IN.ZS,44.401646495307
Fragile and conflict affected situations,FCS,Trade (% of GDP),NE.TRD.GNFS.ZS,..
Fragile and conflict affected situations,FCS,Renewable energy consumption (% of total final energy consumption),EG.FEC.RNEW.ZS,..
Heavily indebted poor countries (HIPC),HPC,Carbon dioxide (CO2) emissions excluding LULUCF per capita (t CO2e/capita),EN.GHG.CO2.PC.CE.AR5,0.295871728138878
Heavily indebted poor countries (HIPC),HPC,GDP per capita (constant 2015 US$),NY.GDP.PCAP.KD,989.774610294658
Heavily indebted poor countries (HIPC),HPC,Energy use (kg of oil equivalent per capita),EG.USE.PCAP.KG.OE,400.784696544082
Heavily indebted poor countries (HIPC),HPC,Urban population (% of total population),SP.URB.TOTL.IN.ZS,38.0398695478936
Heavily indebted poor countries (HIPC),HPC,Trade (% of GDP),NE.TRD.GNFS.ZS,56.8747124505342
Heavily indebted poor countries (HIPC),HPC,Renewable energy consumption (% of total final energy consumption),EG.FEC.RNEW.ZS,..
High income,HIC,Carbon dioxide (CO2) emissions excluding LULUCF per capita (t CO2e/capita),EN.GHG.CO2.PC.CE.AR5,10.2341685138303
High income,HIC,GDP per capita (constant 2015 US$),NY.GDP.PCAP.KD,40751.2002459135
High income,HIC,Energy use (kg of oil equivalent per capita),EG.USE.PCAP.KG.OE,4550.45532367848
High income,HIC,Urban population (% of total population),SP.URB.TOTL.IN.ZS,80.941962138335
High income,HIC,Trade (% of GDP),NE.TRD.GNFS.ZS,67.4005056667149
High income,HIC,Renewable energy consumption (% of total final energy consumption),EG.FEC.RNEW.ZS,..
IBRD only,IBD,Carbon dioxide (CO2) emissions excluding LULUCF per capita (t CO2e/capita),EN.GHG.CO2.PC.CE.AR5,4.91691314841078
IBRD only,IBD,GDP per capita (constant 2015 US$),NY.GDP.PCAP.KD,7003.87183239032
IBRD only,IBD,Energy use (kg of oil equivalent per capita),EG.USE.PCAP.KG.OE,1713.28798703433
IBRD only,IBD,Urban population (% of total population),SP.URB.TOTL.IN.ZS,57.4051949405733
IBRD only,IBD,Trade (% of GDP),NE.TRD.GNFS.ZS,54.1589791628141
IBRD only,IBD,Renewable energy consumption (% of total final energy consumption),EG.FEC.RNEW.ZS,..
IDA & IBRD total,IBT,Carbon dioxide (CO2) emissions excluding LULUCF per capita (t CO2e/capita),EN.GHG.CO2.PC.CE.AR5,3.73032044778014
IDA & IBRD total,IBT,GDP per capita (constant 2015 US$),NY.GDP.PCAP.KD,5481.60568741774
IDA & IBRD total,IBT,Energy use (kg of oil equivalent per capita),EG.USE.PCAP.KG.OE,1381.83689015579
IDA & IBRD total,IBT,Urban population (% of total population),SP.URB.TOTL.IN.ZS,52.3261779252217
IDA & IBRD total,IBT,Trade (% of GDP),NE.TRD.GNFS.ZS,54.0246646416888
IDA & IBRD total,IBT,Renewable energy consumption (% of total final energy consumption),EG.FEC.RNEW.ZS,..
IDA blend,IDB,Carbon dioxide (CO2) emissions excluding LULUCF per capita (t CO2e/capita),EN.GHG.CO2.PC.CE.AR5,0.87099440792787
IDA blend,IDB,GDP per capita (constant 2015 US$),NY.GDP.PCAP.KD,2064.46816484506
IDA blend,IDB,Energy use (kg of oil equivalent per capita),EG.USE.PCAP.KG.OE,477.044311254525
IDA blend,IDB,Urban population (% of total population),SP.URB.TOTL.IN.ZS,44.5056762549498
IDA blend,IDB,Trade (% of GDP),NE.TRD.GNFS.ZS,..
IDA blend,IDB,Renewable energy consumption (% of total final energy consumption),EG.FEC.RNEW.ZS,..
IDA only,IDX,Carbon dioxide (CO2) emissions excluding LULUCF per capita (t CO2e/capita),EN.GHG.CO2.PC.CE.AR5,0.422469027228882
IDA only,IDX,GDP per capita (constant 2015 US$),NY.GDP.PCAP.KD,1138.5954330942
IDA only,IDX,Energy use (kg of oil equivalent per capita),EG.USE.PCAP.KG.OE,372.93417690592
IDA only,IDX,Urban population (% of total population),SP.URB.TOTL.IN.ZS,35.8907865413649
IDA only,IDX,Trade (% of GDP),NE.TRD.GNFS.ZS,55.3175586741706
IDA only,IDX,Renewable energy consumption (% of total final energy consumption),EG.FEC.RNEW.ZS,..
IDA total,IDA,Carbon dioxide (CO2) emissions excluding LULUCF per capita (t CO2e/capita),EN.GHG.CO2.PC.CE.AR5,0.580199912812205
IDA total,IDA,GDP per capita (constant 2015 US$),NY.GDP.PCAP.KD,1461.96193294782
IDA total,IDA,Energy use (kg of oil equivalent per capita),EG.USE.PCAP.KG.OE,412.359659732814
IDA total,IDA,Urban population (% of total population),SP.URB.TOTL.IN.ZS,38.9024403010933
IDA total,IDA,Trade (% of GDP),NE.TRD.GNFS.ZS,51.5690768520705
IDA total,IDA,Renewable energy consumption (% of total final energy consumption),EG.FEC.RNEW.ZS,..
Late-demographic dividend,LTE,Carbon dioxide (CO2) emissions excluding LULUCF per capita (t CO2e/capita),EN.GHG.CO2.PC.CE.AR5,7.66328778044126
Late-demographic dividend,LTE,GDP per capita (constant 2015 US$),NY.GDP.PCAP.KD,10944.899622712
Late-demographic dividend,LTE,Energy use (kg of oil equivalent per capita),EG.USE.PCAP.KG.OE,2556.02970767273
Late-demographic dividend,LTE,Urban population (% of total population),SP.URB.TOTL.IN.ZS,65.6035316403987
Late-demographic dividend,LTE,Trade (% of GDP),NE.TRD.GNFS.ZS,57.6895361175491
Late-demographic dividend,LTE,Renewable energy consumption (% of total final energy consumption),EG.FEC.RNEW.ZS,..
Latin America & Caribbean,LCN,Carbon dioxide (CO2) emissions excluding LULUCF per capita (t CO2e/capita),EN.GHG.CO2.PC.CE.AR5,2.62023736260935
Latin America & Caribbean,LCN,GDP per capita (constant 2015 US$),NY.GDP.PCAP.KD,8961.37737419156
Latin America & Caribbean,LCN,Energy use (kg of oil equivalent per capita),EG.USE.PCAP.KG.OE,1325.27039009953
Latin America & Caribbean,LCN,Urban population (% of total population),SP.URB.TOTL.IN.ZS,81.5649153564557
Latin America & Caribbean,LCN,Trade (% of GDP),NE.TRD.GNFS.ZS,57.5513455877963
Latin America & Caribbean,LCN,Renewable energy consumption (% of total final energy consumption),EG.FEC.RNEW.ZS,..
Latin America & Caribbean (excluding high income),LAC,Carbon dioxide (CO2) emissions excluding LULUCF per capita (t CO2e/capita),EN.GHG.CO2.PC.CE.AR5,2.50585939025418
Latin America & Caribbean (excluding high income),LAC,GDP per capita (constant 2015 US$),NY.GDP.PCAP.KD,8403.21343200064
Latin America & Caribbean (excluding high income),LAC,Energy use (kg of oil equivalent per capita),EG.USE.PCAP.KG.OE,1270.31990096236
Latin America & Caribbean (excluding high income),LAC,Urban population (% of total population),SP.URB.TOTL.IN.ZS,81.1442610510058
Latin America & Caribbean (excluding high income),LAC,Trade (% of GDP),NE.TRD.GNFS.ZS,55.160270137976
Latin America & Caribbean (excluding high income),LAC,Renewable energy consumption (% of total final energy consumption),EG.FEC.RNEW.ZS,..
Latin America & the Caribbean (IDA & IBRD countries),TLA,Carbon dioxide (CO2) emissions excluding LULUCF per capita (t CO2e/capita),EN.GHG.CO2.PC.CE.AR5,2.62546537790332
Latin America & the Caribbean (IDA & IBRD countries),TLA,GDP per capita (constant 2015 US$),NY.GDP.PCAP.KD,8840.33081627037
Latin America & the Caribbean (IDA & IBRD countries),TLA,Energy use (kg of oil equivalent per capita),EG.USE.PCAP.KG.OE,1333.08703165238
Latin America & the Caribbean (IDA & IBRD countries),TLA,Urban population (% of total population),SP.URB.TOTL.IN.ZS,81.5750058081646
Latin America & the Caribbean (IDA & IBRD countries),TLA,Trade (% of GDP),NE.TRD.GNFS.ZS,56.2378167048525
Latin America & the Caribbean (IDA & IBRD countries),TLA,Renewable energy consumption (% of total final energy consumption),EG.FEC.RNEW.ZS,..
Least developed countries: UN classification,LDC,Carbon dioxide (CO2) emissions excluding LULUCF per capita (t CO2e/capita),EN.GHG.CO2.PC.CE.AR5,0.3750024385562
Least developed countries: UN classification,LDC,GDP per capita (constant 2015 US$),NY.GDP.PCAP.KD,1057.29193908212
Least developed countries: UN classification,LDC,Energy use (kg of oil equivalent per capita),EG.USE.PCAP.KG.OE,365.276380642804
Least developed countries: UN classification,LDC,Urban population (% of total population),SP.URB.TOTL.IN.ZS,35.8497135775292
Least developed countries: UN classification,LDC,Trade (% of GDP),NE.TRD.GNFS.ZS,53.6388098253684
Least developed countries: UN classification,LDC,Renewable energy consumption (% of total final energy consumption),EG.FEC.RNEW.ZS,..
Low & middle income,LMY,Carbon dioxide (CO2) emissions excluding LULUCF per capita (t CO2e/capita),EN.GHG.CO2.PC.CE.AR5,3.52715065003218
Low & middle income,LMY,GDP per capita (constant 2015 US$),NY.GDP.PCAP.KD,5266.51603000027
Low & middle income,LMY,Energy use (kg of oil equivalent per capita),EG.USE.PCAP.KG.OE,1284.74825982987
Low & middle income,LMY,Urban population (% of total population),SP.URB.TOTL.IN.ZS,52.1006417998491
Low & middle income,LMY,Trade (% of GDP),NE.TRD.GNFS.ZS,52.5942256211751
Low & middle income,LMY,Renewable energy consumption (% of total final energy consumption),EG.FEC.RNEW.ZS,..
Low income,LIC,Carbon dioxide (CO2) emissions excluding LULUCF per capita (t CO2e/capita),EN.GHG.CO2.PC.CE.AR5,0.319975877627563
Low income,LIC,GDP per capita (constant 2015 US$),NY.GDP.PCAP.KD,688.262798221044
Low income,LIC,Energy use (kg of oil equivalent per capita),EG.USE.PCAP.KG.OE,352.454980459215
Low income,LIC,Urban population (% of total population),SP.URB.TOTL.IN.ZS,37.1420380582929
Low income,LIC,Trade (% of GDP),NE.TRD.GNFS.ZS,55.7296051150728
Low income,LIC,Renewable energy consumption (% of total final energy consumption),EG.FEC.RNEW.ZS,..
Lower middle income,LMC,Carbon dioxide (CO2) emissions excluding LULUCF per capita (t CO2e/capita),EN.GHG.CO2.PC.CE.AR5,1.50650316179469
Lower middle income,LMC,GDP per capita (constant 2015 US$),NY.GDP.PCAP.KD,2235.50331742032
Lower middle income,LMC,Energy use (kg of oil equivalent per capita),EG.USE.PCAP.KG.OE,626.550285358857
Lower middle income,LMC,Urban population (% of total population),SP.URB.TOTL.IN.ZS,40.4516375248882
Lower middle income,LMC,Trade (% of GDP),NE.TRD.GNFS.ZS,60.5004948133472
Lower middle income,LMC,Renewable energy consumption (% of total final energy consumption),EG.FEC.RNEW.ZS,..
"Middle East, North Africa, Afghanistan & Pakistan",MEA,Carbon dioxide (CO2) emissions excluding LULUCF per capita (t CO2e/capita),EN.GHG.CO2.PC.CE.AR5,3.96005289316307
"Middle East, North Africa, Afghanistan & Pakistan",MEA,GDP per capita (constant 2015 US$),NY.GDP.PCAP.KD,5451.27422521319
"Middle East, North Africa, Afghanistan & Pakistan",MEA,Energy use (kg of oil equivalent per capita),EG.USE.PCAP.KG.OE,1628.23219448934
"Middle East, North Africa, Afghanistan & Pakistan",MEA,Urban population (% of total population),SP.URB.TOTL.IN.ZS,54.9664853093317
"Middle East, North Africa, Afghanistan & Pakistan",MEA,Trade (% of GDP),NE.TRD.GNFS.ZS,78.9699454042478
"Middle East, North Africa, Afghanistan & Pakistan",MEA,Renewable energy consumption (% of total final energy consumption),EG.FEC.RNEW.ZS,..
"Middle East, North Africa, Afghanistan & Pakistan (excluding high income)",MNA,Carbon dioxide (CO2) emissions excluding LULUCF per capita (t CO2e/capita),EN.GHG.CO2.PC.CE.AR5,2.59466661499863
"Middle East, North Africa, Afghanistan & Pakistan (excluding high income)",MNA,GDP per capita (constant 2015 US$),NY.GDP.PCAP.KD,2975.28809857382
"Middle East, North Africa, Afghanistan & Pakistan (excluding high income)",MNA,Energy use (kg of oil equivalent per capita),EG.USE.PCAP.KG.OE,1069.76511209856
"Middle East, North Africa, Afghanistan & Pakistan (excluding high income)",MNA,Urban population (% of total population),SP.URB.TOTL.IN.ZS,51.8947837283828
"Middle East, North Africa, Afghanistan & Pakistan (excluding high income)",MNA,Trade (% of GDP),NE.TRD.GNFS.ZS,59.3054485969899
"Middle East, North Africa, Afghanistan & Pakistan (excluding high income)",MNA,Renewable energy consumption (% of total final energy consumption),EG.FEC.RNEW.ZS,..
"Middle East, North Africa, Afghanistan & Pakistan (IDA & IBRD)",TMN,Carbon dioxide (CO2) emissions excluding LULUCF per capita (t CO2e/capita),EN.GHG.CO2.PC.CE.AR5,2.59466661499863
"Middle East, North Africa, Afghanistan & Pakistan (IDA & IBRD)",TMN,GDP per capita (constant 2015 US$),NY.GDP.PCAP.KD,2974.40428671687
"Middle East, North Africa, Afghanistan & Pakistan (IDA & IBRD)",TMN,Energy use (kg of oil equivalent per capita),EG.USE.PCAP.KG.OE,1069.76511209856
"Middle East, North Africa, Afghanistan & Pakistan (IDA & IBRD)",TMN,Urban population (% of total population),SP.URB.TOTL.IN.ZS,51.7147486556237
"Middle East, North Africa, Afghanistan & Pakistan (IDA & IBRD)",TMN,Trade (% of GDP),NE.TRD.GNFS.ZS,59.0940883219549
"Middle East, North Africa, Afghanistan & Pakistan (IDA & IBRD)",TMN,Renewable energy consumption (% of total final energy consumption),EG.FEC.RNEW.ZS,..
Middle income,MIC,Carbon dioxide (CO2) emissions excluding LULUCF per capita (t CO2e/capita),EN.GHG.CO2.PC.CE.AR5,3.84632368463524
Middle income,MIC,GDP per capita (constant 2015 US$),NY.GDP.PCAP.KD,5729.39633464263
Middle income,MIC,Energy use (kg of oil equivalent per capita),EG.USE.PCAP.KG.OE,1357.51111895772
Middle income,MIC,Urban population (% of total population),SP.URB.TOTL.IN.ZS,53.6143634433195
Middle income,MIC,Trade (% of GDP),NE.TRD.GNFS.ZS,52.5570406054129
Middle income,MIC,Renewable energy consumption (% of total final energy consumption),EG.FEC.RNEW.ZS,..
North America,NAC,Carbon dioxide (CO2) emissions excluding LULUCF per capita (t CO2e/capita),EN.GHG.CO2.PC.CE.AR5,14.3754034456739
North America,NAC,GDP per capita (constant 2015 US$),NY.GDP.PCAP.KD,62273.1096789565
North America,NAC,Energy use (kg of oil equivalent per capita),EG.USE.PCAP.KG.OE,6623.01242612294
North America,NAC,Urban population (% of total population),SP.URB.TOTL.IN.ZS,82.9479010196301
North America,NAC,Trade (% of GDP),NE.TRD.GNFS.ZS,30.3580190365947
North America,NAC,Renewable energy consumption (% of total final energy consumption),EG.FEC.RNEW.ZS,..
Not classified,INX,Carbon dioxide (CO2) emissions excluding LULUCF per capita (t CO2e/capita),EN.GHG.CO2.PC.CE.AR5,..
Not classified,INX,GDP per capita (constant 2015 US$),NY.GDP.PCAP.KD,..
Not classified,INX,Energy use (kg of oil equivalent per capita),EG.USE.PCAP.KG.OE,..
Not classified,INX,Urban population (% of total population),SP.URB.TOTL.IN.ZS,..
Not classified,INX,Trade (% of GDP),NE.TRD.GNFS.ZS,..
Not classified,INX,Renewable energy consumption (% of total final energy consumption),EG.FEC.RNEW.ZS,..
OECD members,OED,Carbon dioxide (CO2) emissions excluding LULUCF per capita (t CO2e/capita),EN.GHG.CO2.PC.CE.AR5,8.3638876333677
OECD members,OED,GDP per capita (constant 2015 US$),NY.GDP.PCAP.KD,39468.2756007532
OECD members,OED,Energy use (kg of oil equivalent per capita),EG.USE.PCAP.KG.OE,3776.37133627745
OECD members,OED,Urban population (% of total population),SP.URB.TOTL.IN.ZS,81.4656772954836
OECD members,OED,Trade (% of GDP),NE.TRD.GNFS.ZS,63.1504747967182
OECD members,OED,Renewable energy consumption (% of total final energy consumption),EG.FEC.RNEW.ZS,..
Other small states,OSS,Carbon dioxide (CO2) emissions excluding LULUCF per capita (t CO2e/capita),EN.GHG.CO2.PC.CE.AR5,4.03292436698299
Other small states,OSS,GDP per capita (constant 2015 US$),NY.GDP.PCAP.KD,12087.8229301698
Other small states,OSS,Energy use (kg of oil equivalent per capita),EG.USE.PCAP.KG.OE,..
Other small states,OSS,Urban population (% of total population),SP.URB.TOTL.IN.ZS,55.5597027670278
Other small states,OSS,Trade (% of GDP),NE.TRD.GNFS.ZS,160.737375485372
Other small states,OSS,Renewable energy consumption (% of total final energy consumption),EG.FEC.RNEW.ZS,..
Pacific island small states,PSS,Carbon dioxide (CO2) emissions excluding LULUCF per capita (t CO2e/capita),EN.GHG.CO2.PC.CE.AR5,1.8747018597925
Pacific island small states,PSS,GDP per capita (constant 2015 US$),NY.GDP.PCAP.KD,3668.29674204619
Pacific island small states,PSS,Energy use (kg of oil equivalent per capita),EG.USE.PCAP.KG.OE,..
Pacific island small states,PSS,Urban population (% of total population),SP.URB.TOTL.IN.ZS,39.2714686784769
Pacific island small states,PSS,Trade (% of GDP),NE.TRD.GNFS.ZS,99.3894131343613
Pacific island small states,PSS,Renewable energy consumption (% of total final energy consumption),EG.FEC.RNEW.ZS,..
Post-demographic dividend,PST,Carbon dioxide (CO2) emissions excluding LULUCF per capita (t CO2e/capita),EN.GHG.CO2.PC.CE.AR5,9.27937959844673
Post-demographic dividend,PST,GDP per capita (constant 2015 US$),NY.GDP.PCAP.KD,45272.358271736
Post-demographic dividend,PST,Energy use (kg of oil equivalent per capita),EG.USE.PCAP.KG.OE,4269.08791165734
Post-demographic dividend,PST,Urban population (% of total population),SP.URB.TOTL.IN.ZS,82.0738786885386
Post-demographic dividend,PST,Trade (% of GDP),NE.TRD.GNFS.ZS,64.4815704194581
Post-demographic dividend,PST,Renewable energy consumption (% of total final energy consumption),EG.FEC.RNEW.ZS,..
Pre-demographic dividend,PRE,Carbon dioxide (CO2) emissions excluding LULUCF per capita (t CO2e/capita),EN.GHG.CO2.PC.CE.AR5,0.529081603302775
Pre-demographic dividend,PRE,GDP per capita (constant 2015 US$),NY.GDP.PCAP.KD,1447.11431883708
Pre-demographic dividend,PRE,Energy use (kg of oil equivalent per capita),EG.USE.PCAP.KG.OE,437.442485972398
Pre-demographic dividend,PRE,Urban population (% of total population),SP.URB.TOTL.IN.ZS,43.6418701367517
Pre-demographic dividend,PRE,Trade (% of GDP),NE.TRD.GNFS.ZS,..
Pre-demographic dividend,PRE,Renewable energy consumption (% of total final energy consumption),EG.FEC.RNEW.ZS,..
Small states,SST,Carbon dioxide (CO2) emissions excluding LULUCF per capita (t CO2e/capita),EN.GHG.CO2.PC.CE.AR5,4.73812006844693
Small states,SST,GDP per capita (constant 2015 US$),NY.GDP.PCAP.KD,11647.2862412552
Small states,SST,Energy use (kg of oil equivalent per capita),EG.USE.PCAP.KG.OE,..
Small states,SST,Urban population (% of total population),SP.URB.TOTL.IN.ZS,51.8158557665979
Small states,SST,Trade (% of GDP),NE.TRD.GNFS.ZS,150.182056010581
Small states,SST,Renewable energy consumption (% of total final energy consumption),EG.FEC.RNEW.ZS,..
South Asia,SAS,Carbon dioxide (CO2) emissions excluding LULUCF per capita (t CO2e/capita),EN.GHG.CO2.PC.CE.AR5,1.76382962922912
South Asia,SAS,GDP per capita (constant 2015 US$),NY.GDP.PCAP.KD,2079.70096055062
South Asia,SAS,Energy use (kg of oil equivalent per capita),EG.USE.PCAP.KG.OE,676.416819508078
South Asia,SAS,Urban population (% of total population),SP.URB.TOTL.IN.ZS,35.7853207636492
South Asia,SAS,Trade (% of GDP),NE.TRD.GNFS.ZS,48.8421504664658
South Asia,SAS,Renewable energy consumption (% of total final energy consumption),EG.FEC.RNEW.ZS,..
South Asia (IDA & IBRD),TSA,Carbon dioxide (CO2) emissions excluding LULUCF per capita (t CO2e/capita),EN.GHG.CO2.PC.CE.AR5,1.76382962922912
South Asia (IDA & IBRD),TSA,GDP per capita (constant 2015 US$),NY.GDP.PCAP.KD,2079.70096055062
South Asia (IDA & IBRD),TSA,Energy use (kg of oil equivalent per capita),EG.USE.PCAP.KG.OE,676.416819508078
South Asia (IDA & IBRD),TSA,Urban population (% of total population),SP.URB.TOTL.IN.ZS,35.7853207636492
South Asia (IDA & IBRD),TSA,Trade (% of GDP),NE.TRD.GNFS.ZS,48.8421504664657
South Asia (IDA & IBRD),TSA,Renewable energy consumption (% of total final energy consumption),EG.FEC.RNEW.ZS,..
Sub-Saharan Africa,SSF,Carbon dioxide (CO2) emissions excluding LULUCF per capita (t CO2e/capita),EN.GHG.CO2.PC.CE.AR5,0.689420940290208
Sub-Saharan Africa,SSF,GDP per capita (constant 2015 US$),NY.GDP.PCAP.KD,1584.93033748502
Sub-Saharan Africa,SSF,Energy use (kg of oil equivalent per capita),EG.USE.PCAP.KG.OE,480.247369181107
Sub-Saharan Africa,SSF,Urban population (% of total population),SP.URB.TOTL.IN.ZS,42.4493969365686
Sub-Saharan Africa,SSF,Trade (% of GDP),NE.TRD.GNFS.ZS,60.3047826134558
Sub-Saharan Africa,SSF,Renewable energy consumption (% of total final energy consumption),EG.FEC.RNEW.ZS,..
Sub-Saharan Africa (excluding high income),SSA,Carbon dioxide (CO2) emissions excluding LULUCF per capita (t CO2e/capita),EN.GHG.CO2.PC.CE.AR5,0.752370199044447
Sub-Saharan Africa (excluding high income),SSA,GDP per capita (constant 2015 US$),NY.GDP.PCAP.KD,1667.5908121005
Sub-Saharan Africa (excluding high income),SSA,Energy use (kg of oil equivalent per capita),EG.USE.PCAP.KG.OE,493.303887825375
Sub-Saharan Africa (excluding high income),SSA,Urban population (% of total population),SP.URB.TOTL.IN.ZS,44.6956889472847
Sub-Saharan Africa (excluding high income),SSA,Trade (% of GDP),NE.TRD.GNFS.ZS,61.968462841866
Sub-Saharan Africa (excluding high income),SSA,Renewable energy consumption (% of total final energy consumption),EG.FEC.RNEW.ZS,..
Sub-Saharan Africa (IDA & IBRD countries),TSS,Carbon dioxide (CO2) emissions excluding LULUCF per capita (t CO2e/capita),EN.GHG.CO2.PC.CE.AR5,0.689420940290208
Sub-Saharan Africa (IDA & IBRD countries),TSS,GDP per capita (constant 2015 US$),NY.GDP.PCAP.KD,1584.93033748502
Sub-Saharan Africa (IDA & IBRD countries),TSS,Energy use (kg of oil equivalent per capita),EG.USE.PCAP.KG.OE,480.247369181107
Sub-Saharan Africa (IDA & IBRD countries),TSS,Urban population (% of total population),SP.URB.TOTL.IN.ZS,42.4493969365686
Sub-Saharan Africa (IDA & IBRD countries),TSS,Trade (% of GDP),NE.TRD.GNFS.ZS,60.3047826134558
Sub-Saharan Africa (IDA & IBRD countries),TSS,Renewable energy consumption (% of total final energy consumption),EG.FEC.RNEW.ZS,..
Upper middle income,UMC,Carbon dioxide (CO2) emissions excluding LULUCF per capita (t CO2e/capita),EN.GHG.CO2.PC.CE.AR5,6.39040171974322
Upper middle income,UMC,GDP per capita (constant 2015 US$),NY.GDP.PCAP.KD,9522.30699359525
Upper middle income,UMC,Energy use (kg of oil equivalent per capita),EG.USE.PCAP.KG.OE,2141.42959432448
Upper middle income,UMC,Urban population (% of total population),SP.URB.TOTL.IN.ZS,67.9126119225171
Upper middle income,UMC,Trade (% of GDP),NE.TRD.GNFS.ZS,50.8089626385085
Upper middle income,UMC,Renewable energy consumption (% of total final energy consumption),EG.FEC.RNEW.ZS,..
World,WLD,Carbon dioxide (CO2) emissions excluding LULUCF per capita (t CO2e/capita),EN.GHG.CO2.PC.CE.AR5,4.63181673071043
World,WLD,GDP per capita (constant 2015 US$),NY.GDP.PCAP.KD,11428.5478109765
World,WLD,Energy use (kg of oil equivalent per capita),EG.USE.PCAP.KG.OE,1853.46458517393
World,WLD,Urban population (% of total population),SP.URB.TOTL.IN.ZS,56.815715402616
World,WLD,Trade (% of GDP),NE.TRD.GNFS.ZS,62.6053973154262
World,WLD,Renewable energy consumption (% of total final energy consumption),EG.FEC.RNEW.ZS,..
,,,,
,,,,
,,,,
Data from database: World Development Indicators,,,,
Last Updated: 10/07/2025,,,,
Code,License Type,Indicator Name,Short definition,Long definition,Source,Topic,Dataset,Unit of measure,Periodicity,Reference period,Aggregation method,Statistical concept and methodology,Development relevance,Limitations and exceptions,License URL
EN.GHG.CO2.PC.CE.AR5,CC BY-4.0,Carbon dioxide (CO2) emissions excluding LULUCF per capita (t CO2e/capita),"Total annual emissions of carbon dioxide (CO2), one of the six Kyoto greenhouse gases (GHG), from the agriculture, energy, waste, and industrial sectors, excluding LULUCF, standardized to carbon dioxide equivalent values divided by the economy's population. This measure excludes GHG fluxes caused by Land Use Change Land Use and Forestry (LULUCF), as these fluxes have larger uncertainties.","Total annual emissions of carbon dioxide (CO2), one of the six Kyoto greenhouse gases (GHG), from the agriculture, energy, waste, and industrial sectors, excluding LULUCF, standardized to carbon dioxide equivalent values divided by the economy's population. This measure excludes GHG fluxes caused by Land Use Change Land Use and Forestry (LULUCF), as these fluxes have larger uncertainties.","EDGAR (Emissions Database for Global Atmospheric Research) Community GHG Database, Joint Research Centre (JRC) - European Commission, uri: https://edgar.jrc.ec.europa.eu/dataset_ghg2032, publisher: JRC European Commission, date published: 2024;
International Energy Agency (IEA), uri: https://edgar.jrc.ec.europa.eu/dataset_ghg2032, publisher: JRC European Commission, date published: 2024",Environment: Emissions,WDI,t CO2e/capita,Annual,1970-2023,Weighted average using population as weights,"Methodology: EDGAR compiles data from multiple authoritative sources, including: International Energy Agency (IEA) – Energy consumption data, United Nations Framework Convention on Climate Change (UNFCCC) – National GHG inventories, Food and Agriculture Organization (FAO) – Agricultural emissions, World Bank & National Statistics Offices – Socioeconomic and industrial data, Scientific Literature & IPCC Guidelines – Emission factors and methodologies. 



EDGAR follows the IPCC (Intergovernmental Panel on Climate Change) Guidelines for National Greenhouse Gas Inventories to estimate emissions. The core equation is:



?? =??×????



Where:



E = Total emissions (kg, tons, or CO2-equivalent)



A = Activity data (e.g., fuel consumption, production levels)



EF = Emission factor (kg of pollutant per unit of activity)







Depending on the pollutant, different tiers of complexity are used:



Tier 1 – Default IPCC emission factors (simple estimation)



Tier 2 – Country/region-specific emission factors



Tier 3 – Detailed process-based models (highest accuracy)","Anthropogenic (human-caused) emissions of global greenhouse gases, including carbon dioxide (CO2), methane (CH4), nitrous oxide (NO2) and F-gases, lead to an increase of the concentration of greenhouse gases in the atmosphere, which in turn causes atmospheric warming by trapping heat in the atmosphere (greenhouse gas effect). Atmospheric warming leads to climatic changes causing more frequent and extreme weather events and higher temperatures globally, leading to large impacts across the globe and particularly in developing countries that often have a limited means to adapt and build resilience. The international scientific community has warned that emissions need to decline to net zero by the middle of the 21st century to limit global warming to well below a 2deg C increase and help avoid the most consequential climate change impacts. 











Climate change is having a disproportionate impact on developing countries and if unabated will not only reverse past development progress and hinder poverty reduction but will also make future development more costly. Country level assessments of the potential climate change impacts on specific developing countries, performed as part of the World Bank’s Country Climate and Development Reports (CCDRs), show that climate change will have a significant impact on developing countries’ economies, ranging from about 0.5% of GDP for higher income developing countries to over 13% for the lowest income developing countries. The costs of partial adaptation to these changes will be significant as well -- ranging between 1 and 10% of developing countries’ GDP.","Global GHG emissions are currently not directly measurable, but approaches for their estimation exist, and numerous sources exist to supply data for this indicator. Reputable scientific organizations produce these data for use for research, policy analysis, climate negotiations, and broader public communications. The estimated accuracy from fossil fuel combustion and industrial processes are quite high, as quantities of fossil fuels and other emissive materials (such as cement and steel) produced are well known. For these sectors, emissions estimates are roughly accurate to within 10% when aggregated to the global level and between 4% and 35% at the country level (Crippa et al., 2023). For non- combustion and non- industrial process emissions, the accuracy is lower. Agricultural emissions, for example, depend upon many factors including the type of crops grown and livestock raised, specific agricultural practices, and other climate and non-climate factors. For these emissions, the accuracy is lower—around 30% for CH4 and fluorinated gases (HFCs, PFCs, and SF6).",https://datacatalog.worldbank.org/public-licenses#cc-by
NY.GDP.PCAP.KD,CC BY-4.0,GDP per capita (constant 2015 US$),"Gross domestic product is the total income earned through the production of goods and services in an economic territory during an accounting period. It can be measured in three different ways: using either the expenditure approach, the income approach, or the production approach. The core indicator has been divided by the general population to achieve a per capita estimate.This indicator is expressed in constant prices, meaning the series has been adjusted to account for price changes over time. The reference year for this adjustment is 2015. This indicator is expressed in United States dollars.","Gross domestic product is the total income earned through the production of goods and services in an economic territory during an accounting period. It can be measured in three different ways: using either the expenditure approach, the income approach, or the production approach. The core indicator has been divided by the general population to achieve a per capita estimate.This indicator is expressed in constant prices, meaning the series has been adjusted to account for price changes over time. The reference year for this adjustment is 2015. This indicator is expressed in United States dollars.","Country official statistics, National Statistical Organizations and/or Central Banks;
National Accounts data files, Organisation for Economic Co-operation and Development (OECD);
Staff estimates, World Bank (WB)",Economic Policy & Debt: National accounts: US$ at constant 2015 prices: Aggregate indicators,WDI,constant 2015 US$,Annual,1960-2024,Weighted average,"Methodology: National accounts are compiled in accordance with international standards: System of National Accounts, 2008 or 1993 versions. Specific information on how countries compile their national accounts can be found on the IMF website: https://dsbb.imf.org/ Per capita estimates are divided by the total population.
Statistical concept(s): The conceptual elements of the SNA (System of National Accounts) measure what takes place in the economy, between which agents, and for what purpose. At the heart of the SNA is the production of goods and services. These may be used for consumption in the period to which the accounts relate or may be accumulated for use in a later period. In simple terms, the amount of value added generated by production represents GDP. The income corresponding to GDP is distributed to the various agents or groups of agents as income and it is the process of distributing and redistributing income that allows one agent to consume the goods and services produced by another agent or to acquire goods and services for later consumption. The way in which the SNA captures this pattern of economic flows is to identify the activities concerned by recognizing the institutional units in the economy and by specifying the structure of accounts capturing the transactions relevant to one stage or another of the process by which goods and services are produced and ultimately consumed.","This indicator is related to the national accounts, which are critical for understanding and managing a country's economy. They provide a framework for the analysis of economic performance. National accounts are the basis for estimating the Gross Domestic Product (GDP) and Gross National Income (GNI), which are the most widely used indicator of economic performance. They are essential for government policymakers, providing the data needed to design and assess fiscal and monetary policies; and are also used by businesses and investors to assess the economic climate and make investment decisions. NAS enable comparison between economies, which is crucial for international trade, investment decisions, and economic competitiveness. More specifically, this indicator is related to national accounts aggregates. Gross Domestic Product (GDP), Gross National Income (GNI), and other aggregates provide a snapshot of the size and health of an economy by measuring the total economic activity within a country. They can thus be used by policymakers to design and implement economic policies, as they reflect the overall economic performance and can indicate the need for intervention in certain areas. Aggregates also allow for comparisons between different economies, which can be useful for trade negotiations, investment decisions, and economic benchmarking. By examining aggregates over time, economists and analysts can identify trends, cycles, and potential areas of concern within an economy, and investors can use national accounts aggregates to assess the potential risks and returns of investing in a particular country. Overall, national accounts aggregates are fundamental tools for economic analysis, policy formulation, and decision-making at both the national and international levels.",,https://datacatalog.worldbank.org/public-licenses#cc-by
EG.USE.PCAP.KG.OE,CC BY-4.0,Energy use (kg of oil equivalent per capita),"Energy use refers to use of primary energy before transformation to other end-use fuels, which is equal to indigenous production plus imports and stock changes, minus exports and fuels supplied to ships and aircraft engaged in international transport.","Energy use refers to use of primary energy before transformation to other end-use fuels, which is equal to indigenous production plus imports and stock changes, minus exports and fuels supplied to ships and aircraft engaged in international transport.","IEA Energy Statistics Data Browser, International Energy Agency (IEA), uri: https://www.iea.org/data-and-statistics/data-tools/energy-statistics-data-browser, publisher: International Energy Agency (IEA), date accessed: 2025-03-25",Environment: Energy production & use,WDI,kg of oil equivalent per capita,Annual,1960-2023,Weighted average,"Methodology: Total energy use refers to the use of primary energy before transformation to other end-use fuels (such as electricity and refined petroleum products). It includes energy from combustible renewables and waste - solid biomass and animal products, gas and liquid from biomass, and industrial and municipal waste. Biomass is any plant matter used directly as fuel or converted into fuel, heat, or electricity. World Bank population estimates are used to calculate per capita data.













Energy data are compiled by the International Energy Agency (IEA). IEA data for economies that are not members of the Organisation for Economic Co-operation and Development (OECD) are based on national energy data adjusted to conform to annual questionnaires completed by OECD member governments.













Data for combustible renewables and waste are often based on small surveys or other incomplete information and thus give only a broad impression of developments and are not strictly comparable across countries. The IEA reports include country notes that explain some of these differences. All forms of energy - primary energy and primary electricity - are converted into oil equivalents. A notional thermal efficiency of 33 percent is assumed for converting nuclear electricity into oil equivalents and 100 percent efficiency for converting hydroelectric power.","In developing economies growth in energy use is closely related to growth in the modern sectors - industry, motorized transport, and urban areas - but energy use also reflects climatic, geographic, and economic factors (such as the relative price of energy). Energy use has been growing rapidly in low- and middle-income economies, but high-income economies still use almost five times as much energy on a per capita basis.













Governments in many countries are increasingly aware of the urgent need to make better use of the world's energy resources. Improved energy efficiency is often the most economic and readily available means of improving energy security and reducing greenhouse gas emissions.","The IEA makes these estimates in consultation with national statistical offices, oil companies, electric utilities, and national energy experts. The IEA occasionally revises its time series to reflect political changes, and energy statistics undergo continual changes in coverage or methodology as more detailed energy accounts become available. Breaks in series are therefore unavoidable.",https://datacatalog.worldbank.org/public-licenses#cc-by
SP.URB.TOTL.IN.ZS,CC BY-4.0,Urban population (% of total population),Urban population refers to people living in urban areas as defined by national statistical offices. The data are collected and smoothed by United Nations Population Division.,Urban population refers to people living in urban areas as defined by national statistical offices. The data are collected and smoothed by United Nations Population Division.,"World Urbanization Prospects, United Nations (UN), uri: https://population.un.org/wup/, publisher: UN Population Division",Environment: Density & urbanization,WDI,Percentage,Annual,1960-2024,Weighted average,Methodology: Percentages urban are the numbers of persons residing in an area defined as ''urban'' per 100 total population.
Statistical concept(s): Urban population refers to people living in urban areas as defined by national statistical offices. Particular caution should be used in interpreting the figures for percentage urban for different countries. Countries differ in the way they classify population as "urban" or "rural." The population of a city or metropolitan area depends on the boundaries chosen.,"Explosive growth of cities globally signifies the demographic transition from rural to urban, and is associated with shifts from an agriculture-based economy to mass industry, technology, and service.







In principle, cities offer a more favorable setting for the resolution of social and environmental problems than rural areas. Cities generate jobs and income, and deliver education, health care and other services. Cities also present opportunities for social mobilization and women's empowerment.","Aggregation of urban and rural population may not add up to total population because of different country coverage. There is no consistent and universally accepted standard for distinguishing urban from rural areas, in part because of the wide variety of situations across countries.







Most countries use an urban classification related to the size or characteristics of settlements. Some define urban areas based on the presence of certain infrastructure and services. And other countries designate urban areas based on administrative arrangements. Because of national differences in the characteristics that distinguish urban from rural areas, the distinction between urban and rural population is not amenable to a single definition that would be applicable to all countries.







Estimates of the world's urban population would change significantly if China, India, and a few other populous nations were to change their definition of urban centers. 







Because the estimates of city and metropolitan area are based on national definitions of what constitutes a city or metropolitan area, cross-country comparisons should be made with caution.",https://datacatalog.worldbank.org/public-licenses#cc-by
NE.TRD.GNFS.ZS,CC BY-4.0,Trade (% of GDP),Trade is the sum of exports and imports of goods and services. This indicator is expressed as a percentage of Gross Domestic Product (GDP) which is the total income earned through the production of goods and services in an economic territory during an accounting period.,Trade is the sum of exports and imports of goods and services. This indicator is expressed as a percentage of Gross Domestic Product (GDP) which is the total income earned through the production of goods and services in an economic territory during an accounting period.,"Country official statistics, National Statistical Organizations and/or Central Banks;
National Accounts data files, Organisation for Economic Co-operation and Development (OECD);
Staff estimates, World Bank (WB)",Economic Policy & Debt: National accounts: Shares of GDP & other,WDI,%,Annual,1960-2024,Weighted average,"Methodology: National accounts are compiled in accordance with international standards: System of National Accounts, 2008 or 1993 versions. Specific information on how countries compile their national accounts can be found on the IMF website: https://dsbb.imf.org/
Statistical concept(s): The conceptual elements of the SNA (System of National Accounts) measure what takes place in the economy, between which agents, and for what purpose. At the heart of the SNA is the production of goods and services. These may be used for consumption in the period to which the accounts relate or may be accumulated for use in a later period. In simple terms, the amount of value added generated by production represents GDP. The income corresponding to GDP is distributed to the various agents or groups of agents as income and it is the process of distributing and redistributing income that allows one agent to consume the goods and services produced by another agent or to acquire goods and services for later consumption. The way in which the SNA captures this pattern of economic flows is to identify the activities concerned by recognizing the institutional units in the economy and by specifying the structure of accounts capturing the transactions relevant to one stage or another of the process by which goods and services are produced and ultimately consumed.","This indicator is related to the national accounts, which are critical for understanding and managing a country's economy. They provide a framework for the analysis of economic performance. National accounts are the basis for estimating the Gross Domestic Product (GDP) and Gross National Income (GNI), which are the most widely used indicator of economic performance. They are essential for government policymakers, providing the data needed to design and assess fiscal and monetary policies; and are also used by businesses and investors to assess the economic climate and make investment decisions. NAS enable comparison between economies, which is crucial for international trade, investment decisions, and economic competitiveness. More specifically, this indicator is related to the expenditure approach used to calculate GDP, which focuses on the total amount of spending on final goods and services within an economy over a specific period. Unlike the production approach, which looks at the supply side by summing the value of output produced by all sectors, the expenditure approach looks at the demand side by summing all expenditures. This demand-side analysis provides insights into the spending behaviors of different sectors, including households, businesses, the government, and foreign entities. Also, by breaking down expenditures into categories like consumption, investment, government spending, and net exports, it helps identify which components are driving or hindering economic growth. This approach can thus be used to assess the effectiveness of fiscal and monetary policies. Overall, the expenditure approach is crucial for understanding the dynamics of an economy, guiding policy decisions, and providing a comprehensive view of economic activity from the perspective of total spending.",,https://datacatalog.worldbank.org/public-licenses#cc-by
EG.FEC.RNEW.ZS,CC BY-4.0,Renewable energy consumption (% of total final energy consumption),Renewable energy consumption is the share of renewables energy in total final energy consumption.,Renewable energy consumption is the share of renewables energy in total final energy consumption.,"IEA Energy Statistics Data Browser, International Energy Agency (IEA), uri: https://www.iea.org/data-and-statistics/data-tools/energy-statistics-data-browser, publisher: International Energy Agency (IEA), date accessed: 2025-03-25",Environment: Energy production & use,WDI,% (share) of final energy consumption,Annual,1990-2022,Weighted average,"Methodology: The numerator includes the direct consumption of renewable energy sources plus the final consumption of gross electricity and heat estimated to have come from renewable sources, while the denominator is the total final energy consumption of all energy products.
Statistical concept(s):",,,https://datacatalog.worldbank.org/public-licenses#cc-by
