Country Name,Country Code,Series Name,Series Code,2022 [YR2022]
Afghanistan,AFG,Carbon dioxide (CO2) emissions excluding LULUCF per capita (t CO2e/capita),EN.GHG.CO2.PC.CE.AR5,0.20355189
Afghanistan,AFG,GDP per capita (constant 2015 US$),NY.GDP.PCAP.KD,377.6656271
Afghanistan,AFG,Energy use (kg of oil equivalent per capita),EG.USE.PCAP.KG.OE,..
Afghanistan,AFG,Urban population (% of total population),SP.URB.TOTL.IN.ZS,26.616
Afghanistan,AFG,Trade (% of GDP),NE.TRD.GNFS.ZS,72.88546961
Afghanistan,AFG,Renewable energy consumption (% of total final energy consumption),EG.FEC.RNEW.ZS,20
Albania,ALB,Carbon dioxide (CO2) emissions excluding LULUCF per capita (t CO2e/capita),EN.GHG.CO2.PC.CE.AR5,1.659293031
Albania,ALB,GDP per capita (constant 2015 US$),NY.GDP.PCAP.KD,5178.884315
Albania,ALB,Energy use (kg of oil equivalent per capita),EG.USE.PCAP.KG.OE,780.7386239
Albania,ALB,Urban population (% of total population),SP.URB.TOTL.IN.ZS,63.799
Albania,ALB,Trade (% of GDP),NE.TRD.GNFS.ZS,84.6980571
Albania,ALB,Renewable energy consumption (% of total final energy consumption),EG.FEC.RNEW.ZS,..
Algeria,DZA,Carbon dioxide (CO2) emissions excluding LULUCF per capita (t CO2e/capita),EN.GHG.CO2.PC.CE.AR5,4.104114245
Algeria,DZA,GDP per capita (constant 2015 US$),NY.GDP.PCAP.KD,4544.466881
Algeria,DZA,Energy use (kg of oil equivalent per capita),EG.USE.PCAP.KG.OE,1499.51
Algeria,DZA,Urban population (% of total population),SP.URB.TOTL.IN.ZS,74.772
Algeria,DZA,Trade (% of GDP),NE.TRD.GNFS.ZS,51.20237574
Algeria,DZA,Renewable energy consumption (% of total final energy consumption),EG.FEC.RNEW.ZS,..
American Samoa,ASM,Carbon dioxide (CO2) emissions excluding LULUCF per capita (t CO2e/capita),EN.GHG.CO2.PC.CE.AR5,0.002068595
American Samoa,ASM,GDP per capita (constant 2015 US$),NY.GDP.PCAP.KD,13709.09749
American Samoa,ASM,Energy use (kg of oil equivalent per capita),EG.USE.PCAP.KG.OE,..
American Samoa,ASM,Urban population (% of total population),SP.URB.TOTL.IN.ZS,87.196
American Samoa,ASM,Trade (% of GDP),NE.TRD.GNFS.ZS,124.684271
American Samoa,ASM,Renewable energy consumption (% of total final energy consumption),EG.FEC.RNEW.ZS,0.4
Andorra,AND,Carbon dioxide (CO2) emissions excluding LULUCF per capita (t CO2e/capita),EN.GHG.CO2.PC.CE.AR5,..
Andorra,AND,GDP per capita (constant 2015 US$),NY.GDP.PCAP.KD,39780.39661
Andorra,AND,Energy use (kg of oil equivalent per capita),EG.USE.PCAP.KG.OE,..
Andorra,AND,Urban population (% of total population),SP.URB.TOTL.IN.ZS,87.811
Andorra,AND,Trade (% of GDP),NE.TRD.GNFS.ZS,..
Andorra,AND,Renewable energy consumption (% of total final energy consumption),EG.FEC.RNEW.ZS,18.7
Angola,AGO,Carbon dioxide (CO2) emissions excluding LULUCF per capita (t CO2e/capita),EN.GHG.CO2.PC.CE.AR5,0.767587421
Angola,AGO,GDP per capita (constant 2015 US$),NY.GDP.PCAP.KD,2382.02264
Angola,AGO,Energy use (kg of oil equivalent per capita),EG.USE.PCAP.KG.OE,423.1225176
Angola,AGO,Urban population (% of total population),SP.URB.TOTL.IN.ZS,68.081
Angola,AGO,Trade (% of GDP),NE.TRD.GNFS.ZS,69.69107051
Angola,AGO,Renewable energy consumption (% of total final energy consumption),EG.FEC.RNEW.ZS,..
Antigua and Barbuda,ATG,Carbon dioxide (CO2) emissions excluding LULUCF per capita (t CO2e/capita),EN.GHG.CO2.PC.CE.AR5,3.301378716
Antigua and Barbuda,ATG,GDP per capita (constant 2015 US$),NY.GDP.PCAP.KD,17456.87222
Antigua and Barbuda,ATG,Energy use (kg of oil equivalent per capita),EG.USE.PCAP.KG.OE,..
Antigua and Barbuda,ATG,Urban population (% of total population),SP.URB.TOTL.IN.ZS,24.346
Antigua and Barbuda,ATG,Trade (% of GDP),NE.TRD.GNFS.ZS,117.7035278
Antigua and Barbuda,ATG,Renewable energy consumption (% of total final energy consumption),EG.FEC.RNEW.ZS,0.9
Argentina,ARG,Carbon dioxide (CO2) emissions excluding LULUCF per capita (t CO2e/capita),EN.GHG.CO2.PC.CE.AR5,4.26096743
Argentina,ARG,GDP per capita (constant 2015 US$),NY.GDP.PCAP.KD,13182.7934
Argentina,ARG,Energy use (kg of oil equivalent per capita),EG.USE.PCAP.KG.OE,1808.760213
Argentina,ARG,Urban population (% of total population),SP.URB.TOTL.IN.ZS,92.347
Argentina,ARG,Trade (% of GDP),NE.TRD.GNFS.ZS,31.54770801
Argentina,ARG,Renewable energy consumption (% of total final energy consumption),EG.FEC.RNEW.ZS,..
Armenia,ARM,Carbon dioxide (CO2) emissions excluding LULUCF per capita (t CO2e/capita),EN.GHG.CO2.PC.CE.AR5,2.454971036
Armenia,ARM,GDP per capita (constant 2015 US$),NY.GDP.PCAP.KD,4791.004817
Armenia,ARM,Energy use (kg of oil equivalent per capita),EG.USE.PCAP.KG.OE,1347.590557
Armenia,ARM,Urban population (% of total population),SP.URB.TOTL.IN.ZS,63.573
Armenia,ARM,Trade (% of GDP),NE.TRD.GNFS.ZS,101.4107783
Armenia,ARM,Renewable energy consumption (% of total final energy consumption),EG.FEC.RNEW.ZS,..
Aruba,ABW,Carbon dioxide (CO2) emissions excluding LULUCF per capita (t CO2e/capita),EN.GHG.CO2.PC.CE.AR5,4.684558755
Aruba,ABW,GDP per capita (constant 2015 US$),NY.GDP.PCAP.KD,29917.12803
Aruba,ABW,Energy use (kg of oil equivalent per capita),EG.USE.PCAP.KG.OE,..
Aruba,ABW,Urban population (% of total population),SP.URB.TOTL.IN.ZS,44.052
Aruba,ABW,Trade (% of GDP),NE.TRD.GNFS.ZS,172.8841717
Aruba,ABW,Renewable energy consumption (% of total final energy consumption),EG.FEC.RNEW.ZS,8.8
Australia,AUS,Carbon dioxide (CO2) emissions excluding LULUCF per capita (t CO2e/capita),EN.GHG.CO2.PC.CE.AR5,14.41042324
Australia,AUS,GDP per capita (constant 2015 US$),NY.GDP.PCAP.KD,61009.80771
Australia,AUS,Energy use (kg of oil equivalent per capita),EG.USE.PCAP.KG.OE,4942.984807
Australia,AUS,Urban population (% of total population),SP.URB.TOTL.IN.ZS,86.488
Australia,AUS,Trade (% of GDP),NE.TRD.GNFS.ZS,45.82177023
Australia,AUS,Renewable energy consumption (% of total final energy consumption),EG.FEC.RNEW.ZS,..
Austria,AUT,Carbon dioxide (CO2) emissions excluding LULUCF per capita (t CO2e/capita),EN.GHG.CO2.PC.CE.AR5,6.771146749
Austria,AUT,GDP per capita (constant 2015 US$),NY.GDP.PCAP.KD,47250.9696
Austria,AUT,Energy use (kg of oil equivalent per capita),EG.USE.PCAP.KG.OE,3486.729433
Austria,AUT,Urban population (% of total population),SP.URB.TOTL.IN.ZS,59.256
Austria,AUT,Trade (% of GDP),NE.TRD.GNFS.ZS,124.3834515
Austria,AUT,Renewable energy consumption (% of total final energy consumption),EG.FEC.RNEW.ZS,..
Azerbaijan,AZE,Carbon dioxide (CO2) emissions excluding LULUCF per capita (t CO2e/capita),EN.GHG.CO2.PC.CE.AR5,3.887571344
Azerbaijan,AZE,GDP per capita (constant 2015 US$),NY.GDP.PCAP.KD,5599.585251
Azerbaijan,AZE,Energy use (kg of oil equivalent per capita),EG.USE.PCAP.KG.OE,1714.03726
Azerbaijan,AZE,Urban population (% of total population),SP.URB.TOTL.IN.ZS,57.17
Azerbaijan,AZE,Trade (% of GDP),NE.TRD.GNFS.ZS,86.98227325
Azerbaijan,AZE,Renewable energy consumption (% of total final energy consumption),EG.FEC.RNEW.ZS,..
"Bahamas, The",BHS,Carbon dioxide (CO2) emissions excluding LULUCF per capita (t CO2e/capita),EN.GHG.CO2.PC.CE.AR5,4.01672293
"Bahamas, The",BHS,GDP per capita (constant 2015 US$),NY.GDP.PCAP.KD,32186.51398
"Bahamas, The",BHS,Energy use (kg of oil equivalent per capita),EG.USE.PCAP.KG.OE,..
"Bahamas, The",BHS,Urban population (% of total population),SP.URB.TOTL.IN.ZS,83.492
"Bahamas, The",BHS,Trade (% of GDP),NE.TRD.GNFS.ZS,75.98296011
"Bahamas, The",BHS,Renewable energy consumption (% of total final energy consumption),EG.FEC.RNEW.ZS,1.1
Bahrain,BHR,Carbon dioxide (CO2) emissions excluding LULUCF per capita (t CO2e/capita),EN.GHG.CO2.PC.CE.AR5,23.80092255
Bahrain,BHR,GDP per capita (constant 2015 US$),NY.GDP.PCAP.KD,25234.40256
Bahrain,BHR,Energy use (kg of oil equivalent per capita),EG.USE.PCAP.KG.OE,10701.79276
Bahrain,BHR,Urban population (% of total population),SP.URB.TOTL.IN.ZS,89.743
Bahrain,BHR,Trade (% of GDP),NE.TRD.GNFS.ZS,167.1412412
Bahrain,BHR,Renewable energy consumption (% of total final energy consumption),EG.FEC.RNEW.ZS,..
Bangladesh,BGD,Carbon dioxide (CO2) emissions excluding LULUCF per capita (t CO2e/capita),EN.GHG.CO2.PC.CE.AR5,0.732520444
Bangladesh,BGD,GDP per capita (constant 2015 US$),NY.GDP.PCAP.KD,1804.349346
Bangladesh,BGD,Energy use (kg of oil equivalent per capita),EG.USE.PCAP.KG.OE,297.1183563
Bangladesh,BGD,Urban population (% of total population),SP.URB.TOTL.IN.ZS,39.711
Bangladesh,BGD,Trade (% of GDP),NE.TRD.GNFS.ZS,33.77996727
Bangladesh,BGD,Renewable energy consumption (% of total final energy consumption),EG.FEC.RNEW.ZS,..
Barbados,BRB,Carbon dioxide (CO2) emissions excluding LULUCF per capita (t CO2e/capita),EN.GHG.CO2.PC.CE.AR5,2.691291381
Barbados,BRB,GDP per capita (constant 2015 US$),NY.GDP.PCAP.KD,18959.33516
Barbados,BRB,Energy use (kg of oil equivalent per capita),EG.USE.PCAP.KG.OE,..
Barbados,BRB,Urban population (% of total population),SP.URB.TOTL.IN.ZS,31.324
Barbados,BRB,Trade (% of GDP),NE.TRD.GNFS.ZS,..
Barbados,BRB,Renewable energy consumption (% of total final energy consumption),EG.FEC.RNEW.ZS,5.5
Belarus,BLR,Carbon dioxide (CO2) emissions excluding LULUCF per capita (t CO2e/capita),EN.GHG.CO2.PC.CE.AR5,6.158015039
Belarus,BLR,GDP per capita (constant 2015 US$),NY.GDP.PCAP.KD,6206.619097
Belarus,BLR,Energy use (kg of oil equivalent per capita),EG.USE.PCAP.KG.OE,2862.487035
Belarus,BLR,Urban population (% of total population),SP.URB.TOTL.IN.ZS,80.326
Belarus,BLR,Trade (% of GDP),NE.TRD.GNFS.ZS,120.0242076
Belarus,BLR,Renewable energy consumption (% of total final energy consumption),EG.FEC.RNEW.ZS,..
Belgium,BEL,Carbon dioxide (CO2) emissions excluding LULUCF per capita (t CO2e/capita),EN.GHG.CO2.PC.CE.AR5,7.68302111
Belgium,BEL,GDP per capita (constant 2015 US$),NY.GDP.PCAP.KD,44596.786
Belgium,BEL,Energy use (kg of oil equivalent per capita),EG.USE.PCAP.KG.OE,4368.445626
Belgium,BEL,Urban population (% of total population),SP.URB.TOTL.IN.ZS,98.153
Belgium,BEL,Trade (% of GDP),NE.TRD.GNFS.ZS,191.9394441
Belgium,BEL,Renewable energy consumption (% of total final energy consumption),EG.FEC.RNEW.ZS,..
Belize,BLZ,Carbon dioxide (CO2) emissions excluding LULUCF per capita (t CO2e/capita),EN.GHG.CO2.PC.CE.AR5,0.649810172
Belize,BLZ,GDP per capita (constant 2015 US$),NY.GDP.PCAP.KD,6269.379974
Belize,BLZ,Energy use (kg of oil equivalent per capita),EG.USE.PCAP.KG.OE,..
Belize,BLZ,Urban population (% of total population),SP.URB.TOTL.IN.ZS,46.396
Belize,BLZ,Trade (% of GDP),NE.TRD.GNFS.ZS,108.5291741
Belize,BLZ,Renewable energy consumption (% of total final energy consumption),EG.FEC.RNEW.ZS,30.8
Benin,BEN,Carbon dioxide (CO2) emissions excluding LULUCF per capita (t CO2e/capita),EN.GHG.CO2.PC.CE.AR5,0.481049422
Benin,BEN,GDP per capita (constant 2015 US$),NY.GDP.PCAP.KD,1218.496689
Benin,BEN,Energy use (kg of oil equivalent per capita),EG.USE.PCAP.KG.OE,375.8209836
Benin,BEN,Urban population (% of total population),SP.URB.TOTL.IN.ZS,49.534
Benin,BEN,Trade (% of GDP),NE.TRD.GNFS.ZS,44.38159289
Benin,BEN,Renewable energy consumption (% of total final energy consumption),EG.FEC.RNEW.ZS,..
Bermuda,BMU,Carbon dioxide (CO2) emissions excluding LULUCF per capita (t CO2e/capita),EN.GHG.CO2.PC.CE.AR5,5.133670018
Bermuda,BMU,GDP per capita (constant 2015 US$),NY.GDP.PCAP.KD,109642.6719
Bermuda,BMU,Energy use (kg of oil equivalent per capita),EG.USE.PCAP.KG.OE,..
Bermuda,BMU,Urban population (% of total population),SP.URB.TOTL.IN.ZS,100
Bermuda,BMU,Trade (% of GDP),NE.TRD.GNFS.ZS,75.19722503
Bermuda,BMU,Renewable energy consumption (% of total final energy consumption),EG.FEC.RNEW.ZS,0.9
Bhutan,BTN,Carbon dioxide (CO2) emissions excluding LULUCF per capita (t CO2e/capita),EN.GHG.CO2.PC.CE.AR5,2.467237109
Bhutan,BTN,GDP per capita (constant 2015 US$),NY.GDP.PCAP.KD,3349.733096
Bhutan,BTN,Energy use (kg of oil equivalent per capita),EG.USE.PCAP.KG.OE,..
Bhutan,BTN,Urban population (% of total population),SP.URB.TOTL.IN.ZS,43.686
Bhutan,BTN,Trade (% of GDP),NE.TRD.GNFS.ZS,85.57121652
Bhutan,BTN,Renewable energy consumption (% of total final energy consumption),EG.FEC.RNEW.ZS,82.5
Bolivia,BOL,Carbon dioxide (CO2) emissions excluding LULUCF per capita (t CO2e/capita),EN.GHG.CO2.PC.CE.AR5,1.882678651
Bolivia,BOL,GDP per capita (constant 2015 US$),NY.GDP.PCAP.KD,3172.910467
Bolivia,BOL,Energy use (kg of oil equivalent per capita),EG.USE.PCAP.KG.OE,798.2932201
Bolivia,BOL,Urban population (% of total population),SP.URB.TOTL.IN.ZS,70.83
Bolivia,BOL,Trade (% of GDP),NE.TRD.GNFS.ZS,67.75589877
Bolivia,BOL,Renewable energy consumption (% of total final energy consumption),EG.FEC.RNEW.ZS,..
Bosnia and Herzegovina,BIH,Carbon dioxide (CO2) emissions excluding LULUCF per capita (t CO2e/capita),EN.GHG.CO2.PC.CE.AR5,7.087083695
Bosnia and Herzegovina,BIH,GDP per capita (constant 2015 US$),NY.GDP.PCAP.KD,6327.062939
Bosnia and Herzegovina,BIH,Energy use (kg of oil equivalent per capita),EG.USE.PCAP.KG.OE,2270.726376
Bosnia and Herzegovina,BIH,Urban population (% of total population),SP.URB.TOTL.IN.ZS,49.841
Bosnia and Herzegovina,BIH,Trade (% of GDP),NE.TRD.GNFS.ZS,110.2059677
Bosnia and Herzegovina,BIH,Renewable energy consumption (% of total final energy consumption),EG.FEC.RNEW.ZS,..
Botswana,BWA,Carbon dioxide (CO2) emissions excluding LULUCF per capita (t CO2e/capita),EN.GHG.CO2.PC.CE.AR5,2.984845231
Botswana,BWA,GDP per capita (constant 2015 US$),NY.GDP.PCAP.KD,7159.586062
Botswana,BWA,Energy use (kg of oil equivalent per capita),EG.USE.PCAP.KG.OE,1165.149687
Botswana,BWA,Urban population (% of total population),SP.URB.TOTL.IN.ZS,72.224
Botswana,BWA,Trade (% of GDP),NE.TRD.GNFS.ZS,85.61170776
Botswana,BWA,Renewable energy consumption (% of total final energy consumption),EG.FEC.RNEW.ZS,..
Brazil,BRA,Carbon dioxide (CO2) emissions excluding LULUCF per capita (t CO2e/capita),EN.GHG.CO2.PC.CE.AR5,2.277221548
Brazil,BRA,GDP per capita (constant 2015 US$),NY.GDP.PCAP.KD,9032.084816
Brazil,BRA,Energy use (kg of oil equivalent per capita),EG.USE.PCAP.KG.OE,1432.727411
Brazil,BRA,Urban population (% of total population),SP.URB.TOTL.IN.ZS,87.555
Brazil,BRA,Trade (% of GDP),NE.TRD.GNFS.ZS,38.81606598
Brazil,BRA,Renewable energy consumption (% of total final energy consumption),EG.FEC.RNEW.ZS,..
British Virgin Islands,VGB,Carbon dioxide (CO2) emissions excluding LULUCF per capita (t CO2e/capita),EN.GHG.CO2.PC.CE.AR5,1.86330541
British Virgin Islands,VGB,GDP per capita (constant 2015 US$),NY.GDP.PCAP.KD,..
British Virgin Islands,VGB,Energy use (kg of oil equivalent per capita),EG.USE.PCAP.KG.OE,..
British Virgin Islands,VGB,Urban population (% of total population),SP.URB.TOTL.IN.ZS,49.331
British Virgin Islands,VGB,Trade (% of GDP),NE.TRD.GNFS.ZS,..
British Virgin Islands,VGB,Renewable energy consumption (% of total final energy consumption),EG.FEC.RNEW.ZS,1.3
Brunei Darussalam,BRN,Carbon dioxide (CO2) emissions excluding LULUCF per capita (t CO2e/capita),EN.GHG.CO2.PC.CE.AR5,20.7490612
Brunei Darussalam,BRN,GDP per capita (constant 2015 US$),NY.GDP.PCAP.KD,28549.17553
Brunei Darussalam,BRN,Energy use (kg of oil equivalent per capita),EG.USE.PCAP.KG.OE,9537.051561
Brunei Darussalam,BRN,Urban population (% of total population),SP.URB.TOTL.IN.ZS,78.854
Brunei Darussalam,BRN,Trade (% of GDP),NE.TRD.GNFS.ZS,146.9739661
Brunei Darussalam,BRN,Renewable energy consumption (% of total final energy consumption),EG.FEC.RNEW.ZS,..
Bulgaria,BGR,Carbon dioxide (CO2) emissions excluding LULUCF per capita (t CO2e/capita),EN.GHG.CO2.PC.CE.AR5,7.744369497
Bulgaria,BGR,GDP per capita (constant 2015 US$),NY.GDP.PCAP.KD,9601.432713
Bulgaria,BGR,Energy use (kg of oil equivalent per capita),EG.USE.PCAP.KG.OE,2968.656634
Bulgaria,BGR,Urban population (% of total population),SP.URB.TOTL.IN.ZS,76.363
Bulgaria,BGR,Trade (% of GDP),NE.TRD.GNFS.ZS,138.8401468
Bulgaria,BGR,Renewable energy consumption (% of total final energy consumption),EG.FEC.RNEW.ZS,..
Burkina Faso,BFA,Carbon dioxide (CO2) emissions excluding LULUCF per capita (t CO2e/capita),EN.GHG.CO2.PC.CE.AR5,0.27295258
Burkina Faso,BFA,GDP per capita (constant 2015 US$),NY.GDP.PCAP.KD,739.3630212
Burkina Faso,BFA,Energy use (kg of oil equivalent per capita),EG.USE.PCAP.KG.OE,312.9290858
Burkina Faso,BFA,Urban population (% of total population),SP.URB.TOTL.IN.ZS,31.877
Burkina Faso,BFA,Trade (% of GDP),NE.TRD.GNFS.ZS,64.84387392
Burkina Faso,BFA,Renewable energy consumption (% of total final energy consumption),EG.FEC.RNEW.ZS,71.4
Burundi,BDI,Carbon dioxide (CO2) emissions excluding LULUCF per capita (t CO2e/capita),EN.GHG.CO2.PC.CE.AR5,0.063027842
Burundi,BDI,GDP per capita (constant 2015 US$),NY.GDP.PCAP.KD,253.6916416
Burundi,BDI,Energy use (kg of oil equivalent per capita),EG.USE.PCAP.KG.OE,..
Burundi,BDI,Urban population (% of total population),SP.URB.TOTL.IN.ZS,14.417
Burundi,BDI,Trade (% of GDP),NE.TRD.GNFS.ZS,28.31532036
Burundi,BDI,Renewable energy consumption (% of total final energy consumption),EG.FEC.RNEW.ZS,83
Cabo Verde,CPV,Carbon dioxide (CO2) emissions excluding LULUCF per capita (t CO2e/capita),EN.GHG.CO2.PC.CE.AR5,1.995416948
Cabo Verde,CPV,GDP per capita (constant 2015 US$),NY.GDP.PCAP.KD,3997.767633
Cabo Verde,CPV,Energy use (kg of oil equivalent per capita),EG.USE.PCAP.KG.OE,..
Cabo Verde,CPV,Urban population (% of total population),SP.URB.TOTL.IN.ZS,67.545
Cabo Verde,CPV,Trade (% of GDP),NE.TRD.GNFS.ZS,96.99413685
Cabo Verde,CPV,Renewable energy consumption (% of total final energy consumption),EG.FEC.RNEW.ZS,21.8
Cambodia,KHM,Carbon dioxide (CO2) emissions excluding LULUCF per capita (t CO2e/capita),EN.GHG.CO2.PC.CE.AR5,1.008881435
Cambodia,KHM,GDP per capita (constant 2015 US$),NY.GDP.PCAP.KD,2011.274333
Cambodia,KHM,Energy use (kg of oil equivalent per capita),EG.USE.PCAP.KG.OE,501.6441362
Cambodia,KHM,Urban population (% of total population),SP.URB.TOTL.IN.ZS,25.114
Cambodia,KHM,Trade (% of GDP),NE.TRD.GNFS.ZS,145.8736328
Cambodia,KHM,Renewable energy consumption (% of total final energy consumption),EG.FEC.RNEW.ZS,..
Cameroon,CMR,Carbon dioxide (CO2) emissions excluding LULUCF per capita (t CO2e/capita),EN.GHG.CO2.PC.CE.AR5,0.391799288
Cameroon,CMR,GDP per capita (constant 2015 US$),NY.GDP.PCAP.KD,1458.661804
Cameroon,CMR,Energy use (kg of oil equivalent per capita),EG.USE.PCAP.KG.OE,384.1048632
Cameroon,CMR,Urban population (% of total population),SP.URB.TOTL.IN.ZS,58.733
Cameroon,CMR,Trade (% of GDP),NE.TRD.GNFS.ZS,41.28660256
Cameroon,CMR,Renewable energy consumption (% of total final energy consumption),EG.FEC.RNEW.ZS,..
Canada,CAN,Carbon dioxide (CO2) emissions excluding LULUCF per capita (t CO2e/capita),EN.GHG.CO2.PC.CE.AR5,14.77610117
Canada,CAN,GDP per capita (constant 2015 US$),NY.GDP.PCAP.KD,45677.68658
Canada,CAN,Energy use (kg of oil equivalent per capita),EG.USE.PCAP.KG.OE,7578.020936
Canada,CAN,Urban population (% of total population),SP.URB.TOTL.IN.ZS,81.752
Canada,CAN,Trade (% of GDP),NE.TRD.GNFS.ZS,67.31762156
Canada,CAN,Renewable energy consumption (% of total final energy consumption),EG.FEC.RNEW.ZS,..
Cayman Islands,CYM,Carbon dioxide (CO2) emissions excluding LULUCF per capita (t CO2e/capita),EN.GHG.CO2.PC.CE.AR5,4.7422162
Cayman Islands,CYM,GDP per capita (constant 2015 US$),NY.GDP.PCAP.KD,79587.38879
Cayman Islands,CYM,Energy use (kg of oil equivalent per capita),EG.USE.PCAP.KG.OE,..
Cayman Islands,CYM,Urban population (% of total population),SP.URB.TOTL.IN.ZS,100
Cayman Islands,CYM,Trade (% of GDP),NE.TRD.GNFS.ZS,..
Cayman Islands,CYM,Renewable energy consumption (% of total final energy consumption),EG.FEC.RNEW.ZS,0
Central African Republic,CAF,Carbon dioxide (CO2) emissions excluding LULUCF per capita (t CO2e/capita),EN.GHG.CO2.PC.CE.AR5,0.06920308
Central African Republic,CAF,GDP per capita (constant 2015 US$),NY.GDP.PCAP.KD,398.915398
Central African Republic,CAF,Energy use (kg of oil equivalent per capita),EG.USE.PCAP.KG.OE,..
Central African Republic,CAF,Urban population (% of total population),SP.URB.TOTL.IN.ZS,43.12
Central African Republic,CAF,Trade (% of GDP),NE.TRD.GNFS.ZS,45.23357
Central African Republic,CAF,Renewable energy consumption (% of total final energy consumption),EG.FEC.RNEW.ZS,90.9
Chad,TCD,Carbon dioxide (CO2) emissions excluding LULUCF per capita (t CO2e/capita),EN.GHG.CO2.PC.CE.AR5,0.135841619
Chad,TCD,GDP per capita (constant 2015 US$),NY.GDP.PCAP.KD,934.9677328
Chad,TCD,Energy use (kg of oil equivalent per capita),EG.USE.PCAP.KG.OE,198.5447745
Chad,TCD,Urban population (% of total population),SP.URB.TOTL.IN.ZS,24.063
Chad,TCD,Trade (% of GDP),NE.TRD.GNFS.ZS,47.98837843
Chad,TCD,Renewable energy consumption (% of total final energy consumption),EG.FEC.RNEW.ZS,70
Channel Islands,CHI,Carbon dioxide (CO2) emissions excluding LULUCF per capita (t CO2e/capita),EN.GHG.CO2.PC.CE.AR5,..
Channel Islands,CHI,GDP per capita (constant 2015 US$),NY.GDP.PCAP.KD,67513.58009
Channel Islands,CHI,Energy use (kg of oil equivalent per capita),EG.USE.PCAP.KG.OE,..
Channel Islands,CHI,Urban population (% of total population),SP.URB.TOTL.IN.ZS,31.077
Channel Islands,CHI,Trade (% of GDP),NE.TRD.GNFS.ZS,..
Channel Islands,CHI,Renewable energy consumption (% of total final energy consumption),EG.FEC.RNEW.ZS,..
Chile,CHL,Carbon dioxide (CO2) emissions excluding LULUCF per capita (t CO2e/capita),EN.GHG.CO2.PC.CE.AR5,4.543795654
Chile,CHL,GDP per capita (constant 2015 US$),NY.GDP.PCAP.KD,14283.14895
Chile,CHL,Energy use (kg of oil equivalent per capita),EG.USE.PCAP.KG.OE,2124.698482
Chile,CHL,Urban population (% of total population),SP.URB.TOTL.IN.ZS,87.912
Chile,CHL,Trade (% of GDP),NE.TRD.GNFS.ZS,75.20161774
Chile,CHL,Renewable energy consumption (% of total final energy consumption),EG.FEC.RNEW.ZS,..
China,CHN,Carbon dioxide (CO2) emissions excluding LULUCF per capita (t CO2e/capita),EN.GHG.CO2.PC.CE.AR5,8.870590614
China,CHN,GDP per capita (constant 2015 US$),NY.GDP.PCAP.KD,11830.59837
China,CHN,Energy use (kg of oil equivalent per capita),EG.USE.PCAP.KG.OE,2676.48201
China,CHN,Urban population (% of total population),SP.URB.TOTL.IN.ZS,63.56
China,CHN,Trade (% of GDP),NE.TRD.GNFS.ZS,37.44071988
China,CHN,Renewable energy consumption (% of total final energy consumption),EG.FEC.RNEW.ZS,..
Colombia,COL,Carbon dioxide (CO2) emissions excluding LULUCF per capita (t CO2e/capita),EN.GHG.CO2.PC.CE.AR5,1.773562939
Colombia,COL,GDP per capita (constant 2015 US$),NY.GDP.PCAP.KD,6856.725905
Colombia,COL,Energy use (kg of oil equivalent per capita),EG.USE.PCAP.KG.OE,851.2327766
Colombia,COL,Urban population (% of total population),SP.URB.TOTL.IN.ZS,82.05
Colombia,COL,Trade (% of GDP),NE.TRD.GNFS.ZS,48.28265511
Colombia,COL,Renewable energy consumption (% of total final energy consumption),EG.FEC.RNEW.ZS,..
Comoros,COM,Carbon dioxide (CO2) emissions excluding LULUCF per capita (t CO2e/capita),EN.GHG.CO2.PC.CE.AR5,0.380250016
Comoros,COM,GDP per capita (constant 2015 US$),NY.GDP.PCAP.KD,1488.856135
Comoros,COM,Energy use (kg of oil equivalent per capita),EG.USE.PCAP.KG.OE,..
Comoros,COM,Urban population (% of total population),SP.URB.TOTL.IN.ZS,29.864
Comoros,COM,Trade (% of GDP),NE.TRD.GNFS.ZS,50.38877049
Comoros,COM,Renewable energy consumption (% of total final energy consumption),EG.FEC.RNEW.ZS,39.3
"Congo, Dem. Rep.",COD,Carbon dioxide (CO2) emissions excluding LULUCF per capita (t CO2e/capita),EN.GHG.CO2.PC.CE.AR5,0.038008938
"Congo, Dem. Rep.",COD,GDP per capita (constant 2015 US$),NY.GDP.PCAP.KD,511.2992673
"Congo, Dem. Rep.",COD,Energy use (kg of oil equivalent per capita),EG.USE.PCAP.KG.OE,390.8999112
"Congo, Dem. Rep.",COD,Urban population (% of total population),SP.URB.TOTL.IN.ZS,46.837
"Congo, Dem. Rep.",COD,Trade (% of GDP),NE.TRD.GNFS.ZS,93.72866689
"Congo, Dem. Rep.",COD,Renewable energy consumption (% of total final energy consumption),EG.FEC.RNEW.ZS,..
"Congo, Rep.",COG,Carbon dioxide (CO2) emissions excluding LULUCF per capita (t CO2e/capita),EN.GHG.CO2.PC.CE.AR5,1.279116317
"Congo, Rep.",COG,GDP per capita (constant 2015 US$),NY.GDP.PCAP.KD,1686.002344
"Congo, Rep.",COG,Energy use (kg of oil equivalent per capita),EG.USE.PCAP.KG.OE,627.5859662
"Congo, Rep.",COG,Urban population (% of total population),SP.URB.TOTL.IN.ZS,68.736
"Congo, Rep.",COG,Trade (% of GDP),NE.TRD.GNFS.ZS,98.16133669
"Congo, Rep.",COG,Renewable energy consumption (% of total final energy consumption),EG.FEC.RNEW.ZS,..
Costa Rica,CRI,Carbon dioxide (CO2) emissions excluding LULUCF per capita (t CO2e/capita),EN.GHG.CO2.PC.CE.AR5,1.591966571
Costa Rica,CRI,GDP per capita (constant 2015 US$),NY.GDP.PCAP.KD,13686.16141
Costa Rica,CRI,Energy use (kg of oil equivalent per capita),EG.USE.PCAP.KG.OE,1009.21523
Costa Rica,CRI,Urban population (% of total population),SP.URB.TOTL.IN.ZS,82.042
Costa Rica,CRI,Trade (% of GDP),NE.TRD.GNFS.ZS,82.22753254
Costa Rica,CRI,Renewable energy consumption (% of total final energy consumption),EG.FEC.RNEW.ZS,..
Cote d'Ivoire,CIV,Carbon dioxide (CO2) emissions excluding LULUCF per capita (t CO2e/capita),EN.GHG.CO2.PC.CE.AR5,0.485714724
Cote d'Ivoire,CIV,GDP per capita (constant 2015 US$),NY.GDP.PCAP.KD,2227.098452
Cote d'Ivoire,CIV,Energy use (kg of oil equivalent per capita),EG.USE.PCAP.KG.OE,471.7754248
Cote d'Ivoire,CIV,Urban population (% of total population),SP.URB.TOTL.IN.ZS,52.661
Cote d'Ivoire,CIV,Trade (% of GDP),NE.TRD.GNFS.ZS,52.86639104
Cote d'Ivoire,CIV,Renewable energy consumption (% of total final energy consumption),EG.FEC.RNEW.ZS,..
Croatia,HRV,Carbon dioxide (CO2) emissions excluding LULUCF per capita (t CO2e/capita),EN.GHG.CO2.PC.CE.AR5,4.523891099
Croatia,HRV,GDP per capita (constant 2015 US$),NY.GDP.PCAP.KD,16616.39154
Croatia,HRV,Energy use (kg of oil equivalent per capita),EG.USE.PCAP.KG.OE,2154.954833
Croatia,HRV,Urban population (% of total population),SP.URB.TOTL.IN.ZS,58.219
Croatia,HRV,Trade (% of GDP),NE.TRD.GNFS.ZS,125.2138576
Croatia,HRV,Renewable energy consumption (% of total final energy consumption),EG.FEC.RNEW.ZS,..
Cuba,CUB,Carbon dioxide (CO2) emissions excluding LULUCF per capita (t CO2e/capita),EN.GHG.CO2.PC.CE.AR5,1.88498547
Cuba,CUB,GDP per capita (constant 2015 US$),NY.GDP.PCAP.KD,7552.331522
Cuba,CUB,Energy use (kg of oil equivalent per capita),EG.USE.PCAP.KG.OE,815.6158628
Cuba,CUB,Urban population (% of total population),SP.URB.TOTL.IN.ZS,77.401
Cuba,CUB,Trade (% of GDP),NE.TRD.GNFS.ZS,93.86077559
Cuba,CUB,Renewable energy consumption (% of total final energy consumption),EG.FEC.RNEW.ZS,..
Curacao,CUW,Carbon dioxide (CO2) emissions excluding LULUCF per capita (t CO2e/capita),EN.GHG.CO2.PC.CE.AR5,..
Curacao,CUW,GDP per capita (constant 2015 US$),NY.GDP.PCAP.KD,17307.71946
Curacao,CUW,Energy use (kg of oil equivalent per capita),EG.USE.PCAP.KG.OE,5774.970088
Curacao,CUW,Urban population (% of total population),SP.URB.TOTL.IN.ZS,89.025
Curacao,CUW,Trade (% of GDP),NE.TRD.GNFS.ZS,..
Curacao,CUW,Renewable energy consumption (% of total final energy consumption),EG.FEC.RNEW.ZS,..
Cyprus,CYP,Carbon dioxide (CO2) emissions excluding LULUCF per capita (t CO2e/capita),EN.GHG.CO2.PC.CE.AR5,5.396921968
Cyprus,CYP,GDP per capita (constant 2015 US$),NY.GDP.PCAP.KD,31967.54102
Cyprus,CYP,Energy use (kg of oil equivalent per capita),EG.USE.PCAP.KG.OE,1682.704925
Cyprus,CYP,Urban population (% of total population),SP.URB.TOTL.IN.ZS,66.911
Cyprus,CYP,Trade (% of GDP),NE.TRD.GNFS.ZS,207.632427
Cyprus,CYP,Renewable energy consumption (% of total final energy consumption),EG.FEC.RNEW.ZS,..
Czechia,CZE,Carbon dioxide (CO2) emissions excluding LULUCF per capita (t CO2e/capita),EN.GHG.CO2.PC.CE.AR5,9.317035288
Czechia,CZE,GDP per capita (constant 2015 US$),NY.GDP.PCAP.KD,20627.34865
Czechia,CZE,Energy use (kg of oil equivalent per capita),EG.USE.PCAP.KG.OE,3895.629289
Czechia,CZE,Urban population (% of total population),SP.URB.TOTL.IN.ZS,74.377
Czechia,CZE,Trade (% of GDP),NE.TRD.GNFS.ZS,144.0114941
Czechia,CZE,Renewable energy consumption (% of total final energy consumption),EG.FEC.RNEW.ZS,..
Denmark,DNK,Carbon dioxide (CO2) emissions excluding LULUCF per capita (t CO2e/capita),EN.GHG.CO2.PC.CE.AR5,4.767291819
Denmark,DNK,GDP per capita (constant 2015 US$),NY.GDP.PCAP.KD,60248.67122
Denmark,DNK,Energy use (kg of oil equivalent per capita),EG.USE.PCAP.KG.OE,2580.543192
Denmark,DNK,Urban population (% of total population),SP.URB.TOTL.IN.ZS,88.367
Denmark,DNK,Trade (% of GDP),NE.TRD.GNFS.ZS,131.5431511
Denmark,DNK,Renewable energy consumption (% of total final energy consumption),EG.FEC.RNEW.ZS,..
Djibouti,DJI,Carbon dioxide (CO2) emissions excluding LULUCF per capita (t CO2e/capita),EN.GHG.CO2.PC.CE.AR5,0.658255767
Djibouti,DJI,GDP per capita (constant 2015 US$),NY.GDP.PCAP.KD,2959.78673
Djibouti,DJI,Energy use (kg of oil equivalent per capita),EG.USE.PCAP.KG.OE,..
Djibouti,DJI,Urban population (% of total population),SP.URB.TOTL.IN.ZS,78.38
Djibouti,DJI,Trade (% of GDP),NE.TRD.GNFS.ZS,302.2854092
Djibouti,DJI,Renewable energy consumption (% of total final energy consumption),EG.FEC.RNEW.ZS,26.9
Dominica,DMA,Carbon dioxide (CO2) emissions excluding LULUCF per capita (t CO2e/capita),EN.GHG.CO2.PC.CE.AR5,1.134289049
Dominica,DMA,GDP per capita (constant 2015 US$),NY.GDP.PCAP.KD,8590.922091
Dominica,DMA,Energy use (kg of oil equivalent per capita),EG.USE.PCAP.KG.OE,..
Dominica,DMA,Urban population (% of total population),SP.URB.TOTL.IN.ZS,71.7
Dominica,DMA,Trade (% of GDP),NE.TRD.GNFS.ZS,..
Dominica,DMA,Renewable energy consumption (% of total final energy consumption),EG.FEC.RNEW.ZS,8.9
Dominican Republic,DOM,Carbon dioxide (CO2) emissions excluding LULUCF per capita (t CO2e/capita),EN.GHG.CO2.PC.CE.AR5,2.639560335
Dominican Republic,DOM,GDP per capita (constant 2015 US$),NY.GDP.PCAP.KD,8698.135921
Dominican Republic,DOM,Energy use (kg of oil equivalent per capita),EG.USE.PCAP.KG.OE,950.4701053
Dominican Republic,DOM,Urban population (% of total population),SP.URB.TOTL.IN.ZS,83.848
Dominican Republic,DOM,Trade (% of GDP),NE.TRD.GNFS.ZS,54.37819767
Dominican Republic,DOM,Renewable energy consumption (% of total final energy consumption),EG.FEC.RNEW.ZS,..
Ecuador,ECU,Carbon dioxide (CO2) emissions excluding LULUCF per capita (t CO2e/capita),EN.GHG.CO2.PC.CE.AR5,2.370985425
Ecuador,ECU,GDP per capita (constant 2015 US$),NY.GDP.PCAP.KD,6107.49495
Ecuador,ECU,Energy use (kg of oil equivalent per capita),EG.USE.PCAP.KG.OE,904.7399236
Ecuador,ECU,Urban population (% of total population),SP.URB.TOTL.IN.ZS,64.57
Ecuador,ECU,Trade (% of GDP),NE.TRD.GNFS.ZS,61.88079282
Ecuador,ECU,Renewable energy consumption (% of total final energy consumption),EG.FEC.RNEW.ZS,..
"Egypt, Arab Rep.",EGY,Carbon dioxide (CO2) emissions excluding LULUCF per capita (t CO2e/capita),EN.GHG.CO2.PC.CE.AR5,2.19467715
"Egypt, Arab Rep.",EGY,GDP per capita (constant 2015 US$),NY.GDP.PCAP.KD,4029.782955
"Egypt, Arab Rep.",EGY,Energy use (kg of oil equivalent per capita),EG.USE.PCAP.KG.OE,902.4884299
"Egypt, Arab Rep.",EGY,Urban population (% of total population),SP.URB.TOTL.IN.ZS,42.967
"Egypt, Arab Rep.",EGY,Trade (% of GDP),NE.TRD.GNFS.ZS,36.98310488
"Egypt, Arab Rep.",EGY,Renewable energy consumption (% of total final energy consumption),EG.FEC.RNEW.ZS,..
El Salvador,SLV,Carbon dioxide (CO2) emissions excluding LULUCF per capita (t CO2e/capita),EN.GHG.CO2.PC.CE.AR5,1.260763983
El Salvador,SLV,GDP per capita (constant 2015 US$),NY.GDP.PCAP.KD,4355.960839
El Salvador,SLV,Energy use (kg of oil equivalent per capita),EG.USE.PCAP.KG.OE,768.6834295
El Salvador,SLV,Urban population (% of total population),SP.URB.TOTL.IN.ZS,74.767
El Salvador,SLV,Trade (% of GDP),NE.TRD.GNFS.ZS,88.70110938
El Salvador,SLV,Renewable energy consumption (% of total final energy consumption),EG.FEC.RNEW.ZS,..
Equatorial Guinea,GNQ,Carbon dioxide (CO2) emissions excluding LULUCF per capita (t CO2e/capita),EN.GHG.CO2.PC.CE.AR5,2.307233809
Equatorial Guinea,GNQ,GDP per capita (constant 2015 US$),NY.GDP.PCAP.KD,5524.243124
Equatorial Guinea,GNQ,Energy use (kg of oil equivalent per capita),EG.USE.PCAP.KG.OE,1283.935168
Equatorial Guinea,GNQ,Urban population (% of total population),SP.URB.TOTL.IN.ZS,74.01
Equatorial Guinea,GNQ,Trade (% of GDP),NE.TRD.GNFS.ZS,81.81301614
Equatorial Guinea,GNQ,Renewable energy consumption (% of total final energy consumption),EG.FEC.RNEW.ZS,4.2
Eritrea,ERI,Carbon dioxide (CO2) emissions excluding LULUCF per capita (t CO2e/capita),EN.GHG.CO2.PC.CE.AR5,0.19575022
Eritrea,ERI,GDP per capita (constant 2015 US$),NY.GDP.PCAP.KD,..
Eritrea,ERI,Energy use (kg of oil equivalent per capita),EG.USE.PCAP.KG.OE,289.5477947
Eritrea,ERI,Urban population (% of total population),SP.URB.TOTL.IN.ZS,42.625
Eritrea,ERI,Trade (% of GDP),NE.TRD.GNFS.ZS,..
Eritrea,ERI,Renewable energy consumption (% of total final energy consumption),EG.FEC.RNEW.ZS,..
Estonia,EST,Carbon dioxide (CO2) emissions excluding LULUCF per capita (t CO2e/capita),EN.GHG.CO2.PC.CE.AR5,9.332611726
Estonia,EST,GDP per capita (constant 2015 US$),NY.GDP.PCAP.KD,21080.65314
Estonia,EST,Energy use (kg of oil equivalent per capita),EG.USE.PCAP.KG.OE,3559.048932
Estonia,EST,Urban population (% of total population),SP.URB.TOTL.IN.ZS,69.609
Estonia,EST,Trade (% of GDP),NE.TRD.GNFS.ZS,174.5639942
Estonia,EST,Renewable energy consumption (% of total final energy consumption),EG.FEC.RNEW.ZS,..
Eswatini,SWZ,Carbon dioxide (CO2) emissions excluding LULUCF per capita (t CO2e/capita),EN.GHG.CO2.PC.CE.AR5,1.109673587
Eswatini,SWZ,GDP per capita (constant 2015 US$),NY.GDP.PCAP.KD,3680.423268
Eswatini,SWZ,Energy use (kg of oil equivalent per capita),EG.USE.PCAP.KG.OE,958.9169438
Eswatini,SWZ,Urban population (% of total population),SP.URB.TOTL.IN.ZS,24.576
Eswatini,SWZ,Trade (% of GDP),NE.TRD.GNFS.ZS,92.67890422
Eswatini,SWZ,Renewable energy consumption (% of total final energy consumption),EG.FEC.RNEW.ZS,64.7
Ethiopia,ETH,Carbon dioxide (CO2) emissions excluding LULUCF per capita (t CO2e/capita),EN.GHG.CO2.PC.CE.AR5,0.131907278
Ethiopia,ETH,GDP per capita (constant 2015 US$),NY.GDP.PCAP.KD,843.6480053
Ethiopia,ETH,Energy use (kg of oil equivalent per capita),EG.USE.PCAP.KG.OE,377.9217527
Ethiopia,ETH,Urban population (% of total population),SP.URB.TOTL.IN.ZS,22.661
Ethiopia,ETH,Trade (% of GDP),NE.TRD.GNFS.ZS,26.5954997
Ethiopia,ETH,Renewable energy consumption (% of total final energy consumption),EG.FEC.RNEW.ZS,..
Faroe Islands,FRO,Carbon dioxide (CO2) emissions excluding LULUCF per capita (t CO2e/capita),EN.GHG.CO2.PC.CE.AR5,0.038941532
Faroe Islands,FRO,GDP per capita (constant 2015 US$),NY.GDP.PCAP.KD,57829.49056
Faroe Islands,FRO,Energy use (kg of oil equivalent per capita),EG.USE.PCAP.KG.OE,..
Faroe Islands,FRO,Urban population (% of total population),SP.URB.TOTL.IN.ZS,42.779
Faroe Islands,FRO,Trade (% of GDP),NE.TRD.GNFS.ZS,124.535531
Faroe Islands,FRO,Renewable energy consumption (% of total final energy consumption),EG.FEC.RNEW.ZS,7.9
Fiji,FJI,Carbon dioxide (CO2) emissions excluding LULUCF per capita (t CO2e/capita),EN.GHG.CO2.PC.CE.AR5,2.326026569
Fiji,FJI,GDP per capita (constant 2015 US$),NY.GDP.PCAP.KD,5362.786808
Fiji,FJI,Energy use (kg of oil equivalent per capita),EG.USE.PCAP.KG.OE,..
Fiji,FJI,Urban population (% of total population),SP.URB.TOTL.IN.ZS,58.229
Fiji,FJI,Trade (% of GDP),NE.TRD.GNFS.ZS,117.5065596
Fiji,FJI,Renewable energy consumption (% of total final energy consumption),EG.FEC.RNEW.ZS,28.4
Finland,FIN,Carbon dioxide (CO2) emissions excluding LULUCF per capita (t CO2e/capita),EN.GHG.CO2.PC.CE.AR5,6.507021284
Finland,FIN,GDP per capita (constant 2015 US$),NY.GDP.PCAP.KD,46016.14921
Finland,FIN,Energy use (kg of oil equivalent per capita),EG.USE.PCAP.KG.OE,5683.951022
Finland,FIN,Urban population (% of total population),SP.URB.TOTL.IN.ZS,85.681
Finland,FIN,Trade (% of GDP),NE.TRD.GNFS.ZS,94.56253405
Finland,FIN,Renewable energy consumption (% of total final energy consumption),EG.FEC.RNEW.ZS,..
France,FRA,Carbon dioxide (CO2) emissions excluding LULUCF per capita (t CO2e/capita),EN.GHG.CO2.PC.CE.AR5,4.56119638
France,FRA,GDP per capita (constant 2015 US$),NY.GDP.PCAP.KD,38881.22306
France,FRA,Energy use (kg of oil equivalent per capita),EG.USE.PCAP.KG.OE,3105.630063
France,FRA,Urban population (% of total population),SP.URB.TOTL.IN.ZS,81.509
France,FRA,Trade (% of GDP),NE.TRD.GNFS.ZS,75.79014361
France,FRA,Renewable energy consumption (% of total final energy consumption),EG.FEC.RNEW.ZS,..
French Polynesia,PYF,Carbon dioxide (CO2) emissions excluding LULUCF per capita (t CO2e/capita),EN.GHG.CO2.PC.CE.AR5,4.341638788
French Polynesia,PYF,GDP per capita (constant 2015 US$),NY.GDP.PCAP.KD,21019.83748
French Polynesia,PYF,Energy use (kg of oil equivalent per capita),EG.USE.PCAP.KG.OE,..
French Polynesia,PYF,Urban population (% of total population),SP.URB.TOTL.IN.ZS,62.17
French Polynesia,PYF,Trade (% of GDP),NE.TRD.GNFS.ZS,67.23096626
French Polynesia,PYF,Renewable energy consumption (% of total final energy consumption),EG.FEC.RNEW.ZS,7
Gabon,GAB,Carbon dioxide (CO2) emissions excluding LULUCF per capita (t CO2e/capita),EN.GHG.CO2.PC.CE.AR5,2.219482324
Gabon,GAB,GDP per capita (constant 2015 US$),NY.GDP.PCAP.KD,6527.482079
Gabon,GAB,Energy use (kg of oil equivalent per capita),EG.USE.PCAP.KG.OE,2096.245648
Gabon,GAB,Urban population (% of total population),SP.URB.TOTL.IN.ZS,90.735
Gabon,GAB,Trade (% of GDP),NE.TRD.GNFS.ZS,92.06308885
Gabon,GAB,Renewable energy consumption (% of total final energy consumption),EG.FEC.RNEW.ZS,..
"Gambia, The",GMB,Carbon dioxide (CO2) emissions excluding LULUCF per capita (t CO2e/capita),EN.GHG.CO2.PC.CE.AR5,0.236718036
"Gambia, The",GMB,GDP per capita (constant 2015 US$),NY.GDP.PCAP.KD,710.6869794
"Gambia, The",GMB,Energy use (kg of oil equivalent per capita),EG.USE.PCAP.KG.OE,..
"Gambia, The",GMB,Urban population (% of total population),SP.URB.TOTL.IN.ZS,63.852
"Gambia, The",GMB,Trade (% of GDP),NE.TRD.GNFS.ZS,44.72192155
"Gambia, The",GMB,Renewable energy consumption (% of total final energy consumption),EG.FEC.RNEW.ZS,47.7
Georgia,GEO,Carbon dioxide (CO2) emissions excluding LULUCF per capita (t CO2e/capita),EN.GHG.CO2.PC.CE.AR5,3.403068874
Georgia,GEO,GDP per capita (constant 2015 US$),NY.GDP.PCAP.KD,5736.304496
Georgia,GEO,Energy use (kg of oil equivalent per capita),EG.USE.PCAP.KG.OE,1543.5838
Georgia,GEO,Urban population (% of total population),SP.URB.TOTL.IN.ZS,60.297
Georgia,GEO,Trade (% of GDP),NE.TRD.GNFS.ZS,114.6954377
Georgia,GEO,Renewable energy consumption (% of total final energy consumption),EG.FEC.RNEW.ZS,..
Germany,DEU,Carbon dioxide (CO2) emissions excluding LULUCF per capita (t CO2e/capita),EN.GHG.CO2.PC.CE.AR5,7.870139121
Germany,DEU,GDP per capita (constant 2015 US$),NY.GDP.PCAP.KD,44180.42984
Germany,DEU,Energy use (kg of oil equivalent per capita),EG.USE.PCAP.KG.OE,3237.716066
Germany,DEU,Urban population (% of total population),SP.URB.TOTL.IN.ZS,77.648
Germany,DEU,Trade (% of GDP),NE.TRD.GNFS.ZS,89.06412737
Germany,DEU,Renewable energy consumption (% of total final energy consumption),EG.FEC.RNEW.ZS,..
Ghana,GHA,Carbon dioxide (CO2) emissions excluding LULUCF per capita (t CO2e/capita),EN.GHG.CO2.PC.CE.AR5,0.747792885
Ghana,GHA,GDP per capita (constant 2015 US$),NY.GDP.PCAP.KD,2067.208959
Ghana,GHA,Energy use (kg of oil equivalent per capita),EG.USE.PCAP.KG.OE,359.1793791
Ghana,GHA,Urban population (% of total population),SP.URB.TOTL.IN.ZS,58.615
Ghana,GHA,Trade (% of GDP),NE.TRD.GNFS.ZS,70.1154558
Ghana,GHA,Renewable energy consumption (% of total final energy consumption),EG.FEC.RNEW.ZS,..
Gibraltar,GIB,Carbon dioxide (CO2) emissions excluding LULUCF per capita (t CO2e/capita),EN.GHG.CO2.PC.CE.AR5,17.94783164
Gibraltar,GIB,GDP per capita (constant 2015 US$),NY.GDP.PCAP.KD,..
Gibraltar,GIB,Energy use (kg of oil equivalent per capita),EG.USE.PCAP.KG.OE,6522.234993
Gibraltar,GIB,Urban population (% of total population),SP.URB.TOTL.IN.ZS,100
Gibraltar,GIB,Trade (% of GDP),NE.TRD.GNFS.ZS,..
Gibraltar,GIB,Renewable energy consumption (% of total final energy consumption),EG.FEC.RNEW.ZS,..
Greece,GRC,Carbon dioxide (CO2) emissions excluding LULUCF per capita (t CO2e/capita),EN.GHG.CO2.PC.CE.AR5,5.263286487
Greece,GRC,GDP per capita (constant 2015 US$),NY.GDP.PCAP.KD,20595.49526
Greece,GRC,Energy use (kg of oil equivalent per capita),EG.USE.PCAP.KG.OE,1957.798721
Greece,GRC,Urban population (% of total population),SP.URB.TOTL.IN.ZS,80.357
Greece,GRC,Trade (% of GDP),NE.TRD.GNFS.ZS,107.6792079
Greece,GRC,Renewable energy consumption (% of total final energy consumption),EG.FEC.RNEW.ZS,..
Greenland,GRL,Carbon dioxide (CO2) emissions excluding LULUCF per capita (t CO2e/capita),EN.GHG.CO2.PC.CE.AR5,10.16219269
Greenland,GRL,GDP per capita (constant 2015 US$),NY.GDP.PCAP.KD,49679.33654
Greenland,GRL,Energy use (kg of oil equivalent per capita),EG.USE.PCAP.KG.OE,..
Greenland,GRL,Urban population (% of total population),SP.URB.TOTL.IN.ZS,87.727
Greenland,GRL,Trade (% of GDP),NE.TRD.GNFS.ZS,93.36513288
Greenland,GRL,Renewable energy consumption (% of total final energy consumption),EG.FEC.RNEW.ZS,11.7
Grenada,GRD,Carbon dioxide (CO2) emissions excluding LULUCF per capita (t CO2e/capita),EN.GHG.CO2.PC.CE.AR5,1.157270791
Grenada,GRD,GDP per capita (constant 2015 US$),NY.GDP.PCAP.KD,9406.193376
Grenada,GRD,Energy use (kg of oil equivalent per capita),EG.USE.PCAP.KG.OE,..
Grenada,GRD,Urban population (% of total population),SP.URB.TOTL.IN.ZS,36.868
Grenada,GRD,Trade (% of GDP),NE.TRD.GNFS.ZS,..
Grenada,GRD,Renewable energy consumption (% of total final energy consumption),EG.FEC.RNEW.ZS,10
Guam,GUM,Carbon dioxide (CO2) emissions excluding LULUCF per capita (t CO2e/capita),EN.GHG.CO2.PC.CE.AR5,0.002421601
Guam,GUM,GDP per capita (constant 2015 US$),NY.GDP.PCAP.KD,34627.98628
Guam,GUM,Energy use (kg of oil equivalent per capita),EG.USE.PCAP.KG.OE,..
Guam,GUM,Urban population (% of total population),SP.URB.TOTL.IN.ZS,95.091
Guam,GUM,Trade (% of GDP),NE.TRD.GNFS.ZS,71.86685962
Guam,GUM,Renewable energy consumption (% of total final energy consumption),EG.FEC.RNEW.ZS,6.7
Guatemala,GTM,Carbon dioxide (CO2) emissions excluding LULUCF per capita (t CO2e/capita),EN.GHG.CO2.PC.CE.AR5,1.119309596
Guatemala,GTM,GDP per capita (constant 2015 US$),NY.GDP.PCAP.KD,4385.148777
Guatemala,GTM,Energy use (kg of oil equivalent per capita),EG.USE.PCAP.KG.OE,887.8389253
Guatemala,GTM,Urban population (% of total population),SP.URB.TOTL.IN.ZS,52.666
Guatemala,GTM,Trade (% of GDP),NE.TRD.GNFS.ZS,54.43104147
Guatemala,GTM,Renewable energy consumption (% of total final energy consumption),EG.FEC.RNEW.ZS,..
Guinea,GIN,Carbon dioxide (CO2) emissions excluding LULUCF per capita (t CO2e/capita),EN.GHG.CO2.PC.CE.AR5,0.270989888
Guinea,GIN,GDP per capita (constant 2015 US$),NY.GDP.PCAP.KD,987.5025015
Guinea,GIN,Energy use (kg of oil equivalent per capita),EG.USE.PCAP.KG.OE,..
Guinea,GIN,Urban population (% of total population),SP.URB.TOTL.IN.ZS,37.668
Guinea,GIN,Trade (% of GDP),NE.TRD.GNFS.ZS,94.16527269
Guinea,GIN,Renewable energy consumption (% of total final energy consumption),EG.FEC.RNEW.ZS,66.6
Guinea-Bissau,GNB,Carbon dioxide (CO2) emissions excluding LULUCF per capita (t CO2e/capita),EN.GHG.CO2.PC.CE.AR5,0.16931612
Guinea-Bissau,GNB,GDP per capita (constant 2015 US$),NY.GDP.PCAP.KD,750.7311453
Guinea-Bissau,GNB,Energy use (kg of oil equivalent per capita),EG.USE.PCAP.KG.OE,..
Guinea-Bissau,GNB,Urban population (% of total population),SP.URB.TOTL.IN.ZS,45.041
Guinea-Bissau,GNB,Trade (% of GDP),NE.TRD.GNFS.ZS,46.27085662
Guinea-Bissau,GNB,Renewable energy consumption (% of total final energy consumption),EG.FEC.RNEW.ZS,87.4
Guyana,GUY,Carbon dioxide (CO2) emissions excluding LULUCF per capita (t CO2e/capita),EN.GHG.CO2.PC.CE.AR5,4.043391425
Guyana,GUY,GDP per capita (constant 2015 US$),NY.GDP.PCAP.KD,17365.33364
Guyana,GUY,Energy use (kg of oil equivalent per capita),EG.USE.PCAP.KG.OE,..
Guyana,GUY,Urban population (% of total population),SP.URB.TOTL.IN.ZS,27.022
Guyana,GUY,Trade (% of GDP),NE.TRD.GNFS.ZS,..
Guyana,GUY,Renewable energy consumption (% of total final energy consumption),EG.FEC.RNEW.ZS,12.1
Haiti,HTI,Carbon dioxide (CO2) emissions excluding LULUCF per capita (t CO2e/capita),EN.GHG.CO2.PC.CE.AR5,0.294872756
Haiti,HTI,GDP per capita (constant 2015 US$),NY.GDP.PCAP.KD,1256.721436
Haiti,HTI,Energy use (kg of oil equivalent per capita),EG.USE.PCAP.KG.OE,377.5260604
Haiti,HTI,Urban population (% of total population),SP.URB.TOTL.IN.ZS,58.82
Haiti,HTI,Trade (% of GDP),NE.TRD.GNFS.ZS,36.52955028
Haiti,HTI,Renewable energy consumption (% of total final energy consumption),EG.FEC.RNEW.ZS,..
Honduras,HND,Carbon dioxide (CO2) emissions excluding LULUCF per capita (t CO2e/capita),EN.GHG.CO2.PC.CE.AR5,0.987053358
Honduras,HND,GDP per capita (constant 2015 US$),NY.GDP.PCAP.KD,2482.223849
Honduras,HND,Energy use (kg of oil equivalent per capita),EG.USE.PCAP.KG.OE,573.3444451
Honduras,HND,Urban population (% of total population),SP.URB.TOTL.IN.ZS,59.6
Honduras,HND,Trade (% of GDP),NE.TRD.GNFS.ZS,112.6985249
Honduras,HND,Renewable energy consumption (% of total final energy consumption),EG.FEC.RNEW.ZS,..
"Hong Kong SAR, China",HKG,Carbon dioxide (CO2) emissions excluding LULUCF per capita (t CO2e/capita),EN.GHG.CO2.PC.CE.AR5,4.44139067
"Hong Kong SAR, China",HKG,GDP per capita (constant 2015 US$),NY.GDP.PCAP.KD,43281.72145
"Hong Kong SAR, China",HKG,Energy use (kg of oil equivalent per capita),EG.USE.PCAP.KG.OE,1566.396135
"Hong Kong SAR, China",HKG,Urban population (% of total population),SP.URB.TOTL.IN.ZS,100
"Hong Kong SAR, China",HKG,Trade (% of GDP),NE.TRD.GNFS.ZS,384.8811432
"Hong Kong SAR, China",HKG,Renewable energy consumption (% of total final energy consumption),EG.FEC.RNEW.ZS,..
Hungary,HUN,Carbon dioxide (CO2) emissions excluding LULUCF per capita (t CO2e/capita),EN.GHG.CO2.PC.CE.AR5,4.955838966
Hungary,HUN,GDP per capita (constant 2015 US$),NY.GDP.PCAP.KD,16506.4721
Hungary,HUN,Energy use (kg of oil equivalent per capita),EG.USE.PCAP.KG.OE,2672.867655
Hungary,HUN,Urban population (% of total population),SP.URB.TOTL.IN.ZS,72.552
Hungary,HUN,Trade (% of GDP),NE.TRD.GNFS.ZS,183.8080141
Hungary,HUN,Renewable energy consumption (% of total final energy consumption),EG.FEC.RNEW.ZS,..
Iceland,ISL,Carbon dioxide (CO2) emissions excluding LULUCF per capita (t CO2e/capita),EN.GHG.CO2.PC.CE.AR5,8.508048366
Iceland,ISL,GDP per capita (constant 2015 US$),NY.GDP.PCAP.KD,57804.76107
Iceland,ISL,Energy use (kg of oil equivalent per capita),EG.USE.PCAP.KG.OE,15806.78484
Iceland,ISL,Urban population (% of total population),SP.URB.TOTL.IN.ZS,93.992
Iceland,ISL,Trade (% of GDP),NE.TRD.GNFS.ZS,92.07719113
Iceland,ISL,Renewable energy consumption (% of total final energy consumption),EG.FEC.RNEW.ZS,..
India,IND,Carbon dioxide (CO2) emissions excluding LULUCF per capita (t CO2e/capita),EN.GHG.CO2.PC.CE.AR5,1.92281182
India,IND,GDP per capita (constant 2015 US$),NY.GDP.PCAP.KD,2098.211245
India,IND,Energy use (kg of oil equivalent per capita),EG.USE.PCAP.KG.OE,727.9022001
India,IND,Urban population (% of total population),SP.URB.TOTL.IN.ZS,35.872
India,IND,Trade (% of GDP),NE.TRD.GNFS.ZS,50.07527015
India,IND,Renewable energy consumption (% of total final energy consumption),EG.FEC.RNEW.ZS,..
Indonesia,IDN,Carbon dioxide (CO2) emissions excluding LULUCF per capita (t CO2e/capita),EN.GHG.CO2.PC.CE.AR5,2.355083578
Indonesia,IDN,GDP per capita (constant 2015 US$),NY.GDP.PCAP.KD,4024.912253
Indonesia,IDN,Energy use (kg of oil equivalent per capita),EG.USE.PCAP.KG.OE,953.6539285
Indonesia,IDN,Urban population (% of total population),SP.URB.TOTL.IN.ZS,57.934
Indonesia,IDN,Trade (% of GDP),NE.TRD.GNFS.ZS,45.4646702
Indonesia,IDN,Renewable energy consumption (% of total final energy consumption),EG.FEC.RNEW.ZS,..
"Iran, Islamic Rep.",IRN,Carbon dioxide (CO2) emissions excluding LULUCF per capita (t CO2e/capita),EN.GHG.CO2.PC.CE.AR5,8.495505229
"Iran, Islamic Rep.",IRN,GDP per capita (constant 2015 US$),NY.GDP.PCAP.KD,5460.694571
"Iran, Islamic Rep.",IRN,Energy use (kg of oil equivalent per capita),EG.USE.PCAP.KG.OE,3266.122487
"Iran, Islamic Rep.",IRN,Urban population (% of total population),SP.URB.TOTL.IN.ZS,76.807
"Iran, Islamic Rep.",IRN,Trade (% of GDP),NE.TRD.GNFS.ZS,51.59750681
"Iran, Islamic Rep.",IRN,Renewable energy consumption (% of total final energy consumption),EG.FEC.RNEW.ZS,..
Iraq,IRQ,Carbon dioxide (CO2) emissions excluding LULUCF per capita (t CO2e/capita),EN.GHG.CO2.PC.CE.AR5,4.322053972
Iraq,IRQ,GDP per capita (constant 2015 US$),NY.GDP.PCAP.KD,4412.997331
Iraq,IRQ,Energy use (kg of oil equivalent per capita),EG.USE.PCAP.KG.OE,1411.588699
Iraq,IRQ,Urban population (% of total population),SP.URB.TOTL.IN.ZS,71.354
Iraq,IRQ,Trade (% of GDP),NE.TRD.GNFS.ZS,68.75879409
Iraq,IRQ,Renewable energy consumption (% of total final energy consumption),EG.FEC.RNEW.ZS,..
Ireland,IRL,Carbon dioxide (CO2) emissions excluding LULUCF per capita (t CO2e/capita),EN.GHG.CO2.PC.CE.AR5,6.663090878
Ireland,IRL,GDP per capita (constant 2015 US$),NY.GDP.PCAP.KD,98776.15987
Ireland,IRL,Energy use (kg of oil equivalent per capita),EG.USE.PCAP.KG.OE,2600.157406
Ireland,IRL,Urban population (% of total population),SP.URB.TOTL.IN.ZS,64.183
Ireland,IRL,Trade (% of GDP),NE.TRD.GNFS.ZS,232.1294906
Ireland,IRL,Renewable energy consumption (% of total final energy consumption),EG.FEC.RNEW.ZS,..
Isle of Man,IMN,Carbon dioxide (CO2) emissions excluding LULUCF per capita (t CO2e/capita),EN.GHG.CO2.PC.CE.AR5,..
Isle of Man,IMN,GDP per capita (constant 2015 US$),NY.GDP.PCAP.KD,86103.33793
Isle of Man,IMN,Energy use (kg of oil equivalent per capita),EG.USE.PCAP.KG.OE,..
Isle of Man,IMN,Urban population (% of total population),SP.URB.TOTL.IN.ZS,53.271
Isle of Man,IMN,Trade (% of GDP),NE.TRD.GNFS.ZS,..
Isle of Man,IMN,Renewable energy consumption (% of total final energy consumption),EG.FEC.RNEW.ZS,2.7
Israel,ISR,Carbon dioxide (CO2) emissions excluding LULUCF per capita (t CO2e/capita),EN.GHG.CO2.PC.CE.AR5,6.576416427
Israel,ISR,GDP per capita (constant 2015 US$),NY.GDP.PCAP.KD,42516.38881
Israel,ISR,Energy use (kg of oil equivalent per capita),EG.USE.PCAP.KG.OE,2501.420643
Israel,ISR,Urban population (% of total population),SP.URB.TOTL.IN.ZS,92.763
Israel,ISR,Trade (% of GDP),NE.TRD.GNFS.ZS,60.64485267
Israel,ISR,Renewable energy consumption (% of total final energy consumption),EG.FEC.RNEW.ZS,..
Italy,ITA,Carbon dioxide (CO2) emissions excluding LULUCF per capita (t CO2e/capita),EN.GHG.CO2.PC.CE.AR5,5.638792112
Italy,ITA,GDP per capita (constant 2015 US$),NY.GDP.PCAP.KD,33891.88665
Italy,ITA,Energy use (kg of oil equivalent per capita),EG.USE.PCAP.KG.OE,2411.651724
Italy,ITA,Urban population (% of total population),SP.URB.TOTL.IN.ZS,71.657
Italy,ITA,Trade (% of GDP),NE.TRD.GNFS.ZS,72.0165023
Italy,ITA,Renewable energy consumption (% of total final energy consumption),EG.FEC.RNEW.ZS,..
Jamaica,JAM,Carbon dioxide (CO2) emissions excluding LULUCF per capita (t CO2e/capita),EN.GHG.CO2.PC.CE.AR5,2.243281778
Jamaica,JAM,GDP per capita (constant 2015 US$),NY.GDP.PCAP.KD,5215.086058
Jamaica,JAM,Energy use (kg of oil equivalent per capita),EG.USE.PCAP.KG.OE,968.8794198
Jamaica,JAM,Urban population (% of total population),SP.URB.TOTL.IN.ZS,57.008
Jamaica,JAM,Trade (% of GDP),NE.TRD.GNFS.ZS,..
Jamaica,JAM,Renewable energy consumption (% of total final energy consumption),EG.FEC.RNEW.ZS,..
Japan,JPN,Carbon dioxide (CO2) emissions excluding LULUCF per capita (t CO2e/capita),EN.GHG.CO2.PC.CE.AR5,8.071758552
Japan,JPN,GDP per capita (constant 2015 US$),NY.GDP.PCAP.KD,36238.32949
Japan,JPN,Energy use (kg of oil equivalent per capita),EG.USE.PCAP.KG.OE,3129.658617
Japan,JPN,Urban population (% of total population),SP.URB.TOTL.IN.ZS,91.955
Japan,JPN,Trade (% of GDP),NE.TRD.GNFS.ZS,46.81298684
Japan,JPN,Renewable energy consumption (% of total final energy consumption),EG.FEC.RNEW.ZS,..
Jordan,JOR,Carbon dioxide (CO2) emissions excluding LULUCF per capita (t CO2e/capita),EN.GHG.CO2.PC.CE.AR5,1.984299763
Jordan,JOR,GDP per capita (constant 2015 US$),NY.GDP.PCAP.KD,3909.802289
Jordan,JOR,Energy use (kg of oil equivalent per capita),EG.USE.PCAP.KG.OE,754.3055031
Jordan,JOR,Urban population (% of total population),SP.URB.TOTL.IN.ZS,91.827
Jordan,JOR,Trade (% of GDP),NE.TRD.GNFS.ZS,104.0954594
Jordan,JOR,Renewable energy consumption (% of total final energy consumption),EG.FEC.RNEW.ZS,..
Kazakhstan,KAZ,Carbon dioxide (CO2) emissions excluding LULUCF per capita (t CO2e/capita),EN.GHG.CO2.PC.CE.AR5,11.99027143
Kazakhstan,KAZ,GDP per capita (constant 2015 US$),NY.GDP.PCAP.KD,11058.34824
Kazakhstan,KAZ,Energy use (kg of oil equivalent per capita),EG.USE.PCAP.KG.OE,3506.54555
Kazakhstan,KAZ,Urban population (% of total population),SP.URB.TOTL.IN.ZS,57.99
Kazakhstan,KAZ,Trade (% of GDP),NE.TRD.GNFS.ZS,68.33431474
Kazakhstan,KAZ,Renewable energy consumption (% of total final energy consumption),EG.FEC.RNEW.ZS,..
Kenya,KEN,Carbon dioxide (CO2) emissions excluding LULUCF per capita (t CO2e/capita),EN.GHG.CO2.PC.CE.AR5,0.394260456
Kenya,KEN,GDP per capita (constant 2015 US$),NY.GDP.PCAP.KD,1747.531988
Kenya,KEN,Energy use (kg of oil equivalent per capita),EG.USE.PCAP.KG.OE,541.1280499
Kenya,KEN,Urban population (% of total population),SP.URB.TOTL.IN.ZS,29.002
Kenya,KEN,Trade (% of GDP),NE.TRD.GNFS.ZS,33.69113873
Kenya,KEN,Renewable energy consumption (% of total final energy consumption),EG.FEC.RNEW.ZS,..
Kiribati,KIR,Carbon dioxide (CO2) emissions excluding LULUCF per capita (t CO2e/capita),EN.GHG.CO2.PC.CE.AR5,0.722010593
Kiribati,KIR,GDP per capita (constant 2015 US$),NY.GDP.PCAP.KD,1948.243303
Kiribati,KIR,Energy use (kg of oil equivalent per capita),EG.USE.PCAP.KG.OE,..
Kiribati,KIR,Urban population (% of total population),SP.URB.TOTL.IN.ZS,57.058
Kiribati,KIR,Trade (% of GDP),NE.TRD.GNFS.ZS,108.1436605
Kiribati,KIR,Renewable energy consumption (% of total final energy consumption),EG.FEC.RNEW.ZS,41.9
"Korea, Dem. People's Rep.",PRK,Carbon dioxide (CO2) emissions excluding LULUCF per capita (t CO2e/capita),EN.GHG.CO2.PC.CE.AR5,2.258557107
"Korea, Dem. People's Rep.",PRK,GDP per capita (constant 2015 US$),NY.GDP.PCAP.KD,..
"Korea, Dem. People's Rep.",PRK,Energy use (kg of oil equivalent per capita),EG.USE.PCAP.KG.OE,640.514278
"Korea, Dem. People's Rep.",PRK,Urban population (% of total population),SP.URB.TOTL.IN.ZS,62.916
"Korea, Dem. People's Rep.",PRK,Trade (% of GDP),NE.TRD.GNFS.ZS,..
"Korea, Dem. People's Rep.",PRK,Renewable energy consumption (% of total final energy consumption),EG.FEC.RNEW.ZS,..
"Korea, Rep.",KOR,Carbon dioxide (CO2) emissions excluding LULUCF per capita (t CO2e/capita),EN.GHG.CO2.PC.CE.AR5,11.37581528
"Korea, Rep.",KOR,GDP per capita (constant 2015 US$),NY.GDP.PCAP.KD,33690.37888
"Korea, Rep.",KOR,Energy use (kg of oil equivalent per capita),EG.USE.PCAP.KG.OE,5411.974777
"Korea, Rep.",KOR,Urban population (% of total population),SP.URB.TOTL.IN.ZS,81.427
"Korea, Rep.",KOR,Trade (% of GDP),NE.TRD.GNFS.ZS,96.53640929
"Korea, Rep.",KOR,Renewable energy consumption (% of total final energy consumption),EG.FEC.RNEW.ZS,..
Kosovo,XKX,Carbon dioxide (CO2) emissions excluding LULUCF per capita (t CO2e/capita),EN.GHG.CO2.PC.CE.AR5,..
Kosovo,XKX,GDP per capita (constant 2015 US$),NY.GDP.PCAP.KD,4666.391378
Kosovo,XKX,Energy use (kg of oil equivalent per capita),EG.USE.PCAP.KG.OE,..
Kosovo,XKX,Urban population (% of total population),SP.URB.TOTL.IN.ZS,..
Kosovo,XKX,Trade (% of GDP),NE.TRD.GNFS.ZS,110.0120316
Kosovo,XKX,Renewable energy consumption (% of total final energy consumption),EG.FEC.RNEW.ZS,..
Kuwait,KWT,Carbon dioxide (CO2) emissions excluding LULUCF per capita (t CO2e/capita),EN.GHG.CO2.PC.CE.AR5,23.83568831
Kuwait,KWT,GDP per capita (constant 2015 US$),NY.GDP.PCAP.KD,26579.83221
Kuwait,KWT,Energy use (kg of oil equivalent per capita),EG.USE.PCAP.KG.OE,9129.597986
Kuwait,KWT,Urban population (% of total population),SP.URB.TOTL.IN.ZS,100
Kuwait,KWT,Trade (% of GDP),NE.TRD.GNFS.ZS,90.91881021
Kuwait,KWT,Renewable energy consumption (% of total final energy consumption),EG.FEC.RNEW.ZS,..
Kyrgyz Republic,KGZ,Carbon dioxide (CO2) emissions excluding LULUCF per capita (t CO2e/capita),EN.GHG.CO2.PC.CE.AR5,1.478232945
Kyrgyz Republic,KGZ,GDP per capita (constant 2015 US$),NY.GDP.PCAP.KD,1212.178127
Kyrgyz Republic,KGZ,Energy use (kg of oil equivalent per capita),EG.USE.PCAP.KG.OE,645.0142462
Kyrgyz Republic,KGZ,Urban population (% of total population),SP.URB.TOTL.IN.ZS,37.461
Kyrgyz Republic,KGZ,Trade (% of GDP),NE.TRD.GNFS.ZS,133.786718
Kyrgyz Republic,KGZ,Renewable energy consumption (% of total final energy consumption),EG.FEC.RNEW.ZS,..
Lao PDR,LAO,Carbon dioxide (CO2) emissions excluding LULUCF per capita (t CO2e/capita),EN.GHG.CO2.PC.CE.AR5,3.247900154
Lao PDR,LAO,GDP per capita (constant 2015 US$),NY.GDP.PCAP.KD,2589.050152
Lao PDR,LAO,Energy use (kg of oil equivalent per capita),EG.USE.PCAP.KG.OE,815.0865404
Lao PDR,LAO,Urban population (% of total population),SP.URB.TOTL.IN.ZS,37.592
Lao PDR,LAO,Trade (% of GDP),NE.TRD.GNFS.ZS,..
Lao PDR,LAO,Renewable energy consumption (% of total final energy consumption),EG.FEC.RNEW.ZS,49.2
Latvia,LVA,Carbon dioxide (CO2) emissions excluding LULUCF per capita (t CO2e/capita),EN.GHG.CO2.PC.CE.AR5,3.542598821
Latvia,LVA,GDP per capita (constant 2015 US$),NY.GDP.PCAP.KD,16404.97706
Latvia,LVA,Energy use (kg of oil equivalent per capita),EG.USE.PCAP.KG.OE,2256.119045
Latvia,LVA,Urban population (% of total population),SP.URB.TOTL.IN.ZS,68.54
Latvia,LVA,Trade (% of GDP),NE.TRD.GNFS.ZS,159.8443449
Latvia,LVA,Renewable energy consumption (% of total final energy consumption),EG.FEC.RNEW.ZS,..
Lebanon,LBN,Carbon dioxide (CO2) emissions excluding LULUCF per capita (t CO2e/capita),EN.GHG.CO2.PC.CE.AR5,2.936936601
Lebanon,LBN,GDP per capita (constant 2015 US$),NY.GDP.PCAP.KD,5909.036516
Lebanon,LBN,Energy use (kg of oil equivalent per capita),EG.USE.PCAP.KG.OE,617.482999
Lebanon,LBN,Urban population (% of total population),SP.URB.TOTL.IN.ZS,89.262
Lebanon,LBN,Trade (% of GDP),NE.TRD.GNFS.ZS,114.8882783
Lebanon,LBN,Renewable energy consumption (% of total final energy consumption),EG.FEC.RNEW.ZS,..
Lesotho,LSO,Carbon dioxide (CO2) emissions excluding LULUCF per capita (t CO2e/capita),EN.GHG.CO2.PC.CE.AR5,0.372597994
Lesotho,LSO,GDP per capita (constant 2015 US$),NY.GDP.PCAP.KD,967.519286
Lesotho,LSO,Energy use (kg of oil equivalent per capita),EG.USE.PCAP.KG.OE,..
Lesotho,LSO,Urban population (% of total population),SP.URB.TOTL.IN.ZS,29.943
Lesotho,LSO,Trade (% of GDP),NE.TRD.GNFS.ZS,142.3739814
Lesotho,LSO,Renewable energy consumption (% of total final energy consumption),EG.FEC.RNEW.ZS,34.9
Liberia,LBR,Carbon dioxide (CO2) emissions excluding LULUCF per capita (t CO2e/capita),EN.GHG.CO2.PC.CE.AR5,0.312657376
Liberia,LBR,GDP per capita (constant 2015 US$),NY.GDP.PCAP.KD,638.0051839
Liberia,LBR,Energy use (kg of oil equivalent per capita),EG.USE.PCAP.KG.OE,..
Liberia,LBR,Urban population (% of total population),SP.URB.TOTL.IN.ZS,53.065
Liberia,LBR,Trade (% of GDP),NE.TRD.GNFS.ZS,..
Liberia,LBR,Renewable energy consumption (% of total final energy consumption),EG.FEC.RNEW.ZS,92.8
Libya,LBY,Carbon dioxide (CO2) emissions excluding LULUCF per capita (t CO2e/capita),EN.GHG.CO2.PC.CE.AR5,7.897029336
Libya,LBY,GDP per capita (constant 2015 US$),NY.GDP.PCAP.KD,7008.206484
Libya,LBY,Energy use (kg of oil equivalent per capita),EG.USE.PCAP.KG.OE,2539.198138
Libya,LBY,Urban population (% of total population),SP.URB.TOTL.IN.ZS,81.302
Libya,LBY,Trade (% of GDP),NE.TRD.GNFS.ZS,156.3216847
Libya,LBY,Renewable energy consumption (% of total final energy consumption),EG.FEC.RNEW.ZS,..
Liechtenstein,LIE,Carbon dioxide (CO2) emissions excluding LULUCF per capita (t CO2e/capita),EN.GHG.CO2.PC.CE.AR5,..
Liechtenstein,LIE,GDP per capita (constant 2015 US$),NY.GDP.PCAP.KD,..
Liechtenstein,LIE,Energy use (kg of oil equivalent per capita),EG.USE.PCAP.KG.OE,..
Liechtenstein,LIE,Urban population (% of total population),SP.URB.TOTL.IN.ZS,14.538
Liechtenstein,LIE,Trade (% of GDP),NE.TRD.GNFS.ZS,..
Liechtenstein,LIE,Renewable energy consumption (% of total final energy consumption),EG.FEC.RNEW.ZS,56.9
Lithuania,LTU,Carbon dioxide (CO2) emissions excluding LULUCF per capita (t CO2e/capita),EN.GHG.CO2.PC.CE.AR5,4.64398887
Lithuania,LTU,GDP per capita (constant 2015 US$),NY.GDP.PCAP.KD,18884.51525
Lithuania,LTU,Energy use (kg of oil equivalent per capita),EG.USE.PCAP.KG.OE,2453.939933
Lithuania,LTU,Urban population (% of total population),SP.URB.TOTL.IN.ZS,68.465
Lithuania,LTU,Trade (% of GDP),NE.TRD.GNFS.ZS,175.6516122
Lithuania,LTU,Renewable energy consumption (% of total final energy consumption),EG.FEC.RNEW.ZS,..
Luxembourg,LUX,Carbon dioxide (CO2) emissions excluding LULUCF per capita (t CO2e/capita),EN.GHG.CO2.PC.CE.AR5,11.12075737
Luxembourg,LUX,GDP per capita (constant 2015 US$),NY.GDP.PCAP.KD,107469.7551
Luxembourg,LUX,Energy use (kg of oil equivalent per capita),EG.USE.PCAP.KG.OE,4862.947408
Luxembourg,LUX,Urban population (% of total population),SP.URB.TOTL.IN.ZS,91.881
Luxembourg,LUX,Trade (% of GDP),NE.TRD.GNFS.ZS,412.1771699
Luxembourg,LUX,Renewable energy consumption (% of total final energy consumption),EG.FEC.RNEW.ZS,..
"Macao SAR, China",MAC,Carbon dioxide (CO2) emissions excluding LULUCF per capita (t CO2e/capita),EN.GHG.CO2.PC.CE.AR5,4.311678724
"Macao SAR, China",MAC,GDP per capita (constant 2015 US$),NY.GDP.PCAP.KD,34121.90311
"Macao SAR, China",MAC,Energy use (kg of oil equivalent per capita),EG.USE.PCAP.KG.OE,..
"Macao SAR, China",MAC,Urban population (% of total population),SP.URB.TOTL.IN.ZS,100
"Macao SAR, China",MAC,Trade (% of GDP),NE.TRD.GNFS.ZS,168.0810225
"Macao SAR, China",MAC,Renewable energy consumption (% of total final energy consumption),EG.FEC.RNEW.ZS,11
Madagascar,MDG,Carbon dioxide (CO2) emissions excluding LULUCF per capita (t CO2e/capita),EN.GHG.CO2.PC.CE.AR5,0.13108604
Madagascar,MDG,GDP per capita (constant 2015 US$),NY.GDP.PCAP.KD,438.5162634
Madagascar,MDG,Energy use (kg of oil equivalent per capita),EG.USE.PCAP.KG.OE,308.6725396
Madagascar,MDG,Urban population (% of total population),SP.URB.TOTL.IN.ZS,39.882
Madagascar,MDG,Trade (% of GDP),NE.TRD.GNFS.ZS,70.54713441
Madagascar,MDG,Renewable energy consumption (% of total final energy consumption),EG.FEC.RNEW.ZS,83.1
Malawi,MWI,Carbon dioxide (CO2) emissions excluding LULUCF per capita (t CO2e/capita),EN.GHG.CO2.PC.CE.AR5,0.289167128
Malawi,MWI,GDP per capita (constant 2015 US$),NY.GDP.PCAP.KD,560.6357597
Malawi,MWI,Energy use (kg of oil equivalent per capita),EG.USE.PCAP.KG.OE,..
Malawi,MWI,Urban population (% of total population),SP.URB.TOTL.IN.ZS,17.98
Malawi,MWI,Trade (% of GDP),NE.TRD.GNFS.ZS,..
Malawi,MWI,Renewable energy consumption (% of total final energy consumption),EG.FEC.RNEW.ZS,62.9
Malaysia,MYS,Carbon dioxide (CO2) emissions excluding LULUCF per capita (t CO2e/capita),EN.GHG.CO2.PC.CE.AR5,7.907148055
Malaysia,MYS,GDP per capita (constant 2015 US$),NY.GDP.PCAP.KD,11174.21008
Malaysia,MYS,Energy use (kg of oil equivalent per capita),EG.USE.PCAP.KG.OE,2867.096519
Malaysia,MYS,Urban population (% of total population),SP.URB.TOTL.IN.ZS,78.214
Malaysia,MYS,Trade (% of GDP),NE.TRD.GNFS.ZS,146.5054183
Malaysia,MYS,Renewable energy consumption (% of total final energy consumption),EG.FEC.RNEW.ZS,..
Maldives,MDV,Carbon dioxide (CO2) emissions excluding LULUCF per capita (t CO2e/capita),EN.GHG.CO2.PC.CE.AR5,5.305796919
Maldives,MDV,GDP per capita (constant 2015 US$),NY.GDP.PCAP.KD,10939.99632
Maldives,MDV,Energy use (kg of oil equivalent per capita),EG.USE.PCAP.KG.OE,..
Maldives,MDV,Urban population (% of total population),SP.URB.TOTL.IN.ZS,41.536
Maldives,MDV,Trade (% of GDP),NE.TRD.GNFS.ZS,162.2435705
Maldives,MDV,Renewable energy consumption (% of total final energy consumption),EG.FEC.RNEW.ZS,1.2
Mali,MLI,Carbon dioxide (CO2) emissions excluding LULUCF per capita (t CO2e/capita),EN.GHG.CO2.PC.CE.AR5,0.296676063
Mali,MLI,GDP per capita (constant 2015 US$),NY.GDP.PCAP.KD,876.1683019
Mali,MLI,Energy use (kg of oil equivalent per capita),EG.USE.PCAP.KG.OE,..
Mali,MLI,Urban population (% of total population),SP.URB.TOTL.IN.ZS,45.437
Mali,MLI,Trade (% of GDP),NE.TRD.GNFS.ZS,61.66369797
Mali,MLI,Renewable energy consumption (% of total final energy consumption),EG.FEC.RNEW.ZS,71.1
Malta,MLT,Carbon dioxide (CO2) emissions excluding LULUCF per capita (t CO2e/capita),EN.GHG.CO2.PC.CE.AR5,3.312854327
Malta,MLT,GDP per capita (constant 2015 US$),NY.GDP.PCAP.KD,31979.60904
Malta,MLT,Energy use (kg of oil equivalent per capita),EG.USE.PCAP.KG.OE,1456.245248
Malta,MLT,Urban population (% of total population),SP.URB.TOTL.IN.ZS,94.875
Malta,MLT,Trade (% of GDP),NE.TRD.GNFS.ZS,243.4153823
Malta,MLT,Renewable energy consumption (% of total final energy consumption),EG.FEC.RNEW.ZS,..
Marshall Islands,MHL,Carbon dioxide (CO2) emissions excluding LULUCF per capita (t CO2e/capita),EN.GHG.CO2.PC.CE.AR5,0
Marshall Islands,MHL,GDP per capita (constant 2015 US$),NY.GDP.PCAP.KD,5516.880006
Marshall Islands,MHL,Energy use (kg of oil equivalent per capita),EG.USE.PCAP.KG.OE,..
Marshall Islands,MHL,Urban population (% of total population),SP.URB.TOTL.IN.ZS,78.52
Marshall Islands,MHL,Trade (% of GDP),NE.TRD.GNFS.ZS,118.8353197
Marshall Islands,MHL,Renewable energy consumption (% of total final energy consumption),EG.FEC.RNEW.ZS,12.2
Mauritania,MRT,Carbon dioxide (CO2) emissions excluding LULUCF per capita (t CO2e/capita),EN.GHG.CO2.PC.CE.AR5,0.980302676
Mauritania,MRT,GDP per capita (constant 2015 US$),NY.GDP.PCAP.KD,1576.756241
Mauritania,MRT,Energy use (kg of oil equivalent per capita),EG.USE.PCAP.KG.OE,..
Mauritania,MRT,Urban population (% of total population),SP.URB.TOTL.IN.ZS,56.923
Mauritania,MRT,Trade (% of GDP),NE.TRD.GNFS.ZS,102.0258991
Mauritania,MRT,Renewable energy consumption (% of total final energy consumption),EG.FEC.RNEW.ZS,19.6
Mauritius,MUS,Carbon dioxide (CO2) emissions excluding LULUCF per capita (t CO2e/capita),EN.GHG.CO2.PC.CE.AR5,3.207149494
Mauritius,MUS,GDP per capita (constant 2015 US$),NY.GDP.PCAP.KD,10552.29056
Mauritius,MUS,Energy use (kg of oil equivalent per capita),EG.USE.PCAP.KG.OE,1095.738797
Mauritius,MUS,Urban population (% of total population),SP.URB.TOTL.IN.ZS,40.81
Mauritius,MUS,Trade (% of GDP),NE.TRD.GNFS.ZS,112.5847579
Mauritius,MUS,Renewable energy consumption (% of total final energy consumption),EG.FEC.RNEW.ZS,..
Mexico,MEX,Carbon dioxide (CO2) emissions excluding LULUCF per capita (t CO2e/capita),EN.GHG.CO2.PC.CE.AR5,3.622837319
Mexico,MEX,GDP per capita (constant 2015 US$),NY.GDP.PCAP.KD,10013.36686
Mexico,MEX,Energy use (kg of oil equivalent per capita),EG.USE.PCAP.KG.OE,1525.735161
Mexico,MEX,Urban population (% of total population),SP.URB.TOTL.IN.ZS,81.3
Mexico,MEX,Trade (% of GDP),NE.TRD.GNFS.ZS,88.82693478
Mexico,MEX,Renewable energy consumption (% of total final energy consumption),EG.FEC.RNEW.ZS,..
"Micronesia, Fed. Sts.",FSM,Carbon dioxide (CO2) emissions excluding LULUCF per capita (t CO2e/capita),EN.GHG.CO2.PC.CE.AR5,0
"Micronesia, Fed. Sts.",FSM,GDP per capita (constant 2015 US$),NY.GDP.PCAP.KD,2929.912663
"Micronesia, Fed. Sts.",FSM,Energy use (kg of oil equivalent per capita),EG.USE.PCAP.KG.OE,..
"Micronesia, Fed. Sts.",FSM,Urban population (% of total population),SP.URB.TOTL.IN.ZS,23.217
"Micronesia, Fed. Sts.",FSM,Trade (% of GDP),NE.TRD.GNFS.ZS,87.70132269
"Micronesia, Fed. Sts.",FSM,Renewable energy consumption (% of total final energy consumption),EG.FEC.RNEW.ZS,2
Moldova,MDA,Carbon dioxide (CO2) emissions excluding LULUCF per capita (t CO2e/capita),EN.GHG.CO2.PC.CE.AR5,3.739973915
Moldova,MDA,GDP per capita (constant 2015 US$),NY.GDP.PCAP.KD,3611.954848
Moldova,MDA,Energy use (kg of oil equivalent per capita),EG.USE.PCAP.KG.OE,1422.635753
Moldova,MDA,Urban population (% of total population),SP.URB.TOTL.IN.ZS,43.173
Moldova,MDA,Trade (% of GDP),NE.TRD.GNFS.ZS,112.1176716
Moldova,MDA,Renewable energy consumption (% of total final energy consumption),EG.FEC.RNEW.ZS,..
Monaco,MCO,Carbon dioxide (CO2) emissions excluding LULUCF per capita (t CO2e/capita),EN.GHG.CO2.PC.CE.AR5,..
Monaco,MCO,GDP per capita (constant 2015 US$),NY.GDP.PCAP.KD,213937.0063
Monaco,MCO,Energy use (kg of oil equivalent per capita),EG.USE.PCAP.KG.OE,..
Monaco,MCO,Urban population (% of total population),SP.URB.TOTL.IN.ZS,100
Monaco,MCO,Trade (% of GDP),NE.TRD.GNFS.ZS,..
Monaco,MCO,Renewable energy consumption (% of total final energy consumption),EG.FEC.RNEW.ZS,..
Mongolia,MNG,Carbon dioxide (CO2) emissions excluding LULUCF per capita (t CO2e/capita),EN.GHG.CO2.PC.CE.AR5,7.540011672
Mongolia,MNG,GDP per capita (constant 2015 US$),NY.GDP.PCAP.KD,4205.885545
Mongolia,MNG,Energy use (kg of oil equivalent per capita),EG.USE.PCAP.KG.OE,1890.631139
Mongolia,MNG,Urban population (% of total population),SP.URB.TOTL.IN.ZS,68.93
Mongolia,MNG,Trade (% of GDP),NE.TRD.GNFS.ZS,136.3279299
Mongolia,MNG,Renewable energy consumption (% of total final energy consumption),EG.FEC.RNEW.ZS,..
Montenegro,MNE,Carbon dioxide (CO2) emissions excluding LULUCF per capita (t CO2e/capita),EN.GHG.CO2.PC.CE.AR5,..
Montenegro,MNE,GDP per capita (constant 2015 US$),NY.GDP.PCAP.KD,7808.547633
Montenegro,MNE,Energy use (kg of oil equivalent per capita),EG.USE.PCAP.KG.OE,1674.128603
Montenegro,MNE,Urban population (% of total population),SP.URB.TOTL.IN.ZS,68.164
Montenegro,MNE,Trade (% of GDP),NE.TRD.GNFS.ZS,125.8986046
Montenegro,MNE,Renewable energy consumption (% of total final energy consumption),EG.FEC.RNEW.ZS,..
Morocco,MAR,Carbon dioxide (CO2) emissions excluding LULUCF per capita (t CO2e/capita),EN.GHG.CO2.PC.CE.AR5,1.883168032
Morocco,MAR,GDP per capita (constant 2015 US$),NY.GDP.PCAP.KD,3325.560547
Morocco,MAR,Energy use (kg of oil equivalent per capita),EG.USE.PCAP.KG.OE,602.9944778
Morocco,MAR,Urban population (% of total population),SP.URB.TOTL.IN.ZS,64.596
Morocco,MAR,Trade (% of GDP),NE.TRD.GNFS.ZS,101.1323821
Morocco,MAR,Renewable energy consumption (% of total final energy consumption),EG.FEC.RNEW.ZS,..
Mozambique,MOZ,Carbon dioxide (CO2) emissions excluding LULUCF per capita (t CO2e/capita),EN.GHG.CO2.PC.CE.AR5,0.307083674
Mozambique,MOZ,GDP per capita (constant 2015 US$),NY.GDP.PCAP.KD,596.0588895
Mozambique,MOZ,Energy use (kg of oil equivalent per capita),EG.USE.PCAP.KG.OE,358.6376944
Mozambique,MOZ,Urban population (% of total population),SP.URB.TOTL.IN.ZS,38.187
Mozambique,MOZ,Trade (% of GDP),NE.TRD.GNFS.ZS,135.2795784
Mozambique,MOZ,Renewable energy consumption (% of total final energy consumption),EG.FEC.RNEW.ZS,..
Myanmar,MMR,Carbon dioxide (CO2) emissions excluding LULUCF per capita (t CO2e/capita),EN.GHG.CO2.PC.CE.AR5,0.602575076
Myanmar,MMR,GDP per capita (constant 2015 US$),NY.GDP.PCAP.KD,1174.766979
Myanmar,MMR,Energy use (kg of oil equivalent per capita),EG.USE.PCAP.KG.OE,399.5211852
Myanmar,MMR,Urban population (% of total population),SP.URB.TOTL.IN.ZS,31.771
Myanmar,MMR,Trade (% of GDP),NE.TRD.GNFS.ZS,..
Myanmar,MMR,Renewable energy consumption (% of total final energy consumption),EG.FEC.RNEW.ZS,..
Namibia,NAM,Carbon dioxide (CO2) emissions excluding LULUCF per capita (t CO2e/capita),EN.GHG.CO2.PC.CE.AR5,1.472421342
Namibia,NAM,GDP per capita (constant 2015 US$),NY.GDP.PCAP.KD,3905.551352
Namibia,NAM,Energy use (kg of oil equivalent per capita),EG.USE.PCAP.KG.OE,692.4613564
Namibia,NAM,Urban population (% of total population),SP.URB.TOTL.IN.ZS,53.956
Namibia,NAM,Trade (% of GDP),NE.TRD.GNFS.ZS,99.26255478
Namibia,NAM,Renewable energy consumption (% of total final energy consumption),EG.FEC.RNEW.ZS,..
Nauru,NRU,Carbon dioxide (CO2) emissions excluding LULUCF per capita (t CO2e/capita),EN.GHG.CO2.PC.CE.AR5,0
Nauru,NRU,GDP per capita (constant 2015 US$),NY.GDP.PCAP.KD,8460.347739
Nauru,NRU,Energy use (kg of oil equivalent per capita),EG.USE.PCAP.KG.OE,..
Nauru,NRU,Urban population (% of total population),SP.URB.TOTL.IN.ZS,100
Nauru,NRU,Trade (% of GDP),NE.TRD.GNFS.ZS,167.5395697
Nauru,NRU,Renewable energy consumption (% of total final energy consumption),EG.FEC.RNEW.ZS,1.9
Nepal,NPL,Carbon dioxide (CO2) emissions excluding LULUCF per capita (t CO2e/capita),EN.GHG.CO2.PC.CE.AR5,0.579560737
Nepal,NPL,GDP per capita (constant 2015 US$),NY.GDP.PCAP.KD,1113.554623
Nepal,NPL,Energy use (kg of oil equivalent per capita),EG.USE.PCAP.KG.OE,519.9506041
Nepal,NPL,Urban population (% of total population),SP.URB.TOTL.IN.ZS,21.451
Nepal,NPL,Trade (% of GDP),NE.TRD.GNFS.ZS,48.97340148
Nepal,NPL,Renewable energy consumption (% of total final energy consumption),EG.FEC.RNEW.ZS,..
Netherlands,NLD,Carbon dioxide (CO2) emissions excluding LULUCF per capita (t CO2e/capita),EN.GHG.CO2.PC.CE.AR5,7.512052156
Netherlands,NLD,GDP per capita (constant 2015 US$),NY.GDP.PCAP.KD,51777.54316
Netherlands,NLD,Energy use (kg of oil equivalent per capita),EG.USE.PCAP.KG.OE,3570.12032
Netherlands,NLD,Urban population (% of total population),SP.URB.TOTL.IN.ZS,92.886
Netherlands,NLD,Trade (% of GDP),NE.TRD.GNFS.ZS,184.1074843
Netherlands,NLD,Renewable energy consumption (% of total final energy consumption),EG.FEC.RNEW.ZS,..
New Caledonia,NCL,Carbon dioxide (CO2) emissions excluding LULUCF per capita (t CO2e/capita),EN.GHG.CO2.PC.CE.AR5,20.48529724
New Caledonia,NCL,GDP per capita (constant 2015 US$),NY.GDP.PCAP.KD,..
New Caledonia,NCL,Energy use (kg of oil equivalent per capita),EG.USE.PCAP.KG.OE,..
New Caledonia,NCL,Urban population (% of total population),SP.URB.TOTL.IN.ZS,72.325
New Caledonia,NCL,Trade (% of GDP),NE.TRD.GNFS.ZS,..
New Caledonia,NCL,Renewable energy consumption (% of total final energy consumption),EG.FEC.RNEW.ZS,9.6
New Zealand,NZL,Carbon dioxide (CO2) emissions excluding LULUCF per capita (t CO2e/capita),EN.GHG.CO2.PC.CE.AR5,6.761818217
New Zealand,NZL,GDP per capita (constant 2015 US$),NY.GDP.PCAP.KD,42668.04202
New Zealand,NZL,Energy use (kg of oil equivalent per capita),EG.USE.PCAP.KG.OE,3738.465021
New Zealand,NZL,Urban population (% of total population),SP.URB.TOTL.IN.ZS,86.884
New Zealand,NZL,Trade (% of GDP),NE.TRD.GNFS.ZS,53.47616277
New Zealand,NZL,Renewable energy consumption (% of total final energy consumption),EG.FEC.RNEW.ZS,..
Nicaragua,NIC,Carbon dioxide (CO2) emissions excluding LULUCF per capita (t CO2e/capita),EN.GHG.CO2.PC.CE.AR5,0.802908603
Nicaragua,NIC,GDP per capita (constant 2015 US$),NY.GDP.PCAP.KD,2175.738991
Nicaragua,NIC,Energy use (kg of oil equivalent per capita),EG.USE.PCAP.KG.OE,608.2455467
Nicaragua,NIC,Urban population (% of total population),SP.URB.TOTL.IN.ZS,59.556
Nicaragua,NIC,Trade (% of GDP),NE.TRD.GNFS.ZS,115.4546787
Nicaragua,NIC,Renewable energy consumption (% of total final energy consumption),EG.FEC.RNEW.ZS,..
Niger,NER,Carbon dioxide (CO2) emissions excluding LULUCF per capita (t CO2e/capita),EN.GHG.CO2.PC.CE.AR5,0.114767822
Niger,NER,GDP per capita (constant 2015 US$),NY.GDP.PCAP.KD,566.797963
Niger,NER,Energy use (kg of oil equivalent per capita),EG.USE.PCAP.KG.OE,162.0458659
Niger,NER,Urban population (% of total population),SP.URB.TOTL.IN.ZS,16.894
Niger,NER,Trade (% of GDP),NE.TRD.GNFS.ZS,52.80614843
Niger,NER,Renewable energy consumption (% of total final energy consumption),EG.FEC.RNEW.ZS,..
Nigeria,NGA,Carbon dioxide (CO2) emissions excluding LULUCF per capita (t CO2e/capita),EN.GHG.CO2.PC.CE.AR5,0.583043144
Nigeria,NGA,GDP per capita (constant 2015 US$),NY.GDP.PCAP.KD,2398.986228
Nigeria,NGA,Energy use (kg of oil equivalent per capita),EG.USE.PCAP.KG.OE,333.0607296
Nigeria,NGA,Urban population (% of total population),SP.URB.TOTL.IN.ZS,53.521
Nigeria,NGA,Trade (% of GDP),NE.TRD.GNFS.ZS,..
Nigeria,NGA,Renewable energy consumption (% of total final energy consumption),EG.FEC.RNEW.ZS,..
North Macedonia,MKD,Carbon dioxide (CO2) emissions excluding LULUCF per capita (t CO2e/capita),EN.GHG.CO2.PC.CE.AR5,4.577138764
North Macedonia,MKD,GDP per capita (constant 2015 US$),NY.GDP.PCAP.KD,6250.62721
North Macedonia,MKD,Energy use (kg of oil equivalent per capita),EG.USE.PCAP.KG.OE,1476.135426
North Macedonia,MKD,Urban population (% of total population),SP.URB.TOTL.IN.ZS,59.118
North Macedonia,MKD,Trade (% of GDP),NE.TRD.GNFS.ZS,166.1473574
North Macedonia,MKD,Renewable energy consumption (% of total final energy consumption),EG.FEC.RNEW.ZS,..
Northern Mariana Islands,MNP,Carbon dioxide (CO2) emissions excluding LULUCF per capita (t CO2e/capita),EN.GHG.CO2.PC.CE.AR5,0
Northern Mariana Islands,MNP,GDP per capita (constant 2015 US$),NY.GDP.PCAP.KD,19461.86111
Northern Mariana Islands,MNP,Energy use (kg of oil equivalent per capita),EG.USE.PCAP.KG.OE,..
Northern Mariana Islands,MNP,Urban population (% of total population),SP.URB.TOTL.IN.ZS,91.983
Northern Mariana Islands,MNP,Trade (% of GDP),NE.TRD.GNFS.ZS,93.15693431
Northern Mariana Islands,MNP,Renewable energy consumption (% of total final energy consumption),EG.FEC.RNEW.ZS,0.5
Norway,NOR,Carbon dioxide (CO2) emissions excluding LULUCF per capita (t CO2e/capita),EN.GHG.CO2.PC.CE.AR5,8.164717442
Norway,NOR,GDP per capita (constant 2015 US$),NY.GDP.PCAP.KD,79620.16355
Norway,NOR,Energy use (kg of oil equivalent per capita),EG.USE.PCAP.KG.OE,4651.486708
Norway,NOR,Urban population (% of total population),SP.URB.TOTL.IN.ZS,83.664
Norway,NOR,Trade (% of GDP),NE.TRD.GNFS.ZS,82.60947984
Norway,NOR,Renewable energy consumption (% of total final energy consumption),EG.FEC.RNEW.ZS,..
Oman,OMN,Carbon dioxide (CO2) emissions excluding LULUCF per capita (t CO2e/capita),EN.GHG.CO2.PC.CE.AR5,19.23172381
Oman,OMN,GDP per capita (constant 2015 US$),NY.GDP.PCAP.KD,18792.44606
Oman,OMN,Energy use (kg of oil equivalent per capita),EG.USE.PCAP.KG.OE,5867.320056
Oman,OMN,Urban population (% of total population),SP.URB.TOTL.IN.ZS,87.75
Oman,OMN,Trade (% of GDP),NE.TRD.GNFS.ZS,105.7450093
Oman,OMN,Renewable energy consumption (% of total final energy consumption),EG.FEC.RNEW.ZS,..
Pakistan,PAK,Carbon dioxide (CO2) emissions excluding LULUCF per capita (t CO2e/capita),EN.GHG.CO2.PC.CE.AR5,0.897331151
Pakistan,PAK,GDP per capita (constant 2015 US$),NY.GDP.PCAP.KD,1642.28067
Pakistan,PAK,Energy use (kg of oil equivalent per capita),EG.USE.PCAP.KG.OE,470.7234965
Pakistan,PAK,Urban population (% of total population),SP.URB.TOTL.IN.ZS,37.731
Pakistan,PAK,Trade (% of GDP),NE.TRD.GNFS.ZS,33.03135348
Pakistan,PAK,Renewable energy consumption (% of total final energy consumption),EG.FEC.RNEW.ZS,..
Palau,PLW,Carbon dioxide (CO2) emissions excluding LULUCF per capita (t CO2e/capita),EN.GHG.CO2.PC.CE.AR5,78.72627963
Palau,PLW,GDP per capita (constant 2015 US$),NY.GDP.PCAP.KD,12129.80098
Palau,PLW,Energy use (kg of oil equivalent per capita),EG.USE.PCAP.KG.OE,..
Palau,PLW,Urban population (% of total population),SP.URB.TOTL.IN.ZS,81.956
Palau,PLW,Trade (% of GDP),NE.TRD.GNFS.ZS,87.73756207
Palau,PLW,Renewable energy consumption (% of total final energy consumption),EG.FEC.RNEW.ZS,0.9
Panama,PAN,Carbon dioxide (CO2) emissions excluding LULUCF per capita (t CO2e/capita),EN.GHG.CO2.PC.CE.AR5,2.726361937
Panama,PAN,GDP per capita (constant 2015 US$),NY.GDP.PCAP.KD,15917.42754
Panama,PAN,Energy use (kg of oil equivalent per capita),EG.USE.PCAP.KG.OE,1062.699256
Panama,PAN,Urban population (% of total population),SP.URB.TOTL.IN.ZS,69.141
Panama,PAN,Trade (% of GDP),NE.TRD.GNFS.ZS,93.68717875
Panama,PAN,Renewable energy consumption (% of total final energy consumption),EG.FEC.RNEW.ZS,..
Papua New Guinea,PNG,Carbon dioxide (CO2) emissions excluding LULUCF per capita (t CO2e/capita),EN.GHG.CO2.PC.CE.AR5,0.569685752
Papua New Guinea,PNG,GDP per capita (constant 2015 US$),NY.GDP.PCAP.KD,2467.234888
Papua New Guinea,PNG,Energy use (kg of oil equivalent per capita),EG.USE.PCAP.KG.OE,..
Papua New Guinea,PNG,Urban population (% of total population),SP.URB.TOTL.IN.ZS,13.582
Papua New Guinea,PNG,Trade (% of GDP),NE.TRD.GNFS.ZS,..
Papua New Guinea,PNG,Renewable energy consumption (% of total final energy consumption),EG.FEC.RNEW.ZS,54.6
Paraguay,PRY,Carbon dioxide (CO2) emissions excluding LULUCF per capita (t CO2e/capita),EN.GHG.CO2.PC.CE.AR5,1.209783825
Paraguay,PRY,GDP per capita (constant 2015 US$),NY.GDP.PCAP.KD,6218.197907
Paraguay,PRY,Energy use (kg of oil equivalent per capita),EG.USE.PCAP.KG.OE,1044.985068
Paraguay,PRY,Urban population (% of total population),SP.URB.TOTL.IN.ZS,62.818
Paraguay,PRY,Trade (% of GDP),NE.TRD.GNFS.ZS,73.73790502
Paraguay,PRY,Renewable energy consumption (% of total final energy consumption),EG.FEC.RNEW.ZS,..
Peru,PER,Carbon dioxide (CO2) emissions excluding LULUCF per capita (t CO2e/capita),EN.GHG.CO2.PC.CE.AR5,1.703078538
Peru,PER,GDP per capita (constant 2015 US$),NY.GDP.PCAP.KD,6667.516956
Peru,PER,Energy use (kg of oil equivalent per capita),EG.USE.PCAP.KG.OE,826.7056467
Peru,PER,Urban population (% of total population),SP.URB.TOTL.IN.ZS,78.708
Peru,PER,Trade (% of GDP),NE.TRD.GNFS.ZS,57.29697596
Peru,PER,Renewable energy consumption (% of total final energy consumption),EG.FEC.RNEW.ZS,..
Philippines,PHL,Carbon dioxide (CO2) emissions excluding LULUCF per capita (t CO2e/capita),EN.GHG.CO2.PC.CE.AR5,1.321805599
Philippines,PHL,GDP per capita (constant 2015 US$),NY.GDP.PCAP.KD,3577.701366
Philippines,PHL,Energy use (kg of oil equivalent per capita),EG.USE.PCAP.KG.OE,550.793804
Philippines,PHL,Urban population (% of total population),SP.URB.TOTL.IN.ZS,47.977
Philippines,PHL,Trade (% of GDP),NE.TRD.GNFS.ZS,72.42968361
Philippines,PHL,Renewable energy consumption (% of total final energy consumption),EG.FEC.RNEW.ZS,..
Poland,POL,Carbon dioxide (CO2) emissions excluding LULUCF per capita (t CO2e/capita),EN.GHG.CO2.PC.CE.AR5,8.616969824
Poland,POL,GDP per capita (constant 2015 US$),NY.GDP.PCAP.KD,17303.64494
Poland,POL,Energy use (kg of oil equivalent per capita),EG.USE.PCAP.KG.OE,2798.007746
Poland,POL,Urban population (% of total population),SP.URB.TOTL.IN.ZS,60.134
Poland,POL,Trade (% of GDP),NE.TRD.GNFS.ZS,123.0213329
Poland,POL,Renewable energy consumption (% of total final energy consumption),EG.FEC.RNEW.ZS,..
Portugal,PRT,Carbon dioxide (CO2) emissions excluding LULUCF per capita (t CO2e/capita),EN.GHG.CO2.PC.CE.AR5,3.785455552
Portugal,PRT,GDP per capita (constant 2015 US$),NY.GDP.PCAP.KD,22042.86821
Portugal,PRT,Energy use (kg of oil equivalent per capita),EG.USE.PCAP.KG.OE,1949.864961
Portugal,PRT,Urban population (% of total population),SP.URB.TOTL.IN.ZS,67.381
Portugal,PRT,Trade (% of GDP),NE.TRD.GNFS.ZS,101.3641473
Portugal,PRT,Renewable energy consumption (% of total final energy consumption),EG.FEC.RNEW.ZS,..
Puerto Rico (US),PRI,Carbon dioxide (CO2) emissions excluding LULUCF per capita (t CO2e/capita),EN.GHG.CO2.PC.CE.AR5,3.923249228
Puerto Rico (US),PRI,GDP per capita (constant 2015 US$),NY.GDP.PCAP.KD,29643.74089
Puerto Rico (US),PRI,Energy use (kg of oil equivalent per capita),EG.USE.PCAP.KG.OE,..
Puerto Rico (US),PRI,Urban population (% of total population),SP.URB.TOTL.IN.ZS,93.61
Puerto Rico (US),PRI,Trade (% of GDP),NE.TRD.GNFS.ZS,98.25866517
Puerto Rico (US),PRI,Renewable energy consumption (% of total final energy consumption),EG.FEC.RNEW.ZS,2.5
Qatar,QAT,Carbon dioxide (CO2) emissions excluding LULUCF per capita (t CO2e/capita),EN.GHG.CO2.PC.CE.AR5,44.6800608
Qatar,QAT,GDP per capita (constant 2015 US$),NY.GDP.PCAP.KD,64315.62636
Qatar,QAT,Energy use (kg of oil equivalent per capita),EG.USE.PCAP.KG.OE,16683.66361
Qatar,QAT,Urban population (% of total population),SP.URB.TOTL.IN.ZS,99.318
Qatar,QAT,Trade (% of GDP),NE.TRD.GNFS.ZS,100.2136472
Qatar,QAT,Renewable energy consumption (% of total final energy consumption),EG.FEC.RNEW.ZS,..
Romania,ROU,Carbon dioxide (CO2) emissions excluding LULUCF per capita (t CO2e/capita),EN.GHG.CO2.PC.CE.AR5,3.988859596
Romania,ROU,GDP per capita (constant 2015 US$),NY.GDP.PCAP.KD,12114.87151
Romania,ROU,Energy use (kg of oil equivalent per capita),EG.USE.PCAP.KG.OE,1655.23819
Romania,ROU,Urban population (% of total population),SP.URB.TOTL.IN.ZS,54.489
Romania,ROU,Trade (% of GDP),NE.TRD.GNFS.ZS,93.62156249
Romania,ROU,Renewable energy consumption (% of total final energy consumption),EG.FEC.RNEW.ZS,..
Russian Federation,RUS,Carbon dioxide (CO2) emissions excluding LULUCF per capita (t CO2e/capita),EN.GHG.CO2.PC.CE.AR5,14.0403956
Russian Federation,RUS,GDP per capita (constant 2015 US$),NY.GDP.PCAP.KD,10119.0625
Russian Federation,RUS,Energy use (kg of oil equivalent per capita),EG.USE.PCAP.KG.OE,5601.084351
Russian Federation,RUS,Urban population (% of total population),SP.URB.TOTL.IN.ZS,75.126
Russian Federation,RUS,Trade (% of GDP),NE.TRD.GNFS.ZS,42.78278643
Russian Federation,RUS,Renewable energy consumption (% of total final energy consumption),EG.FEC.RNEW.ZS,..
Rwanda,RWA,Carbon dioxide (CO2) emissions excluding LULUCF per capita (t CO2e/capita),EN.GHG.CO2.PC.CE.AR5,0.118833524
Rwanda,RWA,GDP per capita (constant 2015 US$),NY.GDP.PCAP.KD,948.4136876
Rwanda,RWA,Energy use (kg of oil equivalent per capita),EG.USE.PCAP.KG.OE,372.9914024
Rwanda,RWA,Urban population (% of total population),SP.URB.TOTL.IN.ZS,17.721
Rwanda,RWA,Trade (% of GDP),NE.TRD.GNFS.ZS,61.1450795
Rwanda,RWA,Renewable energy consumption (% of total final energy consumption),EG.FEC.RNEW.ZS,79.9
Samoa,WSM,Carbon dioxide (CO2) emissions excluding LULUCF per capita (t CO2e/capita),EN.GHG.CO2.PC.CE.AR5,2.103957521
Samoa,WSM,GDP per capita (constant 2015 US$),NY.GDP.PCAP.KD,3710.624627
Samoa,WSM,Energy use (kg of oil equivalent per capita),EG.USE.PCAP.KG.OE,..
Samoa,WSM,Urban population (% of total population),SP.URB.TOTL.IN.ZS,17.616
Samoa,WSM,Trade (% of GDP),NE.TRD.GNFS.ZS,64.98318033
Samoa,WSM,Renewable energy consumption (% of total final energy consumption),EG.FEC.RNEW.ZS,35.9
San Marino,SMR,Carbon dioxide (CO2) emissions excluding LULUCF per capita (t CO2e/capita),EN.GHG.CO2.PC.CE.AR5,..
San Marino,SMR,GDP per capita (constant 2015 US$),NY.GDP.PCAP.KD,51277.3461
San Marino,SMR,Energy use (kg of oil equivalent per capita),EG.USE.PCAP.KG.OE,..
San Marino,SMR,Urban population (% of total population),SP.URB.TOTL.IN.ZS,97.732
San Marino,SMR,Trade (% of GDP),NE.TRD.GNFS.ZS,370.4360718
San Marino,SMR,Renewable energy consumption (% of total final energy consumption),EG.FEC.RNEW.ZS,..
Sao Tome and Principe,STP,Carbon dioxide (CO2) emissions excluding LULUCF per capita (t CO2e/capita),EN.GHG.CO2.PC.CE.AR5,0.905415258
Sao Tome and Principe,STP,GDP per capita (constant 2015 US$),NY.GDP.PCAP.KD,1403.233567
Sao Tome and Principe,STP,Energy use (kg of oil equivalent per capita),EG.USE.PCAP.KG.OE,..
Sao Tome and Principe,STP,Urban population (% of total population),SP.URB.TOTL.IN.ZS,75.755
Sao Tome and Principe,STP,Trade (% of GDP),NE.TRD.GNFS.ZS,..
Sao Tome and Principe,STP,Renewable energy consumption (% of total final energy consumption),EG.FEC.RNEW.ZS,42.5
Saudi Arabia,SAU,Carbon dioxide (CO2) emissions excluding LULUCF per capita (t CO2e/capita),EN.GHG.CO2.PC.CE.AR5,18.81129406
Saudi Arabia,SAU,GDP per capita (constant 2015 US$),NY.GDP.PCAP.KD,26706.91793
Saudi Arabia,SAU,Energy use (kg of oil equivalent per capita),EG.USE.PCAP.KG.OE,7529.601031
Saudi Arabia,SAU,Urban population (% of total population),SP.URB.TOTL.IN.ZS,84.729
Saudi Arabia,SAU,Trade (% of GDP),NE.TRD.GNFS.ZS,56.82416477
Saudi Arabia,SAU,Renewable energy consumption (% of total final energy consumption),EG.FEC.RNEW.ZS,..
Senegal,SEN,Carbon dioxide (CO2) emissions excluding LULUCF per capita (t CO2e/capita),EN.GHG.CO2.PC.CE.AR5,0.700103557
Senegal,SEN,GDP per capita (constant 2015 US$),NY.GDP.PCAP.KD,1433.199188
Senegal,SEN,Energy use (kg of oil equivalent per capita),EG.USE.PCAP.KG.OE,315.9659328
Senegal,SEN,Urban population (% of total population),SP.URB.TOTL.IN.ZS,49.086
Senegal,SEN,Trade (% of GDP),NE.TRD.GNFS.ZS,79.59982165
Senegal,SEN,Renewable energy consumption (% of total final energy consumption),EG.FEC.RNEW.ZS,..
Serbia,SRB,Carbon dioxide (CO2) emissions excluding LULUCF per capita (t CO2e/capita),EN.GHG.CO2.PC.CE.AR5,..
Serbia,SRB,GDP per capita (constant 2015 US$),NY.GDP.PCAP.KD,7857.403271
Serbia,SRB,Energy use (kg of oil equivalent per capita),EG.USE.PCAP.KG.OE,2440.916585
Serbia,SRB,Urban population (% of total population),SP.URB.TOTL.IN.ZS,56.873
Serbia,SRB,Trade (% of GDP),NE.TRD.GNFS.ZS,131.9376424
Serbia,SRB,Renewable energy consumption (% of total final energy consumption),EG.FEC.RNEW.ZS,..
Seychelles,SYC,Carbon dioxide (CO2) emissions excluding LULUCF per capita (t CO2e/capita),EN.GHG.CO2.PC.CE.AR5,10.03103155
Seychelles,SYC,GDP per capita (constant 2015 US$),NY.GDP.PCAP.KD,15869.67388
Seychelles,SYC,Energy use (kg of oil equivalent per capita),EG.USE.PCAP.KG.OE,..
Seychelles,SYC,Urban population (% of total population),SP.URB.TOTL.IN.ZS,58.396
Seychelles,SYC,Trade (% of GDP),NE.TRD.GNFS.ZS,189.8268354
Seychelles,SYC,Renewable energy consumption (% of total final energy consumption),EG.FEC.RNEW.ZS,1.9
Sierra Leone,SLE,Carbon dioxide (CO2) emissions excluding LULUCF per capita (t CO2e/capita),EN.GHG.CO2.PC.CE.AR5,0.133251869
Sierra Leone,SLE,GDP per capita (constant 2015 US$),NY.GDP.PCAP.KD,1077.088845
Sierra Leone,SLE,Energy use (kg of oil equivalent per capita),EG.USE.PCAP.KG.OE,..
Sierra Leone,SLE,Urban population (% of total population),SP.URB.TOTL.IN.ZS,43.831
Sierra Leone,SLE,Trade (% of GDP),NE.TRD.GNFS.ZS,45.03309182
Sierra Leone,SLE,Renewable energy consumption (% of total final energy consumption),EG.FEC.RNEW.ZS,71.6
Singapore,SGP,Carbon dioxide (CO2) emissions excluding LULUCF per capita (t CO2e/capita),EN.GHG.CO2.PC.CE.AR5,9.89125109
Singapore,SGP,GDP per capita (constant 2015 US$),NY.GDP.PCAP.KD,68218.80533
Singapore,SGP,Energy use (kg of oil equivalent per capita),EG.USE.PCAP.KG.OE,5785.043673
Singapore,SGP,Urban population (% of total population),SP.URB.TOTL.IN.ZS,100
Singapore,SGP,Trade (% of GDP),NE.TRD.GNFS.ZS,332.3495678
Singapore,SGP,Renewable energy consumption (% of total final energy consumption),EG.FEC.RNEW.ZS,..
Sint Maarten (Dutch part),SXM,Carbon dioxide (CO2) emissions excluding LULUCF per capita (t CO2e/capita),EN.GHG.CO2.PC.CE.AR5,..
Sint Maarten (Dutch part),SXM,GDP per capita (constant 2015 US$),NY.GDP.PCAP.KD,32316.87215
Sint Maarten (Dutch part),SXM,Energy use (kg of oil equivalent per capita),EG.USE.PCAP.KG.OE,..
Sint Maarten (Dutch part),SXM,Urban population (% of total population),SP.URB.TOTL.IN.ZS,100
Sint Maarten (Dutch part),SXM,Trade (% of GDP),NE.TRD.GNFS.ZS,..
Sint Maarten (Dutch part),SXM,Renewable energy consumption (% of total final energy consumption),EG.FEC.RNEW.ZS,0
Slovak Republic,SVK,Carbon dioxide (CO2) emissions excluding LULUCF per capita (t CO2e/capita),EN.GHG.CO2.PC.CE.AR5,6.545512387
Slovak Republic,SVK,GDP per capita (constant 2015 US$),NY.GDP.PCAP.KD,18952.44529
Slovak Republic,SVK,Energy use (kg of oil equivalent per capita),EG.USE.PCAP.KG.OE,3089.145746
Slovak Republic,SVK,Urban population (% of total population),SP.URB.TOTL.IN.ZS,53.909
Slovak Republic,SVK,Trade (% of GDP),NE.TRD.GNFS.ZS,203.9289682
Slovak Republic,SVK,Renewable energy consumption (% of total final energy consumption),EG.FEC.RNEW.ZS,..
Slovenia,SVN,Carbon dioxide (CO2) emissions excluding LULUCF per capita (t CO2e/capita),EN.GHG.CO2.PC.CE.AR5,6.217531945
Slovenia,SVN,GDP per capita (constant 2015 US$),NY.GDP.PCAP.KD,25276.93591
Slovenia,SVN,Energy use (kg of oil equivalent per capita),EG.USE.PCAP.KG.OE,3045.944586
Slovenia,SVN,Urban population (% of total population),SP.URB.TOTL.IN.ZS,55.751
Slovenia,SVN,Trade (% of GDP),NE.TRD.GNFS.ZS,186.219595
Slovenia,SVN,Renewable energy consumption (% of total final energy consumption),EG.FEC.RNEW.ZS,..
Solomon Islands,SLB,Carbon dioxide (CO2) emissions excluding LULUCF per capita (t CO2e/capita),EN.GHG.CO2.PC.CE.AR5,0.518522122
Solomon Islands,SLB,GDP per capita (constant 2015 US$),NY.GDP.PCAP.KD,1932.789668
Solomon Islands,SLB,Energy use (kg of oil equivalent per capita),EG.USE.PCAP.KG.OE,..
Solomon Islands,SLB,Urban population (% of total population),SP.URB.TOTL.IN.ZS,25.584
Solomon Islands,SLB,Trade (% of GDP),NE.TRD.GNFS.ZS,78.03593096
Solomon Islands,SLB,Renewable energy consumption (% of total final energy consumption),EG.FEC.RNEW.ZS,50.1
"Somalia, Fed. Rep.",SOM,Carbon dioxide (CO2) emissions excluding LULUCF per capita (t CO2e/capita),EN.GHG.CO2.PC.CE.AR5,0.048657736
"Somalia, Fed. Rep.",SOM,GDP per capita (constant 2015 US$),NY.GDP.PCAP.KD,460.2996458
"Somalia, Fed. Rep.",SOM,Energy use (kg of oil equivalent per capita),EG.USE.PCAP.KG.OE,..
"Somalia, Fed. Rep.",SOM,Urban population (% of total population),SP.URB.TOTL.IN.ZS,47.324
"Somalia, Fed. Rep.",SOM,Trade (% of GDP),NE.TRD.GNFS.ZS,90.75989116
"Somalia, Fed. Rep.",SOM,Renewable energy consumption (% of total final energy consumption),EG.FEC.RNEW.ZS,95.4
South Africa,ZAF,Carbon dioxide (CO2) emissions excluding LULUCF per capita (t CO2e/capita),EN.GHG.CO2.PC.CE.AR5,6.563286881
South Africa,ZAF,GDP per capita (constant 2015 US$),NY.GDP.PCAP.KD,5783.860904
South Africa,ZAF,Energy use (kg of oil equivalent per capita),EG.USE.PCAP.KG.OE,1938.306447
South Africa,ZAF,Urban population (% of total population),SP.URB.TOTL.IN.ZS,68.335
South Africa,ZAF,Trade (% of GDP),NE.TRD.GNFS.ZS,64.78300213
South Africa,ZAF,Renewable energy consumption (% of total final energy consumption),EG.FEC.RNEW.ZS,..
South Sudan,SSD,Carbon dioxide (CO2) emissions excluding LULUCF per capita (t CO2e/capita),EN.GHG.CO2.PC.CE.AR5,..
South Sudan,SSD,GDP per capita (constant 2015 US$),NY.GDP.PCAP.KD,..
South Sudan,SSD,Energy use (kg of oil equivalent per capita),EG.USE.PCAP.KG.OE,69.04336461
South Sudan,SSD,Urban population (% of total population),SP.URB.TOTL.IN.ZS,20.846
South Sudan,SSD,Trade (% of GDP),NE.TRD.GNFS.ZS,..
South Sudan,SSD,Renewable energy consumption (% of total final energy consumption),EG.FEC.RNEW.ZS,..
Spain,ESP,Carbon dioxide (CO2) emissions excluding LULUCF per capita (t CO2e/capita),EN.GHG.CO2.PC.CE.AR5,4.92760845
Spain,ESP,GDP per capita (constant 2015 US$),NY.GDP.PCAP.KD,28152.46615
Spain,ESP,Energy use (kg of oil equivalent per capita),EG.USE.PCAP.KG.OE,2408.928115
Spain,ESP,Urban population (% of total population),SP.URB.TOTL.IN.ZS,81.304
Spain,ESP,Trade (% of GDP),NE.TRD.GNFS.ZS,78.62756246
Spain,ESP,Renewable energy consumption (% of total final energy consumption),EG.FEC.RNEW.ZS,..
Sri Lanka,LKA,Carbon dioxide (CO2) emissions excluding LULUCF per capita (t CO2e/capita),EN.GHG.CO2.PC.CE.AR5,0.900779947
Sri Lanka,LKA,GDP per capita (constant 2015 US$),NY.GDP.PCAP.KD,4033.145615
Sri Lanka,LKA,Energy use (kg of oil equivalent per capita),EG.USE.PCAP.KG.OE,473.9208256
Sri Lanka,LKA,Urban population (% of total population),SP.URB.TOTL.IN.ZS,19.026
Sri Lanka,LKA,Trade (% of GDP),NE.TRD.GNFS.ZS,46.68260802
Sri Lanka,LKA,Renewable energy consumption (% of total final energy consumption),EG.FEC.RNEW.ZS,..
St. Kitts and Nevis,KNA,Carbon dioxide (CO2) emissions excluding LULUCF per capita (t CO2e/capita),EN.GHG.CO2.PC.CE.AR5,2.412811236
St. Kitts and Nevis,KNA,GDP per capita (constant 2015 US$),NY.GDP.PCAP.KD,21024.44721
St. Kitts and Nevis,KNA,Energy use (kg of oil equivalent per capita),EG.USE.PCAP.KG.OE,..
St. Kitts and Nevis,KNA,Urban population (% of total population),SP.URB.TOTL.IN.ZS,30.991
St. Kitts and Nevis,KNA,Trade (% of GDP),NE.TRD.GNFS.ZS,..
St. Kitts and Nevis,KNA,Renewable energy consumption (% of total final energy consumption),EG.FEC.RNEW.ZS,1.5
St. Lucia,LCA,Carbon dioxide (CO2) emissions excluding LULUCF per capita (t CO2e/capita),EN.GHG.CO2.PC.CE.AR5,1.572874075
St. Lucia,LCA,GDP per capita (constant 2015 US$),NY.GDP.PCAP.KD,11224.28995
St. Lucia,LCA,Energy use (kg of oil equivalent per capita),EG.USE.PCAP.KG.OE,..
St. Lucia,LCA,Urban population (% of total population),SP.URB.TOTL.IN.ZS,19.05
St. Lucia,LCA,Trade (% of GDP),NE.TRD.GNFS.ZS,..
St. Lucia,LCA,Renewable energy consumption (% of total final energy consumption),EG.FEC.RNEW.ZS,9.7
St. Martin (French part),MAF,Carbon dioxide (CO2) emissions excluding LULUCF per capita (t CO2e/capita),EN.GHG.CO2.PC.CE.AR5,..
St. Martin (French part),MAF,GDP per capita (constant 2015 US$),NY.GDP.PCAP.KD,..
St. Martin (French part),MAF,Energy use (kg of oil equivalent per capita),EG.USE.PCAP.KG.OE,..
St. Martin (French part),MAF,Urban population (% of total population),SP.URB.TOTL.IN.ZS,..
St. Martin (French part),MAF,Trade (% of GDP),NE.TRD.GNFS.ZS,..
St. Martin (French part),MAF,Renewable energy consumption (% of total final energy consumption),EG.FEC.RNEW.ZS,..
St. Vincent and the Grenadines,VCT,Carbon dioxide (CO2) emissions excluding LULUCF per capita (t CO2e/capita),EN.GHG.CO2.PC.CE.AR5,0.89469455
St. Vincent and the Grenadines,VCT,GDP per capita (constant 2015 US$),NY.GDP.PCAP.KD,8524.089852
St. Vincent and the Grenadines,VCT,Energy use (kg of oil equivalent per capita),EG.USE.PCAP.KG.OE,..
St. Vincent and the Grenadines,VCT,Urban population (% of total population),SP.URB.TOTL.IN.ZS,53.875
St. Vincent and the Grenadines,VCT,Trade (% of GDP),NE.TRD.GNFS.ZS,..
St. Vincent and the Grenadines,VCT,Renewable energy consumption (% of total final energy consumption),EG.FEC.RNEW.ZS,5.1
Sudan,SDN,Carbon dioxide (CO2) emissions excluding LULUCF per capita (t CO2e/capita),EN.GHG.CO2.PC.CE.AR5,0.433405221
Sudan,SDN,GDP per capita (constant 2015 US$),NY.GDP.PCAP.KD,973.2252808
Sudan,SDN,Energy use (kg of oil equivalent per capita),EG.USE.PCAP.KG.OE,411.7805382
Sudan,SDN,Urban population (% of total population),SP.URB.TOTL.IN.ZS,35.956
Sudan,SDN,Trade (% of GDP),NE.TRD.GNFS.ZS,2.698834436
Sudan,SDN,Renewable energy consumption (% of total final energy consumption),EG.FEC.RNEW.ZS,..
Suriname,SUR,Carbon dioxide (CO2) emissions excluding LULUCF per capita (t CO2e/capita),EN.GHG.CO2.PC.CE.AR5,4.074689809
Suriname,SUR,GDP per capita (constant 2015 US$),NY.GDP.PCAP.KD,7081.333573
Suriname,SUR,Energy use (kg of oil equivalent per capita),EG.USE.PCAP.KG.OE,1738.823455
Suriname,SUR,Urban population (% of total population),SP.URB.TOTL.IN.ZS,66.307
Suriname,SUR,Trade (% of GDP),NE.TRD.GNFS.ZS,..
Suriname,SUR,Renewable energy consumption (% of total final energy consumption),EG.FEC.RNEW.ZS,..
Sweden,SWE,Carbon dioxide (CO2) emissions excluding LULUCF per capita (t CO2e/capita),EN.GHG.CO2.PC.CE.AR5,3.452732308
Sweden,SWE,GDP per capita (constant 2015 US$),NY.GDP.PCAP.KD,54878.29195
Sweden,SWE,Energy use (kg of oil equivalent per capita),EG.USE.PCAP.KG.OE,4323.665721
Sweden,SWE,Urban population (% of total population),SP.URB.TOTL.IN.ZS,88.492
Sweden,SWE,Trade (% of GDP),NE.TRD.GNFS.ZS,105.8550153
Sweden,SWE,Renewable energy consumption (% of total final energy consumption),EG.FEC.RNEW.ZS,..
Switzerland,CHE,Carbon dioxide (CO2) emissions excluding LULUCF per capita (t CO2e/capita),EN.GHG.CO2.PC.CE.AR5,3.920810638
Switzerland,CHE,GDP per capita (constant 2015 US$),NY.GDP.PCAP.KD,90605.01943
Switzerland,CHE,Energy use (kg of oil equivalent per capita),EG.USE.PCAP.KG.OE,2591.92141
Switzerland,CHE,Urban population (% of total population),SP.URB.TOTL.IN.ZS,74.092
Switzerland,CHE,Trade (% of GDP),NE.TRD.GNFS.ZS,138.5006988
Switzerland,CHE,Renewable energy consumption (% of total final energy consumption),EG.FEC.RNEW.ZS,..
Syrian Arab Republic,SYR,Carbon dioxide (CO2) emissions excluding LULUCF per capita (t CO2e/capita),EN.GHG.CO2.PC.CE.AR5,1.126021957
Syrian Arab Republic,SYR,GDP per capita (constant 2015 US$),NY.GDP.PCAP.KD,712.2722782
Syrian Arab Republic,SYR,Energy use (kg of oil equivalent per capita),EG.USE.PCAP.KG.OE,454.5320861
Syrian Arab Republic,SYR,Urban population (% of total population),SP.URB.TOTL.IN.ZS,56.769
Syrian Arab Republic,SYR,Trade (% of GDP),NE.TRD.GNFS.ZS,35.60946808
Syrian Arab Republic,SYR,Renewable energy consumption (% of total final energy consumption),EG.FEC.RNEW.ZS,..
Tajikistan,TJK,Carbon dioxide (CO2) emissions excluding LULUCF per capita (t CO2e/capita),EN.GHG.CO2.PC.CE.AR5,0.901944585
Tajikistan,TJK,GDP per capita (constant 2015 US$),NY.GDP.PCAP.KD,1325.755453
Tajikistan,TJK,Energy use (kg of oil equivalent per capita),EG.USE.PCAP.KG.OE,375.1970951
Tajikistan,TJK,Urban population (% of total population),SP.URB.TOTL.IN.ZS,27.968
Tajikistan,TJK,Trade (% of GDP),NE.TRD.GNFS.ZS,65.43551159
Tajikistan,TJK,Renewable energy consumption (% of total final energy consumption),EG.FEC.RNEW.ZS,..
Tanzania,TZA,Carbon dioxide (CO2) emissions excluding LULUCF per capita (t CO2e/capita),EN.GHG.CO2.PC.CE.AR5,0.293323534
Tanzania,TZA,GDP per capita (constant 2015 US$),NY.GDP.PCAP.KD,1070.585327
Tanzania,TZA,Energy use (kg of oil equivalent per capita),EG.USE.PCAP.KG.OE,405.1463148
Tanzania,TZA,Urban population (% of total population),SP.URB.TOTL.IN.ZS,36.682
Tanzania,TZA,Trade (% of GDP),NE.TRD.GNFS.ZS,35.00345171
Tanzania,TZA,Renewable energy consumption (% of total final energy consumption),EG.FEC.RNEW.ZS,..
Thailand,THA,Carbon dioxide (CO2) emissions excluding LULUCF per capita (t CO2e/capita),EN.GHG.CO2.PC.CE.AR5,3.845649053
Thailand,THA,GDP per capita (constant 2015 US$),NY.GDP.PCAP.KD,6278.785514
Thailand,THA,Energy use (kg of oil equivalent per capita),EG.USE.PCAP.KG.OE,1867.469683
Thailand,THA,Urban population (% of total population),SP.URB.TOTL.IN.ZS,52.889
Thailand,THA,Trade (% of GDP),NE.TRD.GNFS.ZS,132.8587121
Thailand,THA,Renewable energy consumption (% of total final energy consumption),EG.FEC.RNEW.ZS,..
Timor-Leste,TLS,Carbon dioxide (CO2) emissions excluding LULUCF per capita (t CO2e/capita),EN.GHG.CO2.PC.CE.AR5,0.520048638
Timor-Leste,TLS,GDP per capita (constant 2015 US$),NY.GDP.PCAP.KD,1578.517784
Timor-Leste,TLS,Energy use (kg of oil equivalent per capita),EG.USE.PCAP.KG.OE,..
Timor-Leste,TLS,Urban population (% of total population),SP.URB.TOTL.IN.ZS,32.074
Timor-Leste,TLS,Trade (% of GDP),NE.TRD.GNFS.ZS,97.62192155
Timor-Leste,TLS,Renewable energy consumption (% of total final energy consumption),EG.FEC.RNEW.ZS,11.4
Togo,TGO,Carbon dioxide (CO2) emissions excluding LULUCF per capita (t CO2e/capita),EN.GHG.CO2.PC.CE.AR5,0.278346857
Togo,TGO,GDP per capita (constant 2015 US$),NY.GDP.PCAP.KD,862.7637127
Togo,TGO,Energy use (kg of oil equivalent per capita),EG.USE.PCAP.KG.OE,425.4023211
Togo,TGO,Urban population (% of total population),SP.URB.TOTL.IN.ZS,43.921
Togo,TGO,Trade (% of GDP),NE.TRD.GNFS.ZS,65.48778501
Togo,TGO,Renewable energy consumption (% of total final energy consumption),EG.FEC.RNEW.ZS,..
Tonga,TON,Carbon dioxide (CO2) emissions excluding LULUCF per capita (t CO2e/capita),EN.GHG.CO2.PC.CE.AR5,2.024904324
Tonga,TON,GDP per capita (constant 2015 US$),NY.GDP.PCAP.KD,4594.634392
Tonga,TON,Energy use (kg of oil equivalent per capita),EG.USE.PCAP.KG.OE,..
Tonga,TON,Urban population (% of total population),SP.URB.TOTL.IN.ZS,23.125
Tonga,TON,Trade (% of GDP),NE.TRD.GNFS.ZS,75.31522899
Tonga,TON,Renewable energy consumption (% of total final energy consumption),EG.FEC.RNEW.ZS,2.3
Trinidad and Tobago,TTO,Carbon dioxide (CO2) emissions excluding LULUCF per capita (t CO2e/capita),EN.GHG.CO2.PC.CE.AR5,20.4446462
Trinidad and Tobago,TTO,GDP per capita (constant 2015 US$),NY.GDP.PCAP.KD,15721.8301
Trinidad and Tobago,TTO,Energy use (kg of oil equivalent per capita),EG.USE.PCAP.KG.OE,11038.40685
Trinidad and Tobago,TTO,Urban population (% of total population),SP.URB.TOTL.IN.ZS,53.34
Trinidad and Tobago,TTO,Trade (% of GDP),NE.TRD.GNFS.ZS,..
Trinidad and Tobago,TTO,Renewable energy consumption (% of total final energy consumption),EG.FEC.RNEW.ZS,..
Tunisia,TUN,Carbon dioxide (CO2) emissions excluding LULUCF per capita (t CO2e/capita),EN.GHG.CO2.PC.CE.AR5,2.513166153
Tunisia,TUN,GDP per capita (constant 2015 US$),NY.GDP.PCAP.KD,3983.491305
Tunisia,TUN,Energy use (kg of oil equivalent per capita),EG.USE.PCAP.KG.OE,956.0411189
Tunisia,TUN,Urban population (% of total population),SP.URB.TOTL.IN.ZS,70.214
Tunisia,TUN,Trade (% of GDP),NE.TRD.GNFS.ZS,115.8276166
Tunisia,TUN,Renewable energy consumption (% of total final energy consumption),EG.FEC.RNEW.ZS,..
Turkiye,TUR,Carbon dioxide (CO2) emissions excluding LULUCF per capita (t CO2e/capita),EN.GHG.CO2.PC.CE.AR5,5.104096776
Turkiye,TUR,GDP per capita (constant 2015 US$),NY.GDP.PCAP.KD,14055.10315
Turkiye,TUR,Energy use (kg of oil equivalent per capita),EG.USE.PCAP.KG.OE,1841.556307
Turkiye,TUR,Urban population (% of total population),SP.URB.TOTL.IN.ZS,77.022
Turkiye,TUR,Trade (% of GDP),NE.TRD.GNFS.ZS,81.17012969
Turkiye,TUR,Renewable energy consumption (% of total final energy consumption),EG.FEC.RNEW.ZS,..
Turkmenistan,TKM,Carbon dioxide (CO2) emissions excluding LULUCF per capita (t CO2e/capita),EN.GHG.CO2.PC.CE.AR5,9.214041728
Turkmenistan,TKM,GDP per capita (constant 2015 US$),NY.GDP.PCAP.KD,7551.036501
Turkmenistan,TKM,Energy use (kg of oil equivalent per capita),EG.USE.PCAP.KG.OE,5625.645237
Turkmenistan,TKM,Urban population (% of total population),SP.URB.TOTL.IN.ZS,53.494
Turkmenistan,TKM,Trade (% of GDP),NE.TRD.GNFS.ZS,37.36095096
Turkmenistan,TKM,Renewable energy consumption (% of total final energy consumption),EG.FEC.RNEW.ZS,..
Turks and Caicos Islands,TCA,Carbon dioxide (CO2) emissions excluding LULUCF per capita (t CO2e/capita),EN.GHG.CO2.PC.CE.AR5,2.133182106
Turks and Caicos Islands,TCA,GDP per capita (constant 2015 US$),NY.GDP.PCAP.KD,42205.2888
Turks and Caicos Islands,TCA,Energy use (kg of oil equivalent per capita),EG.USE.PCAP.KG.OE,..
Turks and Caicos Islands,TCA,Urban population (% of total population),SP.URB.TOTL.IN.ZS,94.047
Turks and Caicos Islands,TCA,Trade (% of GDP),NE.TRD.GNFS.ZS,..
Turks and Caicos Islands,TCA,Renewable energy consumption (% of total final energy consumption),EG.FEC.RNEW.ZS,0.8
Tuvalu,TUV,Carbon dioxide (CO2) emissions excluding LULUCF per capita (t CO2e/capita),EN.GHG.CO2.PC.CE.AR5,0
Tuvalu,TUV,GDP per capita (constant 2015 US$),NY.GDP.PCAP.KD,4515.297015
Tuvalu,TUV,Energy use (kg of oil equivalent per capita),EG.USE.PCAP.KG.OE,..
Tuvalu,TUV,Urban population (% of total population),SP.URB.TOTL.IN.ZS,65.527
Tuvalu,TUV,Trade (% of GDP),NE.TRD.GNFS.ZS,..
Tuvalu,TUV,Renewable energy consumption (% of total final energy consumption),EG.FEC.RNEW.ZS,5.2
Uganda,UGA,Carbon dioxide (CO2) emissions excluding LULUCF per capita (t CO2e/capita),EN.GHG.CO2.PC.CE.AR5,0.152622807
Uganda,UGA,GDP per capita (constant 2015 US$),NY.GDP.PCAP.KD,933.0940564
Uganda,UGA,Energy use (kg of oil equivalent per capita),EG.USE.PCAP.KG.OE,482.8216215
Uganda,UGA,Urban population (% of total population),SP.URB.TOTL.IN.ZS,26.159
Uganda,UGA,Trade (% of GDP),NE.TRD.GNFS.ZS,34.50530193
Uganda,UGA,Renewable energy consumption (% of total final energy consumption),EG.FEC.RNEW.ZS,90.9
Ukraine,UKR,Carbon dioxide (CO2) emissions excluding LULUCF per capita (t CO2e/capita),EN.GHG.CO2.PC.CE.AR5,3.370030661
Ukraine,UKR,GDP per capita (constant 2015 US$),NY.GDP.PCAP.KD,1874.662964
Ukraine,UKR,Energy use (kg of oil equivalent per capita),EG.USE.PCAP.KG.OE,1479.47225
Ukraine,UKR,Urban population (% of total population),SP.URB.TOTL.IN.ZS,69.919
Ukraine,UKR,Trade (% of GDP),NE.TRD.GNFS.ZS,87.39651399
Ukraine,UKR,Renewable energy consumption (% of total final energy consumption),EG.FEC.RNEW.ZS,..
United Arab Emirates,ARE,Carbon dioxide (CO2) emissions excluding LULUCF per capita (t CO2e/capita),EN.GHG.CO2.PC.CE.AR5,20.5359774
United Arab Emirates,ARE,GDP per capita (constant 2015 US$),NY.GDP.PCAP.KD,42687.72072
United Arab Emirates,ARE,Energy use (kg of oil equivalent per capita),EG.USE.PCAP.KG.OE,8335.809572
United Arab Emirates,ARE,Urban population (% of total population),SP.URB.TOTL.IN.ZS,87.543
United Arab Emirates,ARE,Trade (% of GDP),NE.TRD.GNFS.ZS,188.9454617
United Arab Emirates,ARE,Renewable energy consumption (% of total final energy consumption),EG.FEC.RNEW.ZS,..
United Kingdom,GBR,Carbon dioxide (CO2) emissions excluding LULUCF per capita (t CO2e/capita),EN.GHG.CO2.PC.CE.AR5,4.843806579
United Kingdom,GBR,GDP per capita (constant 2015 US$),NY.GDP.PCAP.KD,47682.76153
United Kingdom,GBR,Energy use (kg of oil equivalent per capita),EG.USE.PCAP.KG.OE,2254.369416
United Kingdom,GBR,Urban population (% of total population),SP.URB.TOTL.IN.ZS,84.398
United Kingdom,GBR,Trade (% of GDP),NE.TRD.GNFS.ZS,68.88053014
United Kingdom,GBR,Renewable energy consumption (% of total final energy consumption),EG.FEC.RNEW.ZS,..
United States,USA,Carbon dioxide (CO2) emissions excluding LULUCF per capita (t CO2e/capita),EN.GHG.CO2.PC.CE.AR5,14.33048617
United States,USA,GDP per capita (constant 2015 US$),NY.GDP.PCAP.KD,64198.43249
United States,USA,Energy use (kg of oil equivalent per capita),EG.USE.PCAP.KG.OE,6511.688414
United States,USA,Urban population (% of total population),SP.URB.TOTL.IN.ZS,83.084
United States,USA,Trade (% of GDP),NE.TRD.GNFS.ZS,26.89168983
United States,USA,Renewable energy consumption (% of total final energy consumption),EG.FEC.RNEW.ZS,..
Uruguay,URY,Carbon dioxide (CO2) emissions excluding LULUCF per capita (t CO2e/capita),EN.GHG.CO2.PC.CE.AR5,2.568747709
Uruguay,URY,GDP per capita (constant 2015 US$),NY.GDP.PCAP.KD,18228.35584
Uruguay,URY,Energy use (kg of oil equivalent per capita),EG.USE.PCAP.KG.OE,1626.060349
Uruguay,URY,Urban population (% of total population),SP.URB.TOTL.IN.ZS,95.688
Uruguay,URY,Trade (% of GDP),NE.TRD.GNFS.ZS,61.0307951
Uruguay,URY,Renewable energy consumption (% of total final energy consumption),EG.FEC.RNEW.ZS,..
Uzbekistan,UZB,Carbon dioxide (CO2) emissions excluding LULUCF per capita (t CO2e/capita),EN.GHG.CO2.PC.CE.AR5,3.975831561
Uzbekistan,UZB,GDP per capita (constant 2015 US$),NY.GDP.PCAP.KD,3576.715527
Uzbekistan,UZB,Energy use (kg of oil equivalent per capita),EG.USE.PCAP.KG.OE,1381.804488
Uzbekistan,UZB,Urban population (% of total population),SP.URB.TOTL.IN.ZS,50.466
Uzbekistan,UZB,Trade (% of GDP),NE.TRD.GNFS.ZS,62.84125254
Uzbekistan,UZB,Renewable energy consumption (% of total final energy consumption),EG.FEC.RNEW.ZS,..
Vanuatu,VUT,Carbon dioxide (CO2) emissions excluding LULUCF per capita (t CO2e/capita),EN.GHG.CO2.PC.CE.AR5,0.887409518
Vanuatu,VUT,GDP per capita (constant 2015 US$),NY.GDP.PCAP.KD,2740.275455
Vanuatu,VUT,Energy use (kg of oil equivalent per capita),EG.USE.PCAP.KG.OE,..
Vanuatu,VUT,Urban population (% of total population),SP.URB.TOTL.IN.ZS,25.816
Vanuatu,VUT,Trade (% of GDP),NE.TRD.GNFS.ZS,65.10387753
Vanuatu,VUT,Renewable energy consumption (% of total final energy consumption),EG.FEC.RNEW.ZS,25
"Venezuela, RB",VEN,Carbon dioxide (CO2) emissions excluding LULUCF per capita (t CO2e/capita),EN.GHG.CO2.PC.CE.AR5,2.759258253
"Venezuela, RB",VEN,GDP per capita (constant 2015 US$),NY.GDP.PCAP.KD,..
"Venezuela, RB",VEN,Energy use (kg of oil equivalent per capita),EG.USE.PCAP.KG.OE,1478.064343
"Venezuela, RB",VEN,Urban population (% of total population),SP.URB.TOTL.IN.ZS,88.378
"Venezuela, RB",VEN,Trade (% of GDP),NE.TRD.GNFS.ZS,..
"Venezuela, RB",VEN,Renewable energy consumption (% of total final energy consumption),EG.FEC.RNEW.ZS,..
Viet Nam,VNM,Carbon dioxide (CO2) emissions excluding LULUCF per capita (t CO2e/capita),EN.GHG.CO2.PC.CE.AR5,3.259415781
Viet Nam,VNM,GDP per capita (constant 2015 US$),NY.GDP.PCAP.KD,3617.663115
Viet Nam,VNM,Energy use (kg of oil equivalent per capita),EG.USE.PCAP.KG.OE,1023.057136
Viet Nam,VNM,Urban population (% of total population),SP.URB.TOTL.IN.ZS,38.766
Viet Nam,VNM,Trade (% of GDP),NE.TRD.GNFS.ZS,183.1536191
Viet Nam,VNM,Renewable energy consumption (% of total final energy consumption),EG.FEC.RNEW.ZS,..
Virgin Islands (U.S.),VIR,Carbon dioxide (CO2) emissions excluding LULUCF per capita (t CO2e/capita),EN.GHG.CO2.PC.CE.AR5,0.001897299
Virgin Islands (U.S.),VIR,GDP per capita (constant 2015 US$),NY.GDP.PCAP.KD,36983.43106
Virgin Islands (U.S.),VIR,Energy use (kg of oil equivalent per capita),EG.USE.PCAP.KG.OE,..
Virgin Islands (U.S.),VIR,Urban population (% of total population),SP.URB.TOTL.IN.ZS,96.136
Virgin Islands (U.S.),VIR,Trade (% of GDP),NE.TRD.GNFS.ZS,205.6292808
Virgin Islands (U.S.),VIR,Renewable energy consumption (% of total final energy consumption),EG.FEC.RNEW.ZS,5.9
West Bank and Gaza,PSE,Carbon dioxide (CO2) emissions excluding LULUCF per capita (t CO2e/capita),EN.GHG.CO2.PC.CE.AR5,..
West Bank and Gaza,PSE,GDP per capita (constant 2015 US$),NY.GDP.PCAP.KD,3099.960901
West Bank and Gaza,PSE,Energy use (kg of oil equivalent per capita),EG.USE.PCAP.KG.OE,..
West Bank and Gaza,PSE,Urban population (% of total population),SP.URB.TOTL.IN.ZS,77.291
West Bank and Gaza,PSE,Trade (% of GDP),NE.TRD.GNFS.ZS,82.39492839
West Bank and Gaza,PSE,Renewable energy consumption (% of total final energy consumption),EG.FEC.RNEW.ZS,15.4
"Yemen, Rep.",YEM,Carbon dioxide (CO2) emissions excluding LULUCF per capita (t CO2e/capita),EN.GHG.CO2.PC.CE.AR5,0.292772318
"Yemen, Rep.",YEM,GDP per capita (constant 2015 US$),NY.GDP.PCAP.KD,..
"Yemen, Rep.",YEM,Energy use (kg of oil equivalent per capita),EG.USE.PCAP.KG.OE,68.94953451
"Yemen, Rep.",YEM,Urban population (% of total population),SP.URB.TOTL.IN.ZS,39.188
"Yemen, Rep.",YEM,Trade (% of GDP),NE.TRD.GNFS.ZS,..
"Yemen, Rep.",YEM,Renewable energy consumption (% of total final energy consumption),EG.FEC.RNEW.ZS,..
Zambia,ZMB,Carbon dioxide (CO2) emissions excluding LULUCF per capita (t CO2e/capita),EN.GHG.CO2.PC.CE.AR5,0.387387685
Zambia,ZMB,GDP per capita (constant 2015 US$),NY.GDP.PCAP.KD,1298.84805
Zambia,ZMB,Energy use (kg of oil equivalent per capita),EG.USE.PCAP.KG.OE,800.6748735
Zambia,ZMB,Urban population (% of total population),SP.URB.TOTL.IN.ZS,45.761
Zambia,ZMB,Trade (% of GDP),NE.TRD.GNFS.ZS,69.29731542
Zambia,ZMB,Renewable energy consumption (% of total final energy consumption),EG.FEC.RNEW.ZS,..
Zimbabwe,ZWE,Carbon dioxide (CO2) emissions excluding LULUCF per capita (t CO2e/capita),EN.GHG.CO2.PC.CE.AR5,0.682242939
Zimbabwe,ZWE,GDP per capita (constant 2015 US$),NY.GDP.PCAP.KD,1368.498418
Zimbabwe,ZWE,Energy use (kg of oil equivalent per capita),EG.USE.PCAP.KG.OE,416.5868754
Zimbabwe,ZWE,Urban population (% of total population),SP.URB.TOTL.IN.ZS,32.395
Zimbabwe,ZWE,Trade (% of GDP),NE.TRD.GNFS.ZS,64.76360738
Zimbabwe,ZWE,Renewable energy consumption (% of total final energy consumption),EG.FEC.RNEW.ZS,..
Africa Eastern and Southern,AFE,Carbon dioxide (CO2) emissions excluding LULUCF per capita (t CO2e/capita),EN.GHG.CO2.PC.CE.AR5,0.816361437
Africa Eastern and Southern,AFE,GDP per capita (constant 2015 US$),NY.GDP.PCAP.KD,1421.797169
Africa Eastern and Southern,AFE,Energy use (kg of oil equivalent per capita),EG.USE.PCAP.KG.OE,562.0606994
Africa Eastern and Southern,AFE,Urban population (% of total population),SP.URB.TOTL.IN.ZS,37.90901202
Africa Eastern and Southern,AFE,Trade (% of GDP),NE.TRD.GNFS.ZS,58.64228728
Africa Eastern and Southern,AFE,Renewable energy consumption (% of total final energy consumption),EG.FEC.RNEW.ZS,..
Africa Western and Central,AFW,Carbon dioxide (CO2) emissions excluding LULUCF per capita (t CO2e/capita),EN.GHG.CO2.PC.CE.AR5,0.505462163
Africa Western and Central,AFW,GDP per capita (constant 2015 US$),NY.GDP.PCAP.KD,1824.953296
Africa Western and Central,AFW,Energy use (kg of oil equivalent per capita),EG.USE.PCAP.KG.OE,351.9130616
Africa Western and Central,AFW,Urban population (% of total population),SP.URB.TOTL.IN.ZS,49.12980799
Africa Western and Central,AFW,Trade (% of GDP),NE.TRD.GNFS.ZS,..
Africa Western and Central,AFW,Renewable energy consumption (% of total final energy consumption),EG.FEC.RNEW.ZS,..
Arab World,ARB,Carbon dioxide (CO2) emissions excluding LULUCF per capita (t CO2e/capita),EN.GHG.CO2.PC.CE.AR5,4.403588402
Arab World,ARB,GDP per capita (constant 2015 US$),NY.GDP.PCAP.KD,6369.413205
Arab World,ARB,Energy use (kg of oil equivalent per capita),EG.USE.PCAP.KG.OE,1780.222858
Arab World,ARB,Urban population (% of total population),SP.URB.TOTL.IN.ZS,59.05426702
Arab World,ARB,Trade (% of GDP),NE.TRD.GNFS.ZS,87.2777227
Arab World,ARB,Renewable energy consumption (% of total final energy consumption),EG.FEC.RNEW.ZS,..
Caribbean small states,CSS,Carbon dioxide (CO2) emissions excluding LULUCF per capita (t CO2e/capita),EN.GHG.CO2.PC.CE.AR5,8.317394176
Caribbean small states,CSS,GDP per capita (constant 2015 US$),NY.GDP.PCAP.KD,15115.62831
Caribbean small states,CSS,Energy use (kg of oil equivalent per capita),EG.USE.PCAP.KG.OE,..
Caribbean small states,CSS,Urban population (% of total population),SP.URB.TOTL.IN.ZS,48.65293727
Caribbean small states,CSS,Trade (% of GDP),NE.TRD.GNFS.ZS,..
Caribbean small states,CSS,Renewable energy consumption (% of total final energy consumption),EG.FEC.RNEW.ZS,..
Central Europe and the Baltics,CEB,Carbon dioxide (CO2) emissions excluding LULUCF per capita (t CO2e/capita),EN.GHG.CO2.PC.CE.AR5,6.884049365
Central Europe and the Baltics,CEB,GDP per capita (constant 2015 US$),NY.GDP.PCAP.KD,16406.37487
Central Europe and the Baltics,CEB,Energy use (kg of oil equivalent per capita),EG.USE.PCAP.KG.OE,2683.157095
Central Europe and the Baltics,CEB,Urban population (% of total population),SP.URB.TOTL.IN.ZS,62.8359316
Central Europe and the Baltics,CEB,Trade (% of GDP),NE.TRD.GNFS.ZS,139.6246753
Central Europe and the Baltics,CEB,Renewable energy consumption (% of total final energy consumption),EG.FEC.RNEW.ZS,..
Early-demographic dividend,EAR,Carbon dioxide (CO2) emissions excluding LULUCF per capita (t CO2e/capita),EN.GHG.CO2.PC.CE.AR5,2.33747514
Early-demographic dividend,EAR,GDP per capita (constant 2015 US$),NY.GDP.PCAP.KD,3751.264867
Early-demographic dividend,EAR,Energy use (kg of oil equivalent per capita),EG.USE.PCAP.KG.OE,943.1283446
Early-demographic dividend,EAR,Urban population (% of total population),SP.URB.TOTL.IN.ZS,46.6251546
Early-demographic dividend,EAR,Trade (% of GDP),NE.TRD.GNFS.ZS,60.06236619
Early-demographic dividend,EAR,Renewable energy consumption (% of total final energy consumption),EG.FEC.RNEW.ZS,..
East Asia & Pacific,EAS,Carbon dioxide (CO2) emissions excluding LULUCF per capita (t CO2e/capita),EN.GHG.CO2.PC.CE.AR5,7.000126704
East Asia & Pacific,EAS,GDP per capita (constant 2015 US$),NY.GDP.PCAP.KD,12249.79521
East Asia & Pacific,EAS,Energy use (kg of oil equivalent per capita),EG.USE.PCAP.KG.OE,2321.4691
East Asia & Pacific,EAS,Urban population (% of total population),SP.URB.TOTL.IN.ZS,62.22573127
East Asia & Pacific,EAS,Trade (% of GDP),NE.TRD.GNFS.ZS,60.5212524
East Asia & Pacific,EAS,Renewable energy consumption (% of total final energy consumption),EG.FEC.RNEW.ZS,..
East Asia & Pacific (excluding high income),EAP,Carbon dioxide (CO2) emissions excluding LULUCF per capita (t CO2e/capita),EN.GHG.CO2.PC.CE.AR5,6.739441567
East Asia & Pacific (excluding high income),EAP,GDP per capita (constant 2015 US$),NY.GDP.PCAP.KD,9199.997031
East Asia & Pacific (excluding high income),EAP,Energy use (kg of oil equivalent per capita),EG.USE.PCAP.KG.OE,2124.87627
East Asia & Pacific (excluding high income),EAP,Urban population (% of total population),SP.URB.TOTL.IN.ZS,59.22148416
East Asia & Pacific (excluding high income),EAP,Trade (% of GDP),NE.TRD.GNFS.ZS,46.78453728
East Asia & Pacific (excluding high income),EAP,Renewable energy consumption (% of total final energy consumption),EG.FEC.RNEW.ZS,..
East Asia & Pacific (IDA & IBRD countries),TEA,Carbon dioxide (CO2) emissions excluding LULUCF per capita (t CO2e/capita),EN.GHG.CO2.PC.CE.AR5,6.795996207
East Asia & Pacific (IDA & IBRD countries),TEA,GDP per capita (constant 2015 US$),NY.GDP.PCAP.KD,9303.275352
East Asia & Pacific (IDA & IBRD countries),TEA,Energy use (kg of oil equivalent per capita),EG.USE.PCAP.KG.OE,2143.548477
East Asia & Pacific (IDA & IBRD countries),TEA,Urban population (% of total population),SP.URB.TOTL.IN.ZS,59.17574357
East Asia & Pacific (IDA & IBRD countries),TEA,Trade (% of GDP),NE.TRD.GNFS.ZS,46.78672864
East Asia & Pacific (IDA & IBRD countries),TEA,Renewable energy consumption (% of total final energy consumption),EG.FEC.RNEW.ZS,..
Euro area,EMU,Carbon dioxide (CO2) emissions excluding LULUCF per capita (t CO2e/capita),EN.GHG.CO2.PC.CE.AR5,6.028607298
Euro area,EMU,GDP per capita (constant 2015 US$),NY.GDP.PCAP.KD,37922.85
Euro area,EMU,Energy use (kg of oil equivalent per capita),EG.USE.PCAP.KG.OE,2940.893842
Euro area,EMU,Urban population (% of total population),SP.URB.TOTL.IN.ZS,77.71268301
Euro area,EMU,Trade (% of GDP),NE.TRD.GNFS.ZS,100.6067942
Euro area,EMU,Renewable energy consumption (% of total final energy consumption),EG.FEC.RNEW.ZS,..
Europe & Central Asia,ECS,Carbon dioxide (CO2) emissions excluding LULUCF per capita (t CO2e/capita),EN.GHG.CO2.PC.CE.AR5,6.979200299
Europe & Central Asia,ECS,GDP per capita (constant 2015 US$),NY.GDP.PCAP.KD,25308.03065
Europe & Central Asia,ECS,Energy use (kg of oil equivalent per capita),EG.USE.PCAP.KG.OE,3026.137023
Europe & Central Asia,ECS,Urban population (% of total population),SP.URB.TOTL.IN.ZS,73.03962013
Europe & Central Asia,ECS,Trade (% of GDP),NE.TRD.GNFS.ZS,93.55048785
Europe & Central Asia,ECS,Renewable energy consumption (% of total final energy consumption),EG.FEC.RNEW.ZS,..
Europe & Central Asia (excluding high income),ECA,Carbon dioxide (CO2) emissions excluding LULUCF per capita (t CO2e/capita),EN.GHG.CO2.PC.CE.AR5,4.957587314
Europe & Central Asia (excluding high income),ECA,GDP per capita (constant 2015 US$),NY.GDP.PCAP.KD,7814.106346
Europe & Central Asia (excluding high income),ECA,Energy use (kg of oil equivalent per capita),EG.USE.PCAP.KG.OE,1892.380868
Europe & Central Asia (excluding high income),ECA,Urban population (% of total population),SP.URB.TOTL.IN.ZS,64.16972588
Europe & Central Asia (excluding high income),ECA,Trade (% of GDP),NE.TRD.GNFS.ZS,83.03180667
Europe & Central Asia (excluding high income),ECA,Renewable energy consumption (% of total final energy consumption),EG.FEC.RNEW.ZS,..
Europe & Central Asia (IDA & IBRD countries),TEC,Carbon dioxide (CO2) emissions excluding LULUCF per capita (t CO2e/capita),EN.GHG.CO2.PC.CE.AR5,8.147932794
Europe & Central Asia (IDA & IBRD countries),TEC,GDP per capita (constant 2015 US$),NY.GDP.PCAP.KD,9622.947352
Europe & Central Asia (IDA & IBRD countries),TEC,Energy use (kg of oil equivalent per capita),EG.USE.PCAP.KG.OE,3136.628758
Europe & Central Asia (IDA & IBRD countries),TEC,Urban population (% of total population),SP.URB.TOTL.IN.ZS,67.00580806
Europe & Central Asia (IDA & IBRD countries),TEC,Trade (% of GDP),NE.TRD.GNFS.ZS,73.01212634
Europe & Central Asia (IDA & IBRD countries),TEC,Renewable energy consumption (% of total final energy consumption),EG.FEC.RNEW.ZS,..
European Union,EUU,Carbon dioxide (CO2) emissions excluding LULUCF per capita (t CO2e/capita),EN.GHG.CO2.PC.CE.AR5,6.157885514
European Union,EUU,GDP per capita (constant 2015 US$),NY.GDP.PCAP.KD,34539.75333
European Union,EUU,Energy use (kg of oil equivalent per capita),EG.USE.PCAP.KG.OE,2919.48878
European Union,EUU,Urban population (% of total population),SP.URB.TOTL.IN.ZS,75.46205747
European Union,EUU,Trade (% of GDP),NE.TRD.GNFS.ZS,103.6342822
European Union,EUU,Renewable energy consumption (% of total final energy consumption),EG.FEC.RNEW.ZS,..
Fragile and conflict affected situations,FCS,Carbon dioxide (CO2) emissions excluding LULUCF per capita (t CO2e/capita),EN.GHG.CO2.PC.CE.AR5,0.785642823
Fragile and conflict affected situations,FCS,GDP per capita (constant 2015 US$),NY.GDP.PCAP.KD,1693.312856
Fragile and conflict affected situations,FCS,Energy use (kg of oil equivalent per capita),EG.USE.PCAP.KG.OE,498.6896465
Fragile and conflict affected situations,FCS,Urban population (% of total population),SP.URB.TOTL.IN.ZS,44.4016465
Fragile and conflict affected situations,FCS,Trade (% of GDP),NE.TRD.GNFS.ZS,..
Fragile and conflict affected situations,FCS,Renewable energy consumption (% of total final energy consumption),EG.FEC.RNEW.ZS,..
Heavily indebted poor countries (HIPC),HPC,Carbon dioxide (CO2) emissions excluding LULUCF per capita (t CO2e/capita),EN.GHG.CO2.PC.CE.AR5,0.295871728
Heavily indebted poor countries (HIPC),HPC,GDP per capita (constant 2015 US$),NY.GDP.PCAP.KD,989.7746103
Heavily indebted poor countries (HIPC),HPC,Energy use (kg of oil equivalent per capita),EG.USE.PCAP.KG.OE,400.7846965
Heavily indebted poor countries (HIPC),HPC,Urban population (% of total population),SP.URB.TOTL.IN.ZS,38.03986955
Heavily indebted poor countries (HIPC),HPC,Trade (% of GDP),NE.TRD.GNFS.ZS,56.87471245
Heavily indebted poor countries (HIPC),HPC,Renewable energy consumption (% of total final energy consumption),EG.FEC.RNEW.ZS,..
High income,HIC,Carbon dioxide (CO2) emissions excluding LULUCF per capita (t CO2e/capita),EN.GHG.CO2.PC.CE.AR5,10.23416851
High income,HIC,GDP per capita (constant 2015 US$),NY.GDP.PCAP.KD,40751.20025
High income,HIC,Energy use (kg of oil equivalent per capita),EG.USE.PCAP.KG.OE,4550.455324
High income,HIC,Urban population (% of total population),SP.URB.TOTL.IN.ZS,80.94196214
High income,HIC,Trade (% of GDP),NE.TRD.GNFS.ZS,67.40050567
High income,HIC,Renewable energy consumption (% of total final energy consumption),EG.FEC.RNEW.ZS,..
IBRD only,IBD,Carbon dioxide (CO2) emissions excluding LULUCF per capita (t CO2e/capita),EN.GHG.CO2.PC.CE.AR5,4.916913148
IBRD only,IBD,GDP per capita (constant 2015 US$),NY.GDP.PCAP.KD,7003.871832
IBRD only,IBD,Energy use (kg of oil equivalent per capita),EG.USE.PCAP.KG.OE,1713.287987
IBRD only,IBD,Urban population (% of total population),SP.URB.TOTL.IN.ZS,57.40519494
IBRD only,IBD,Trade (% of GDP),NE.TRD.GNFS.ZS,54.15897916
IBRD only,IBD,Renewable energy consumption (% of total final energy consumption),EG.FEC.RNEW.ZS,..
IDA & IBRD total,IBT,Carbon dioxide (CO2) emissions excluding LULUCF per capita (t CO2e/capita),EN.GHG.CO2.PC.CE.AR5,3.730320448
IDA & IBRD total,IBT,GDP per capita (constant 2015 US$),NY.GDP.PCAP.KD,5481.605687
IDA & IBRD total,IBT,Energy use (kg of oil equivalent per capita),EG.USE.PCAP.KG.OE,1381.83689
IDA & IBRD total,IBT,Urban population (% of total population),SP.URB.TOTL.IN.ZS,52.32617793
IDA & IBRD total,IBT,Trade (% of GDP),NE.TRD.GNFS.ZS,54.02466464
IDA & IBRD total,IBT,Renewable energy consumption (% of total final energy consumption),EG.FEC.RNEW.ZS,..
IDA blend,IDB,Carbon dioxide (CO2) emissions excluding LULUCF per capita (t CO2e/capita),EN.GHG.CO2.PC.CE.AR5,0.870994408
IDA blend,IDB,GDP per capita (constant 2015 US$),NY.GDP.PCAP.KD,2064.468165
IDA blend,IDB,Energy use (kg of oil equivalent per capita),EG.USE.PCAP.KG.OE,477.0443113
IDA blend,IDB,Urban population (% of total population),SP.URB.TOTL.IN.ZS,44.50567625
IDA blend,IDB,Trade (% of GDP),NE.TRD.GNFS.ZS,..
IDA blend,IDB,Renewable energy consumption (% of total final energy consumption),EG.FEC.RNEW.ZS,..
IDA only,IDX,Carbon dioxide (CO2) emissions excluding LULUCF per capita (t CO2e/capita),EN.GHG.CO2.PC.CE.AR5,0.422469027
IDA only,IDX,GDP per capita (constant 2015 US$),NY.GDP.PCAP.KD,1138.595433
IDA only,IDX,Energy use (kg of oil equivalent per capita),EG.USE.PCAP.KG.OE,372.9341769
IDA only,IDX,Urban population (% of total population),SP.URB.TOTL.IN.ZS,35.89078654
IDA only,IDX,Trade (% of GDP),NE.TRD.GNFS.ZS,55.31755867
IDA only,IDX,Renewable energy consumption (% of total final energy consumption),EG.FEC.RNEW.ZS,..
IDA total,IDA,Carbon dioxide (CO2) emissions excluding LULUCF per capita (t CO2e/capita),EN.GHG.CO2.PC.CE.AR5,0.580199913
IDA total,IDA,GDP per capita (constant 2015 US$),NY.GDP.PCAP.KD,1461.961933
IDA total,IDA,Energy use (kg of oil equivalent per capita),EG.USE.PCAP.KG.OE,412.3596597
IDA total,IDA,Urban population (% of total population),SP.URB.TOTL.IN.ZS,38.9024403
IDA total,IDA,Trade (% of GDP),NE.TRD.GNFS.ZS,51.56907685
IDA total,IDA,Renewable energy consumption (% of total final energy consumption),EG.FEC.RNEW.ZS,..
Late-demographic dividend,LTE,Carbon dioxide (CO2) emissions excluding LULUCF per capita (t CO2e/capita),EN.GHG.CO2.PC.CE.AR5,7.66328778
Late-demographic dividend,LTE,GDP per capita (constant 2015 US$),NY.GDP.PCAP.KD,10944.89962
Late-demographic dividend,LTE,Energy use (kg of oil equivalent per capita),EG.USE.PCAP.KG.OE,2556.029708
Late-demographic dividend,LTE,Urban population (% of total population),SP.URB.TOTL.IN.ZS,65.60353164
Late-demographic dividend,LTE,Trade (% of GDP),NE.TRD.GNFS.ZS,57.68953612
Late-demographic dividend,LTE,Renewable energy consumption (% of total final energy consumption),EG.FEC.RNEW.ZS,..
Latin America & Caribbean,LCN,Carbon dioxide (CO2) emissions excluding LULUCF per capita (t CO2e/capita),EN.GHG.CO2.PC.CE.AR5,2.620237363
Latin America & Caribbean,LCN,GDP per capita (constant 2015 US$),NY.GDP.PCAP.KD,8961.377374
Latin America & Caribbean,LCN,Energy use (kg of oil equivalent per capita),EG.USE.PCAP.KG.OE,1325.27039
Latin America & Caribbean,LCN,Urban population (% of total population),SP.URB.TOTL.IN.ZS,81.56491536
Latin America & Caribbean,LCN,Trade (% of GDP),NE.TRD.GNFS.ZS,57.55134559
Latin America & Caribbean,LCN,Renewable energy consumption (% of total final energy consumption),EG.FEC.RNEW.ZS,..
Latin America & Caribbean (excluding high income),LAC,Carbon dioxide (CO2) emissions excluding LULUCF per capita (t CO2e/capita),EN.GHG.CO2.PC.CE.AR5,2.50585939
Latin America & Caribbean (excluding high income),LAC,GDP per capita (constant 2015 US$),NY.GDP.PCAP.KD,8403.213432
Latin America & Caribbean (excluding high income),LAC,Energy use (kg of oil equivalent per capita),EG.USE.PCAP.KG.OE,1270.319901
Latin America & Caribbean (excluding high income),LAC,Urban population (% of total population),SP.URB.TOTL.IN.ZS,81.14426105
Latin America & Caribbean (excluding high income),LAC,Trade (% of GDP),NE.TRD.GNFS.ZS,55.16027014
Latin America & Caribbean (excluding high income),LAC,Renewable energy consumption (% of total final energy consumption),EG.FEC.RNEW.ZS,..
Latin America & the Caribbean (IDA & IBRD countries),TLA,Carbon dioxide (CO2) emissions excluding LULUCF per capita (t CO2e/capita),EN.GHG.CO2.PC.CE.AR5,2.625465378
Latin America & the Caribbean (IDA & IBRD countries),TLA,GDP per capita (constant 2015 US$),NY.GDP.PCAP.KD,8840.330816
Latin America & the Caribbean (IDA & IBRD countries),TLA,Energy use (kg of oil equivalent per capita),EG.USE.PCAP.KG.OE,1333.087032
Latin America & the Caribbean (IDA & IBRD countries),TLA,Urban population (% of total population),SP.URB.TOTL.IN.ZS,81.57500581
Latin America & the Caribbean (IDA & IBRD countries),TLA,Trade (% of GDP),NE.TRD.GNFS.ZS,56.2378167
Latin America & the Caribbean (IDA & IBRD countries),TLA,Renewable energy consumption (% of total final energy consumption),EG.FEC.RNEW.ZS,..
Least developed countries: UN classification,LDC,Carbon dioxide (CO2) emissions excluding LULUCF per capita (t CO2e/capita),EN.GHG.CO2.PC.CE.AR5,0.375002439
Least developed countries: UN classification,LDC,GDP per capita (constant 2015 US$),NY.GDP.PCAP.KD,1057.291939
Least developed countries: UN classification,LDC,Energy use (kg of oil equivalent per capita),EG.USE.PCAP.KG.OE,365.2763806
Least developed countries: UN classification,LDC,Urban population (% of total population),SP.URB.TOTL.IN.ZS,35.84971358
Least developed countries: UN classification,LDC,Trade (% of GDP),NE.TRD.GNFS.ZS,53.63880983
Least developed countries: UN classification,LDC,Renewable energy consumption (% of total final energy consumption),EG.FEC.RNEW.ZS,..
Low & middle income,LMY,Carbon dioxide (CO2) emissions excluding LULUCF per capita (t CO2e/capita),EN.GHG.CO2.PC.CE.AR5,3.52715065
Low & middle income,LMY,GDP per capita (constant 2015 US$),NY.GDP.PCAP.KD,5266.51603
Low & middle income,LMY,Energy use (kg of oil equivalent per capita),EG.USE.PCAP.KG.OE,1284.74826
Low & middle income,LMY,Urban population (% of total population),SP.URB.TOTL.IN.ZS,52.1006418
Low & middle income,LMY,Trade (% of GDP),NE.TRD.GNFS.ZS,52.59422562
Low & middle income,LMY,Renewable energy consumption (% of total final energy consumption),EG.FEC.RNEW.ZS,..
Low income,LIC,Carbon dioxide (CO2) emissions excluding LULUCF per capita (t CO2e/capita),EN.GHG.CO2.PC.CE.AR5,0.319975878
Low income,LIC,GDP per capita (constant 2015 US$),NY.GDP.PCAP.KD,688.2627982
Low income,LIC,Energy use (kg of oil equivalent per capita),EG.USE.PCAP.KG.OE,352.4549805
Low income,LIC,Urban population (% of total population),SP.URB.TOTL.IN.ZS,37.14203806
Low income,LIC,Trade (% of GDP),NE.TRD.GNFS.ZS,55.72960512
Low income,LIC,Renewable energy consumption (% of total final energy consumption),EG.FEC.RNEW.ZS,..
Lower middle income,LMC,Carbon dioxide (CO2) emissions excluding LULUCF per capita (t CO2e/capita),EN.GHG.CO2.PC.CE.AR5,1.506503162
Lower middle income,LMC,GDP per capita (constant 2015 US$),NY.GDP.PCAP.KD,2235.503317
Lower middle income,LMC,Energy use (kg of oil equivalent per capita),EG.USE.PCAP.KG.OE,626.5502854
Lower middle income,LMC,Urban population (% of total population),SP.URB.TOTL.IN.ZS,40.45163752
Lower middle income,LMC,Trade (% of GDP),NE.TRD.GNFS.ZS,60.50049481
Lower middle income,LMC,Renewable energy consumption (% of total final energy consumption),EG.FEC.RNEW.ZS,..
"Middle East, North Africa, Afghanistan & Pakistan",MEA,Carbon dioxide (CO2) emissions excluding LULUCF per capita (t CO2e/capita),EN.GHG.CO2.PC.CE.AR5,3.960052893
"Middle East, North Africa, Afghanistan & Pakistan",MEA,GDP per capita (constant 2015 US$),NY.GDP.PCAP.KD,5451.274225
"Middle East, North Africa, Afghanistan & Pakistan",MEA,Energy use (kg of oil equivalent per capita),EG.USE.PCAP.KG.OE,1628.232194
"Middle East, North Africa, Afghanistan & Pakistan",MEA,Urban population (% of total population),SP.URB.TOTL.IN.ZS,54.96648531
"Middle East, North Africa, Afghanistan & Pakistan",MEA,Trade (% of GDP),NE.TRD.GNFS.ZS,78.9699454
"Middle East, North Africa, Afghanistan & Pakistan",MEA,Renewable energy consumption (% of total final energy consumption),EG.FEC.RNEW.ZS,..
"Middle East, North Africa, Afghanistan & Pakistan (excluding high income)",MNA,Carbon dioxide (CO2) emissions excluding LULUCF per capita (t CO2e/capita),EN.GHG.CO2.PC.CE.AR5,2.594666615
"Middle East, North Africa, Afghanistan & Pakistan (excluding high income)",MNA,GDP per capita (constant 2015 US$),NY.GDP.PCAP.KD,2975.288099
"Middle East, North Africa, Afghanistan & Pakistan (excluding high income)",MNA,Energy use (kg of oil equivalent per capita),EG.USE.PCAP.KG.OE,1069.765112
"Middle East, North Africa, Afghanistan & Pakistan (excluding high income)",MNA,Urban population (% of total population),SP.URB.TOTL.IN.ZS,51.89478373
"Middle East, North Africa, Afghanistan & Pakistan (excluding high income)",MNA,Trade (% of GDP),NE.TRD.GNFS.ZS,59.3054486
"Middle East, North Africa, Afghanistan & Pakistan (excluding high income)",MNA,Renewable energy consumption (% of total final energy consumption),EG.FEC.RNEW.ZS,..
"Middle East, North Africa, Afghanistan & Pakistan (IDA & IBRD)",TMN,Carbon dioxide (CO2) emissions excluding LULUCF per capita (t CO2e/capita),EN.GHG.CO2.PC.CE.AR5,2.594666615
"Middle East, North Africa, Afghanistan & Pakistan (IDA & IBRD)",TMN,GDP per capita (constant 2015 US$),NY.GDP.PCAP.KD,2974.404287
"Middle East, North Africa, Afghanistan & Pakistan (IDA & IBRD)",TMN,Energy use (kg of oil equivalent per capita),EG.USE.PCAP.KG.OE,1069.765112
"Middle East, North Africa, Afghanistan & Pakistan (IDA & IBRD)",TMN,Urban population (% of total population),SP.URB.TOTL.IN.ZS,51.71474866
"Middle East, North Africa, Afghanistan & Pakistan (IDA & IBRD)",TMN,Trade (% of GDP),NE.TRD.GNFS.ZS,59.09408832
"Middle East, North Africa, Afghanistan & Pakistan (IDA & IBRD)",TMN,Renewable energy consumption (% of total final energy consumption),EG.FEC.RNEW.ZS,..
Middle income,MIC,Carbon dioxide (CO2) emissions excluding LULUCF per capita (t CO2e/capita),EN.GHG.CO2.PC.CE.AR5,3.846323685
Middle income,MIC,GDP per capita (constant 2015 US$),NY.GDP.PCAP.KD,5729.396335
Middle income,MIC,Energy use (kg of oil equivalent per capita),EG.USE.PCAP.KG.OE,1357.511119
Middle income,MIC,Urban population (% of total population),SP.URB.TOTL.IN.ZS,53.61436344
Middle income,MIC,Trade (% of GDP),NE.TRD.GNFS.ZS,52.55704061
Middle income,MIC,Renewable energy consumption (% of total final energy consumption),EG.FEC.RNEW.ZS,..
North America,NAC,Carbon dioxide (CO2) emissions excluding LULUCF per capita (t CO2e/capita),EN.GHG.CO2.PC.CE.AR5,14.37540345
North America,NAC,GDP per capita (constant 2015 US$),NY.GDP.PCAP.KD,62273.10968
North America,NAC,Energy use (kg of oil equivalent per capita),EG.USE.PCAP.KG.OE,6623.012426
North America,NAC,Urban population (% of total population),SP.URB.TOTL.IN.ZS,82.94790102
North America,NAC,Trade (% of GDP),NE.TRD.GNFS.ZS,30.35801904
North America,NAC,Renewable energy consumption (% of total final energy consumption),EG.FEC.RNEW.ZS,..
Not classified,INX,Carbon dioxide (CO2) emissions excluding LULUCF per capita (t CO2e/capita),EN.GHG.CO2.PC.CE.AR5,..
Not classified,INX,GDP per capita (constant 2015 US$),NY.GDP.PCAP.KD,..
Not classified,INX,Energy use (kg of oil equivalent per capita),EG.USE.PCAP.KG.OE,..
Not classified,INX,Urban population (% of total population),SP.URB.TOTL.IN.ZS,..
Not classified,INX,Trade (% of GDP),NE.TRD.GNFS.ZS,..
Not classified,INX,Renewable energy consumption (% of total final energy consumption),EG.FEC.RNEW.ZS,..
OECD members,OED,Carbon dioxide (CO2) emissions excluding LULUCF per capita (t CO2e/capita),EN.GHG.CO2.PC.CE.AR5,8.363887633
OECD members,OED,GDP per capita (constant 2015 US$),NY.GDP.PCAP.KD,39468.2756
OECD members,OED,Energy use (kg of oil equivalent per capita),EG.USE.PCAP.KG.OE,3776.371336
OECD members,OED,Urban population (% of total population),SP.URB.TOTL.IN.ZS,81.4656773
OECD members,OED,Trade (% of GDP),NE.TRD.GNFS.ZS,63.1504748
OECD members,OED,Renewable energy consumption (% of total final energy consumption),EG.FEC.RNEW.ZS,..
Other small states,OSS,Carbon dioxide (CO2) emissions excluding LULUCF per capita (t CO2e/capita),EN.GHG.CO2.PC.CE.AR5,4.032924367
Other small states,OSS,GDP per capita (constant 2015 US$),NY.GDP.PCAP.KD,12087.82293
Other small states,OSS,Energy use (kg of oil equivalent per capita),EG.USE.PCAP.KG.OE,..
Other small states,OSS,Urban population (% of total population),SP.URB.TOTL.IN.ZS,55.55970277
Other small states,OSS,Trade (% of GDP),NE.TRD.GNFS.ZS,160.7373755
Other small states,OSS,Renewable energy consumption (% of total final energy consumption),EG.FEC.RNEW.ZS,..
Pacific island small states,PSS,Carbon dioxide (CO2) emissions excluding LULUCF per capita (t CO2e/capita),EN.GHG.CO2.PC.CE.AR5,1.87470186
Pacific island small states,PSS,GDP per capita (constant 2015 US$),NY.GDP.PCAP.KD,3668.296742
Pacific island small states,PSS,Energy use (kg of oil equivalent per capita),EG.USE.PCAP.KG.OE,..
Pacific island small states,PSS,Urban population (% of total population),SP.URB.TOTL.IN.ZS,39.27146868
Pacific island small states,PSS,Trade (% of GDP),NE.TRD.GNFS.ZS,99.38941313
Pacific island small states,PSS,Renewable energy consumption (% of total final energy consumption),EG.FEC.RNEW.ZS,..
Post-demographic dividend,PST,Carbon dioxide (CO2) emissions excluding LULUCF per capita (t CO2e/capita),EN.GHG.CO2.PC.CE.AR5,9.279379598
Post-demographic dividend,PST,GDP per capita (constant 2015 US$),NY.GDP.PCAP.KD,45272.35827
Post-demographic dividend,PST,Energy use (kg of oil equivalent per capita),EG.USE.PCAP.KG.OE,4269.087912
Post-demographic dividend,PST,Urban population (% of total population),SP.URB.TOTL.IN.ZS,82.07387869
Post-demographic dividend,PST,Trade (% of GDP),NE.TRD.GNFS.ZS,64.48157042
Post-demographic dividend,PST,Renewable energy consumption (% of total final energy consumption),EG.FEC.RNEW.ZS,..
Pre-demographic dividend,PRE,Carbon dioxide (CO2) emissions excluding LULUCF per capita (t CO2e/capita),EN.GHG.CO2.PC.CE.AR5,0.529081603
Pre-demographic dividend,PRE,GDP per capita (constant 2015 US$),NY.GDP.PCAP.KD,1447.114319
Pre-demographic dividend,PRE,Energy use (kg of oil equivalent per capita),EG.USE.PCAP.KG.OE,437.442486
Pre-demographic dividend,PRE,Urban population (% of total population),SP.URB.TOTL.IN.ZS,43.64187014
Pre-demographic dividend,PRE,Trade (% of GDP),NE.TRD.GNFS.ZS,..
Pre-demographic dividend,PRE,Renewable energy consumption (% of total final energy consumption),EG.FEC.RNEW.ZS,..
Small states,SST,Carbon dioxide (CO2) emissions excluding LULUCF per capita (t CO2e/capita),EN.GHG.CO2.PC.CE.AR5,4.738120068
Small states,SST,GDP per capita (constant 2015 US$),NY.GDP.PCAP.KD,11647.28624
Small states,SST,Energy use (kg of oil equivalent per capita),EG.USE.PCAP.KG.OE,..
Small states,SST,Urban population (% of total population),SP.URB.TOTL.IN.ZS,51.81585577
Small states,SST,Trade (% of GDP),NE.TRD.GNFS.ZS,150.182056
Small states,SST,Renewable energy consumption (% of total final energy consumption),EG.FEC.RNEW.ZS,..
South Asia,SAS,Carbon dioxide (CO2) emissions excluding LULUCF per capita (t CO2e/capita),EN.GHG.CO2.PC.CE.AR5,1.763829629
South Asia,SAS,GDP per capita (constant 2015 US$),NY.GDP.PCAP.KD,2079.700961
South Asia,SAS,Energy use (kg of oil equivalent per capita),EG.USE.PCAP.KG.OE,676.4168195
South Asia,SAS,Urban population (% of total population),SP.URB.TOTL.IN.ZS,35.78532076
South Asia,SAS,Trade (% of GDP),NE.TRD.GNFS.ZS,48.84215047
South Asia,SAS,Renewable energy consumption (% of total final energy consumption),EG.FEC.RNEW.ZS,..
South Asia (IDA & IBRD),TSA,Carbon dioxide (CO2) emissions excluding LULUCF per capita (t CO2e/capita),EN.GHG.CO2.PC.CE.AR5,1.763829629
South Asia (IDA & IBRD),TSA,GDP per capita (constant 2015 US$),NY.GDP.PCAP.KD,2079.700961
South Asia (IDA & IBRD),TSA,Energy use (kg of oil equivalent per capita),EG.USE.PCAP.KG.OE,676.4168195
South Asia (IDA & IBRD),TSA,Urban population (% of total population),SP.URB.TOTL.IN.ZS,35.78532076
South Asia (IDA & IBRD),TSA,Trade (% of GDP),NE.TRD.GNFS.ZS,48.84215047
South Asia (IDA & IBRD),TSA,Renewable energy consumption (% of total final energy consumption),EG.FEC.RNEW.ZS,..
Sub-Saharan Africa,SSF,Carbon dioxide (CO2) emissions excluding LULUCF per capita (t CO2e/capita),EN.GHG.CO2.PC.CE.AR5,0.68942094
Sub-Saharan Africa,SSF,GDP per capita (constant 2015 US$),NY.GDP.PCAP.KD,1584.930337
Sub-Saharan Africa,SSF,Energy use (kg of oil equivalent per capita),EG.USE.PCAP.KG.OE,480.2473692
Sub-Saharan Africa,SSF,Urban population (% of total population),SP.URB.TOTL.IN.ZS,42.44939694
Sub-Saharan Africa,SSF,Trade (% of GDP),NE.TRD.GNFS.ZS,60.30478261
Sub-Saharan Africa,SSF,Renewable energy consumption (% of total final energy consumption),EG.FEC.RNEW.ZS,..
Sub-Saharan Africa (excluding high income),SSA,Carbon dioxide (CO2) emissions excluding LULUCF per capita (t CO2e/capita),EN.GHG.CO2.PC.CE.AR5,0.752370199
Sub-Saharan Africa (excluding high income),SSA,GDP per capita (constant 2015 US$),NY.GDP.PCAP.KD,1667.590812
Sub-Saharan Africa (excluding high income),SSA,Energy use (kg of oil equivalent per capita),EG.USE.PCAP.KG.OE,493.3038878
Sub-Saharan Africa (excluding high income),SSA,Urban population (% of total population),SP.URB.TOTL.IN.ZS,44.69568895
Sub-Saharan Africa (excluding high income),SSA,Trade (% of GDP),NE.TRD.GNFS.ZS,61.96846284
Sub-Saharan Africa (excluding high income),SSA,Renewable energy consumption (% of total final energy consumption),EG.FEC.RNEW.ZS,..
Sub-Saharan Africa (IDA & IBRD countries),TSS,Carbon dioxide (CO2) emissions excluding LULUCF per capita (t CO2e/capita),EN.GHG.CO2.PC.CE.AR5,0.68942094
Sub-Saharan Africa (IDA & IBRD countries),TSS,GDP per capita (constant 2015 US$),NY.GDP.PCAP.KD,1584.930337
Sub-Saharan Africa (IDA & IBRD countries),TSS,Energy use (kg of oil equivalent per capita),EG.USE.PCAP.KG.OE,480.2473692
Sub-Saharan Africa (IDA & IBRD countries),TSS,Urban population (% of total population),SP.URB.TOTL.IN.ZS,42.44939694
Sub-Saharan Africa (IDA & IBRD countries),TSS,Trade (% of GDP),NE.TRD.GNFS.ZS,60.30478261
Sub-Saharan Africa (IDA & IBRD countries),TSS,Renewable energy consumption (% of total final energy consumption),EG.FEC.RNEW.ZS,..
Upper middle income,UMC,Carbon dioxide (CO2) emissions excluding LULUCF per capita (t CO2e/capita),EN.GHG.CO2.PC.CE.AR5,6.39040172
Upper middle income,UMC,GDP per capita (constant 2015 US$),NY.GDP.PCAP.KD,9522.306994
Upper middle income,UMC,Energy use (kg of oil equivalent per capita),EG.USE.PCAP.KG.OE,2141.429594
Upper middle income,UMC,Urban population (% of total population),SP.URB.TOTL.IN.ZS,67.91261192
Upper middle income,UMC,Trade (% of GDP),NE.TRD.GNFS.ZS,50.80896264
Upper middle income,UMC,Renewable energy consumption (% of total final energy consumption),EG.FEC.RNEW.ZS,..
World,WLD,Carbon dioxide (CO2) emissions excluding LULUCF per capita (t CO2e/capita),EN.GHG.CO2.PC.CE.AR5,4.631816731
World,WLD,GDP per capita (constant 2015 US$),NY.GDP.PCAP.KD,11428.54781
World,WLD,Energy use (kg of oil equivalent per capita),EG.USE.PCAP.KG.OE,1853.464585
World,WLD,Urban population (% of total population),SP.URB.TOTL.IN.ZS,56.8157154
World,WLD,Trade (% of GDP),NE.TRD.GNFS.ZS,62.60539732
World,WLD,Renewable energy consumption (% of total final energy consumption),EG.FEC.RNEW.ZS,..