country_name,country_code,year,co2_per_capita,gdp_per_capita,energy_use_per_capita,urban_pct,trade_pct_gdp,renewable_pct,fossil_fuel_pct,industry_value_added_pct_gdp,population_density,lnCO2,lnGDP,lnEnergy,lnUrban,lnTrade,lnPopDensity,lnGDP_sq
Albania,ALB,2000,1.046446017,1991.914359,581.374749,41.741,61.60926104,41.4,58.62622522,21.71218531,112.7382117,0.045399677244685424,7.596851444750461,6.365395555809057,3.731483859196282,4.120812200797756,4.7250684203669,57.71215187360717
Albania,ALB,2001,1.123890708,2188.918545,598.2283171,42.435,64.24744626,39.0,60.85769743,24.38664986,111.685146,0.11679651186843755,7.691162885775238,6.39397248225368,3.7479734934216404,4.162741976059329,4.715683716032729,59.15398653552649
Albania,ALB,2002,1.313138928,2297.108535,661.1179516,43.501,65.99146503,35.8,63.13079253,26.23832657,111.3507299,0.27242039931956297,7.73940645233468,6.49393226810791,3.772783926336154,4.189525415936894,4.712684948688628,59.898412234439675
Albania,ALB,2003,1.385438161,2428.689347,649.3578811,44.573,64.8232151,33.7,64.41016812,27.08468776,110.9348905,0.3260164513403326,7.79510702745136,6.475983999388585,3.797128294542933,4.171663796915306,4.708943457139561,60.76369356942158
Albania,ALB,2004,1.458238835,2567.297637,716.6231459,45.651,65.03793832,35.8,65.46766838,27.72997522,110.4722263,0.37722943018478855,7.850609121559186,6.574550103958498,3.821025512606087,4.174970766090156,4.704764143663826,61.6320635795083
Albania,ALB,2005,1.377558661,2712.869838,721.0774074,46.731,69.11629266,36.8,66.34901632,28.13721316,109.9082847,0.3203128462561794,7.905762334360922,6.5807464926872,3.8444077560125787,4.235790486772601,4.699646242553787,62.50107808739986
Albania,ALB,2006,1.381665852,2894.360326,707.8906065,47.815,72.20190895,31.6,64.36209553,28.42842552,109.2170438,0.3232899102929193,7.970519407388435,6.562289571162508,3.867339397801506,4.279466485299949,4.693337129886362,63.52917962355569
Albania,ALB,2007,1.429082729,3105.879676,680.9481662,48.902,79.91190089,32.0,65.01849464,28.57725457,108.394781,0.35703279020411965,8.041052263743826,6.523486189008917,3.8898182954399534,4.380924788989816,4.685779942090044,64.6585215082597
Albania,ALB,2008,1.423194135,3345.981618,712.287869,49.991,75.24854728,35.8,63.7091916,28.56164972,107.5662044,0.352903736366056,8.115515387807829,6.568482140093811,3.911842989226202,4.320796598193467,4.678106512890643,65.86159000974565
Albania,ALB,2009,1.460144238,3459.246956,734.0578099,51.076,73.32135756,37.1,63.27129499,27.5678723,106.8437591,0.3785352239912081,8.148806201589577,6.598587785594847,3.9333147195624347,4.294851938348375,4.6713675720106735,66.40304251106475
Albania,ALB,2010,1.564321026,3579.824132,731.0533975,52.163,75.53253297,37.0,63.07473062,27.47491428,106.314635,0.4474518806510446,8.183068953048402,6.594486504277584,3.9543734313018772,4.324563463709021,4.66640295225896,66.96261749034466
Albania,ALB,2011,1.716993179,3677.894579,766.8946175,53.247,80.69899853,35.8,61.34830548,26.9409865,106.0290146,0.540574609280773,8.210095742165123,6.64234939623008,3.9749414649743193,4.390726165409558,4.663712779298369,67.40567209551789
Albania,ALB,2012,1.562852861,3720.228765,689.8727501,54.33,76.96835832,39.9,57.58861587,25.4077242,105.8540511,0.4465129081724287,8.221540441344134,6.536507160438892,3.9950765605634317,4.343394406489349,4.662061268931653,67.59372722865709
Albania,ALB,2013,1.647374246,3790.680163,803.7094643,55.387,75.75061856,41.1,56.22837288,25.50680361,105.660292,0.4991826542839589,8.24030074450798,6.689237841060747,4.014344909177256,4.32744661016472,4.660229155313649,67.90255635993877
Albania,ALB,2014,1.763799434,3883.632628,810.8728839,56.423,75.02120231,38.6,61.23871571,23.82866906,105.4417518,0.5674702515738309,8.264526238943857,6.698111301879745,4.032876876794053,4.317770771051578,4.658158684804347,68.30239395419149
Albania,ALB,2015,1.688303168,3981.726623,762.2879863,57.434,71.27944766,38.5,47.35338698,24.48140915,105.135146,0.5237239819430104,8.289470829078052,6.636324419064191,4.050636462459462,4.266608034254865,4.655246627310165,68.71532662613596
Albania,ALB,2016,1.575153307,4143.989883,786.0710452,58.421,74.01445045,39.4,0.0,23.86701789,104.9671898,0.45435260531835997,8.329414342575335,6.6670471766395965,4.067675414238632,4.304260350491576,4.653647823230832,69.3791432902997
Albania,ALB,2017,1.858910713,4283.982627,824.3735504,59.383,76.78738179,36.9,0.0,22.95333271,104.8706934,0.6199906780000507,8.362638376237287,6.714623765046985,4.084007990120718,4.341040327045592,4.6527280998202585,69.93372061171661
Albania,ALB,2018,1.850978378,4452.237147,823.101982,60.319,75.69407837,37.8,0.0,23.75358863,104.6122628,0.6157143522697576,8.401161978496987,6.7130801079455695,4.099647145312943,4.3266999324166955,4.65026077994096,70.5795225889434
Albania,ALB,2019,1.73551805,4563.467363,817.1765484,61.229,75.38212893,40.1,0.0,22.96552109,104.1675547,0.5513059567265818,8.425838000183797,6.705855165028015,4.114620933493031,4.322570230077478,4.646000705592008,70.99474600534128
Albania,ALB,2020,1.607132726,4437.653469,761.9572681,62.112,59.52071189,44.4,0.0,23.46872133,103.5711314,0.4744516757530244,8.39788101774902,6.635890475505258,4.1289392069866,4.086324350970783,4.640258636553866,70.52440558826932
Albania,ALB,2021,1.792282583,4880.723462,810.0063372,62.969,75.59032173,41.9,0.0,22.43411679,102.6155474,0.5834899935270058,8.493048738269023,6.697042071339583,4.1426425417965005,4.3253282555458545,4.630989455369596,72.13187687061304
Algeria,DZA,2000,2.845473222,3553.324205,873.6577871,59.919,62.85834364,0.4,99.79732988,53.33096965,12.97534282,1.045729388368369,8.175638840099083,6.772688751040122,4.092993650151144,4.140883681038163,2.56305085028287,66.84107044373668
Algeria,DZA,2001,2.739130403,3610.006056,863.4983253,60.712,54.52964912,0.4,99.75778533,40.81459026,13.15476122,1.0076404988592083,8.191464728887846,6.760991958152311,4.106141372101612,3.9987445742941246,2.5767837630542396,67.10009440461363
Algeria,DZA,2002,2.824621778,3754.660815,911.4405576,61.501,56.58960528,0.5,99.72289035,39.76671454,13.33094082,1.0383744717413503,8.230753231223527,6.815026378168836,4.119053434842879,4.03582531604617,2.590087710844813,67.74529875329654
Algeria,DZA,2003,2.999221341,3945.898161,955.8484835,62.284,57.7691353,0.5,99.71349619,42.04010158,13.50937466,1.0983527019784003,8.280431878089361,6.862599410427762,4.131704570979179,4.056454641704694,2.6033838637061515,68.56555208767851
Algeria,DZA,2004,2.961289477,4066.282048,954.2984093,63.061,61.35799757,0.4,99.72057009,44.98146332,13.69934838,1.0856248075965953,8.310484359219767,6.860976420545574,4.144102511904278,4.11672552240003,2.61734826819925,69.06415028483639
Algeria,DZA,2005,3.062497733,4223.602521,979.3264578,63.83,66.84046022,0.6,99.59232535,48.50683601,13.90128603,1.1192308356256733,8.348443720816356,6.886865047414791,4.156223299267966,4.202308589101454,2.6319813560008063,69.69651255963804
Algeria,DZA,2006,3.137715621,4279.615471,1032.638668,64.593,65.91529197,0.4,99.72238806,50.8913842,14.11720255,1.1434950259212295,8.361618441315398,6.939872618965027,4.168106045784154,4.188370462692651,2.6473940927484128,69.91666295814575
Algeria,DZA,2007,3.185550171,4339.250558,1077.661892,65.348,67.54547339,0.4,99.73486301,50.37171688,14.35480615,1.1586250122541775,8.375456929694634,6.982549058487657,4.179726835164262,4.2128010509099285,2.6640848094762744,70.14827878116986
Algeria,DZA,2008,3.265718682,4367.56538,1070.72807,66.097,71.02849225,0.3,99.80396338,51.61617121,14.61828789,1.183479855504671,8.381961011558445,6.976094135314461,4.191123360048552,4.263081095838063,2.682273340076886,70.25727039928587
Algeria,DZA,2009,3.270894462,4336.100541,1147.306006,66.826,64.28475472,0.3,99.92099472,42.01288021,14.90105763,1.1850634832848879,8.374730730350656,7.045171869690724,4.202092226372425,4.163322507019871,2.701432192311514,70.13611480587963
Algeria,DZA,2010,3.277714338,4456.610274,1151.138897,67.54,63.49121599,0.3,96.08237707,45.24319464,15.19403293,1.1871463313137793,8.402143727795092,7.048507076506393,4.212720014957422,4.150901565463908,2.720902780381564,70.59601922252641
Algeria,DZA,2011,3.381668929,4501.354301,1174.268065,68.236,62.22008996,0.2,96.39108909,44.9869856,15.49429241,1.2183693536089517,8.412133586258083,7.068400309076611,4.222972284818273,4.130677937305797,2.740471724498389,70.76399147305128
Algeria,DZA,2012,3.725741952,4518.43979,1258.837185,68.915,60.75763933,0.2,96.85594378,43.19505491,15.80616104,1.3152660137424392,8.415922034034683,7.137943704792085,4.232873861146402,4.106892824602819,2.7603998032668797,70.82774368295047
Algeria,DZA,2013,3.792954428,4543.23444,1273.722427,69.576,59.15100816,0.1,97.15503409,39.74385437,16.12861647,1.333145247870545,8.421394469094448,7.149698937197628,4.242419680287464,4.080093634404252,2.780595114744765,70.91988480409456
Algeria,DZA,2014,3.953849699,4634.101492,1358.047878,70.221,56.92354197,0.1,97.03029003,38.56141383,16.46066783,1.374689711633422,8.441197606349377,7.213803563756359,4.251647411595877,4.04170899844655,2.8009737673298756,71.25381702943845
Algeria,DZA,2015,4.119541237,4685.059027,1414.497021,70.848,53.20462259,0.1,21.62619444,32.75650093,16.80263681,1.4157418069188181,8.452133793739366,7.254529284694866,4.260536737086172,3.9741452833622866,2.821535827069574,71.438565667271
Algeria,DZA,2016,3.940941459,4768.731401,1371.202077,71.459,49.76093279,0.1,0.0,32.20516405,17.15162186,1.3714196437508521,8.469835594841674,7.22344306257399,4.26912385865464,3.907230194034967,2.8420927382367838,71.73811500364702
Algeria,DZA,2017,3.995063577,4742.900755,1380.346818,72.052,49.82081617,0.1,0.0,33.47669495,17.503708,1.3850594932342877,8.464404201138315,7.230090063967629,4.2773880805613125,3.9084328920764,2.8624127441991467,71.64613848024796
Algeria,DZA,2018,4.113293872,4717.003589,1442.302112,72.629,52.43616768,0.2,0.0,35.34325861,17.84620368,1.414224136246096,8.45892904414893,7.273995804916202,4.285364291108036,3.9595965761334857,2.8817908066146676,71.55348057394632
Algeria,DZA,2019,4.195662428,4672.664087,1463.509857,73.189,46.50684261,0.2,0.0,33.57432118,18.17769614,1.4340512363920788,8.449484656316105,7.288592841333037,4.29304513645107,3.83959945467061,2.900195355746548,71.3937909573213
Algeria,DZA,2020,3.90292777,4363.685338,1373.678321,73.733,40.38975656,0.1,0.0,30.02358038,18.49156121,1.361726981750012,8.381072240320343,7.225247326740518,4.300450460174191,3.698576202322694,2.917314477205039,70.24237189746825
Algeria,DZA,2021,4.015587285,4456.746876,1451.445177,74.261,46.83705926,0.1,0.0,36.32148125,18.79344471,1.3901836094291853,8.402174378872505,7.28031501285817,4.3075859148581035,3.846674754094213,2.9335081233926337,70.59653429298157
Angola,AGO,2002,0.918494718,2139.872597,429.4242074,52.461,105.3017426,70.8,29.70765734,56.07579654,13.89885217,-0.08501912502394916,7.668501572131522,6.062445258797452,3.960070036399632,4.65682996791088,2.6318062590290787,58.80591636178362
Angola,AGO,2003,0.965775643,2128.195793,446.1341321,53.645,103.9012296,65.6,33.5802556,53.11699779,14.39296703,-0.03482372536785703,7.663029854217782,6.1006196514243,3.9823882680887097,4.643440732491363,2.6667396865810433,58.722026546632996
Angola,AGO,2004,0.951069769,2277.866965,433.5570801,54.827,103.5799471,62.3,34.12351494,54.62993328,14.91972648,-0.05016785530019083,7.730994742389583,6.072023460216872,4.004182773346746,4.640343750279261,2.702684262167895,59.76827970685537
Angola,AGO,2005,0.810676973,2526.410579,392.5578024,56.0,106.5909621,68.9,30.13437752,60.40199346,15.47377958,-0.20988561124039853,7.834554830873865,5.972683793640851,4.02535169073515,4.668998724835373,2.7391469514865814,61.38024939796901
Angola,AGO,2006,0.815387085,2716.253026,422.9094587,56.764,94.62515933,62.6,34.59345302,58.10933117,16.05460736,-0.2040923275745171,7.907008645605914,6.047158110508766,4.038902321972291,4.549923395560687,2.7759958713096946,62.52078572168667
Angola,AGO,2007,0.820836438,2983.041873,446.7900057,57.524,108.0600679,58.9,36.90286418,61.88353785,16.66684928,-0.19743141227613048,8.00069882162709,6.102088698323557,4.052202252024133,4.682687256770341,2.8134216735000113,64.0111816343851
Angola,AGO,2008,0.88603298,3193.287723,472.064397,58.282,121.3647085,55.4,39.77661737,60.2548204,17.30861875,-0.12100110559353457,8.068806299209408,6.157115410601274,4.065293297828097,4.798800132079356,2.851204571088101,65.10563509416141
Angola,AGO,2009,0.940848252,3100.609274,504.9241668,59.034,122.4461441,53.0,42.84076311,44.05637413,17.97928371,-0.06097341488766657,8.039353911161783,6.224408253247029,4.078113549111683,4.807671293314782,2.88922019009641,64.63121130891226
Angola,AGO,2010,0.976178185,3114.696086,487.2810743,59.783,104.1236353,53.1,46.08538727,52.36843758,18.6851889,-0.024110142633937282,8.043886861774812,6.188841111213042,4.090721339604646,4.645578994038573,2.9277311726000184,64.70411584503343
Angola,AGO,2011,0.976532177,3099.94229,486.2353657,60.528,99.98250633,51.7,47.05982562,56.02651389,19.42596615,-0.023747577851400678,8.039138774170922,6.1866927982329685,4.103106067890673,4.604995233984882,2.9666106324685826,64.62775223037836
Angola,AGO,2012,0.981682219,3236.574945,531.2433226,61.268,91.80009734,49.0,49.78104288,56.91821896,20.19523061,-0.018487628905674975,8.082270933904704,6.275220150936104,4.115257683802308,4.519613357974467,3.005446468113337,65.32310344904081
Angola,AGO,2013,1.090522602,3268.638907,512.0218026,62.002,86.81193276,46.8,48.20555082,53.36285218,20.98790407,0.08665703271711267,8.092128940849449,6.238367207335994,4.127166642589327,4.4637440864111415,3.043946275106949,65.48255079533322
Angola,AGO,2014,1.137202706,3300.73511,447.1603254,62.731,79.33292278,47.5,58.35840758,46.20332557,21.78613058,0.12857148032054355,8.101900483253173,6.1029172001055905,4.138855743317474,4.373653209947958,3.08127355539975,65.640791440538
Angola,AGO,2015,1.175429272,3213.902611,517.5252094,63.446,62.88851609,47.1,27.66971958,41.93309219,22.58586508,0.1616334187488318,8.075241244344893,6.24905823776947,4.1501891504080115,4.141363572951867,3.1173242716716643,65.20952115436886
Angola,AGO,2016,1.072053077,3020.983328,462.934994,64.149,53.37015807,48.1,0.0,42.64356787,23.40825379,0.06957557354979109,8.013337662669027,6.137586642501127,4.161208502475608,3.977251752117746,3.1530886862388163,64.21358049594991
Angola,AGO,2017,0.924168969,2911.600842,456.6922175,64.839,52.25682223,52.5,0.0,42.16795377,24.25189621,-0.07886035717544637,7.9764583264321365,6.124009679318804,4.171907274169891,3.9561704513167464,3.1884948085532874,63.62388743330856
Angola,AGO,2018,0.839018754,2775.746423,405.1797531,65.514,66.37801333,52.5,0.0,47.93154185,25.10399856,-0.17552221996379744,7.928674971272822,6.004330803455816,4.182263860259984,4.1953658771003575,3.2230271386292983,62.86388680008809
Angola,AGO,2019,0.851665228,2664.43851,416.9965072,66.177,57.82953812,51.0,0.0,49.76092161,25.96906393,-0.1605617542506593,7.8877486239700785,6.033077845744538,4.1923329705503045,4.0574996852802,3.256905980743183,62.216578354941866
Angola,AGO,2020,0.619138988,2433.376373,397.6331866,66.825,65.94202893,60.1,0.0,45.67824234,26.8317414,-0.47942549515310423,7.7970350258461965,5.98552993860304,4.202077262024983,4.188776006505979,3.2895855672884347,60.7937551942724
Angola,AGO,2021,0.73156742,2385.448818,418.358996,67.46,74.46449859,52.9,0.0,47.52440955,27.69906874,-0.312565895988467,7.777142569265918,6.036339906036166,4.2115348296335045,4.3103224828162015,3.32139879313356,60.48394654268809
Argentina,ARG,2000,3.675005611,10631.65036,1643.32132,89.142,22.62244478,9.8,88.96886145,25.99083601,13.59817298,1.3015546594663556,9.271590714224045,7.404474667997078,4.490230603883271,3.118942545307472,2.6099354440117373,85.96239437208554
Argentina,ARG,2001,3.490969061,10051.94485,1518.567373,89.329,21.85225545,11.5,88.13234976,25.24343398,13.7482963,1.2501793655800462,9.215521412178077,7.325522651628008,4.492326183203535,3.084304140470635,2.62091491098112,84.92583489831263
Argentina,ARG,2002,3.262085817,8861.561993,1484.257019,89.51,41.75272436,11.6,86.51165221,30.55773709,13.89611136,1.1823668119459647,9.089478325238934,7.302669602127307,4.494350350882848,3.7317647032996426,2.631609042723619,82.61861622498839
Argentina,ARG,2003,3.51976128,9545.531941,1590.617211,89.686,40.64474803,10.8,85.69969422,32.6450991,14.04042182,1.2583931691284307,9.16382846441318,7.371877402909609,4.496314681075404,3.704869627892815,2.6419404423058928,83.97575212518923
Argentina,ARG,2004,3.857510409,10302.44653,1740.908903,89.86,40.69264611,9.3,87.93356138,28.81692201,14.18352682,1.350022003631318,9.240136673197078,7.462162613873079,4.498252903642014,3.7060473908650162,2.652081208091362,85.38012573936157
Argentina,ARG,2005,3.918724707,11099.75092,1712.432035,90.031,40.55127097,9.6,88.74292969,28.62631404,14.33000778,1.3657662710241973,9.314677947409013,7.445669881757566,4.50015405546734,3.702567123350133,2.6623557847568904,86.76322526394779
Argentina,ARG,2006,4.104215537,11870.27916,1784.016698,90.2,40.43347987,9.2,91.31115775,29.20327967,14.4781159,1.4120146252515897,9.381793005440057,7.486622672961622,4.502029427068578,3.6996581514303153,2.6726382610882515,88.01803999692399
Argentina,ARG,2007,4.327089125,12811.90212,1845.914228,90.366,40.94517062,7.7,89.08220821,27.41523613,14.62232222,1.4648950584422256,9.458129870987097,7.520729950278017,4.503868090457766,3.7122338697668336,2.6825492802854125,89.4562206564584
Argentina,ARG,2008,4.435786748,13197.35703,1889.409238,90.53,40.40267338,7.7,92.17482841,26.27245994,14.77118271,1.4897049952938013,9.487771863526762,7.544019486705954,4.505681287487349,3.6988959555500602,2.6926781684897803,90.01781493433008
Argentina,ARG,2009,4.036599735,12285.37847,1722.744029,90.691,34.05712691,8.6,96.14567343,25.2842048,14.92855639,1.3954026878345707,9.416165091969546,7.451673664261205,4.507458123972728,3.5280393178891276,2.703275914980624,88.66416503922585
Argentina,ARG,2010,4.296677439,13387.15537,1826.051124,90.849,34.97101326,8.8,93.38688311,25.25877626,15.08709207,1.457842035417159,9.502050971754255,7.509911058572402,4.509198787626951,3.5545195257770463,2.7138395484442084,90.28897266981598
Argentina,ARG,2011,4.430183946,14040.61891,1865.257361,90.99,35.206155,8.8,91.94288413,25.21269761,15.24858862,1.4884411059940936,9.549709758517055,7.531154317731721,4.5107496103686,3.5612209252727265,2.724486949262254,91.19695647191588
Argentina,ARG,2012,4.479556231,13754.42542,1897.609839,91.121,30.52654237,8.6,89.94028741,24.42905706,15.40610044,1.4995239859402087,9.529115900039798,7.548350393760454,4.512188293617776,3.4185965468119957,2.7347635634473644,90.8040498363913
Argentina,ARG,2013,4.538012193,13946.09508,1928.549229,91.249,29.333929,8.9,89.93210415,24.00588144,15.55983871,1.5124890732205014,9.542954825483228,7.564523304416068,4.513592033498442,3.378744832422098,2.7446931530152874,91.06798680121364
Argentina,ARG,2014,4.418040775,13456.13192,1911.617277,91.377,28.40679365,9.8,92.38366222,24.27739449,15.72120737,1.485696334244607,9.507190185969666,7.555704904641818,4.514993805655305,3.346628329588455,2.755010588759109,90.38666523219793
Argentina,ARG,2015,4.513930258,13679.6265,1919.758592,91.503,22.48622609,9.4,56.28773765,23.15305614,15.88671424,1.507168228120916,9.52366288817224,7.559954723783395,4.516371758629243,3.112902947977722,2.7654831775426945,90.70015480754921
Argentina,ARG,2016,4.422979854,13265.88606,1889.870189,91.627,26.09388785,9.4,0.0,22.05410721,16.04139051,1.486813644048776,9.492951061174804,7.544263422626115,4.51772598807227,3.261701104911426,2.7751722888306203,90.11611984985983
Argentina,ARG,2017,4.321155547,13520.11298,1874.829637,91.749,25.28960114,10.4,0.0,21.78212322,16.18337992,1.4635228542190355,9.511933706070915,7.5362730740098005,4.519056587692722,3.2303932891063365,2.783984784746852,90.47688282868796
Argentina,ARG,2018,4.251246258,13058.32854,1806.776235,91.87,30.76253595,10.5,0.0,23.71959233,16.31711374,1.4472121771271784,9.477181411485208,7.499299450605614,4.520374534283375,3.4262975843471293,2.7922144797287523,89.81696750620077
Argentina,ARG,2019,4.075445377,12706.39781,1777.415077,91.991,32.63061505,10.7,0.0,23.15784774,16.43352554,1.4049800356898912,9.44986091016684,7.482915383883453,4.5216907461768,3.4852509596460957,2.79932348845818,89.29987122149927
Argentina,ARG,2020,3.76439263,11393.0506,1623.924508,92.111,30.20369881,9.8,0.0,22.40887637,16.51336651,1.3255865281852568,9.340758852011874,7.392601034419477,4.522994371525731,3.407964394033428,2.8041701444746545,87.24977593143818
Argentina,ARG,2021,4.20773344,12549.28117,1741.513772,92.229,33.07868957,9.2,0.0,23.49946443,16.55733057,1.436924127421361,9.437418665628687,7.462509997899966,4.524274614729778,3.498889255404694,2.806828938499638,89.06487107035676
Armenia,ARM,2012,1.874673457,3159.758608,982.4424153,63.24,75.96167596,6.6,77.32224246,27.82709461,106.2205831,0.6284344879887439,8.058250913789685,6.890041731644081,4.146937012341271,4.330228949418431,4.665517904529176,64.93540778959229
Armenia,ARM,2013,1.817471873,3266.29883,959.8016823,63.164,77.55504816,6.8,75.48868767,26.70904814,106.1468212,0.5974464546524182,8.091412766589128,6.866726682183601,4.145734518604397,4.350987983055181,4.664823241398463,65.47096055932153
Armenia,ARM,2014,1.911307983,3393.092523,1045.975114,63.112,75.77886696,7.1,69.98220831,25.27053295,105.8587987,0.6477878155380382,8.129497033201126,6.952704852754846,4.1449109257927885,4.327819453776381,4.6621061183586505,66.08872201282591
Armenia,ARM,2015,1.869333688,3512.393503,1084.520629,63.085,71.68207434,10.7,63.48193418,25.70869944,105.5356516,0.6255820507931199,8.164052993751753,6.988893351754991,4.1444830233797045,4.272240707143043,4.659048825688507,66.65176128478696
Armenia,ARM,2016,1.796043177,3533.885036,1043.097972,63.082,76.07796746,13.2,0.0,25.57713304,105.1036178,0.5855860102369159,8.170153121507266,6.949950383475262,4.144435467362671,4.331758702054814,4.654946699745271,66.75140202887492
Armenia,ARM,2017,1.909310599,3815.374743,1105.96697,63.103,87.20237654,12.6,0.0,25.80953238,104.6505093,0.6467422339710226,8.246794167727973,7.0084753172602,4.144768311998623,4.468231584442636,4.650626315578685,68.00961404487211
Armenia,ARM,2018,2.004344897,4027.83393,1072.336825,63.149,92.47310702,11.1,0.0,24.75655785,104.2852125,0.695317272705791,8.300984024090802,6.977595494704875,4.145497013358373,4.526917867327871,4.6471295734317115,68.90633576821072
Armenia,ARM,2019,2.168472574,4343.458396,1163.092847,63.219,96.11415413,10.3,0.0,24.97160846,104.056902,0.7740230367611483,8.376426175203543,7.058837983381967,4.146604888883186,4.565536590562655,4.644937884133188,70.16451546863505
Armenia,ARM,2020,2.334560189,4032.090435,1233.304559,63.313,69.48880754,8.4,0.0,26.8172957,105.0273766,0.8478235174910114,8.302040238815147,7.117452479151504,4.148090679312368,4.241165697012068,4.654221045697297,68.92387212690586
Armenia,ARM,2021,2.534922189,4264.799615,1271.528056,63.431,79.66988882,9.1,0.0,26.36434041,105.0569403,0.9301629418974992,8.358150475234677,7.147974649895971,4.1499527009322215,4.377891707884837,4.654502491743641,69.85867936666565
Australia,AUS,2000,18.59653067,45859.51621,5681.228859,84.235,40.93521098,8.4,89.32304262,24.55053314,2.476966794,2.922975040203276,10.733338007075833,8.644922836730746,4.433610511838167,3.711990596839803,0.9070347446846236,115.20454477413861
Australia,AUS,2001,18.69850536,46191.31424,5486.394559,84.1,44.2187045,8.4,98.04703948,23.63352097,2.508975307,2.928443593393459,10.74054705593176,8.610026589983171,4.432006566978902,3.789147878301817,0.9198744255662253,115.35935106068439
Australia,AUS,2002,18.90828055,47486.27832,5480.234643,84.222,41.4490922,8.7,98.23537742,23.6117317,2.53767882,2.939599950455777,10.768196070815913,8.608903197091088,4.433456169780244,3.724465980255826,0.9312498128209066,115.95404661953526
Australia,AUS,2003,18.66639163,48394.12695,5615.576756,84.343,40.20156691,7.2,93.9279843,24.04209646,2.567035523,2.9267246678513485,10.78713374133368,8.633299578905527,4.434891817996453,3.693905972726055,0.9427517401259385,116.36225435341954
Australia,AUS,2004,19.16155756,49902.0187,5652.130379,84.463,37.00961359,6.7,94.07874686,23.93491874,2.594629473,2.9529060615142506,10.817816735831151,8.639787811301986,4.436313568647659,3.6111777056518553,0.9534437214520092,117.02515893002854
Australia,AUS,2005,19.03596519,50853.19767,5624.495613,84.582,39.16074697,6.7,94.21076669,24.61850662,2.626406675,2.9463300946167212,10.83669828386535,8.634886554252134,4.437721478016844,3.667674892301634,0.9656166287036916,117.4340296955302
Australia,AUS,2006,19.07740202,51553.9686,5775.116752,84.7,41.55944717,6.8,94.33483755,25.61483015,2.662088958,2.9485044942753946,10.850384471932896,8.661313751982174,4.439115601658009,3.7271248641695034,0.9791111371455893,117.73084318876252
Australia,AUS,2007,19.23720817,52531.76112,5853.764132,84.822,42.00802003,7.0,94.52790817,25.66594094,2.711118025,2.956846329199382,10.869173239371175,8.674840174673783,4.440554943112951,3.7378605531493845,0.9973611051646032,118.13892690746249
Australia,AUS,2008,19.02589834,53336.10122,5951.192915,84.943,42.8467764,6.8,94.56509429,25.60457568,2.765994429,2.9458011215554416,10.884368702076205,8.691346968360225,4.441980443310163,3.757630412342235,1.0174002191407552,118.46948204273606
Australia,AUS,2009,18.91323819,53237.00776,5843.933129,85.063,45.74086303,7.1,95.81456189,27.04597361,2.823588378,2.9398621102099884,10.882509068074611,8.673159330128874,4.443392158425269,3.822992056584539,1.0380085505086099,118.42900361672615
Australia,AUS,2010,17.906405305499998,53578.8125,5762.943566,85.182,40.52158899,8.2,94.91911226,25.17307843,2.867858584,2.885158487133945,10.888908979732427,8.65920365891952,4.444790143909492,3.701834893567174,1.0535656132929525,118.56833876889749
Australia,AUS,2011,17.2157802518,54111.35724,5698.655973,85.3,41.85113203,8.3,95.1933823,26.52184365,2.90798641,2.8458264197134313,10.898799373301324,8.64798563180829,4.446174454497633,3.7341188462709622,1.0674608863453598,118.78382777947334
Australia,AUS,2012,16.605400629733335,55257.57393,5533.722338,85.402,43.1642965,8.3,95.08588829,26.37902152,2.95920037,2.8097279815917573,10.919760694690632,8.618615985253644,4.447369519724046,3.7650136836281125,1.0849190865698923,119.24117362931044
Australia,AUS,2013,15.69771634365,55728.0174,5533.381464,85.502,41.27287902,9.2,92.60743883,25.18645053,3.010573526,2.7535152459560677,10.928238304836569,8.618554383951947,4.4485397674819955,3.720205601932254,1.1021306008096416,119.42639244729725
Australia,AUS,2014,14.797682235733332,56327.85331,5407.438226,85.602,42.48402303,9.3,92.130325,25.56515748,3.055814795,2.6944705628124237,10.938944421984528,8.59553073399867,4.449708647360732,3.749128076545579,1.1170462657374272,119.66050506726643
Australia,AUS,2015,14.435630061166666,56739.02653,5318.666793,85.701,41.66393193,9.4,92.40859026,23.6809068,3.100112596,2.6696994603207567,10.946217551536074,8.578977948110008,4.450864494147091,3.729635812800207,1.1314384321218212,119.81967868555641
Australia,AUS,2016,14.184880458,57401.06623,5216.988672,85.8,40.97407948,9.6,0.0,22.31997558,3.144935531,2.652176640872467,10.957818157570676,8.559675631657184,4.4520190064939165,3.7129396589718073,1.1457933910551763,120.0737787743856
Australia,AUS,2017,13.72654030835,57750.64822,5162.458943,85.904,42.20373168,9.9,0.0,23.47406061,3.197156014,2.6193312075722632,10.963889852909789,8.549168284307882,4.453230393680213,3.7425086455684213,1.1622616690121343,120.20688070673823
Australia,AUS,2018,13.1685288144,58530.78217,5086.373785,86.012,43.73606508,9.8,0.0,24.12405777,3.245344916,2.5778298021806085,10.97730808577021,8.534320436203338,4.454486821403142,3.7781730496106145,1.177221636032933,120.50129280991602
Australia,AUS,2019,12.63756119495,58924.73365,5231.57466,86.124,46.18750189,10.3,0.0,25.2720792,3.293650563,2.536673426665232,10.98401620764138,8.562467593960786,4.455788118235935,3.8327092396285822,1.1919965432503021,120.64861204972853
Australia,AUS,2020,11.732558788333332,58132.79852,5159.036384,86.241,44.66445607,11.2,0.0,25.38645572,3.334526951,2.4623677793990755,10.970485301975947,8.548505093749341,4.457145702640769,3.799178019087934,1.204330825528696,120.35154776087028
Australia,AUS,2021,11.20740330835,59276.50311,5006.443065,86.362,40.30248027,12.3,0.0,25.42086525,3.339228447,2.416574569604486,10.989968268857558,8.518480974867074,4.458547764248292,3.696413012220102,1.2057397764108846,120.77940255049599
Austria,AUT,2000,8.324302639,38571.08588,3570.948532,60.213,85.84260773,26.4,76.52565381,28.61155232,97.08635482,2.119179265270762,10.560258204293138,8.180586534721051,4.097888275845466,4.452515476821869,4.575600838336944,111.51905334134054
Austria,AUT,2001,8.875080776,38929.7538,3758.793163,59.934,87.99625672,25.5,76.88952354,28.43989192,97.45871304,2.183247436841188,10.569514116412913,8.231853217575681,4.093243956778068,4.477294276300744,4.579428832320991,111.71462865705183
Austria,AUT,2002,9.059191975,39313.72251,3771.719492,59.655,87.58449371,24.7,77.35048021,27.66834343,97.93937227,2.2037799300952416,10.579328910192991,8.235286275134412,4.088577967327764,4.472603969830872,4.584348636921387,111.92220019004523
Austria,AUT,2003,9.62461874,39569.28856,3956.938946,59.375,86.88222632,22.6,78.473944,27.69793593,98.41763209,2.264324267960723,10.585808554940611,8.283226011900709,4.083873262354805,4.464553481087507,4.589219975912476,112.05934276185383
Austria,AUT,2004,9.741242193,40333.33072,3974.506368,59.094,91.47422019,23.2,78.34566661,27.61478885,99.03012603,2.2763686447381253,10.604933471117377,8.287655835226,4.07912939641562,4.516057186026081,4.595424107177054,112.46461392682566
Austria,AUT,2005,9.772930381,40989.01318,4084.352619,58.813,94.67475478,24.4,77.0533448,27.41820506,99.70708919,2.2796163577254727,10.621059338556229,8.314918517134222,4.074362918903509,4.550447383660395,4.602236779655583,112.80690147313248
Austria,AUT,2006,9.46564254,42120.1557,4105.07525,58.532,98.78572532,26.6,74.22043699,27.59090688,100.2016602,2.247668668252547,10.648281662822276,8.3199793530218,4.06957361323018,4.592953113748698,4.607184757375778,113.38590237079714
Austria,AUT,2007,9.093884422,43568.83022,4010.095149,58.249,101.3649584,29.0,72.80174984,27.76672985,100.5269874,2.2076021460632034,10.682097270460957,8.296570247949287,4.064726924916474,4.618727453522006,4.6104262227943265,114.10720209558943
Austria,AUT,2008,9.041270945,44063.8642,4027.905566,57.966,102.7437044,29.7,71.63023658,27.41220245,100.8421716,2.201799755783122,10.693395319642732,8.301001809174354,4.059856631763427,4.632237580452968,4.613556637192959,114.34870346215709
Austria,AUT,2009,8.156977741,42372.47583,3819.499869,57.683,87.6004931,31.3,69.44616376,26.27770174,101.1066772,2.0988737254928496,10.654254275474914,8.247874768683731,4.054962502719864,4.472786626921937,4.616176169345023,113.51313416647548
Austria,AUT,2010,8.3824732133,43035.40735,4065.041896,57.399,99.64488255,31.1,70.0277215,26.03964197,101.3500242,2.1261430038028872,10.669778482590072,8.310179328447864,4.050026881570975,4.60161269110029,4.618580111674498,113.8441728675421
Austria,AUT,2011,8.015283240618334,44146.19568,3927.582565,57.115,105.7750984,31.6,69.05413775,25.8570854,101.6922322,2.081350124254125,10.695262034256006,8.275779392187614,4.045066779185911,4.661315126882229,4.621950920589759,114.38862998139791
Austria,AUT,2012,7.478626173226666,44221.45995,3899.164842,57.147,105.8407914,34.4,67.08852338,26.00980494,102.1569438,2.0120491084366687,10.696965469470234,8.268517666108913,4.045626895424671,4.661935997103008,4.6265102954584725,114.42507025503853
Austria,AUT,2013,7.347248462305,43851.36755,3924.821354,57.336,104.985374,34.6,66.15628469,25.96977309,102.7608216,1.9943258842649025,10.688561184315166,8.275076114276215,4.048928698691618,4.6538210452169455,4.632404167538642,114.24534019084882
Austria,AUT,2014,6.762853860366667,43838.83459,3750.344801,57.526,104.49674,35.7,65.03752938,25.7857017,103.5670868,1.9114449696600364,10.688275338011257,8.22960306167093,4.052237019516531,4.649155874746006,4.640219584368946,114.23922970113965
Austria,AUT,2015,6.690634969866666,43915.22802,3795.510374,57.715,103.1175817,34.8,65.74467186,25.51524022,104.7345977,1.900708782919664,10.69001641864105,8.241574166689816,4.055517105066875,4.635869907037094,4.651429509327518,114.27645103081524
Austria,AUT,2016,6.51704974956,44362.67028,3797.168022,57.905,101.5734946,34.6,0.0,25.91246918,105.8733398,1.87442178113421,10.700153635324392,8.242010810503732,4.058803736636341,4.620782621188035,4.662243472093666,114.49328781954581
Austria,AUT,2017,6.547721248763334,45056.63859,3839.948052,58.094,105.5560668,34.0,0.0,25.8023213,106.6113185,1.8791170881634218,10.71567561266834,8.253214117365268,4.062062388301377,4.659242250615059,4.669189683393645,114.825703835935
Austria,AUT,2018,6.105227960903334,45951.58192,3717.625321,58.297,108.37797,34.1,0.0,25.71909264,107.1318589,1.8091454468988524,10.735343554177092,8.220840388862271,4.065550634056454,4.685624839569491,4.674060401939477,115.24760122621164
Austria,AUT,2019,6.058451202119999,46550.56225,3765.980119,58.515,108.2072849,34.0,0.0,25.5363771,107.6093068,1.8014541902078818,10.748294361042582,8.23376343012722,4.0692831316267295,4.684048692242065,4.678507138411049,115.52583167161977
Austria,AUT,2020,5.382293595766666,43428.69831,3546.504499,58.748,99.94821411,35.8,0.0,25.65448678,108.0570044,1.6831146022413406,10.67887575294062,8.173717749215989,4.073257109891616,4.6046521929528605,4.68265890639554,114.0383873467431
Austria,AUT,2021,5.529511536539999,45313.3989,3728.133989,58.995,111.0322687,36.0,0.0,25.72803214,108.5288051,1.71009948189334,10.721358049193368,8.223663116414976,4.077452694551883,4.709820868073667,4.687015622538289,114.94751841900342
Azerbaijan,AZE,2000,3.577566285,1504.731067,1403.598747,51.386,78.54856828,2.1,98.27631417,42.53830991,97.43477998,1.2746827605787088,7.31636946819222,7.246794751004187,3.9393657618198534,4.363717137673648,4.57918323089275,53.529262195095306
Azerbaijan,AZE,2001,3.417126936,1640.936642,1411.214349,51.587,78.81518549,1.8,98.37476502,43.46263827,98.19379207,1.2288001208189392,7.403022480960208,7.2522058531430105,3.9432697027613157,4.3671056875617476,4.586942996152352,54.80474185360223
Azerbaijan,AZE,2002,3.363493413,1782.47319,1414.776025,51.787,92.81814433,2.4,97.29762139,46.1542268,98.9124646,1.212980140104915,7.485757111502127,7.254726511329671,3.9471391525174235,4.530642141477869,4.5942352630431715,56.03655953240467
Azerbaijan,AZE,2003,3.616096477,1949.606092,1476.841024,51.988,107.5519485,2.9,96.93281524,48.53984468,99.62372356,1.2853951227602929,7.575382627049652,7.297660642344341,3.951012922719342,4.677973972704437,4.601400324581624,57.38642194620568
Azerbaijan,AZE,2004,3.551543972,2111.453383,1539.500039,52.189,121.5071159,3.1,97.11796846,50.76903238,100.4753726,1.267382430626441,7.65513179646038,7.339212992697455,3.954871744712986,4.799972828143808,4.609912648713559,58.60104282117873
Azerbaijan,AZE,2005,3.72018089,2674.368856,1600.227803,52.389,115.8418846,3.4,97.10033202,58.78778199,101.5225018,1.313772293446919,7.891468689809246,7.377901274968247,3.958696645625818,4.75222619749678,4.6202804665225035,62.27527808223966
Azerbaijan,AZE,2006,3.764407069,3556.83212,1559.849176,52.589,105.2623998,2.9,97.58807306,64.95823153,102.6725317,1.3255903638564335,8.17662557375845,7.35234441351829,3.9625069723985975,4.656456278449708,4.631544619621835,66.8572057734407
Azerbaijan,AZE,2007,3.370211973,4412.203257,1459.388982,52.79,96.64180815,3.8,94.56044929,66.16032863,103.8533687,1.2149756423861482,8.39212944844189,7.285773121625071,3.9663217788355247,4.571011444172896,4.642979987927937,70.42783667940559
Azerbaijan,AZE,2008,3.677864756,4778.124516,1587.24837,52.99,89.24289686,3.1,94.15705003,65.51852147,106.0597625,1.3023323544348226,8.471803387822458,7.3697572111166565,3.9701032165046706,4.491361830489733,4.664002732407966,71.77145264192008
Azerbaijan,AZE,2009,3.127466193,5118.433951,1391.330992,53.19,74.74404168,3.3,93.89349072,56.26195525,108.2912905,1.140223153708179,8.540603802300794,7.238016116169345,3.9738704087542263,4.314069499127232,4.684824730643802,72.94191330787477
Azerbaijan,AZE,2010,2.94177417,5300.110494,1305.912093,53.406,74.98598846,4.4,94.97593429,59.99481926,109.5423442,1.07901285852599,8.575482947247426,7.174656997463752,3.9779230992048493,4.317301275549847,4.696311179528269,73.53890777853141
Azerbaijan,AZE,2011,3.212518977,5149.206652,1396.044781,53.637,80.50804501,3.5,95.99134066,61.73399639,110.9763362,1.1670553574412448,8.546597933635805,7.2413983608880566,3.9822391284377927,4.388357117443469,4.709316991197285,73.04433623922782
Azerbaijan,AZE,2012,3.472606506,5193.175009,1497.294867,53.883,78.26306954,2.8,96.87208581,59.51735085,112.4607902,1.2449054664503059,8.555100544220032,7.31141533696709,3.9868150292794344,4.3600758383488945,4.72260462933768,73.18974532171389
Azerbaijan,AZE,2013,3.526813405,5425.995589,1497.902575,54.145,74.67584476,2.5,96.64426553,57.05441545,113.9234808,1.2603947451195079,8.598956680280839,7.311821125246565,3.9916656330803426,4.313156676525633,4.735527001972159,73.94205598934647
Azerbaijan,AZE,2014,3.641721269,5508.602659,1526.158779,54.422,69.4832252,2.1,96.81391491,53.58685467,115.3488139,1.2924564459768824,8.614066269077371,7.330509255579765,3.9967684838742055,4.241085359408984,4.747960701948777,74.20213768805654
Azerbaijan,AZE,2015,3.577695099,5500.503646,1510.918569,54.714,72.60150791,2.3,50.90975651,44.89132034,116.7310768,1.2747187659719714,8.612594939028103,7.320473068696086,4.0021196181795835,4.284985691725248,4.759872800328613,74.1767915837725
Azerbaijan,AZE,2016,3.526907467,5272.71817,1480.934283,55.021,90.07731873,1.9,0.0,47.55780701,118.033289,1.2604214152987545,8.570301290349386,7.300428439886916,4.007714930540276,4.500668398517653,4.770966694849565,73.45006420736435
Azerbaijan,AZE,2017,3.47367418,5229.252597,1478.784184,55.343,90.40231568,1.9,0.0,49.7017251,119.2087416,1.2452128752800584,8.562023639963442,7.298975531847047,4.013550183225557,4.504269882999252,4.780876087512798,73.30824881129283
Azerbaijan,AZE,2018,3.497253609,5261.929382,1471.370276,55.68,91.67257654,1.9,0.0,52.25091145,120.2575919,1.2519779773275483,8.568253041137702,7.293949406125163,4.019621016026164,4.518223278265729,4.789636041296519,73.41496017696547
Azerbaijan,AZE,2019,3.689171585,5346.953193,1587.784776,56.031,85.81814541,1.7,0.0,48.82326653,121.2800711,1.305401930137903,8.584282181029735,7.370095101135713,4.02590510899958,4.452230469099159,4.798102508140592,73.68990056354463
Azerbaijan,AZE,2020,3.507735615,5087.500227,1536.830563,56.397,72.01786765,1.3,0.0,41.95632016,122.1247368,1.2549707053641668,8.534541874370014,7.3374774986850175,4.032415965599934,4.276914250034563,4.80504295519174,72.83840500537522
Azerbaijan,AZE,2021,3.692594511,5349.58226,1623.829324,56.776,76.28686569,1.3,0.0,48.81817362,122.6588022,1.3063293304919144,8.584773754598485,7.392542419139533,4.039113701222682,4.334500783105585,4.809406534945527,73.69834041764297
Bahrain,BHR,2007,24.87445817,23112.48881,11533.99347,88.488,137.7850506,0.0,94.97699503,45.91786529,1385.726667,3.21384150069687,10.048128391541667,9.353053908022952,4.482866949599953,4.925694866482602,7.233979950344698,100.96488417290573
Bahrain,BHR,2008,25.07385618,23127.2148,11593.79717,88.53,145.8825111,0.0,99.57592595,50.40766295,1451.968421,3.2218257168554163,10.048765332929616,9.358225507352998,4.483341477622957,4.98280157925545,7.280675446525647,100.97768471628805
Bahrain,BHR,2009,23.46847248,22206.9372,10432.89675,88.579,117.9637254,0.0,99.44518086,43.09970005,1550.546053,3.15565792380794,10.008160005533124,9.252719241936683,4.483894809201254,4.770377165340545,7.34636244013101,100.16326669635279
Bahrain,BHR,2011,24.2703051,23288.04494,10624.38722,88.695,167.529641,0.0,98.58043345,48.29479584,1558.044329,3.1892535907348964,10.055695415172824,9.270907318717677,4.485203517940903,5.121160296803366,7.351186678529138,101.11701028272776
Bahrain,BHR,2013,25.63918828,24271.62788,11219.43393,88.835,184.5895088,0.0,98.83971877,46.69712846,1627.520779,3.2441219732049995,10.097063370224909,9.32540272593229,4.4867807164878695,5.218134488384409,7.394813141435937,101.9506887023376
Bahrain,BHR,2015,24.42892984,23734.05511,10405.63907,88.999,147.9160602,0.0,1.883193534,39.09079907,1761.339332,3.195768079152582,10.074666220207726,9.250103156451486,4.48862513371396,4.996644952056773,7.473829782721524,101.49889944859464
Bahrain,BHR,2016,23.5029774,23715.27913,9878.66505,89.09,132.8229979,0.0,0.0,38.20333986,1827.632863,3.157127110996956,10.073874808430059,9.198132665216109,4.489647094732552,4.889017399006766,7.510776891033251,101.48295365592176
Bahrain,BHR,2017,22.48720285,23606.88675,9444.423939,89.186,136.4292398,0.0,0.0,39.9934663,1924.507692,3.1129463851815635,10.069293759885703,9.15317978696917,4.4907240765952725,4.915806090471008,7.562425469598121,101.39067682287316
Bahrain,BHR,2018,22.50296223,24059.78386,9533.855383,89.287,144.0753726,0.0,0.0,41.47588718,1931.993573,3.113646955211326,10.088297006113423,9.16260446709508,4.491855900577409,4.970336583472431,7.566307688162375,101.77373648355706
Bahrain,BHR,2019,24.83380017,24873.66401,10388.18902,89.394,135.4175434,0.0,0.0,40.61776696,1902.251282,3.2122056353326554,10.121564852443756,9.248424768612473,4.493053565833257,4.9083629192933405,7.550793348995161,102.44607506222479
Bahrain,BHR,2020,25.0267626,23586.93096,10832.91852,89.506,135.460985,0.0,0.0,39.10010798,1875.419108,3.2199457562873905,10.068448064743512,9.290344788455082,4.494305662139935,4.908683665279588,7.536587437693351,101.37364643243737
Bahrain,BHR,2021,24.77829516,24086.78478,10666.05741,89.622,153.7993165,0.0,0.0,44.21643249,1904.259494,3.2099680748027573,10.08941861970265,9.27482177366997,4.4956008255562105,5.035648612978444,7.551848494930373,101.79636808360253
Bangladesh,BGD,2000,0.20048266,620.5604728,135.945727,23.59,29.32171436,60.2,57.85174741,22.27938268,1033.604548,-1.6070275197659756,6.43062305807481,4.912255739911484,3.1608228934195837,3.3783283459775935,6.940807533173455,41.35291291504342
Bangladesh,BGD,2001,0.238508145,641.2889229,148.2553733,24.096,32.09801707,55.9,59.80760044,22.58381187,1050.978029,-1.433351818293475,6.463480093122433,4.998936282077667,3.182045851617483,3.4687942547076585,6.957476465805921,41.77657491418997
Bangladesh,BGD,2002,0.247169768,655.6721394,147.9796437,24.756,28.96738072,54.4,60.73275689,22.83925437,1067.324714,-1.3976798586122068,6.485660876508687,4.997074721736701,3.209067883877115,3.36617039416247,6.972910529278179,42.06379700507543
Bangladesh,BGD,2003,0.255250836,676.826252,153.143094,25.429,27.6578849,52.6,62.28984165,22.47414879,1082.971122,-1.3655085467223536,6.517414595955838,5.031372739216029,3.2358902550273303,3.319910855489227,6.9874635818255335,42.4766930155782
Bangladesh,BGD,2004,0.265234027,702.6563571,154.2428953,26.114,26.85823415,52.0,62.22853374,22.77972001,1097.817131,-1.327142721962901,6.554867948826684,5.038528602081283,3.262471568985847,3.290572446193809,7.00107906084009,42.96629382655534
Bangladesh,BGD,2005,0.27899306,739.2037184,159.8255997,26.809,34.39693486,50.6,62.42177644,23.29984422,1111.744534,-1.2765683720221195,6.605573550617852,5.074083218874751,3.2887376520371174,3.537967457502476,7.013685712805749,43.63360193262214
Bangladesh,BGD,2006,0.296997446,779.4195704,168.3246725,27.517,38.11192443,48.6,64.7431179,24.09532051,1124.728993,-1.2140317395430111,6.658549502160834,5.125894688788579,3.3148039954950366,3.6405272103308732,7.0252973905075216,44.336281472726284
Bangladesh,BGD,2007,0.312232079,825.50823,174.0115194,28.237,39.94238265,47.2,65.80617767,24.50054101,1136.892356,-1.1640085247379894,6.715999233025809,5.1591215004714535,3.340633174687374,3.687437981941937,7.036053815565972,45.10464569800326
Bangladesh,BGD,2008,0.343315957,866.4581576,180.3964522,28.968,42.62091403,45.2,67.11799889,24.7270013,1148.300407,-1.0691040983869406,6.764413819011061,5.195156941138022,3.36619177246334,3.752345072475234,7.046038221219074,45.75729431482781
Bangladesh,BGD,2009,0.365306179,901.7296263,187.6593575,29.709,40.09279622,43.1,68.66795544,25.29557218,1159.051348,-1.00701943045946,6.804314726015797,5.234628391110972,3.391450030207275,3.6911966727878247,7.0553571460684665,46.298698890675425
Bangladesh,BGD,2010,0.399174831,943.6642286,195.5901166,30.462,37.80284267,40.3,72.74228956,24.95647673,1169.255443,-0.9183557851296689,6.849770412830421,5.276021227694246,3.4164800051933124,3.632384302707998,7.064122451715964,46.919354708487035
Bangladesh,BGD,2011,0.425099568,995.5799472,200.2996269,31.225,47.42084984,38.4,73.7224795,25.0452996,1179.926834,-0.855431859849384,6.903325428868338,5.299814379964096,3.4412190560116414,3.8590620020287583,7.07320771045257,47.65590197686022
Bangladesh,BGD,2012,0.450489808,1050.391404,208.0405396,31.993,48.11092275,37.3,74.83824794,25.30995939,1191.289091,-0.7974198259410528,6.9569181394059765,5.337732962633482,3.4655171288704554,3.8735092355315857,7.082791269540186,48.398709998395915
Bangladesh,BGD,2013,0.460371266,1103.156959,218.9350592,32.762,46.29640272,37.0,72.1218809,26.30707016,1202.520865,-0.7757220150290562,7.005931311033446,5.388775152508465,3.4892693071824397,3.835064263041376,7.0921753531807346,49.08307353491881
Bangladesh,BGD,2014,0.485151359,1159.407535,224.1071499,33.535,44.5140802,35.4,73.81503999,26.31104678,1213.527917,-0.7232943563192453,7.055664407935748,5.412124285251075,3.5125896695517005,3.795805548114191,7.101287030258444,49.7824002374113
Bangladesh,BGD,2015,0.53600763,1224.386477,237.7131636,34.308,42.08599631,33.1,71.13170687,26.83139483,1224.423285,-0.623606882938026,7.1101951624169955,5.471064751882007,3.535378563128175,3.7397150561388153,7.110225224368376,50.554875247658046
Bangladesh,BGD,2016,0.584386984,1299.830914,255.9235488,35.083,31.33415013,30.2,0.0,31.06915138,1235.399339,-0.5371918717697799,7.169989468836446,5.544878762378504,3.5577166826615962,3.4447085612408537,7.119149548212279,51.40874898322554
Bangladesh,BGD,2017,0.622894753,1373.753637,260.8802861,35.858,29.99973067,28.1,0.0,31.24829196,1245.956419,-0.47337771026048514,7.225302153212052,5.564061628153262,3.5795666941732356,3.401188403955189,7.127658722010177,52.20499120521072
Bangladesh,BGD,2018,0.645077045,1462.250503,257.8738895,36.632,32.51463172,27.0,0.0,31.98281359,1256.227264,-0.4383855197074984,7.287731968313501,5.552470665032168,3.6009221753547944,3.4816901947922614,7.135868273335152,53.11103724197858
Bangladesh,BGD,2019,0.655345934,1564.208024,273.3400233,37.405,31.57805449,26.1,0.0,32.8525492,1266.905239,-0.4225920392541326,7.355134919933154,5.610716526778474,3.6218043853243684,3.452462401166642,7.1443323858903245,54.098009690420085
Bangladesh,BGD,2020,0.616107742,1604.665923,272.0765721,38.177,26.27144738,27.2,0.0,32.91156508,1277.544934,-0.4843334248987053,7.3806708662348335,5.606083541751594,3.642233240040165,3.268482698487278,7.152695494844809,54.47430243568765
Bangladesh,BGD,2021,0.695944755,1702.080284,292.4872195,38.946,27.7240047,25.0,0.0,33.31609439,1287.999186,-0.3624849967980795,7.439606478408611,5.678420971700206,3.6621760712793865,3.3222986335839306,7.160845274676522,55.347744553579375
Belarus,BLR,2000,5.637284423,2615.36377,2471.644249,69.973,141.609166,5.7,91.28018047,33.47894633,49.19747791,1.7294024642750196,7.869158475810881,7.812638896004396,4.248109453356756,4.953070910803035,3.895842360192452,61.92365511742623
Belarus,BLR,2001,5.53815064,2753.033698,2496.018115,70.458,137.0449305,6.3,90.84827306,32.46395547,48.9467226,1.711660625534477,7.920458745532641,7.822451987075161,4.255016787610999,4.920308831915062,3.8907324127002685,62.733666739684494
Belarus,BLR,2002,5.594093709,2910.399375,2560.501258,70.939,131.0020583,6.5,91.65450263,31.81538203,48.639731,1.721711346337708,7.976045593016721,7.847958322212775,4.261820352826611,4.875213035291456,3.884440707214987,63.617303301881456
Belarus,BLR,2003,5.698798652,3137.262616,2652.439814,71.415,134.1418523,6.2,91.88664691,32.7410515,48.30124836,1.7402553898198851,8.051105920338616,7.8832351799385325,4.268507931314592,4.898897839283572,3.8774574062872587,64.82030654051151
Belarus,BLR,2004,6.082724761,3520.404526,2760.116261,71.887,142.1365104,6.3,93.33619704,35.01894311,47.97547519,1.8054527470684563,8.166331184148188,7.923028081374748,4.275095441703565,4.956787936654157,3.870689946795205,66.68896500919114
Belarus,BLR,2005,6.210433349,3877.717389,2776.998471,72.354,118.8843517,6.8,92.39976633,37.83878489,47.64468799,1.8262306759583706,8.263001957695788,7.929125936712482,4.281570738349511,4.778151186120469,3.8637711441377185,68.27720135288443
Belarus,BLR,2006,6.502945781,4291.686471,2974.245534,72.816,124.2951039,7.2,92.30789944,37.20703445,47.33728266,1.8722552713157357,8.364435051455121,7.9977456838004946,4.287935711274286,4.822658608360353,3.857298201931395,69.96377373001104
Belarus,BLR,2007,6.385859234,4682.206766,2925.852884,73.273,128.153878,7.3,92.09102557,37.04727922,47.12127096,1.8540860511432842,8.451524808972374,7.981341301437029,4.294192191785698,4.85323171376462,3.852724511814885,71.42827159667553
Belarus,BLR,2008,6.796946049,5177.645348,2939.405974,73.726,129.5994785,7.1,92.95525733,38.8242464,46.95855635,1.9164734008605848,8.552105665883909,7.985962790258081,4.300355518529324,4.864448759990325,3.8492654329263383,73.13851132044365
Belarus,BLR,2009,6.483535364,5200.774185,2789.003141,74.172,108.6356448,7.4,91.83747403,36.11396335,46.84414336,1.8692659424532512,8.556562775218502,7.933439513836966,4.306386720465136,4.687999574641583,3.8468259925457997,73.21476652625496
Belarus,BLR,2010,6.971619923,5616.094117,2895.61081,74.672,115.917973,7.3,92.20187465,35.3917912,46.74096855,1.941847611398411,8.633391704290291,7.970951355662467,4.31310518920746,4.752882811662164,3.8446210509756016,74.53545231970843
Belarus,BLR,2011,6.654615906,5941.689991,3081.680181,75.188,157.9742551,7.5,91.97821816,36.08807304,46.62975211,1.8953107350800669,8.689748882160679,8.033230240541013,4.319991643754349,5.062432077345347,3.8422387947005876,75.51173563501276
Belarus,BLR,2012,6.802944393,6052.637372,3219.426534,75.697,153.0852693,7.2,91.30310995,36.28065032,46.5593029,1.917355517435647,8.708249385291532,8.076958527646594,4.3267385295392184,5.030995081835999,3.840726831232062,75.83360735643035
Belarus,BLR,2013,6.822615739,6115.432881,2870.325803,76.199,119.8159652,7.0,91.24489901,35.90370194,46.53937252,1.920242937765735,8.718570835640307,7.9621808225197945,4.333348339246909,4.785956942244702,3.840298675187638,76.01347741607772
Belarus,BLR,2014,6.770249081,6212.916674,2923.576821,76.693,110.6514244,6.7,92.85144409,35.37904972,46.55060033,1.9125378781233024,8.734385738417345,7.9805630843356505,4.339810439540801,4.706384939437248,3.840539900095342,76.28949422746831
Belarus,BLR,2015,6.253707295,5967.055951,2660.140268,77.181,115.9148262,6.8,-1.227132018,32.69230577,46.61133719,1.8331744550941838,8.69400894421685,7.886134132716271,4.346153312750075,4.752855664511191,3.8418437988810905,75.5857915221226
Belarus,BLR,2016,6.237135508,5811.201592,2639.094863,77.661,125.2093229,6.7,0.0,30.95840925,46.64994482,1.830521023779029,8.667542642920626,7.878191282427932,4.35235320086239,4.829986919951196,3.842671744441635,75.12629546684747
Belarus,BLR,2017,6.366536635,5964.896689,2692.583449,78.134,133.3677547,7.3,0.0,31.55448509,46.59875953,1.8510556223539159,8.693647014851436,7.898256401679329,4.358425301421555,4.893110385372249,3.841573921249397,75.57949841883529
Belarus,BLR,2018,6.733822203,6165.913202,2849.294773,78.595,139.3937363,7.2,0.0,31.26560971,46.50105922,1.9071429175094177,8.72679153147384,7.954826794572195,4.364308084180201,4.937302564031384,3.839475091258606,76.15689043380353
Belarus,BLR,2019,6.515507086,6267.735089,2748.968837,79.044,130.8504061,7.8,0.0,31.73712872,46.41075062,1.874185041162665,8.743170338543196,7.918981151978765,4.370004659446556,4.8740547325250265,3.83753112679176,76.44302756878155
Belarus,BLR,2020,6.201055187,6251.988989,2673.865486,79.483,118.9341761,8.4,0.0,31.3515557,46.21121293,1.8247194690217365,8.7406549303434,7.8912804519837145,4.37554316231602,4.77857019805524,3.833222472752369,76.39904861133638
Belarus,BLR,2021,6.303376965,6457.730538,2929.275337,79.91,136.0141679,8.2,0.0,32.14429073,45.83683173,1.841085515977242,8.773033225145745,7.982510346165205,4.380901001386372,4.912759056045431,3.8250879541801783,76.96611196951116
Belgium,BEL,2000,12.19066943,35878.31536,5662.981747,97.129,142.2301351,1.4,75.93949691,24.94383258,337.9570105,2.5006708583101904,10.48788836300802,8.641705842905361,4.576039991880957,4.9574464154516145,5.822918699524133,109.99580231491905
Belgium,BEL,2001,12.24256482,36148.28809,5606.172983,97.186,139.5768398,1.6,76.00659111,24.31215099,339.1214189,2.504918799250525,10.49538487072562,8.631623588009287,4.576626668170845,4.938615272553218,5.826358211100266,110.15310358465622
Belgium,BEL,2002,11.46771175,36600.86259,5397.648178,97.241,136.0851495,1.7,74.37459123,23.78733634,340.6450071,2.4395354125465274,10.507827087144523,8.593718615092262,4.577192433228857,4.9132807890823855,5.830840900132959,110.41443009332816
Belgium,BEL,2003,11.88994012,36826.26993,5609.482714,97.296,132.7155528,1.9,74.97189743,23.22665489,342.0740777,2.4756926745251646,10.513966726275934,8.6322137864222,4.577757878377754,4.888208137183347,5.835027315069883,110.54349632123747
Belgium,BEL,2004,11.70516231,37976.6973,5615.40613,97.35,136.9184053,2.0,74.71997184,22.95999895,343.5577424,2.4600299675703545,10.54472802165938,8.633269194031515,4.578312731818208,4.919385166647036,5.839355197680718,111.19128905076853
Belgium,BEL,2005,11.37026957,38645.26052,5549.637609,97.403,144.5290507,2.5,74.84448614,22.57377815,345.4527083,2.431002016364419,10.562179420881943,8.621487908932949,4.57885701099551,4.973480530252644,5.844855754823018,111.55963411890203
Belgium,BEL,2006,11.01552547,39371.08583,5445.565471,97.454,149.5675093,2.9,74.28097352,22.13992554,347.7387004,2.39930568406426,10.580786963694619,8.602556881398199,4.579380471801788,5.007747858129026,5.851451336817685,111.95305277109
Belgium,BEL,2007,10.63679569,40520.08432,5302.04533,97.505,152.4684469,3.4,73.1451128,22.28195248,350.3016517,2.3643192816017486,10.609553039308135,8.575847936416347,4.579903658740204,5.0269576690657845,5.858794645293667,112.5626156938925
Belgium,BEL,2008,10.67992422,40380.9075,5425.006832,97.555,161.0884478,4.0,73.79489963,21.5954485,353.079913,2.3683657380012577,10.60611236561132,8.598774437762707,4.580416321521862,5.0819535793560275,5.86669441374892,112.48961951197336
Belgium,BEL,2009,9.948026642,39293.63755,5161.342273,97.603,135.1384057,4.9,73.13598196,20.48905646,355.932252,2.2973742040638285,10.578817890349004,8.548951955073912,4.580908230651572,4.906299480659145,5.87474040937126,111.91138795716816
Belgium,BEL,2010,10.0249908525,39991.56462,5510.368422,97.651,150.1625636,6.2,73.17808696,20.6595926,359.1990901,2.3050810607233885,10.59642382635681,8.61438676415847,4.581399897925655,5.011718464588568,5.88387680329566,112.2841979077823
Belgium,BEL,2011,8.826271277676666,40236.95963,5063.167396,97.698,160.7655169,6.7,70.6589524,20.75145995,363.9028121,2.1777326465722284,10.602541246004616,8.529747534034453,4.581881088010138,5.079946886608487,5.8968868322606935,112.41388087322912
Belgium,BEL,2012,8.476882185193334,40074.4928,4822.688802,97.744,160.3833014,7.7,71.45191706,19.99564875,366.1666172,2.1373427153573785,10.598495321128167,8.481086894246815,4.582351815907411,5.077566584027973,5.903088468063237,112.32810307197566
Belgium,BEL,2013,8.374830087434999,40007.89979,5000.346171,97.789,157.5736228,8.3,70.77947555,19.91519357,367.8965813,2.125230789437862,10.596832208346553,8.51726242321966,4.58281209627742,5.059892795395884,5.907801869596773,112.2928528518509
Belgium,BEL,2014,7.643088233369999,40533.9135,4701.257716,97.833,158.571611,9.1,72.76011771,19.61905707,369.5334125,2.033801740531414,10.609894273066027,8.45558535104882,4.5832619434392114,5.066206295700855,5.912241162551741,112.56985648563928
Belgium,BEL,2015,7.794382337275,40893.80454,4661.663762,97.876,155.068682,9.4,76.29595322,19.47677469,371.6808756,2.0534032610475754,10.618733852317296,8.447127693871582,4.583701371372438,5.043868128452564,5.918035624809251,112.75750862634933
Belgium,BEL,2016,7.50649300716,41172.88628,4904.157708,97.919,159.0576966,9.2,0.0,19.09810578,373.5674678,2.015768380298484,10.62553521869476,8.497838636152789,4.584140606293568,5.069267008096333,5.923098624940085,112.90199868372268
Belgium,BEL,2017,7.201701754829999,41619.32863,4863.632802,97.961,166.9040782,9.7,0.0,19.15456041,375.0093298,1.9743173529321054,10.63631996887086,8.489540927786393,4.584569440280128,5.117419265360272,5.926950905127589,113.131302480201
Belgium,BEL,2018,7.036996616083334,42208.36257,4660.206929,98.001,168.2776929,10.7,0.0,18.96412515,374.7435149,1.951181462109397,10.650373645557856,8.44681513149861,4.584977682700143,5.125615548740058,5.926241831696213,113.43045878999334
Belgium,BEL,2019,6.82460605723,43006.40423,4775.957475,98.041,165.4654789,10.2,0.0,19.24171057,376.761986,1.9205346188527472,10.669104319167293,8.471349751138327,4.585385758526294,5.1087625863529365,5.931613651200942,113.82978697327418
Belgium,BEL,2020,6.130553863833333,40769.02181,4386.430508,98.079,156.9501213,12.3,0.0,19.08117052,378.3893225,1.8132850988572902,10.615677802638539,8.386271079199703,4.58577327637736,5.0559280561452615,5.935923619284887,112.69261520943259
Belgium,BEL,2021,6.216694235323334,43121.94297,4823.583422,98.117,177.3818924,11.7,0.0,17.99652285,379.9499902,1.827238292048343,10.671787264168838,8.481272379371388,4.58616064411651,5.1783049925124365,5.940039639322926,113.88704341167622
Benin,BEN,2000,0.213927099,861.213292,274.5814364,38.333,47.3481515,70.3,25.48294224,18.75634821,64.04415573,-1.542119980876207,6.758342199648853,5.615247888718067,3.646311144005159,3.8575277797992933,4.15957277874637,45.675189287554495
Benin,BEN,2001,0.249328596,879.8544638,283.2302734,38.65,48.25717064,66.9,27.46173201,21.60630613,66.0304718,-1.3889835898562717,6.779756511749679,5.646260253705294,3.654546775033431,3.8765444310435018,4.190116329417966,45.965098358612174
Benin,BEN,2002,0.279072458,893.137101,294.7241458,39.036,43.76842254,64.0,29.64356604,21.25606482,68.06869457,-1.2762838247853712,6.794740097647628,5.68603981987897,3.664484297279215,3.7789126108001008,4.220517409517774,46.1684929945805
Benin,BEN,2003,0.303194588,896.1467632,301.4991517,39.536,41.61623056,61.7,32.07373486,21.76533589,70.17621497,-1.1933804749774481,6.7981041977757535,5.708767202564609,3.6772116492462543,3.728490248867804,4.251009435528779,46.21422068381632
Benin,BEN,2004,0.313478433,907.6244312,305.2795363,40.039,39.90297434,60.7,32.81843364,20.49942461,72.3580525,-1.1600247155339685,6.8108306710096755,5.72122786932533,3.689853979110164,3.686450865979643,4.281626746123998,46.38741442916611
Benin,BEN,2005,0.332405902,893.9153687,296.6474299,40.543,39.09593119,59.2,31.04592233,21.61359239,74.72635686,-1.10139846044247,6.7956111048087475,5.692544328921968,3.7023631392725957,3.666018399939704,4.313832866051316,46.18033028779997
Benin,BEN,2006,0.443804509,900.6205358,339.2709728,41.049,39.77469871,57.3,36.32131391,21.15701378,77.09508691,-0.8123711085532819,6.803084009961488,5.826799117880038,3.7147664750657827,3.683230999336582,4.345039554933142,46.28195204659367
Benin,BEN,2007,0.491044809,926.7401138,358.1233736,41.558,49.11378415,54.5,39.66512355,19.51117718,79.40731642,-0.7112198946591557,6.831673174372108,5.8808775460276275,3.7270900418776884,3.8941397316539725,4.374590510355484,46.67175836143548
Benin,BEN,2008,0.472895495,943.2033803,355.1915688,42.069,47.77535927,54.8,39.07161371,17.66062208,81.84166371,-0.7488808557046017,6.849281933080182,5.872657274349813,3.7393111274126234,3.8665100101399243,4.40478645024906,46.9126629988186
Benin,BEN,2009,0.492353742,936.5656511,361.6537177,42.58,44.70262906,52.8,39.79761462,17.91950793,84.33330082,-0.7085578330328575,6.842219622043194,5.890687173071016,3.7513846594653333,3.800032315549905,4.43477681452574,46.81596935627291
Benin,BEN,2010,0.51841881,928.2466553,363.7435748,43.093,51.43085995,47.2,42.59879875,18.00905314,86.88793899,-0.6569718498801245,6.8332974898188095,5.896449154549627,3.7633605709262445,3.9402383804325676,4.46461923080918,46.69395458436404
Benin,BEN,2011,0.491280485,927.7164128,352.901249,43.608,47.21702881,48.7,41.55329377,18.13744911,89.51421603,-0.710740061744415,6.832726096428995,5.8661882699212065,3.7752406197619797,3.854754607398982,4.494397450991361,46.68614590882181
Benin,BEN,2012,0.454246567,943.9187715,346.2208221,44.125,50.73673678,50.3,39.07338322,16.95668469,92.21050905,-0.7891151292467977,6.850040115303402,5.847076785647526,3.787026515253461,3.926650239529087,4.524074105086728,46.92304958126585
Benin,BEN,2013,0.464018772,982.3992063,366.7430878,44.642,59.20019183,52.0,37.74701978,17.24370929,94.97014899,-0.7678302706776882,6.889997749473171,5.904661569674383,3.7986751199368207,4.080924782256331,4.553562621064834,47.47206898774536
Benin,BEN,2014,0.494850229,1014.433006,367.294185,45.166,65.26827494,51.0,38.86574613,16.41157749,97.81841078,-0.7035001298730491,6.922085120614198,5.906163120955131,3.810344591395112,4.178506082697735,4.583112808608352,47.91526241702847
Benin,BEN,2015,0.511298574,1002.418869,379.4920267,45.695,56.75631318,49.9,40.54839431,16.38509544,100.7509844,-0.6708015658693667,6.910171227227518,5.938833586601796,3.821988882724165,4.0387668956367495,4.6126519714986625,47.75046638960306
Benin,BEN,2016,0.610839162,1006.039266,409.0388211,46.229,58.98692834,45.4,0.0,15.70206831,103.7410607,-0.49292159177944106,6.913776381707108,6.013810068653372,3.8336073067906242,4.077315865799782,4.641897993470945,47.800303856251034
Benin,BEN,2017,0.601464479,1032.904712,412.3043521,46.768,61.47659696,45.4,0.0,15.10758585,106.7735012,-0.5083877993427491,6.9401302209152425,6.021761795320495,3.84519920836889,4.118656565154033,4.670709779635333,48.16540748326105
Benin,BEN,2018,0.665910436,1071.504522,423.2833238,47.312,61.79519449,44.0,0.0,14.64195675,109.8203884,-0.406600097965539,6.976819035156709,6.048041751050398,3.8567639631101214,4.123825602378764,4.698846198540885,48.676003849325
Benin,BEN,2019,0.630789231,1114.173045,414.5436411,47.861,63.68133231,46.5,0.0,16.3125612,112.8658656,-0.4607834960110805,7.015867745048521,6.02717825516102,3.8683009765369136,4.153891463270784,4.726200083545608,49.22240021601222
Benin,BEN,2020,0.656051196,1126.654041,426.1854787,48.415,44.83323338,46.2,0.0,16.29054905,115.9113959,-0.421516450400293,7.027007493533147,6.054874647521421,3.8798096830634945,3.80294968092892,4.752826070792507,49.378834314171
Benin,BEN,2021,0.481443319,1176.377276,376.0552953,48.972,48.05486083,54.5,0.0,16.46740038,118.9554541,-0.7309667722225364,7.070194889934279,5.929736194545429,3.891248706211669,3.8723432922144525,4.778749087736466,49.98765578165279
Bolivia,BOL,2001,0.906196645,2013.845811,444.5702114,62.306,45.22782243,29.0,75.71642909,25.42067648,8.079697221,-0.09849894902918156,7.607801511757878,6.09710799838575,4.132057729342268,3.8117124379575706,2.0893543991823718,57.87864384230546
Bolivia,BOL,2002,0.950860949,2029.669936,520.021917,62.783,49.35026037,28.1,79.93350296,25.47356924,8.215965107,-0.05038744268984997,7.615628465712693,6.253870958764191,4.13968433619118,3.8989430418534146,2.106079225660082,57.99779692777347
Bolivia,BOL,2003,0.995922967,2050.071334,524.193208,63.248,51.96783644,27.0,82.20650643,25.59649049,8.354749377,-0.004085366758091966,7.62562986860022,6.261860333918681,4.147063506554329,3.9506249972128313,2.122830164829043,58.15023089288781
Bolivia,BOL,2004,1.026163135,2099.990811,523.1921786,63.711,57.46426609,25.8,80.7256447,26.83964948,8.496526355,0.025826735083921453,7.649688247987656,6.259948850872227,4.154357232128271,4.051163295313081,2.139657415852686,58.51773029140045
Bolivia,BOL,2005,1.060737201,2156.186703,567.4965362,64.17,67.64194136,24.6,81.42708647,26.26921942,8.640961876,0.058964139036458474,7.676096525218365,6.341234645724596,4.161535811762424,4.214228224978646,2.1565139048601765,58.92245786446946
Bolivia,BOL,2007,1.237533502,2283.427336,570.3375549,65.082,76.06191145,22.1,78.66949954,28.28979041,8.941161267,0.21312028741749192,7.733432810791834,6.346228387125386,4.1756480132861356,4.331547633002115,2.190665476387299,59.80598303903169
Bolivia,BOL,2008,1.302800223,2383.250326,572.2612931,65.535,82.8670209,21.3,82.5477819,29.73663978,9.093379489,0.26451596558971485,7.7762205181616775,6.349595693194527,4.182584351071509,4.4172371651379,2.2075466200640648,60.469605547078665
Bolivia,BOL,2009,1.362592381,2422.575794,586.2842861,65.984,68.62707391,20.6,80.89923078,29.22868449,9.246076802,0.3093890478255792,7.792586630788377,6.373804801803047,4.189412288394495,4.228687120283799,2.2241993320424585,60.72440639834175
Bolivia,BOL,2010,1.451384725,2481.407009,625.4984284,66.43,75.51162625,19.9,82.62096553,30.14394175,9.399376904,0.37251808348517357,7.816581020619918,6.438548817353849,4.19614876167715,4.324286634465951,2.24064340027038,61.09893885191553
Bolivia,BOL,2011,1.55374532,2568.520517,660.3999336,66.874,82.48039542,18.1,81.97847283,30.36910664,9.553151482,0.4406683517706691,7.851085337806118,6.492845611500844,4.202810251833341,4.4125606338291234,2.25687109817042,61.6395409815142
Bolivia,BOL,2012,1.619038843,2657.238849,703.7634018,67.315,84.94876117,17.4,87.5943149,29.33421963,9.707197452,0.48183266637804745,7.885042835961194,6.556442222682879,4.209383094431198,4.442048264962755,2.2728676157202843,62.17390052494295
Bolivia,BOL,2013,1.692742072,2793.514571,699.3636753,67.699,81.23090753,16.0,87.92312124,28.5181929,9.861172344,0.5263497418694747,7.935055784922829,6.550170886334552,4.215071408760392,4.397295809350569,2.2886050605324213,62.96511030983726
Bolivia,BOL,2014,1.792340376,2900.902416,757.5471325,68.047,85.26446956,15.0,85.30966074,27.62549988,10.0146663,0.5835222384803335,7.972777145499789,6.630085756569983,4.220198642894245,4.445757832670056,2.3040506485426873,63.565175411803764
Bolivia,BOL,2015,1.809835125,2996.012898,748.8599455,68.393,67.93284519,14.2,43.45835528,25.20241628,10.16773285,0.5932357499684617,8.005037649701274,6.618551977381126,4.225270480210207,4.218519646471538,2.3192192599385337,64.08062777313489
Bolivia,BOL,2016,1.908994796,3077.570576,778.9652301,68.738,56.4010345,13.6,0.0,25.32635898,10.32033601,0.6465768187053218,8.031895790695735,6.657966410856649,4.230302175857305,4.032487500534379,2.3341163186319074,64.51134999259587
Bolivia,BOL,2017,1.918051314,3160.164212,800.8881837,69.08,56.70465276,14.3,0.0,26.36997443,10.47224868,0.6513097300136902,8.058379271053566,6.685721341443798,4.235265253278478,4.037856266626289,2.3487287754608577,64.9374764761458
Bolivia,BOL,2018,1.906404105,3246.764348,803.1278906,69.425,57.10996461,14.3,0.0,26.24658947,10.6234358,0.645218800073262,8.085414194168854,6.688513967267769,4.240247033192863,4.044978612995263,2.363062485149196,65.37392269126717
Bolivia,BOL,2019,1.883109684,3272.38171,795.5427455,69.773,56.39730673,13.5,0.0,25.21027455,10.77391858,0.6329244975802726,8.093273350453895,6.679024580463693,4.24524711545013,4.032421404349617,2.3771282671479232,65.50107352516721
Bolivia,BOL,2020,1.56940003,2949.81955,657.7454692,70.123,45.50326262,16.9,0.0,23.49193201,10.90768854,0.45069339982682116,7.989499277971411,6.488818031565245,4.250250842937034,3.817784029320223,2.389467911220352,63.832098712705694
Bolivia,BOL,2021,1.827095773,3098.350624,757.8631665,70.475,59.02139656,12.8,0.0,26.36230038,11.0194406,0.6027276969305352,8.038625192106613,6.630502850217545,4.255258037000176,4.077900031722134,2.399661040185868,64.61949497917108
Bosnia and Herzegovina,BIH,2000,3.432929361,2566.587821,1044.830328,42.384,85.35774313,19.4,87.89339537,21.53739169,81.24552734,1.2334139378001223,7.8503325996109155,6.951609785665959,3.746770932529714,4.446851167210981,4.397475771571567,61.62772192451387
Bosnia and Herzegovina,BIH,2001,3.37265441,2616.414125,1004.95066,42.698,86.03573266,20.3,87.29579545,20.93761742,81.62964844,1.2157000930776167,7.869560004711837,6.912693724760637,3.7541520807301323,4.4547627060054396,4.402192534704021,61.92997466776017
Bosnia and Herzegovina,BIH,2002,3.540399455,2742.333626,1052.107688,43.014,78.72747949,21.2,87.74936372,19.8153866,81.79691406,1.264239561175165,7.916564525222585,6.958550753077725,3.76152564409879,4.365992262077013,4.404239517469207,62.671993882012686
Bosnia and Herzegovina,BIH,2003,3.634705373,2854.845046,1052.768156,43.33,80.56945726,20.1,88.87655876,19.82008019,81.61177734,1.2905280548807179,7.956772846011236,6.959178313153118,3.768845235751818,4.389119635512227,4.401973581702527,63.31023412302174
Bosnia and Herzegovina,BIH,2004,3.871492473,3062.93619,1161.362258,43.648,81.81268362,20.1,89.00046678,20.23349203,80.87865234,1.3536400846350798,8.027129274098636,7.057348955423516,3.776157462220997,4.404432288067905,4.392949912110487,64.43480438309129
Bosnia and Herzegovina,BIH,2005,4.111785373,3216.868817,1230.3223,43.965,84.35546282,19.7,88.50918811,21.43283913,80.00962891,1.4138573315085416,8.07616374835349,7.115031446562264,3.7833938628309656,4.435039570617483,4.382146988806032,65.22442089021911
Bosnia and Herzegovina,BIH,2006,4.599298299,3418.755013,1304.394554,44.282,79.82994778,18.1,90.49182222,21.0300824,79.36078125,1.5259037481634243,8.137031732494627,7.1734942688067855,3.7905782739387703,4.379898719517446,4.374004307308202,66.21128541562452
Bosnia and Herzegovina,BIH,2007,4.914207918,3663.94489,1321.601297,44.601,83.55185889,14.8,91.07041299,21.77243741,78.3871875,1.5921305845591986,8.20629568474204,7.186599384152431,3.7977562802993234,4.425467503626935,4.361660489256185,67.34328886541583
Bosnia and Herzegovina,BIH,2008,5.484397387,3927.879656,1510.20925,44.92,86.16287984,14.3,92.31808369,23.20141043,77.10046875,1.7019072220579767,8.275855031530478,7.320003496367121,3.8048831298702424,4.4562394566163865,4.345109360317339,68.48977650290833
Bosnia and Herzegovina,BIH,2009,5.582177817,3876.39718,1602.531751,45.239,73.74749423,17.4,92.60394715,22.90764694,75.77722656,1.719578990034919,8.262661439381025,7.379340002015079,3.811959546671166,4.3006470181003404,4.327797806345889,68.27157406183412
Bosnia and Herzegovina,BIH,2010,5.8285093,3980.041283,1700.483733,45.558,80.96821596,19.6,91.65236474,22.45400963,74.4428125,1.7627612729842663,8.289047470837753,7.438668038391499,3.818986239459152,4.394056682109602,4.3100312131667184,68.70830797380175
Bosnia and Herzegovina,BIH,2011,6.752261881,4093.051522,1909.670286,45.878,87.83634771,14.2,93.9960055,22.19325971,73.08199219,1.9098775422346383,8.317046064246062,7.554685881008353,3.825985699331936,4.4754753980033515,4.29158199153781,69.17325523479091
Bosnia and Herzegovina,BIH,2012,6.350867126,4138.702184,1821.212221,46.199,88.14510886,15.3,91.94742299,21.62320082,71.68189453,1.848591358857368,8.328137535547963,7.5072576138488305,3.8329581528317913,4.478984420747438,4.272238198702443,69.3578748110029
Bosnia and Herzegovina,BIH,2013,6.428054931,4305.467556,1787.392464,46.519,87.93124131,19.5,92.50374181,22.3236757,70.52458984,1.8606719934205824,8.367641018629952,7.488513112758477,3.839860831288722,4.476555160316173,4.255961441061151,70.01741621665849
Bosnia and Herzegovina,BIH,2015,5.918703235,4662.258837,1755.043771,47.173,88.29198984,25.2,85.32545627,21.72645605,68.72150391,1.778117376759474,8.447255338646512,7.470249076329692,3.853821695019393,4.4806493882062455,4.230062162040726,71.356122756292
Bosnia and Herzegovina,BIH,2016,6.766967953,4876.534724,1945.254758,47.518,88.24403517,23.0,0.0,22.34435004,67.83208984,1.912053121462312,8.492190149067534,7.573148228452151,3.8611085866265964,4.480106103387446,4.217035384449463,72.11729352791967
Bosnia and Herzegovina,BIH,2017,6.996011879,5099.816138,1966.742964,47.876,96.64587914,18.5,0.0,23.12107386,66.96644531,1.9453402551251828,8.536959766690002,7.584134135727422,3.868614335011124,4.571053567807957,4.204191677671955,72.8796820580838
Bosnia and Herzegovina,BIH,2018,7.103513434,5360.174439,2205.400194,48.245,98.4320912,35.4,0.0,23.71135919,66.15234375,1.9605895115086105,8.586751798124837,7.698664265290476,3.876292195472347,4.589366880970653,4.19196032077231,73.73230644260012
Bosnia and Herzegovina,BIH,2019,6.753333475,5583.29732,2157.71633,48.626,94.51612789,36.8,0.0,23.20379231,65.34244141,1.9100362311297225,8.627534798415047,7.676805686760664,3.8841583672798414,4.5487704854406426,4.179641770182564,74.43435669786257
Bosnia and Herzegovina,BIH,2020,6.828892609,5490.753671,2152.730189,49.02,82.11126526,37.7,0.0,23.77756094,64.44041016,1.921162524126791,8.610820805773612,7.674492170886154,3.8922283780999667,4.4080752209309235,4.165740923279206,74.14623494914372
Bosnia and Herzegovina,BIH,2021,7.077182798,5995.448176,2267.260889,49.425,96.48590858,36.6,0.0,24.79938161,63.37708984,1.9568759186314768,8.698755822965934,7.7263277250507345,3.9004563690566805,4.569396972604521,4.149102437146751,75.66835286758374
Botswana,BWA,2000,2.443808268,5062.642892,1070.361197,53.219,91.92472969,38.5,65.11028193,46.30053029,2.959755086,0.8935575881501473,8.529643936596708,6.975751437782653,3.974415475444412,4.5209700866336515,1.0851065236965094,72.75482568512098
Botswana,BWA,2001,2.309996064,4971.963718,1060.851327,54.062,87.52506557,37.5,64.7805329,44.76779382,3.021287033,0.8372458206361466,8.511570155339294,6.966827003442068,3.9901315360944167,4.471925215997833,1.105682910469742,72.44682650926258
Botswana,BWA,2002,2.392817821,5175.476553,1057.526048,54.57,91.83577406,36.1,65.37455263,43.96509908,3.078649445,0.8724716760658133,8.551686701430006,6.963687542295565,3.9994842811981406,4.52000191735752,1.1244910089366875,73.13134543941482
Botswana,BWA,2003,2.328611911,5320.440295,1035.717682,55.029,85.83404252,36.2,64.1429374,39.61641319,3.133301572,0.8452723436983088,8.579311341129133,6.942849877960445,4.007860319000323,4.45241569377048,1.1420872639607282,73.60458308802696
Botswana,BWA,2004,2.242762898,5369.425168,1076.411444,55.488,90.99782289,34.3,61.07562551,38.82195502,3.18872479,0.8077085424160841,8.588476136708001,6.981388050531649,4.016166781158077,4.510835581944946,1.159621084523385,73.76192235080279
Botswana,BWA,2005,2.38619212,5514.217427,1090.975601,55.944,88.50535206,33.0,62.1419463,42.85495221,3.246478923,0.8696988401324273,8.615085022616267,6.994827621696652,4.024351190401566,4.4830630254395665,1.1775710007229365,74.21968994690712
Botswana,BWA,2006,2.212891221,5865.000265,1096.757744,56.4,86.61243391,31.8,62.70150824,46.62434344,3.307599739,0.794299905319442,8.676757806270865,7.000113600883032,4.032469158504013,4.461443383899376,1.1962227719566927,75.2861260286824
Botswana,BWA,2007,2.313937676,6085.635448,1117.658743,57.928,98.49652494,29.0,61.59735812,45.48442124,3.37233074,0.8389506949601991,8.713686428564246,7.018991368300874,4.05920086008652,4.590021267758742,1.2156041195526792,75.92833117534474
Botswana,BWA,2008,2.312291984,6158.616294,1158.359177,59.444,99.00822201,27.8,62.25395731,41.1096621,3.440738976,0.8382392334935767,8.725607403697605,7.054759780161032,4.085034692896323,4.59520289729214,1.2356862669197455,76.13622456346246
Botswana,BWA,2009,2.071008146,5179.413861,1054.28611,60.937,88.48078863,28.9,59.11626281,32.91486985,3.512559773,0.7280355157712354,8.552447174604,6.960619143877888,4.109840543596198,4.482785450822007,1.256345051739272,73.14435267439194
Botswana,BWA,2010,1.659525722,5584.503433,1130.549924,62.412,94.63900209,29.9,60.75482513,37.27893796,3.587441992,0.506531851907123,8.627750796717912,7.030459451733669,4.133757564578936,4.550069675341505,1.2774394114776602,74.43808381026656
Botswana,BWA,2011,1.931243022,5850.078585,1069.645258,63.865,98.96146778,28.9,58.08890245,41.43221525,3.65877049,0.6581638484535075,8.674210373469009,6.975082337906774,4.15677148049474,4.594730560027593,1.2971271592815945,75.24192560319736
Botswana,BWA,2012,1.665688933,5742.919243,1197.221546,64.768,111.8752806,27.8,61.15912812,37.5753343,3.720672984,0.5102388114253021,8.655722938951046,7.087758772809583,4.170811654224946,4.717384684748299,1.3139045616002922,74.92153959588333
Botswana,BWA,2013,2.57497377,6284.976778,1240.353338,65.572,125.7830399,26.7,64.33386082,39.10622989,3.777251954,0.9458393476560507,8.745917426188564,7.1231515680085415,4.18314877556421,4.834558517212558,1.3289967489452446,76.4910716257088
Botswana,BWA,2014,3.285706919,6547.122539,1333.166362,66.368,119.4975418,25.8,70.06674741,41.7777034,3.832590475,1.1895818248278447,8.786780925082796,7.195312115092174,4.195215012607062,4.7832958004486885,1.3435409387911201,77.20751902539888
Botswana,BWA,2015,3.216895954,6141.203947,1308.134452,67.155,112.900891,26.1,70.64180217,37.54399949,3.887694317,1.168416905178682,8.722776084492804,7.176357318783333,4.207003380361039,4.726510363064245,1.3578162613365259,76.0868226201996
Botswana,BWA,2016,3.020750178,6490.834636,1245.115705,67.933,100.4646898,26.7,0.0,40.34516219,3.943281633,1.1055052038510422,8.778146404819259,7.126983740323521,4.218521925337132,4.609806320489287,1.3720132784162888,77.05585430444127
Botswana,BWA,2017,3.283604213,6662.576448,1280.407473,68.7,81.92395138,26.7,0.0,37.10100502,3.99969474,1.1889416645341524,8.804261542779752,7.154933644536033,4.229749199228304,4.405791394747086,1.3862180432077529,77.5150213136705
Botswana,BWA,2018,3.569028607,6843.846121,1343.698473,69.446,87.45510399,25.6,0.0,34.80032767,4.056854234,1.272293459886379,8.831105150977905,7.20318114546634,4.240549472149306,4.471125564426983,1.4004078540742702,77.98841818762848
Botswana,BWA,2019,3.146157319,6951.73189,1241.677932,70.172,83.09298136,26.2,0.0,31.94710542,4.114980679,1.146181809425241,8.846746100321223,7.124218914856071,4.250949371066938,4.41996023812597,1.4146341388567711,78.26491656354877
Botswana,BWA,2020,2.573445809,6254.248064,1119.82959,70.877,77.66341784,27.7,0.0,26.6905681,4.174640481,0.945245782574023,8.74101620208565,7.020931800927169,4.260945980344662,4.35238433363641,1.4290282422596094,76.40536424512383
Botswana,BWA,2021,2.746850745,6895.911849,1142.897986,71.56,88.75874959,27.4,0.0,33.04003325,4.237363471,1.01045507181829,8.838684029344194,7.041322408718082,4.270536258640519,4.485922010425731,1.4439412529544797,78.12233537058411
Brazil,BRA,2000,2.007818926,6817.784241,1081.361934,81.192,22.63976136,42.7,58.00456504,23.00661863,20.82021622,0.6970490214685355,8.827289806699905,6.9859765756625425,4.396816720146517,3.119707712643387,3.035924448339429,77.92104533146805
Brazil,BRA,2001,1.992685212,6823.03397,1086.992993,81.553,26.93628502,41.3,58.66471884,22.63952791,21.09335366,0.6894830819418977,8.82805951555138,6.99117044091828,4.401253115637476,3.2934742631808724,3.0489579984444273,77.93463481011727
Brazil,BRA,2002,1.968645049,6944.623375,1103.401279,81.88,27.6183574,42.9,56.80512618,22.49532782,21.35684303,0.677345513726416,8.845723024056335,7.006152759982121,4.405254760793088,3.3184806748151146,3.061372204947787,78.24681581832036
Brazil,BRA,2003,1.918139431,6941.440457,1107.973916,82.203,28.14038472,45.1,54.32769156,23.08381782,21.61039274,0.6513556698565567,8.845264590609068,7.010288325513878,4.409191797746524,3.337205723234578,3.073174344347171,78.23870567788259
Brazil,BRA,2004,1.999386419,7258.781852,1157.169056,82.521,29.67825248,45.2,54.35038302,24.30662329,21.85595635,0.6928403429901125,8.88996730475998,7.053731832336568,4.413052806403983,3.390414537859561,3.0844734862231347,79.0315186797014
Brazil,BRA,2005,1.998953901,7409.569132,1173.715857,82.834,27.0867952,46.1,53.89205145,24.17257828,22.09679438,0.6926239942218381,8.910527569770931,7.067929941281493,4.416838605125925,3.2990463471423337,3.095432547324107,79.39750157164785
Brazil,BRA,2006,2.001783994,7622.040071,1202.059339,83.143,26.04169989,46.7,53.05367477,23.54402167,22.33189513,0.6940387799670383,8.93879933870154,7.091791480765167,4.420562016887707,3.259699095163642,3.106015931485091,79.90213361757108
Brazil,BRA,2007,2.084554568,8003.254131,1259.91136,83.448,25.29261138,47.2,52.195246,23.12538041,22.5591244,0.7345551959764083,8.98760350432996,7.138796648264553,4.42422368337367,3.2305123127651916,3.116139613819913,80.77701675104416
Brazil,BRA,2008,2.167915896,8330.764598,1317.235784,83.749,27.25756942,47.0,52.11265151,23.08529375,22.77627582,0.7737662894669843,9.027710519423975,7.18329071685048,4.427824230335382,3.305331259417132,3.125719460018321,81.49955722251829
Brazil,BRA,2009,2.006775293,8246.09707,1262.100438,84.044,22.10597561,48.9,50.90136502,21.87859263,22.98118373,0.6965291019117494,9.017495284965689,7.140532626305172,4.431340471226803,3.0958479615677894,3.134675782408134,81.31522121437843
Brazil,BRA,2010,2.270340839,8792.634361,1384.368967,84.335,22.77217811,46.8,53.03361943,23.26797736,23.17524342,0.8199299695612347,9.081669645550686,7.232999695300754,4.434796962709978,3.1255395325056394,3.1430846149566274,82.47672355091673
Brazil,BRA,2011,2.373464072,9067.993163,1390.007836,84.631,23.93440518,45.2,54.28570306,23.10205097,23.36461629,0.8643505217554222,9.112506257657131,7.237064663518919,4.438300629753053,3.1753169710629305,3.1512227535908335,83.03777029584037
Brazil,BRA,2012,2.528103067,9167.499239,1433.153064,84.923,25.11427361,43.5,56.4658179,22.13364737,23.55501475,0.9274692456275807,9.123419816934842,7.267632235801597,4.441744963577992,3.2234363542275015,3.1593387383458222,83.23678915603938
Brazil,BRA,2013,2.636096755,9366.739324,1487.457458,85.209,25.78595733,42.3,57.72347267,21.22480995,23.74670668,0.969299321201845,9.144920323634318,7.304823537346941,4.44510706205923,3.2498300542133682,3.1674438547603536,83.62956772562
Brazil,BRA,2014,2.729587192,9338.342783,1522.42189,85.492,24.68540581,41.7,58.84122016,20.47246275,23.93895376,1.0041503860416117,9.141884083252947,7.328057694491285,4.448422804313564,3.2062122111138796,3.175506996585033,83.57404459163357
Brazil,BRA,2015,2.566447178,8936.196617,1482.020579,85.77,26.95362594,43.7,20.80804683,19.36004398,24.12923593,0.9425225214699718,9.097865343304651,7.301161691724535,4.45166929500233,3.294117831533078,3.1834242144029044,82.77115380490386
Brazil,BRA,2016,2.373948318,8577.843767,1414.897931,86.042,24.53368208,45.4,0.0,18.35475828,24.31379637,0.8645545259420816,9.056937851691098,7.254812673906683,4.454835549131693,3.2000469521830768,3.1910439410882496,82.02812324939495
Brazil,BRA,2017,2.415682843,8628.253089,1431.959497,86.309,24.31973437,45.3,0.0,18.18850231,24.49150708,0.881981997862721,9.062797340528064,7.266799062902708,4.457933880021473,3.1912881347521336,3.1983264076578335,82.13429563548256
Brazil,BRA,2018,2.284095173,8722.336303,1403.402325,86.569,28.87620338,46.9,0.0,18.74905145,24.65946502,0.8259699603651964,9.073642405673587,7.246654799507709,4.460941783815233,3.3630178434713938,3.205160803259188,82.33098650603796
Brazil,BRA,2019,2.256514253,8771.440513,1415.83477,86.824,28.89025787,47.5,0.0,18.75462757,24.82076862,0.8138212566842038,9.079256326495932,7.255474579592001,4.463883081143714,3.363504440364234,3.2116807470648987,82.43289544221639
Brazil,BRA,2020,2.144261931,8435.011433,1379.246499,87.073,32.30207854,50.0,0.0,19.50611839,24.96498527,0.7627954050561947,9.04014635040298,7.229292613813266,4.466746847283141,3.47513157924176,3.217474253926362,81.72424603670432
Brazil,BRA,2021,2.414654212,8799.229458,1430.393466,87.317,37.65633076,46.5,0.0,22.1234752,25.07140273,0.8815560934159561,9.082419435041649,7.265704836455797,4.46954517470126,3.6285010877866295,3.221727863137825,82.49034279402227
Brunei Darussalam,BRN,2000,18.60953851,37509.59833,7306.508055,71.164,87.05533336,0.0,99.97855006,66.26658255,61.94003795,2.923674272388598,10.532352134674158,8.89652074435713,4.264987072572529,4.466543932114544,4.126166787234569,110.93044148877529
Brunei Darussalam,BRN,2001,17.58418455,37269.30975,6624.445702,71.652,91.09978792,0.0,99.97836033,62.7475897,63.25332068,2.8669998929428595,10.525925472044221,8.79852197973145,4.271821067352856,4.511955476271984,4.147147627099073,110.79510704302936
Brunei Darussalam,BRN,2002,16.3420063,37976.26266,6344.709536,72.046,93.21618142,0.0,99.97936035,63.08118111,64.53491461,2.793738866472171,10.544716576680797,8.75537660069243,4.277304803902323,4.534921327007536,4.1672063891282995,111.19104768252677
Brunei Darussalam,BRN,2003,18.61486223,38595.16869,7227.934615,72.421,89.08561606,0.0,99.97866384,66.48449806,65.77552182,2.9239603062766104,10.560882384147819,8.885708605600367,4.282496312582398,4.489597885529881,4.186247760304237,111.53223673180372
Brunei Darussalam,BRN,2004,17.76311875,37948.65895,6509.413757,72.794,84.88216641,0.0,99.97676701,70.19104535,66.96603416,2.8771243274400122,10.543989444913496,8.781004678459457,4.2876335342237075,4.441264017189253,4.204185538011111,111.17571341444722
Brunei Darussalam,BRN,2005,16.74180031,37312.2778,6180.901861,73.163,81.62011408,0.0,99.9768046,73.15300533,68.10550285,2.8179086046789763,10.527077715008348,8.729219472005315,4.292689828696156,4.402075727673326,4.22105801532407,110.81936521782538
Brunei Darussalam,BRN,2006,23.62537466,38229.3565,8644.256134,73.529,81.57095457,0.0,99.97717894,74.92626122,69.19601518,3.1623213318783985,10.551358994218162,9.064650348608414,4.297679886224451,4.401473249708157,4.23694327686155,111.33117662486852
Brunei Darussalam,BRN,2007,22.06739234,36174.51637,8703.66547,73.892,81.01141457,0.0,99.97774059,73.39510643,70.3743833,3.094101059232626,10.496110182232707,9.071499534303808,4.302604567696391,4.394590065361346,4.253829323366396,110.16832895756912
Brunei Darussalam,BRN,2008,23.57799112,34126.69409,9379.395471,74.252,89.74542548,0.0,99.97750924,76.43208179,71.68747628,3.16031369724759,10.437835174918058,9.14627059120268,4.307464713346977,4.496977056487222,4.272316064008977,108.9484031387567
Brunei Darussalam,BRN,2009,20.83584447,32855.60203,7906.164503,74.608,90.28708811,0.0,99.97733402,67.29548108,73.0459203,3.0366747953705397,10.399877543011296,8.975398051001658,4.312247740065965,4.502994461384003,4.291088288587867,108.15745290963068
Brunei Darussalam,BRN,2010,17.868374231,33121.31767,8261.092769,74.961,95.37154607,0.0,99.97670389,68.65335068,74.44629981,2.883032347472471,10.407932392430027,9.019312154253718,4.316967978289423,4.557780274741793,4.310078057559119,108.32505668539422
Brunei Darussalam,BRN,2011,18.3378231075,33754.36397,9699.300252,75.31,99.53793086,0.0,99.97217642,73.67241439,75.78538899,2.908965763354769,10.426864990756602,9.179809022920262,4.32161292811326,4.600538786194062,4.32790551668037,108.71951353546568
Brunei Darussalam,BRN,2012,17.165776122866667,33544.53888,9446.072907,75.656,105.6409021,0.0,99.97269613,72.6556143,76.95578748,2.8429176413180928,10.42062935359158,9.153354368719734,4.326196749713211,4.6600456267714945,4.3432310683728685,108.58951612493449
Brunei Darussalam,BRN,2013,16.953115498549998,32381.07383,7399.888507,75.997,110.9395996,0.0,99.9716728,70.02244393,78.02694497,2.8304516221605374,10.385329390054185,8.909220212457138,4.330693865823014,4.708985905462472,4.357054215369387,107.85506653992323
Brunei Darussalam,BRN,2014,17.052875824766666,31148.72962,8529.793038,76.332,102.421001,0.0,99.97189009,67.84963064,79.07969639,2.8363188595806195,10.346528740719437,9.051320377354331,4.335092247484668,4.629091779468386,4.370456159018365,107.05065698253334
Brunei Darussalam,BRN,2015,14.97283553075,30625.12873,6437.002474,76.663,89.89618838,0.0,83.97586492,61.36277769,80.11612903,2.706237594706687,10.329576151266766,8.769818256393073,4.339419193024425,4.498655542136021,4.383477194977407,106.70014346481912
Brunei Darussalam,BRN,2016,15.5189117916,29492.41454,7008.28172,76.99,87.31980125,0.0,0.0,57.28936408,81.1316888,2.742059395776176,10.291888375025946,8.854847831579928,4.343675543289958,4.469577255568296,4.396073622164686,105.92296632399422
Brunei Darussalam,BRN,2017,14.944744573716664,29524.65905,8385.25859,77.312,85.17686042,0.0,0.0,59.72058921,82.1199241,2.704359704503642,10.292981093158073,9.034230513376293,4.347849182872295,4.4447298056331155,4.408180667893121,105.94545978410954
Brunei Darussalam,BRN,2018,14.734352801366668,29200.19512,8304.042428,77.629,93.8980617,0.0,0.0,63.24481837,83.07590133,2.6901816926845985,10.281930670425828,9.024497714737512,4.351941068716689,4.542209743828641,4.419754663775542,105.71809831144331
Brunei Darussalam,BRN,2019,13.4828555613,29996.24058,9219.803393,77.942,108.5096585,0.0,0.0,62.5153214,84.0,2.6014189199415862,10.308827338791836,9.129108992353649,4.355964960346022,4.686839187451788,4.430816798843313,106.27192110102197
Brunei Darussalam,BRN,2020,16.970873456666666,30015.95873,9175.892572,78.25,110.2910036,0.0,0.0,59.13363013,84.89639469,2.83149854855602,10.309484476871637,9.124334951242853,4.359908829420263,4.703122359923041,4.441431627044597,106.28547017885724
Brunei Darussalam,BRN,2021,16.145820835616668,29256.18329,8962.623256,78.554,147.1231124,0.0,0.0,62.70156408,85.71555977,2.7816612443930278,10.283846224849242,9.100818237226143,4.3637862863840935,4.991269735591595,4.451034370033699,105.757493176346
Bulgaria,BGR,2000,5.896424212,3717.928915,2276.852166,68.899,77.74570416,8.0,72.40143939,22.67758298,73.85132423,1.774346101416868,8.220922048948536,7.730549139054841,4.232641664126188,4.3534432975714825,4.30205394016395,67.58355933488819
Bulgaria,BGR,2001,6.295580725,3937.701654,2419.771111,69.166,79.08136875,7.2,73.18700432,23.98088173,72.3957516,1.8398479150285088,8.278352495536797,7.791428232446146,4.2365094124019755,4.370477306574478,4.282147618111947,68.53112004036032
Bulgaria,BGR,2002,6.072926153,4260.404827,2410.069245,69.524,75.26961101,8.7,70.49287386,24.00451182,72.03272978,1.8038405569534772,8.357119464560576,7.78741075843708,4.241672016701234,4.321076481104297,4.2771205960035195,69.84144574493725
Bulgaria,BGR,2003,6.875620794,4519.184447,2489.508188,69.879,79.01388537,9.2,74.11763979,24.31940238,71.48411327,1.9279819367851692,8.416086824466804,7.819840455090687,4.246765174917327,4.369623601199524,4.269475232983684,70.83051743696373
Bulgaria,BGR,2004,6.66863206,4849.871444,2439.636737,70.233,93.06389796,9.6,74.00911484,23.13340524,70.95310776,1.897414750438247,8.486707477188476,7.799604428925088,4.251818286046291,4.533286332064109,4.262019204760932,72.02420380336679
Bulgaria,BGR,2005,6.853152094,5231.338176,2599.191734,70.584,99.71421121,9.8,72.92488723,24.23239858,70.4986377,1.9247087061411527,8.562422389722972,7.8629558041405385,4.256803489919804,4.60230820652913,4.255593386227268,73.31507718002925
Bulgaria,BGR,2006,7.108688805,5629.801318,2696.782642,70.932,111.0474628,10.0,72.33620332,25.37040252,69.97166529,1.9613178111966854,8.635829430635368,7.8998147273817825,4.261721671630233,4.70995770271338,4.248090378531756,74.57754995502799
Bulgaria,BGR,2007,7.638743288,6048.742343,2665.005118,71.278,123.5325577,8.8,77.75292262,26.2601834,69.47185342,2.033233098548808,8.707605652225347,7.887961257048382,4.266587724407519,4.816504746426255,4.240921683778869,75.82239619466681
Bulgaria,BGR,2008,7.281996103,6464.72203,2647.462081,71.622,124.6887475,9.9,76.18254406,24.99057855,68.98592211,1.9854050145979214,8.774115294148574,7.881356754804532,4.271402289340957,4.825820612046664,4.2339024563895356,76.98509919501191
Bulgaria,BGR,2009,6.250863899,6288.725489,2337.239452,71.963,92.6926456,11.6,73.47421343,26.56734051,68.57445652,1.8327196780362753,8.746513704203021,7.756725790565199,4.276152098041018,4.529289133933752,4.227920111455039,76.50150197781126
Bulgaria,BGR,2010,6.694210976,6428.717474,2393.891423,72.302,103.3805223,14.3,73.86176126,23.75417724,68.12453021,1.9012431194720427,8.768530337616868,7.780675531288234,4.2808517912994075,4.638416571989605,4.221337356959631,76.88712428170739
Bulgaria,BGR,2011,7.455110877,6605.308579,2592.516177,72.638,117.4181039,13.2,75.75637062,25.03010121,67.68909359,2.008899820943124,8.795628934865885,7.860384180007069,4.285488200874349,4.765741102489989,4.214925067826636,77.36308835984998
Bulgaria,BGR,2012,6.832174268,6693.427761,2493.07808,72.975,123.9713227,15.6,72.77414296,25.3837647,67.2981577,1.9216429637721963,8.808881392757167,7.821273402728253,4.290116916740178,4.820050270309955,4.209132861833202,77.59639139166345
Bulgaria,BGR,2013,6.208221922,6792.735514,2353.307613,73.313,129.688683,18.2,70.50703001,23.50748126,65.95435704,1.8258745299868275,8.823609013353082,7.763577112439339,4.294737946509789,4.865136832311124,4.188962942788504,77.85607602052575
Bulgaria,BGR,2014,6.688954322,6941.018547,2499.706975,73.651,130.2483771,17.1,71.91611045,23.44430188,65.15817981,1.900457557289513,8.845203807429371,7.8239287939866635,4.299337720548981,4.869443220671014,4.1768178491816155,78.23763039496305
Bulgaria,BGR,2015,7.138114823,7268.654455,2637.503535,73.99,126.7366422,17.9,36.00445404,24.03013949,64.33516028,1.9654487110971757,8.891326471554615,7.877588118067784,4.303929948937459,4.842111249935446,4.164106297968272,79.05568642376784
Bulgaria,BGR,2016,6.835139239,7586.504149,2606.610534,74.329,122.8055144,17.7,0.0,24.4597737,63.50533346,1.9220768414387903,8.934126177857653,7.865806010368281,4.308501185128607,4.810601920242278,4.151123893867621,79.8186105618814
Bulgaria,BGR,2017,7.243291216,7898.706946,2732.222441,74.669,129.634429,17.1,0.0,23.98929513,62.67011791,1.9800756909491772,8.974454347336934,7.912870637947216,4.313065012698659,4.864718404502101,4.13788474567729,80.54083083243479
Bulgaria,BGR,2018,6.889359507,8211.936404,2764.275131,75.008,128.8655653,19.6,0.0,22.18714704,61.81648858,1.9299781209077305,9.013344033832169,7.924533720816474,4.317594774514492,4.858769731509847,4.124170134379005,81.24037067221796
Bulgaria,BGR,2019,6.736428258,8644.249519,2771.124203,75.347,125.0299631,19.3,0.0,21.52278598,60.94994473,1.9075298524131241,9.064649583360088,7.927008366305253,4.3221041100795,4.828553413377696,4.11005294911801,82.16787206911023
Bulgaria,BGR,2020,6.028504452,8450.603888,2664.55153,75.686,110.3240811,21.1,0.0,21.82357861,60.34170965,1.796498962067118,9.041993183833148,7.887791041013146,4.326593202784968,4.7034222260930525,4.100023566939072,81.7576407364851
Bulgaria,BGR,2021,7.036020003,9168.851764,2918.916414,76.025,121.1573546,20.4,0.0,20.74039058,59.94197679,1.9510426698218106,9.12356734083447,7.978967735295098,4.331062233563428,4.797090151982079,4.093377040824185,83.23948102274136
Burkina Faso,BFA,2000,0.073690546,428.3097966,122.8763316,17.844,35.12294197,83.9,0.0,21.87075455,43.58752193,-2.6078807648128475,6.059846757579443,4.811178415438112,2.8816673172660185,3.5588545343359312,3.7747709151275393,36.72174272534609
Burkina Faso,BFA,2001,0.08244001,442.9141229,138.8084043,18.54,31.65817081,81.7,0.0,20.63892465,44.93786915,-2.4956844016595467,6.093375897754246,4.93309459595146,2.919930560137709,3.4549962767256477,3.805280850190223,37.12922983133237
Burkina Faso,BFA,2002,0.084852042,448.1288563,140.3666602,19.258,31.31252285,81.8,0.0,20.63381451,46.34830775,-2.466846221592662,6.105080816728295,4.944258000429954,2.9579265588180923,3.444018108585336,3.8361847810972365,37.27201177878382
Burkina Faso,BFA,2003,0.091389037,468.2630478,145.4122029,19.996,30.36823641,80.8,0.0,22.62507399,47.81627193,-2.3926297530114495,6.14903020596534,4.979572487987698,2.995532253551324,3.41339720723652,3.8673659985143147,37.810572473874146
Burkina Faso,BFA,2004,0.079048731,474.0864123,149.2020255,20.757,35.4809436,82.0,0.0,22.65917572,49.34405336,-2.537690768586439,6.161389609510023,5.005301263414776,3.032883539184784,3.568995752352669,3.8988172593280876,37.96272192017807
Burkina Faso,BFA,2005,0.081674559,499.1927976,152.4540653,21.537,34.17216977,85.4,0.0,20.16583243,50.92150219,-2.505012720958616,6.212992389066519,5.026863339526736,3.0697723862624557,3.5314115633795713,3.9302852742359926,38.60127442659849
Burkina Faso,BFA,2006,0.080612468,514.1131318,160.0519471,22.339,35.10654236,84.8,0.0,20.50385279,52.5354788,-2.5181019516064893,6.242443342014752,5.075498431915131,3.1063340298817868,3.5583875051257774,3.961488728023258,38.96809887826431
Burkina Faso,BFA,2007,0.109973423,519.2610122,167.380497,22.996,33.77971729,82.9,0.0,22.5483344,54.15316886,-2.2075165514728083,6.252406670427341,5.120269645891752,3.1353202877610444,3.5198605421912874,3.9918164917717034,39.09258917240431
Burkina Faso,BFA,2008,0.12494353,533.4712999,168.8003109,23.534,35.38531698,83.5,0.0,20.5479237,55.76788377,-2.079893403754128,6.279405273418469,5.128716423984805,3.158446184041737,3.56629695952069,4.021198144011792,39.430930587835675
Burkina Faso,BFA,2009,0.117466088,533.4700848,171.4498883,24.079,40.29598367,83.3,0.0,22.95588049,57.41983187,-2.1416055998205605,6.279402995692593,5.144291027406822,3.1813400913390963,3.696251803192126,4.05038974661479,39.43090198231312
Burkina Faso,BFA,2010,0.121750703,561.8472213,227.9390251,24.633,49.07323854,82.1,0.0,26.05555203,59.12462719,-2.105779742908798,6.331229964715625,5.429078159415723,3.204087007394761,3.8933138462936916,4.079647541337672,40.08447286611302
Burkina Faso,BFA,2011,0.134102289,581.6036587,235.6749139,25.196,57.4972531,81.4,0.0,28.37227091,60.89878655,-2.0091524194889536,6.365789216949179,5.4624533719485315,3.2266852517596827,4.051737174488265,4.109213249229984,40.52327235462644
Burkina Faso,BFA,2012,0.152157951,600.7313437,249.0690451,25.767,61.23860798,79.2,0.0,26.86751038,62.76420687,-1.8828361463640535,6.398147819119797,5.517730147585296,3.2490946034521975,4.114777839962883,4.139384956689096,40.936295515307414
Burkina Faso,BFA,2013,0.173841701,616.7413312,258.2297064,26.346,64.0358513,78.7,0.0,24.09575158,64.67620249,-1.7496101582221932,6.424449699696579,5.5538495236923335,3.2713164608076353,4.159443103081851,4.169393320709453,41.27355394393146
Burkina Faso,BFA,2014,0.15136487,624.5768852,264.9499046,26.934,58.82356249,78.9,0.0,24.92953925,66.62814693,-1.8880619992490255,6.437074436799476,5.579540768870769,3.29338942902785,4.074542497255763,4.199127114841462,41.435927304897284
Burkina Faso,BFA,2015,0.207940498,630.1247508,279.2199821,27.53,59.08918131,78.8,0.0,24.36137578,68.63116594,-1.5705033075135688,6.445917816925629,5.631999937453344,3.315276319154516,4.079047850294603,4.228746745556652,41.549856502559265
Burkina Faso,BFA,2016,0.201573779,648.4204802,271.6155753,28.134,57.8931728,77.1,0.0,24.88151737,70.66833333,-1.601599815728169,6.474539375112239,5.604387740505685,3.336978809335504,4.058599463982375,4.2579975705842745,41.919660119878785
Burkina Faso,BFA,2017,0.224113239,669.2763103,285.3137994,28.743,59.2687802,74.6,0.0,25.15001589,72.71347588,-1.4956038236149711,6.506196994739414,5.6535896250834075,3.358394259336846,4.082082695193164,4.286526730222974,42.33059933435618
Burkina Faso,BFA,2018,0.243185731,694.4928131,299.9134373,29.358,60.59562562,73.7,0.0,25.58944338,74.70134503,-1.4139298024863869,6.543181813832719,5.703493890686519,3.3795650815350413,4.104222705981394,4.313498097733029,42.81322824887123
Burkina Faso,BFA,2019,0.263253155,717.0215951,302.3306934,29.98,60.40869288,72.7,0.0,27.42591338,76.61532164,-1.3346391432345512,6.575105958835044,5.711521429545618,3.4005304926744517,4.101133016439317,4.338797078154852,43.232018369908104
Burkina Faso,BFA,2020,0.256975635,713.8421779,263.882988,30.607,60.73977864,73.1,0.0,29.46947678,78.50398392,-1.3587740040287086,6.570661898551044,5.575505777619347,3.421228740967109,4.1065988152250545,4.363149374073845,43.173597785070406
Burkina Faso,BFA,2021,0.269703772,745.4725634,303.1718535,31.24,62.42035866,71.2,0.0,28.5306243,80.39197003,-1.310431063023984,6.614018330576508,5.714299817994729,3.441699324971485,4.133891482740896,4.3869142959483,43.74523847720206
Burkina Faso,BFA,2022,0.27295258,739.3630212,312.9290858,31.877,64.84387392,71.4,0.0,28.73548466,82.26987573,-1.2984571985184055,6.605789033350353,5.745976601931596,3.461884746608238,4.171982440918668,4.410005010665538,43.636448753131795
Cambodia,KHM,2000,0.160555774,598.5619153,273.1110601,18.586,110.3971253,81.6,20.38866594,21.64559865,70.60013596,-1.8291138952191162,6.394529970441014,5.609878526011875,2.9224086091351476,4.7040840945547,4.257032070276379,40.89001354286836
Cambodia,KHM,2001,0.172785304,632.833574,276.1642071,18.703,111.7717412,80.5,21.23533129,23.26462579,71.71133016,-1.7557054725251193,6.450207471303912,5.6209956420634954,2.928683938800863,4.716458766696148,4.272648756878774,41.60517642286481
Cambodia,KHM,2002,0.174831417,662.1883413,272.095279,18.82,118.2695621,81.0,21.26517483,25.37930584,72.82597439,-1.7439331007891234,6.495550018947889,5.6061522953998,2.9349201341572337,4.772966443711147,4.28807268263927,42.19217004865392
Cambodia,KHM,2003,0.185242964,719.3334942,275.5985707,18.937,120.0749691,79.9,22.3621472,26.34287454,73.93478359,-1.6860869966338539,6.578325080782939,5.618945352986723,2.941117680280768,4.788116290211692,4.303183401790667,43.27436086845786
Cambodia,KHM,2004,0.182646216,775.847139,279.2723369,19.055,131.3514811,80.7,22.38759943,27.68026858,75.03246658,-1.7002042431741744,6.65395551495422,5.632187423649205,2.9473295343258235,4.877876792048181,4.31792090760078,44.275123994989684
Cambodia,KHM,2005,0.200964313,866.3402901,286.3903911,19.174,133.5519653,79.2,24.28148617,27.41924702,76.13416044,-1.6046279339501242,6.764277776068111,5.657355883895164,2.953555194654805,4.894490655284458,4.332497052977676,45.75545383180895
Cambodia,KHM,2006,0.220492252,947.0652201,289.72636,19.293,140.3487343,78.0,25.53954327,29.07002258,77.2661908,-1.511892723034597,6.853367961036386,5.6689368913159175,2.959742335820836,4.944130284598364,4.3472564834610266,46.96865240936003
Cambodia,KHM,2007,0.267053997,1030.231176,298.2137717,19.413,133.7000238,74.8,27.77882192,28.14003508,78.41474054,-1.3203044050737656,6.937538498758629,5.6978105840274935,2.965942944743239,4.895598662118353,4.3620119267752,48.12944042175813
Cambodia,KHM,2008,0.291507889,1090.574758,296.3896161,19.571,130.3935107,74.1,27.41693424,26.04959669,79.61408906,-1.232688210092962,6.994460137166344,5.6916748594074384,2.974048878722832,4.870556883683703,4.377191075429203,48.92247261040903
Cambodia,KHM,2009,0.341364773,1117.258342,311.4624062,19.93,102.287949,68.0,31.92808874,25.56651629,80.87927714,-1.0748036578940743,7.018633054333012,5.741278644587983,2.9922261342247034,4.6277918654320365,4.392957637234097,49.261209951375946
Cambodia,KHM,2010,0.355699432,1155.852369,323.2559707,20.294,109.9984006,64.8,33.98315227,26.00889851,82.14777929,-1.0336691968802818,7.052593332599392,5.778444488324384,3.010325275856891,4.70046582568671,4.408519811738103,49.7390727150254
Cambodia,KHM,2011,0.364290671,1221.388399,325.063801,20.663,109.7905052,64.0,33.57098105,26.66069267,83.40462271,-1.0098031833108816,7.107743522627012,5.784021473832531,3.0283446612814675,4.698574051748031,4.4237037360060745,50.520017983446245
Cambodia,KHM,2012,0.376732551,1295.252715,334.0259645,21.037,116.7402334,64.4,33.60669863,27.61102977,84.66510877,-0.9762197570802663,7.166461101813141,5.811218727979209,3.0462827921518922,4.7599512390883625,4.438703577826808,51.35816472380082
Cambodia,KHM,2013,0.375176135,1376.295576,337.7788875,21.415,124.8875528,65.0,33.30248622,28.9581198,85.94044867,-0.9803596699497787,7.227150803564859,5.822391502420493,3.0640916110673344,4.82741375483955,4.453654599068618,52.23170873746819
Cambodia,KHM,2014,0.456504779,1464.531159,359.9495246,21.799,124.4549085,63.7,35.18822842,29.91699165,87.22395196,-0.7841561102176834,7.289290442244935,5.885963812175448,3.0818640971832783,4.823943469578592,4.468478971638085,53.13375515140336
Cambodia,KHM,2015,0.544957,1547.320104,379.745574,22.188,122.1095968,60.6,42.38372088,31.46390517,88.50697371,-0.607048386514158,7.34427974836669,5.9395014863717535,3.099551602192988,4.804918975898606,4.483081347892458,53.938445022269086
Cambodia,KHM,2016,0.668090053,1645.466716,412.7476524,22.582,122.7045556,58.0,0.0,33.05620946,89.80740426,-0.4033323046512871,7.405779340892281,6.022836395079641,3.1171531287583303,4.8097794789820005,4.497667424693074,54.84556764598691
Cambodia,KHM,2017,0.737163303,1753.935305,418.9536163,22.98,121.1554513,56.3,0.0,34.29808092,91.05694539,-0.3049458333185881,7.469617287987349,6.037760212839681,3.1346242724206097,4.797074442535829,4.511485084318731,55.79518242899948
Cambodia,KHM,2018,0.757988468,1884.283748,440.9496259,23.388,118.4376554,58.1,0.0,36.87142375,92.19647632,-0.27708710717581186,7.541303053137686,6.08893064193832,3.152223070313424,4.774386707360318,4.523921912044811,56.87125173926379
Cambodia,KHM,2019,0.962005191,2008.32094,489.367825,23.805,115.7366791,53.0,0.0,39.04559465,93.36791298,-0.0387354322810931,7.605054298717349,6.193114405079476,3.169895642646482,4.751317602974414,4.536547742098651,57.83685088643922
Cambodia,KHM,2020,0.992486072,1908.634275,516.1167177,24.232,122.1053963,51.4,0.0,37.45761228,94.75115568,-0.007542299768628763,7.554143226011155,6.246332936995881,3.1876740737249363,4.8048845758812515,4.551254041038547,57.06507987909023
Cambodia,KHM,2021,0.988405711,1938.764367,501.3309772,24.668,146.1798465,52.4,0.0,40.32050857,96.16080331,-0.011662026859283747,7.569806124908165,6.217266516096589,3.2055068571292464,4.9848376889764445,4.566021824641355,57.301964768697175
Cameroon,CMR,2000,0.383949687,1151.276893,425.8394733,45.542,47.92794425,84.6,16.20269775,28.48270099,31.54710287,-0.9572437584162307,7.048626947122956,6.054062452014216,3.818634977106473,3.869698721577809,3.451481758146494,49.68314183970788
Cameroon,CMR,2001,0.372291957,1169.926705,419.6682483,46.139,51.57226919,85.3,15.42417693,26.1843316,32.38664297,-0.9880769018823535,7.064696380530358,6.039464514153885,3.831658579342124,3.942984109227825,3.477746083785891,49.90993494907874
Cameroon,CMR,2002,0.357196273,1189.967079,429.5026481,46.738,48.48172273,85.2,15.29926185,27.4755882,33.26675552,-1.029469863964798,7.081680921017018,6.062627906946631,3.8445575382936146,3.881186875989447,3.5045585655876255,50.15020466709644
Cameroon,CMR,2003,0.354788327,1221.094461,435.1470806,47.338,40.24319259,85.3,16.0987189,28.42339128,34.18658374,-1.036233929313416,7.107502834754657,6.075684090262081,3.8573133556226193,3.694940861362028,3.5318332787992803,50.516596546045484
Cameroon,CMR,2004,0.339207393,1271.743269,437.0823655,47.94,41.83774243,85.5,16.11994031,27.67688547,35.13885257,-1.0811435799009619,7.148143890981968,6.080121656740613,3.869950229006238,3.7337988610829513,3.559307429123949,51.09596108618283
Cameroon,CMR,2005,0.320294585,1264.743452,428.5395941,48.541,44.99768135,86.3,14.78368682,27.96574126,36.12065325,-1.138514128535534,7.142624575850875,6.060383135402672,3.882408801651965,3.806610962887277,3.5868648139334156,51.01708583154889
Cameroon,CMR,2006,0.317582379,1277.329907,385.0351531,49.143,47.10443418,85.5,16.95520519,28.70456505,37.12721753,-1.1470180328863602,7.15252716800777,5.953334636872823,3.894734415290604,3.852367140540153,3.6143503267868233,51.15864488908926
Cameroon,CMR,2007,0.373065861,1295.730675,352.8005789,49.746,53.21569086,80.8,28.75680031,27.12517689,38.18386749,-0.9860003038795774,7.16683004281621,5.865902965004306,3.906930058362137,3.9743532938385027,3.6424131093958767,51.363452862613
Cameroon,CMR,2008,0.380428486,1295.022113,345.8728652,50.35,56.92441716,80.8,27.49680834,27.6000471,39.292708,-0.9664570667823116,7.166283049663526,5.846071265916015,3.9189986191645714,4.041724373162209,3.6710389545854363,51.35561274789476
Cameroon,CMR,2009,0.40343782,1290.899614,363.5488409,50.954,42.17610736,79.2,30.73799226,26.51125318,40.43488397,-0.9077329047579114,7.163094629496428,5.895913650808766,3.9309232649286265,3.7418538844003226,3.6996928769999564,51.30992467112058
Cameroon,CMR,2010,0.397812373,1290.901375,356.1412559,51.559,47.2385854,78.7,30.99574544,25.84451173,41.60704449,-0.9217748094763383,7.163095993660442,5.875327438389144,3.9427267830031516,3.8552110459189053,3.728269491632961,51.30994421439428
Cameroon,CMR,2011,0.366992311,1297.306496,363.1696927,52.164,51.5219876,78.6,27.1756032,25.77675973,42.80066849,-1.0024143821007194,7.168045467887332,5.894870198036142,3.9543926017946553,3.942008660244487,3.7565537213910107,51.380875829700116
Cameroon,CMR,2012,0.360733777,1319.669616,368.6746183,52.769,50.03601273,78.6,31.83446895,26.62487218,44.02176599,-1.019615052540317,7.1851366933433285,5.909914461807249,3.9659238970769435,3.9127430007692827,3.7846841931945683,51.6261893020287
Cameroon,CMR,2013,0.381924885,1347.213064,375.3716159,53.373,49.67453635,77.7,32.4081828,26.74194593,45.27591124,-0.962531325836634,7.205793340590689,5.927916511011442,3.977305000120748,3.905492454725474,3.8127751303477204,51.92345766730112
Cameroon,CMR,2014,0.401837851,1381.819385,395.0926566,53.976,50.83238931,76.9,33.42592588,25.70780278,46.6668634,-0.9117066274543093,7.231156304759303,5.979120311063906,3.988539503325124,3.9285337362560946,3.843034349646594,52.28962150386021
Cameroon,CMR,2015,0.40323477,1415.000097,402.9836077,54.578,45.54014683,78.1,4.34350508,25.09148801,48.15513528,-0.9082363308239646,7.254884878628572,5.9988958854370225,3.999630871149662,3.8185942848289027,3.8744277842706407,52.63335460215351
Cameroon,CMR,2016,0.413406389,1435.618307,400.0829701,55.179,40.63863153,78.8,0.0,24.18214457,49.61638425,-0.8833241770885324,7.26935091135152,5.991671950848339,4.0105824461167705,3.704719129720995,3.9043211068056927,52.843462672367174
Cameroon,CMR,2017,0.408142188,1444.906829,392.7762927,55.777,39.19902161,79.2,0.0,24.26219529,51.04313638,-0.8961396652899953,7.275800120267032,5.973240220025495,4.021361598035181,3.6686517875563665,3.932671086600005,52.93726739007776
Cameroon,CMR,2018,0.423802213,1461.0197,392.392157,56.374,40.58760288,78.7,0.0,24.68223121,52.47695839,-0.8584884113588348,7.286889895574919,5.97226174023356,4.032008059306314,3.7034626721963093,3.9603741854486105,53.098764350231846
Cameroon,CMR,2019,0.401370731,1470.317853,387.4194117,56.968,43.37851325,78.9,0.0,23.82687805,53.95717247,-0.9128697625679809,7.293233882929807,5.959507857358231,4.042489706679824,3.7699642321050892,3.9881906294847638,53.19126047111539
Cameroon,CMR,2020,0.396042694,1434.519137,386.8838423,57.56,33.73883136,78.9,0.0,23.03806544,55.44743712,-0.9262332604077614,7.268584975869207,5.958124498880419,4.052827882019167,3.5186494398848835,4.015435493070866,52.83232755143157
Cameroon,CMR,2021,0.380123049,1443.576002,385.0816854,58.148,36.73083472,79.2,0.0,24.49255424,56.93926086,-0.9672602655199765,7.274878648911977,5.95345548165307,4.062991484564079,3.6036165854105384,4.041985100732971,52.92385935639535
Canada,CAN,2000,17.69698163,37906.86013,8224.747864,79.478,82.76535785,20.3,76.47575936,29.50003752,3.42261134,2.8733940956594646,10.542887380759497,9.014902920330877,4.375480253803848,4.416009590390331,1.2304038094263385,111.15247432337785
Canada,CAN,2001,17.22420933,38200.45612,8017.166666,79.81,78.34421839,19.8,76.52726586,28.44753546,3.459990363,2.846315913378828,10.550602734837518,8.989340354900081,4.379648809887917,4.36111217399247,1.2412658038056386,111.31521806836092
Canada,CAN,2002,17.66725292,38921.6673,7943.445887,79.888,75.70703208,20.1,75.64270699,27.57314103,3.497728426,2.8717128084843737,10.569306374539616,8.980102450900455,4.380625653758254,4.3268710501845,1.2521137366471158,111.71023723888376
Canada,CAN,2003,18.13019221,39270.02346,8303.431879,79.967,69.84009462,19.7,76.90034029,27.90741045,3.529322777,2.8975786264755916,10.578216744974474,9.02442418772323,4.381614049572353,4.246208266341426,1.2611060046646936,111.89866950365837
Canada,CAN,2004,17.52505346,40108.75875,8371.022319,80.045,70.19241999,20.4,75.96081832,28.39111972,3.562376486,2.8636314834152876,10.599350012137164,9.032531296885148,4.382588976530058,4.251240327851364,1.2704278743972386,112.34622067979208
Canada,CAN,2005,18.02253295,41006.22295,8369.959296,80.122,69.75913302,21.6,76.21881159,29.21299152,3.596275538,2.891622805565143,10.62147911343743,9.03240430038926,4.383550473042224,4.245048351484504,1.2798987371444686,112.81581855718755
Canada,CAN,2006,17.60884534,41663.51231,8427.441742,80.213,68.05216448,21.5,72.90413559,28.84755448,3.632911275,2.8684013519313813,10.637381020190594,9.03924853423947,4.384685596499624,4.220274535792225,1.290034330975526,113.15387496871108
Canada,CAN,2007,18.06142659,42106.87244,8356.306363,80.396,66.28341975,21.6,73.45770128,28.68590191,3.668345976,2.893778536563512,10.647966247203241,9.030771785838725,4.386964423703505,4.193939786731282,1.2997408727378157,113.37918520157947
Canada,CAN,2008,17.28147954,42067.56871,8098.352894,80.578,67.02360836,21.6,75.97045572,29.3420195,3.708322375,2.8496353812383735,10.647032383376658,8.99941597356309,4.389225659400575,4.2050449209075875,1.3105795843236483,113.35929857267124
Canada,CAN,2009,16.11070736,40376.41538,7696.334073,80.758,58.47439182,22.2,76.04636979,25.07601821,3.751015717,2.7794841043565444,10.60600111576191,8.94849940005726,4.391457028402968,4.068588911732102,1.3220266611736164,112.48725966754287
Canada,CAN,2010,15.6891334635,41164.33991,7660.754521,80.937,60.2081215,21.4,76.64078275,26.35113316,3.792935211,2.7529683366347006,10.625327624379862,8.94386575931972,4.393671074268598,4.097807251853297,1.3331401813586619,112.8975871254098
Canada,CAN,2011,15.62466761115,42043.64198,7716.248228,81.096,62.49873877,21.5,76.5825123,27.1393406,3.830112798,2.7488509225097943,10.646463452542132,8.95108354406285,4.395633638080098,4.135146376858743,1.342894253933812,113.34718404631535
Canada,CAN,2012,14.925277593133332,42320.64313,7637.784872,81.137,62.59554894,21.8,75.37327377,26.6346688,3.871847252,2.703056258310616,10.653030263250358,8.94086290190046,4.396139083961922,4.136694172383213,1.3537317192560179,113.48705378972798
Canada,CAN,2013,14.6758832713,42851.17053,7668.794663,81.178,62.2310749,22.2,73.89261975,26.61323518,3.912848123,2.6862055527478588,10.665488240572312,8.944914732468343,4.3966442744972625,4.130854471451394,1.3642655290326426,113.75263940978627
Canada,CAN,2014,14.3616011029,43643.23564,7780.147593,81.218,64.37866216,22.2,74.30729404,27.13794246,3.952229134,2.664558054821138,10.683803581103158,8.959330587815115,4.3971368974782346,4.1647822452881735,1.3742797574559018,114.14365895959266
Canada,CAN,2015,13.87415034983333,43594.1941,7690.408166,81.259,66.16490207,22.3,73.51674297,24.41568255,3.982392458,2.6300274217094466,10.68267925762613,8.94772913859438,4.397641584306158,4.192150142136258,1.3818827587965326,114.11963612131558
Canada,CAN,2016,13.3957620384,43551.3426,7944.507893,81.3,65.36368452,22.1,0.0,23.29530055,4.027710725,2.5949383911432484,10.68169581073771,8.980236137845456,4.398146016553765,4.179966821667884,1.393198156239685,114.09862539313153
Canada,CAN,2017,13.333798086583334,44339.38867,8175.190376,81.35,65.10106085,22.8,0.0,24.02780289,4.076148363,2.590302021332103,10.699628695750043,9.008859283078401,4.3987608336650466,4.1759408447806745,1.4051525138638936,114.48205422691777
Canada,CAN,2018,13.297470948,44907.34369,8161.779675,81.411,66.59988585,22.3,0.0,24.62230596,4.134989443,2.5875738628603755,10.712356616926584,9.007217521604836,4.3995103990137,4.198702863580911,1.4194847753889615,114.75458428821078
Canada,CAN,2019,12.6717173535,45100.29151,8125.581213,81.482,66.17148528,22.4,0.0,24.07740788,4.195875007,2.539372530017443,10.716643989106243,9.002772538547203,4.400382136958194,4.192249634197924,1.434101901482163,114.84645838924698
Canada,CAN,2020,11.021104058666666,42366.12854,7495.079323,81.562,61.15677096,23.9,0.0,22.45161732,4.241621355,2.3998119855182622,10.654104466776527,8.92200199393633,4.4013634672300235,4.113440583067987,1.4449455911966835,113.50994198898755
Canada,CAN,2021,10.990713296666666,44639.19327,7524.863612,81.653,62.24683672,23.8,0.0,25.33174752,4.351026204,2.397050670464639,10.70636752498329,8.92596796480166,4.402478560933781,4.131107718310681,1.4704117262439655,114.62630558001683
Chad,TCD,2000,0.028453636,528.4921791,241.6520527,21.637,51.57117201,88.7,0.0,10.91267423,6.759921379,-3.559479323412481,6.270028006903729,5.487498892771878,3.0744048122052927,3.9429628343898466,1.911011259661796,39.31325120735715
Chad,TCD,2001,0.027464402,570.5308626,242.4642362,21.67,64.32190804,88.6,0.0,13.08313478,6.991839263,-3.5948645855904395,6.346567265297286,5.490854219913725,3.075928815548268,4.163900289231714,1.9447436493876171,40.27891605294307
Chad,TCD,2002,0.028762009,597.7868837,240.3761969,21.702,126.3508078,88.5,0.0,14.2598696,7.239669632,-3.548699894605127,6.393234308658981,5.482205183199719,3.077404422198016,4.8390622271655666,1.9795755744172756,40.873444925414276
Chad,TCD,2003,0.041684966,658.928455,237.5385397,21.735,83.37891496,83.9,0.0,30.06554834,7.534810197,-3.177614742761011,6.490614962599687,5.470329882731003,3.0789238644407555,4.423395459175366,2.019533642245604,42.12808259272293
Chad,TCD,2004,0.045897011,842.1587649,224.3241188,21.768,101.7685909,84.0,0.0,39.09820181,7.878046379,-3.0813552838617335,6.735968553356072,5.413091964947274,3.080441001480945,4.622701519180894,2.064079951685485,45.373272351801894
Chad,TCD,2005,0.046591374,949.0860116,228.5157649,21.801,77.57749365,83.8,0.0,39.96449617,8.202106099,-3.0663398622811444,6.855499428433374,5.431605200952164,3.0819558403026086,4.351277354838751,2.10439096263358,46.99787241325032
Chad,TCD,2006,0.046700934,910.7734516,224.0101071,21.834,77.0815766,83.7,0.0,39.45911903,8.502560356,-3.063991114507283,6.8142941853238295,5.411691171819262,3.083468387858078,4.344864297410673,2.140367336492072,46.434605244138154
Chad,TCD,2007,0.051201715,918.2655401,218.8388677,21.868,75.10599627,82.4,0.0,41.02450514,8.800555909,-2.9719822514039067,6.822486608161257,5.38833569508244,3.0850243810327527,4.318900399390998,2.1748148909662,46.546323518539694
Chad,TCD,2008,0.042348158,914.2506029,217.0806787,21.901,69.06777461,79.8,0.0,42.22151311,9.113958069,-3.161830353517126,6.818104716476908,5.38026907568746,3.0865322978804297,4.235088263239131,2.209807092106947,46.486551924844655
Chad,TCD,2009,0.041912755,870.3537958,224.0707614,21.934,64.85975119,79.4,0.0,34.90257371,9.445484435,-3.1721650831045105,6.768899790823195,5.411961901076565,3.088037944338017,4.172227264763272,2.245536789738763,45.81800437820629
Chad,TCD,2010,0.042265732,956.7241538,219.1083739,21.985,63.73116913,79.2,0.0,37.92861339,9.778093234,-3.1637786394562983,6.8635151093603,5.389566465405532,3.0903604026327733,4.154673754207361,2.2801444991897433,47.10783965641713
Chad,TCD,2011,0.053963164,965.5932426,208.5515598,22.054,57.54375619,80.7,0.0,41.07477921,10.12944489,-2.91945361333492,6.8727426716229605,5.340186299876553,3.0934939913364867,4.05254563562434,2.3154465181411266,47.23459183034711
Chad,TCD,2012,0.092248897,1016.658968,229.3795994,22.142,54.38518874,76.1,0.0,43.40288767,10.49158037,-2.383264952772548,6.92427700844566,5.435378270487908,3.097476257437275,3.996091850982009,2.350573065970332,47.945612089689185
Chad,TCD,2013,0.096756435,1008.549966,227.2799847,22.248,51.53081645,72.6,0.0,38.47455221,10.8728391,-2.335558437656139,6.9162689010355765,5.426182670228084,3.102252116931664,3.942180006383061,2.3862678537823263,47.83477551143186
Chad,TCD,2014,0.098945088,993.2564893,221.1171665,22.372,40.81162699,72.5,0.0,37.10943473,11.26800985,-2.313190249398675,6.900988928073819,5.398692726188228,3.1078101769593416,3.7089670160574815,2.4219677241706488,47.62364818539743
Chad,TCD,2015,0.109362469,993.9907306,217.0198098,22.515,48.51149821,72.7,0.0,33.91829047,11.63248173,-2.2130875100107614,6.90172788126098,5.3799886387747575,3.114181753753535,3.8818008463400915,2.45380133413582,47.63384774697518
Chad,TCD,2016,0.1098338,923.4943483,212.8439684,22.677,43.95801493,72.7,0.0,25.34501865,12.00337913,-2.208786964854799,6.8281646797505084,5.360559354545896,3.1213511949781494,3.7832349722374103,2.485188204314471,46.62383289379236
Chad,TCD,2017,0.138426254,878.9137855,204.2673784,22.858,43.29006139,72.8,0.0,26.45858821,12.40689247,-1.977417557256888,6.778686810394685,5.319429814086405,3.129301165475406,3.767923079563302,2.518252162541578,45.95059487341887
Chad,TCD,2018,0.139986734,898.6690404,200.5021453,23.059,46.73843179,73.1,0.0,29.00649429,12.83079018,-1.9662076180054315,6.800914824755258,5.300824946440005,3.1380561487661867,3.8445667767720577,2.5518477651955895,46.252442453575846
Chad,TCD,2019,0.141736194,917.0853399,190.3655801,23.279,46.67772472,72.8,0.0,28.7590371,13.25065359,-1.953787737943051,6.821200532157446,5.248946329229458,3.14755166661417,3.8432670641567284,2.5840468787628375,46.52877669990503
Chad,TCD,2020,0.124280981,884.7308747,193.0326805,23.52,40.64281706,71.9,0.0,23.9030027,13.67906528,-2.0852103010220775,6.785283502377068,5.26285950358589,3.1578511230304263,3.7048221182891448,2.6158665823745952,46.04007220763041
Chad,TCD,2021,0.122849813,857.2902943,195.8927028,23.781,43.9465041,69.9,0.0,28.60985461,14.15841248,-2.0967927021976296,6.753776594379519,5.277567074639559,3.1688869425231285,3.7829730783053845,2.650308968986092,45.61349828678862
Chad,TCD,2022,0.135841619,934.9677328,198.5447745,24.063,47.98837843,70.0,0.0,33.06360523,14.65638183,-1.9962656380566728,6.840512018318859,5.291014638923197,3.180675391052897,3.870958865551404,2.684875860403541,46.792604672764746
Chile,CHL,2000,3.473482187,8465.353033,1623.480127,86.073,58.71192309,31.4,74.50531481,27.83290073,20.85133525,1.2451576028808475,9.043736998718279,7.392327350630285,4.455195773404245,4.072642825288232,3.037417986961674,81.7891789019859
Chile,CHL,2001,3.293662162,8632.014824,1574.844759,86.363,62.14476697,32.1,73.10035778,28.48257298,21.09371083,1.1920000648684443,9.063233224267357,7.361911980687529,4.458559343348016,4.129466614411701,3.048974931122931,82.14219647746367
Chile,CHL,2002,3.291237662,8810.690527,1612.431302,86.606,62.4838519,33.1,73.19423802,28.51803459,21.32783122,1.1912636830936685,9.083721095767874,7.385498444351524,4.461369097233025,4.134908153759181,3.0600128498641554,82.51398894569832
Chile,CHL,2003,3.377237913,9130.784262,1612.229536,86.665,65.69341959,31.6,74.55699516,29.7153366,21.55220219,1.2170581899138808,9.119406869352222,7.38537330498934,4.462050111393274,4.1849987620268845,3.070478001119919,83.1635816487885
Chile,CHL,2004,3.613556337,9642.374787,1699.732407,86.725,69.88936005,31.4,75.17630643,32.75250218,21.77084779,1.2846924223209009,9.173922704465273,7.438226110007364,4.4627421928558135,4.246913420915424,3.0805718175290777,84.16085778750343
Chile,CHL,2005,3.617157197,10104.42084,1735.088744,86.783,72.06253424,32.3,74.23769624,34.03530241,21.98799514,1.2856884126282857,9.220728313994309,7.458813840352419,4.46341074995013,4.27753427317227,3.090496628968737,85.02183064049633
Chile,CHL,2006,3.6557264,10611.6144,1788.474426,86.842,73.71163504,32.9,74.00218769,38.68472919,22.2037451,1.2962948149053444,9.26970437837431,7.489118259463487,4.464090375606239,4.300160657020028,3.100260972848491,85.92741926245186
Chile,CHL,2007,4.063495838,11051.34507,1836.956205,86.9,76.97702471,30.5,76.01976567,37.46659702,22.42214323,1.4020436469704107,9.310307425329771,7.5158652444301195,4.464758032271346,4.343506996939788,3.110049007633575,86.68182435415068
Chile,CHL,2008,4.235224825,11356.09221,1801.282882,86.959,80.67662624,30.8,75.17727734,31.98399142,22.64729427,1.4434364140621117,9.337509637496492,7.496254402247734,4.465436743206816,4.390448895652428,3.120040386515189,87.18908623033987
Chile,CHL,2009,4.010533735,11116.40934,1735.838952,87.017,66.68603096,31.5,73.4651837,31.88920115,22.87693199,1.3889243334588321,9.316177614581658,7.459246121331678,4.466103501864891,4.19999550010331,3.130129066174395,86.7911653464324
Chile,CHL,2010,4.208919566,11649.28971,1795.68173,87.074,69.71768014,27.0,77.5945605,33.46690302,23.10790121,1.4372059796034593,9.363000488036443,7.493140022690809,4.4667583318335495,4.244453946145275,3.140174602767073,87.66577813897067
Chile,CHL,2011,4.556733428,12252.84411,1937.323396,87.132,72.48164281,28.8,76.66429484,32.44175423,23.33701307,1.516606013313747,9.413513361269967,7.569062606621435,4.46742421018611,4.2833333271787435,3.1500406439474387,88.61423380280819
Chile,CHL,2012,4.642950368,12882.83442,2123.49179,87.189,68.15614289,30.3,70.04969463,30.55830033,23.56202423,1.5353500193403313,9.463651039112484,7.660817083487316,4.468078176168768,4.221801291864675,3.159636273174133,89.56069099009481
Chile,CHL,2013,4.828516483,13182.73296,2177.504919,87.246,65.14328795,30.2,68.97232566,29.43043731,23.78782083,1.5745392741085604,9.486663143162,7.685934967736736,4.468731714759404,4.176589273704749,3.1691737198671004,89.9967775918283
Chile,CHL,2014,4.405202697,13285.95404,1946.211817,87.303,65.63462812,27.0,76.06383941,28.90286707,24.08603242,1.4827862735394641,9.494462668938757,7.573640104201743,4.469384826516287,4.184103424359835,3.1816321048475125,90.14482137187167
Chile,CHL,2015,4.673673129,13433.9203,1968.302862,87.36,59.34911048,25.1,75.72996832,27.88064041,24.3333484,1.5419452997815757,9.505538153101156,7.584926959064524,4.470037511996595,4.083437133243276,3.1918477716581717,90.35525558006174
Chile,CHL,2016,4.862912646,13505.09771,2070.469582,87.422,56.05786109,24.6,0.0,26.77956505,24.60938546,1.5816375682745012,9.510822501298655,7.6355307117403,4.47074696723341,4.026384391066557,3.2031278929412412,90.4557446512088
Chile,CHL,2017,4.834195706,13473.34585,2065.975717,87.49,56.02615897,24.1,0.0,27.38115607,25.00228887,1.5757147667741538,9.508468631284618,7.633357895980306,4.471524501118173,4.025818706130766,3.218967375477316,90.41097571212357
Chile,CHL,2018,4.752230579,13763.00688,2067.976474,87.564,58.17705063,25.5,0.0,27.86152277,25.45268489,1.5586141033999996,9.52973961087042,7.634325859354712,4.472369954571484,4.063490957901019,3.236821234092268,90.8159370509927
Chile,CHL,2019,4.959707766,13630.59354,2154.354519,87.643,57.61175457,25.3,0.0,27.11844224,25.84400417,1.6013468208559327,9.520072070330862,7.675246430524461,4.4732717450861745,4.05372661927774,3.252078627048638,90.63177222429374
Chile,CHL,2020,4.516023851,12679.024,1946.167606,87.727,58.18286356,26.7,0.0,29.8295676,26.07673523,1.5076319277172243,9.447704253419918,7.57361738750576,4.474229719727493,4.063590870831434,3.2610435463236462,89.25911566008881
Chile,CHL,2021,4.578164622,14051.47136,2032.981204,87.817,64.87740632,24.2,0.0,30.8600533,26.19211804,1.5212981802547567,9.55048239241048,7.617258568135534,4.475255103766658,4.17249943243594,3.265458527338233,91.21171392774261
China,CHN,2000,2.904182094,2237.442985,898.0750045,35.877,39.01094248,29.6,79.92246261,45.07383152,134.492481,1.0661517995421563,7.713088968260104,6.800253588756363,3.58009642165478,3.663842183185703,4.901508294133518,59.49174143229572
China,CHN,2001,3.023026064,2405.893967,921.5064365,37.093,38.08264695,28.4,80.83314585,44.2765436,135.4730488,1.1062583376589288,7.785676825322438,6.8260097618928635,3.6134282725659386,3.6397587177490363,4.908772718691142,60.61676362836288
China,CHN,2002,3.241626054,2610.729603,976.1593368,38.425,42.19444234,27.0,81.92179285,43.87580281,136.3837796,1.1760750724288713,7.867385002631638,6.883625828006491,3.6487082894246594,3.742288514264744,4.915472820449506,61.895746779633214
China,CHN,2003,3.718460416,2857.037354,1105.137424,39.776,51.07748013,23.9,84.2309775,44.98276213,137.2359193,1.3133097159519425,7.957540476699029,7.007724971829951,3.6832637153283008,3.933343698115064,4.921701483505631,63.32245043830341
China,CHN,2004,4.259581351,3127.862765,1249.044153,41.144,58.64033404,20.2,86.09237233,45.23283266,138.0534367,1.4491708810388868,8.048105227620908,7.130133860181301,3.717078108472615,4.071422754015105,4.927640832669702,64.771997754859
China,CHN,2005,4.80528434,3465.817344,1369.791971,42.522,61.36007494,17.4,87.37099476,46.3816217,138.8677661,1.5697162165299146,8.150703769521629,7.222414161307,3.750021589056174,4.1167593783750736,4.933522157314171,66.43397193849408
China,CHN,2006,5.302700798,3883.354129,1490.186479,43.868,63.56957986,16.4,88.28426538,46.88650286,139.6453429,1.6682162752922745,8.264454525418694,7.3066565447997105,3.7811851248979624,4.152135051834138,4.939105943464189,68.30120860271353
China,CHN,2007,5.73304044,4409.757008,1595.466068,45.199,61.266464,14.9,89.30917398,46.18523623,140.3765881,1.7462460077998494,8.391574866696061,7.374921178177824,3.811074962699643,4.115232613304589,4.944328726262644,70.41852874336502
China,CHN,2008,5.875814004,4811.474718,1629.977542,46.539,56.711133,14.1,89.52115712,46.23641913,141.0977052,1.770844604304862,8.47875891028821,7.396321515791781,3.8402906707503037,4.037970540666073,4.949452595083708,71.88935265879172
China,CHN,2009,6.272106951,5237.766665,1728.616452,47.88,44.41976443,13.4,90.16127127,45.17885872,141.8012441,1.8361123350392001,8.563650477492764,7.455076628801883,3.8686978806897723,3.7936845152104364,4.954426387684363,73.33610950066205
China,CHN,2010,6.828166449,5764.86535,1899.799961,49.226,49.85407223,12.3,90.80662758,45.70662071,142.4877434,1.9210561820515901,8.659537075968988,7.549503875927605,3.8964219391994948,3.9091001827404352,4.959255984781457,74.98758237008153
China,CHN,2011,7.423206459,6275.909564,2027.465254,50.511,49.94582723,11.3,91.42473188,45.80020541,143.2685098,2.0046111011663794,8.744473703933933,7.614541648481439,3.9221911343437723,3.910938962666052,4.96472056051106,76.46582035879203
China,CHN,2012,7.604475738,6723.194438,2085.218721,51.765,47.48021308,11.5,91.14921918,44.68206982,144.243669,2.028736986845875,8.813318683365713,7.642629030889329,3.9467142452180766,3.8603130575157274,4.9715040153436,77.67458621456315
China,CHN,2013,7.9165359,7198.068765,2137.325727,53.013,45.91604138,11.5,91.00012191,43.39387078,145.2076439,2.068953723781382,8.881568041941495,7.667310666258994,3.970537166494028,3.8268145414137513,4.978164744944446,78.88225088363649
China,CHN,2014,7.957752832,7686.57793,2177.550114,54.259,44.06845648,11.9,89.55484002,42.28271578,146.1258167,2.074146652462329,8.947230960855869,7.68595572292796,3.9937688772784266,3.785744253960976,4.9844680088270845,80.05294186689784
China,CHN,2015,7.810149363,8175.332851,2175.154449,55.5,38.69718484,12.2,71.06955889,40.04759022,146.9779493,2.0554240882525887,9.008876710655246,7.684854952036103,4.0163830207523885,3.65576685423737,4.990282570764992,81.15985958778649
China,CHN,2016,7.785797203,8679.377045,2149.20475,56.736,36.17717069,12.6,0.0,38.81115609,147.8226414,2.052301202483781,9.06870503606966,7.672853168976921,4.038408929891797,3.5884282759695503,4.9960131862269925,82.24141103123523
China,CHN,2017,7.905034038,9221.514038,2215.91139,57.96,36.95085262,13.1,0.0,39.12994435,148.7200435,2.067499776534518,9.12929451543369,7.703419060605601,4.059753117452481,3.6095887220941583,5.002065635909111,83.34401834952766
China,CHN,2018,8.249747926,9798.652852,2310.877571,59.152,36.89438439,13.5,0.0,38.97770017,149.4171945,2.1101826454555512,9.190000191127977,7.745382632237577,4.0801104021942765,3.608059354912392,5.006742356437775,84.45610351293226
China,CHN,2019,8.418138867,10356.48042,2397.968689,60.308,35.19942027,14.3,0.0,37.76423332,149.9481797,2.1303887666485224,9.245367730293685,7.782377278371272,4.099464764916672,3.5610296128661534,5.0102897657415415,85.4768244683558
China,CHN,2020,8.519901495,10573.64201,2465.969546,61.428,34.03895079,14.9,0.0,36.91156241,150.3055428,2.14240477915467,9.266119580538525,7.8103403340941,4.117865757263447,3.5275054803746753,5.012670174322456,85.86097208083946
China,CHN,2021,8.936542171,11469.57071,2623.799594,62.512,36.52069118,15.2,0.0,38.0924722,150.4397537,2.190148732598724,9.347452782221607,7.8723787729095145,4.1353585383127145,3.59787898161558,5.013562696403242,87.37487351586246
Colombia,COL,2000,1.600775279,4016.809517,667.5830459,73.957,32.66708547,27.9,75.1919433,27.30577228,35.23202704,0.4704880612645955,8.298243214016633,6.503663795869041,4.303483843230047,3.486368010430484,3.56195552802408,68.8608404389731
Colombia,COL,2001,1.56644815,4020.507898,656.36385,74.379,33.90111179,27.1,75.62786859,27.22281504,35.79023164,0.44881073159643725,8.29916351641856,6.486715284573213,4.309173643932225,3.523447810013814,3.577674996955928,68.87611507225287
Colombia,COL,2002,1.482060118,4058.284936,633.5025289,74.797,32.98263921,28.6,73.94515651,27.52901277,36.34491212,0.39343309150323114,8.308515733790628,6.451263991702713,4.314777777224254,3.4959813384899983,3.5930542249944817,69.03143369864642
Colombia,COL,2003,1.447579915,4154.175285,637.7300061,75.211,36.51618352,30.6,72.91481758,28.90378013,36.89718702,0.36989313792205525,8.331869200223704,6.457915005844472,4.3202974968541605,3.597755546432346,3.6081353156203098,69.42004436963637
Colombia,COL,2004,1.427081722,4311.915913,631.8900533,75.62,35.86342693,29.0,74.20641251,29.72589209,37.44314646,0.35563160525016224,8.369137611702959,6.448715412715497,4.325720798462787,3.5797180277493412,3.6228236881423257,70.04246436362111
Colombia,COL,2005,1.44914746,4457.275375,652.5629043,76.024,37.42269749,28.9,74.7958494,30.34814977,37.97113745,0.37097542489634217,8.402292955870799,6.480907539607651,4.331049079909014,3.622277405099762,3.6368263303396633,70.59852691627604
Colombia,COL,2006,1.362490585,4694.034429,678.5428995,76.423,39.64135596,30.6,73.97538426,30.91346003,38.47776836,0.30931433743964415,8.454047711066643,6.519947704247444,4.336283697987302,3.6798729157385015,3.6500806293132473,71.47092270099114
Colombia,COL,2007,1.395972659,4947.252608,666.0281887,76.816,37.0988971,31.0,73.10098001,30.57903507,38.96834069,0.33359141890483424,8.50658767279043,6.501331995020071,4.341412951788585,3.6135872414087076,3.6627495392806404,72.36203383487009
Colombia,COL,2008,1.377939728,5048.571872,691.9230983,77.204,39.16764942,30.8,73.34310067,32.13109113,39.44011537,0.32058943288308556,8.526860684650854,6.539474819818038,4.346451269159961,3.6678511361757837,3.674783454932996,72.70735313544444
Colombia,COL,2009,1.440232225,5046.971218,714.9411791,77.587,35.15612851,31.4,74.99120488,31.24703434,39.90224516,0.3648043679468373,8.526543583530263,6.572200272316886,4.351399887381968,3.5597989561172674,3.6864325919869243,72.7019454818411
Colombia,COL,2010,1.468908846,5214.245476,700.6967622,77.964,34.26460317,30.6,76.52982705,31.3713561,40.35810635,0.38451984353057683,8.559149673553987,6.552075214558048,4.356247181686395,3.534112843765413,3.697792275405491,73.25904313429933
Colombia,COL,2011,1.564175956,5517.101109,710.2612454,78.335,39.47042355,29.6,73.61159313,33.30215517,40.79280216,0.44735913963135443,8.615607839912546,6.5656328536255,4.36099450184545,3.675551620552067,3.7085056481996337,74.22869845116251
Colombia,COL,2012,1.554613163,5675.75618,681.23557,78.701,38.83515102,29.6,76.52464917,33.40550062,41.20397476,0.44122674490794456,8.643959081050026,6.523908164101743,4.365655861822936,3.6593257906241883,3.718534726459372,74.7180285948672
Colombia,COL,2013,1.753541114,5910.805923,881.6283521,79.061,37.9866488,32.0,63.49114482,32.74755529,41.59674087,0.5616372371438677,8.684537467092996,6.7817705977045835,4.370219706409847,3.6372347506210168,3.728021819726975,75.42119101734203
Colombia,COL,2014,1.764637452,6121.83982,885.2435254,79.415,37.48746564,32.1,63.26566063,30.98585272,41.96974223,0.5679452596540843,8.719617954510984,6.785862777099127,4.374687267287118,3.6240066275025167,3.736948935558709,76.03173727263031
Colombia,COL,2015,1.778216025,6248.514905,887.2620259,79.764,38.36076412,31.1,27.67368563,28.58944789,42.33433078,0.575610628586463,8.740099099295483,6.788140345562673,4.379072274847445,3.6470351695248717,3.745598359245192,76.38933226550571
Colombia,COL,2016,1.809812454,6316.070678,910.9775298,80.108,36.20265298,30.5,0.0,27.68916231,42.75575665,0.5932232233345807,8.750852565623244,6.81451823153315,4.3833757242431775,3.589132402886715,3.7555038447966624,76.57742062527491
Colombia,COL,2017,1.624276938,6309.677453,859.1401654,80.446,35.28291494,32.2,0.0,26.81485891,43.38087247,0.4850627555263073,8.749839837430018,6.755932081432051,4.3875861518791135,3.56339885074137,3.7700186174601953,76.55969718067738
Colombia,COL,2018,1.672658743,6353.546429,816.3274252,80.778,36.5347528,30.4,0.0,26.89546675,44.18608833,0.5144144221186271,8.756768428743607,6.704815530854846,4.391704651225153,3.5982639391056064,3.788409995876311,76.68099331464077
Colombia,COL,2019,1.657179708,6439.963598,889.7830682,81.104,37.55853398,31.5,0.0,25.99342684,44.982411,0.505117186395961,8.770278166597953,6.790977689420382,4.395732281729994,3.6259006221619163,3.8062715466953665,76.91777911950474
Colombia,COL,2020,1.597173707,5891.955232,810.0522986,81.425,34.05557097,32.0,0.0,23.4392386,45.63316539,0.4682356341380467,8.681343179454538,6.697098811755018,4.399682351162297,3.5279936306663715,3.8206347633419466,75.36571939946184
Colombia,COL,2021,1.718125396,6457.169218,872.6589916,81.74,40.05914639,29.7,0.0,24.55531202,46.13625327,0.5412338104211588,8.772946299190304,6.771544862805077,4.403543478136132,3.690357021723079,3.8315990459373706,76.96458676847685
"Congo, Dem. Rep.",COD,2000,0.037148981,327.2401425,275.3879918,35.122,27.01440292,97.9,2.036207404,22.4057063,22.27892724,-3.292818937535072,5.7906942821056155,5.618180982584304,3.558827714753663,3.296370165256482,3.1036412648873153,33.53214026881067
"Congo, Dem. Rep.",COD,2001,0.034987674,310.3802674,275.7620661,35.587,25.04193751,98.3,1.639452003,30.01626655,22.99580777,-3.3527594509482155,5.7377982147676905,5.619538414565224,3.571980402628392,3.2205519198359274,3.1353119284462307,32.92232835339129
"Congo, Dem. Rep.",COD,2002,0.035601513,309.9117854,276.7772591,36.055,29.31684564,98.3,1.714151542,32.61833688,23.70945678,-3.3353671420272515,5.736287693757588,5.623213063937854,3.5850455503687226,3.378162287329114,3.1658739888068395,32.90499650555475
"Congo, Dem. Rep.",COD,2003,0.041887207,317.7781214,278.852305,36.526,54.03135618,98.0,2.01464224,28.85793841,24.41228336,-3.1727748208700604,5.761353407805766,5.63068226889428,3.5980243357698503,3.9895645480406845,3.1950864220210766,33.19319308963511
"Congo, Dem. Rep.",COD,2004,0.038845399,329.3490637,281.5702445,37.0,49.33641463,97.9,2.111856131,31.78242349,25.14181028,-3.24816563904028,5.797118172210337,5.640381952862791,3.6109179126442243,3.8986624418617573,3.2245322085251025,33.60657910257132
"Congo, Dem. Rep.",COD,2005,0.04223002,338.9809808,283.637336,37.481,52.3146047,97.4,2.545199809,31.79221049,25.92608191,-3.164623936439428,5.825944001971763,5.647696436204409,3.623834137910771,3.957275580654219,3.2552494855495477,33.94162351411076
"Congo, Dem. Rep.",COD,2006,0.042083012,346.1796975,285.4546936,37.971,47.96325962,97.3,2.677185718,29.73453615,26.73779052,-3.1681111351674933,5.8469579971750045,5.654083325084685,3.636822710478421,3.8704352932375943,3.286077939987642,34.18691782072874
"Congo, Dem. Rep.",COD,2007,0.045104056,356.8868051,287.0413196,38.47,80.14205505,97.2,2.87221323,30.20697115,27.5590534,-3.0987831030361246,5.87741865895249,5.659626176128537,3.6498787167642037,4.38380074812853,3.316331098676055,34.54405009260289
"Congo, Dem. Rep.",COD,2008,0.044904025,367.8437476,288.8061861,38.976,83.77229165,97.0,3.065734889,33.2234554,28.40284246,-3.1032278445991195,5.907658249088245,5.6657558268031165,3.662946072087432,4.428102304243728,3.346489226778547,34.90042598802039
"Congo, Dem. Rep.",COD,2009,0.042301062,366.8302265,288.4163351,39.491,62.94687936,97.0,2.741026806,33.01591566,29.29447696,-3.162943086862086,5.90489914293042,5.6644050442367435,3.6760727978444883,4.142291185949406,3.377398998596025,34.86783388818041
"Congo, Dem. Rep.",COD,2010,0.042944421,380.5780383,289.7738416,40.013,90.74761029,96.8,3.075180803,38.68914996,30.24328444,-3.1478485342159965,5.941691250359551,5.669100762182485,3.689204401312876,4.508082139905682,3.409274157847291,35.30369491459925
"Congo, Dem. Rep.",COD,2011,0.04753469,393.6161736,297.4454244,40.544,85.19814419,96.2,3.692565532,40.94273752,31.25176375,-3.0462955187028746,5.975376255797282,5.695230760762195,3.7023878041387284,4.444979651790531,3.4420758145897334,35.705121398345945
"Congo, Dem. Rep.",COD,2012,0.041160545,407.6710769,355.4399564,41.082,68.3517114,95.5,2.884457378,40.25475638,32.31274917,-3.1902751270932597,6.0104606651943975,5.87335633596278,3.715570069366981,4.224666601627526,3.4754618634961694,36.12563740784908
"Congo, Dem. Rep.",COD,2013,0.05533228,427.4585204,357.441615,41.627,77.46594515,93.9,4.237526674,41.28634597,33.43084405,-2.8943988156194718,6.057857255365171,5.878972034111452,3.7287489951943855,4.349838422367821,3.5094789483932627,36.69763452638044
"Congo, Dem. Rep.",COD,2014,0.068696139,452.3396505,359.3668722,42.18,78.69015012,92.9,5.459315645,42.97984786,34.58381685,-2.678062282206524,6.114433336802475,5.884343794808902,3.7419461750506287,4.365517990284302,3.543385851549781,37.386295030201445
"Congo, Dem. Rep.",COD,2015,0.043078634,467.9145805,358.5420813,42.74,59.33243096,95.8,3.107871077,41.7048639,35.74492446,-3.1447281356460692,6.148285758959645,5.882046034740953,3.755135249891002,4.083156052968999,3.5764082859140225,37.801417773825975
"Congo, Dem. Rep.",COD,2016,0.032039243,462.4721474,355.0654464,43.307,55.92521026,97.0,0.0,41.16138163,37.03333186,-3.440793783777698,6.136586333301234,5.872302128540264,3.768314284759971,4.024015267047266,3.611818368193495,37.657691826059484
"Congo, Dem. Rep.",COD,2017,0.03593337,462.4829209,342.4737686,43.88,74.29137962,96.7,0.0,55.8844017,38.41264992,-3.3260888887677074,6.136609628486848,5.83619506674007,3.7814586354070294,4.307994923727585,3.648386830345179,37.657977732437494
"Congo, Dem. Rep.",COD,2018,0.034456204,473.2940774,339.7602147,44.46,69.91972915,96.4,0.0,65.87642951,39.72018438,-3.368066210653473,6.159716923417471,5.828240117921463,3.7945899085360506,4.247347857626963,3.6818594811601555,37.942112576635594
"Congo, Dem. Rep.",COD,2019,0.036090289,478.6324263,334.5417288,45.046,55.23515804,96.3,0.0,39.65191584,40.99929071,-3.32173145260112,6.170932925582024,5.812761621563461,3.8076841898791867,4.011599671549438,3.7135547667985676,38.080413172032316
"Congo, Dem. Rep.",COD,2020,0.03602667,471.5044233,372.0663772,45.638,58.49175733,96.2,0.0,41.13376671,42.34136786,-3.3234957814742514,6.155928483365669,5.919072271689146,3.8207407028242324,4.068885843968545,3.7457645717507684,37.89545549231274
"Congo, Dem. Rep.",COD,2021,0.035404315,484.78465,394.0332463,46.235,80.48131142,96.3,0.0,45.34203535,43.73477956,-3.340921573615347,6.1837047717125815,5.976435287210099,3.833737087029602,4.388025001198787,3.778143656502422,38.23820470370095
"Congo, Rep.",COG,2000,1.431610947,2057.01922,225.6623038,58.695,123.9098844,64.9,26.17783552,72.15267176,9.22795022,0.3588003465695172,7.629013233313729,5.419039650822416,4.072354544330485,4.819554562692772,2.2222369458452884,58.201842914075996
"Congo, Rep.",COG,2001,1.344064254,2056.165059,243.3098741,59.156,130.7324811,61.2,29.35871521,65.48845384,9.582831625,0.2956980489939044,7.628597904967445,5.494335833018576,4.080178022304523,4.873153106204964,2.259973125030914,58.19550599567369
"Congo, Rep.",COG,2002,0.853266308,2100.168767,239.2400086,59.617,135.4560711,68.6,24.25457412,63.31892251,9.811920937,-0.15868357857398313,7.649772985720497,5.4774672681235215,4.087940768298893,4.908647389232068,2.283598068577395,58.519026733059086
"Congo, Rep.",COG,2003,1.034926183,2058.886837,274.5538383,60.076,156.8617773,62.1,32.50596892,61.17235948,10.09005271,0.034330103400938325,7.629920745342582,5.615147373958609,4.095610427343335,5.055365018206114,2.3115500583360156,58.2156905802091
"Congo, Rep.",COG,2004,1.015101721,2058.884029,283.38196,60.533,131.3681987,63.1,32.10942271,65.86448408,10.44086091,0.014988825206279147,7.629919381497874,5.646795669620031,4.103188670875992,4.878004057733304,2.345727041698314,58.21566976815691
"Congo, Rep.",COG,2005,1.171466346,2140.036862,293.78928,60.988,119.5528923,63.1,33.33490987,61.7104107,10.82399122,0.15825625128035012,7.668578333101189,5.682862775667696,4.11067712350966,4.783758886836274,2.3817650797077734,58.80709365090902
"Congo, Rep.",COG,2006,1.255326185,2226.023355,369.707983,61.441,125.600763,69.3,28.97117015,62.62918885,11.2369224,0.22739544717995286,7.707972023694197,5.912713458893119,4.11807736474863,4.833108328856411,2.419204999144156,59.41283271805241
"Congo, Rep.",COG,2007,1.071316416,2004.10104,316.3346166,61.893,148.5866254,60.2,35.17696658,57.07041752,11.65572474,0.06888818760778531,7.602950880095429,5.756800566624844,4.125407087673919,5.001168124195368,2.455797453308636,57.80486208514386
"Congo, Rep.",COG,2008,1.077350598,2061.558299,327.7868404,62.346,133.1084867,56.8,35.49446417,63.94197893,12.04543777,0.07450487723362148,7.631217431640367,5.792363520293395,4.1326995160985645,4.891164485201575,2.4886859799476913,58.235479488971805
"Congo, Rep.",COG,2009,1.148224373,2211.315724,359.4053552,62.8,135.5523657,55.9,40.27541464,55.69794813,12.53651245,0.13821672566423604,7.701342967587404,5.884450874627987,4.139955073474153,4.909358028392896,2.528645382488807,59.31068350440797
"Congo, Rep.",COG,2010,1.185691652,2332.285081,375.6199091,63.256,124.0647544,54.5,42.0617803,66.17916978,13.06673499,0.1703262768903491,7.754603787425876,5.928577752052869,4.147189984768626,4.820803642202556,2.5700696869411677,60.13387989995974
"Congo, Rep.",COG,2011,1.052253888,2307.493844,484.2126248,63.712,124.5917427,64.3,36.60131356,65.8738952,13.49845974,0.0509344236011323,7.74391729855113,6.182524117687387,4.154372927881786,4.825042333691879,2.602575585601911,59.968255126799434
"Congo, Rep.",COG,2012,0.944762628,2467.061029,539.8664468,64.169,97.44443515,65.1,41.46744669,65.31021912,13.88125915,-0.05682157034279573,7.810782854366868,6.291321788228761,4.161520228034952,4.579282319653975,2.6305396678229225,61.00832879807143
"Congo, Rep.",COG,2013,1.119639521,2390.657549,553.9911997,64.627,93.00286339,62.3,40.59112597,61.98930813,14.22283748,0.11300677725016388,7.779323732190187,6.317148801603065,4.168632280125349,4.532630281819065,2.6548489459601976,60.517877730217464
"Congo, Rep.",COG,2014,1.060355153,2488.681185,535.5249987,65.085,104.1976201,62.1,39.92467272,58.00141554,14.57065886,0.05860390200725872,7.819508204569205,6.283247571711355,4.1756941079184235,4.64628928932715,2.679009839500423,61.14470856132511
"Congo, Rep.",COG,2015,1.127966382,2439.351894,552.356622,65.543,117.3207216,64.2,7.329483743,48.67895619,14.92703075,0.12041634944025395,7.7994876657916326,6.3141938920216525,4.182706415796481,4.764911394789278,2.703173713674438,60.83200784883581
"Congo, Rep.",COG,2016,1.070322924,2174.193103,561.3217183,66.001,122.2598183,67.7,0.0,38.44745141,15.29293119,0.06796040107276083,7.6844128875635995,6.330294214055475,4.189669893426794,4.8061484384224755,2.7273907079116735,59.050201426553535
"Congo, Rep.",COG,2017,1.033580383,2003.271211,548.0187539,66.459,94.61709526,69.8,0.0,45.96718951,15.66913909,0.033028874570425706,7.602536728896147,6.306309508807696,4.196585216168648,4.549838170725225,2.7516931148459083,57.798564714214926
"Congo, Rep.",COG,2018,1.164756987,1909.956038,552.1651551,66.916,100.5832168,70.6,0.0,54.39199184,16.05598243,0.15251247040894694,7.5548355040218595,6.313847195549228,4.203438101469034,4.610985412733881,2.7760815171984707,57.07553949282922
"Congo, Rep.",COG,2019,1.282256487,1885.510809,582.5861279,67.373,91.57575479,69.8,0.0,50.12867157,16.44703075,0.2486214063502869,7.5419540493788775,6.367477033565577,4.210244344187451,4.517166550945952,2.800144959399264,56.881070882942446
"Congo, Rep.",COG,2020,1.280873927,1725.5104,586.7361097,67.829,69.30662472,71.4,0.0,33.9517598,16.84565447,0.24754260042879644,7.453278169758376,6.374575161165872,4.216989832110112,4.23854049643216,2.8240927285822583,55.551355475796775
"Congo, Rep.",COG,2021,1.191205365,1701.790605,588.2917636,68.283,85.54620316,71.4,0.0,42.89370294,17.25383016,0.174965706239172,7.439436272774998,6.377223021432442,4.223660833692157,4.449056617822045,2.848034157091392,55.34521205668035
Costa Rica,CRI,2000,1.300162352,7726.519857,729.7656437,59.052,86.52492351,33.0,59.02628333,25.44499083,77.1198394,0.2624891428237108,8.952413827656857,6.592723446571942,4.078418411671842,4.460432505499059,4.345360567831242,80.1457133416217
Costa Rica,CRI,2001,1.377019951,7854.233958,721.2240525,60.41,80.85275872,32.1,57.20015118,25.21660207,78.514434,0.3199217083852026,8.968808023082373,6.580949841438598,4.101154654150649,4.392629706900485,4.363282480497331,80.43951735490674
Costa Rica,CRI,2002,1.382386606,7989.559261,749.3717083,61.753,80.41394434,32.5,54.76773399,24.56959793,79.82187622,0.3238114300739568,8.98589087591222,6.619235133178303,4.123142557323923,4.387187598211129,4.379797604982019,80.74623483380249
Costa Rica,CRI,2003,1.463304198,8207.457468,788.0594664,63.08,83.32770754,33.3,56.63890482,24.1792375,81.05726596,0.38069702797018906,9.012798467272768,6.66957355198516,4.1444037620948375,4.4227811173952665,4.3951558920352385,81.23053621167436
Costa Rica,CRI,2004,1.468377492,8445.529149,921.9166661,64.388,85.2564772,39.2,47.92945689,24.66906192,82.25769683,0.38415804427462963,9.041392485538278,6.826454835632249,4.164927280343983,4.445664092163008,4.409856963747532,81.74677807754804
Costa Rica,CRI,2005,1.490833654,8655.339654,908.9197181,65.672,89.22266389,41.7,46.80150969,24.26953411,83.4555425,0.3993354628248347,9.065931710514473,6.812256771355241,4.184672655045965,4.491135086797543,4.4243140649185095,82.19111777971187
Costa Rica,CRI,2006,1.597189761,9160.294375,974.3438387,66.935,89.81455461,42.4,47.40552774,23.71986794,84.63258911,0.46824568559284263,9.122633594160527,6.881764258492433,4.203721999237861,4.497747040237285,4.438319406502481,83.22244369330622
Costa Rica,CRI,2007,1.757822845,9779.511494,1014.830382,68.174,86.45659584,41.2,49.76193749,23.89379476,85.78629064,0.5640760234230411,9.188044812292594,6.922476766181184,4.222063260490594,4.459642505806486,4.451859210976711,84.42016747269685
Costa Rica,CRI,2008,1.719572906,10104.9092,1006.227857,69.39,86.40151271,40.7,50.29397585,23.55360244,86.95761849,0.5420759495260975,9.220776644146682,6.913963823024811,4.239742764911457,4.459005183874336,4.465420856168394,85.02272192124094
Costa Rica,CRI,2009,1.628208955,9883.67567,1002.153696,70.575,69.75931773,40.7,48.61877509,23.52273814,88.12751665,0.4874806100811982,9.198639752931918,6.909906659103443,4.2566759741395535,4.245050999306338,4.478784818455165,84.61497330421938
Costa Rica,CRI,2010,1.590311772,10285.08567,998.6945305,71.736,67.51208968,40.4,48.51929773,23.32296521,89.22761457,0.4639300800292456,9.23845013165859,6.906448956614486,4.272992713649747,4.212306688211224,4.491190572057011,85.34896083514262
Costa Rica,CRI,2011,1.671622378,10612.46949,992.8421973,72.868,68.63914651,38.0,49.08901355,22.58987067,90.28266745,0.5137946386759809,9.269784955703809,6.900571736311089,4.288649585168582,4.228863020807529,4.5029454979240136,85.92891312499266
Costa Rica,CRI,2012,1.639131257,11001.51929,1017.654625,73.946,67.0485393,38.1,47.74423049,22.20487738,91.34222483,0.49416638014272674,9.305788659515922,6.925255871373113,4.303335097092101,4.205416824255487,4.514613165134832,86.59770257557516
Costa Rica,CRI,2013,1.684680312,11151.14379,1060.106448,74.97,64.06641059,37.8,47.83035571,21.34497248,92.36480611,0.5215758199880819,9.319297353689866,6.966124604705606,4.31708803351497,4.159920210825755,4.5257460198366335,86.84930316649093
Costa Rica,CRI,2014,1.689909566,11422.67358,1064.117834,75.941,65.19124205,37.6,48.23774662,20.61640542,93.36308265,0.524675016260601,9.343355569645011,6.969901410010279,4.329956723007711,4.177325135523776,4.536496006392055,87.29829330081645
Costa Rica,CRI,2015,1.612689647,11714.7106,1024.451445,76.862,60.75356194,38.3,47.28099304,19.96787847,94.36032119,0.47790337331484856,9.368600647265017,6.931912572705172,4.342011606135645,4.106825713259027,4.547120658412443,87.7706780879345
Costa Rica,CRI,2016,1.693754548,12084.43513,1001.150935,77.735,62.17847818,34.1,0.0,19.65001128,95.31919311,0.5269476908083206,9.399673550630192,6.9089055521642075,4.353305606401704,4.1300089299020275,4.557231187129668,88.3538628584168
Costa Rica,CRI,2017,1.707815534,12468.56545,972.7527405,78.56,65.07195374,33.3,0.0,19.31453971,96.22359969,0.5352150883628716,9.430965991960232,6.880129929131319,4.36386266404621,4.1754936382597725,4.566674646608739,88.94311954151044
Costa Rica,CRI,2018,1.705125118,12679.52536,950.3072263,79.34,66.94534202,33.1,0.0,19.55814326,97.09788484,0.5336384910342825,9.44774379511396,6.8567853284186,4.373742415086184,4.203876495706342,4.575719591743851,89.25986281811433
Costa Rica,CRI,2019,1.641486749,12877.6501,996.6736063,80.076,65.76053002,33.4,0.0,19.23365693,97.91525656,0.49560238543225804,9.463248537360938,6.904423340535192,4.38297618370947,4.1860198106302855,4.584102375597201,89.55307287986393
Costa Rica,CRI,2020,1.426270082,12242.20989,948.9796592,80.771,60.13988625,36.4,0.0,20.36785113,98.59616138,0.3550627023754779,9.412645086338374,6.855387364449765,4.391617990212032,4.096673286138574,4.5910323296134266,88.59788752136994
Costa Rica,CRI,2021,1.584687553,13146.69279,996.5939476,81.425,70.7816423,34.2,0.0,20.60579236,99.09886408,0.46038726045228046,9.483925507115453,6.904343412780499,4.399682351162297,4.259599677530304,4.596117978908998,89.9448430245151
Cote d'Ivoire,CIV,2000,0.39364362,1717.953857,383.6985117,43.155,54.96399163,63.7,37.12388082,13.93680252,55.65724528,-0.9323092967737409,7.448889243627042,5.949857118433813,3.764798285671621,4.006678273188023,4.0192122629577804,55.48595096382265
Cote d'Ivoire,CIV,2001,0.384340912,1636.573187,359.2743504,43.568,53.11410472,64.7,34.29236765,14.17861603,57.16639308,-0.9562253285816757,7.400359814603335,5.884086303872948,3.7743229359314037,3.972442518587709,4.045966192153839,54.76532538559591
Cote d'Ivoire,CIV,2002,0.396000573,1551.279259,374.2174105,43.983,55.90194823,65.3,37.84229578,14.50052812,58.66280189,-0.9263396207590063,7.346835197904196,5.924836940015781,3.783803195624237,4.02359923161098,4.071805827325066,53.975987425163986
Cote d'Ivoire,CIV,2003,0.304007071,1441.588018,345.0635326,44.399,53.26006068,70.3,32.49572238,15.21233121,60.14321384,-1.1907043179780008,7.273500575221307,5.843728552541144,3.793216946662021,3.9751867197016977,4.096728615440835,52.90381061774469
Cote d'Ivoire,CIV,2004,0.305981118,1451.865471,474.6445121,44.817,58.1182963,75.4,24.92616863,15.52607505,61.61949686,-1.1842318848159956,7.2806045402659425,6.16256612826792,3.80258753172829,4.062480524783101,4.120978327929085,53.00720247174105
Cote d'Ivoire,CIV,2005,0.318684176,1431.733202,479.3673421,45.234,62.82093604,77.9,25.38667906,16.22417645,63.10835849,-1.1435547105016055,7.266641018709942,6.172467197235123,3.8118490164576198,4.140288394349699,4.144853224958397,52.80407169479786
Cote d'Ivoire,CIV,2006,0.305575534,1437.774538,460.4270685,45.652,63.69037706,74.8,21.44519923,16.58395439,64.61258491,-1.1855582837951801,7.270851737393104,6.132154468559947,3.8210474176913536,4.154033484604406,4.168409204663295,52.86528498715232
Cote d'Ivoire,CIV,2007,0.296463841,1420.173896,484.1628802,46.071,61.43094235,76.3,24.24902509,16.48317082,66.13383019,-1.215830020763664,7.258534605069282,6.182421379442178,3.8301836848116655,4.117913655282822,4.19168041910807,52.68632461298827
Cote d'Ivoire,CIV,2008,0.321570086,1454.627318,475.6859683,46.491,61.9406213,74.2,24.6123145,17.40883615,67.65546855,-1.1345397621727522,7.282505007964825,6.164757906051332,3.8392587454733076,4.126176205169596,4.214428187269927,53.03487919103275
Cote d'Ivoire,CIV,2009,0.291445472,1473.91837,426.3396768,46.91,66.67290375,73.7,22.71372294,18.01630715,69.17591195,-1.2329023507238057,7.295679691297169,6.055236391924356,3.8482308723403666,4.199798629753814,4.236652708817028,53.22694215800595
Cote d'Ivoire,CIV,2010,0.325274762,1540.529273,369.5929892,47.33,67.47294008,75.4,28.40641946,15.97657938,70.71718553,-1.1230850322814363,7.339881320128171,5.912402370972904,3.8571443439181565,4.211726629797822,4.2586886201675425,53.873857793566465
Cote d'Ivoire,CIV,2011,0.307997563,1426.464639,412.2029962,47.751,64.71590306,79.1,25.66551279,16.76240073,72.27044025,-1.1776634083775277,7.262954381702778,6.021515937231493,3.866000009115827,4.170006968212554,4.280415197015646,52.75050635069559
Cote d'Ivoire,CIV,2012,0.384372524,1503.43433,442.1845533,48.172,70.30108932,74.9,30.04532408,17.73245519,73.79584277,-0.9561430820681184,7.315507323390199,6.091727336334259,3.8747779393982333,4.252787294002401,4.301302398989964,53.516647398575635
Cote d'Ivoire,CIV,2013,0.409402344,1632.327128,446.3098013,48.593,58.35267925,72.2,33.75674127,18.97952957,75.28231132,-0.8930568803194575,7.397761961515853,6.101013332630916,3.8834794876109,4.066505274559309,4.321245197781355,54.726882039250874
Cote d'Ivoire,CIV,2014,0.426425228,1742.53693,438.7187731,49.014,53.68041756,71.9,34.15951913,19.84554862,77.13017296,-0.8523182427774985,7.463097336097327,6.083858599825546,3.8921059715877875,3.9830482713216973,4.345494552391209,55.69782184806302
Cote d'Ivoire,CIV,2015,0.446203256,1814.718551,383.892795,49.444,52.71286474,64.5,3.190286296,20.12155783,79.39101258,-0.806980699834175,7.503685666355057,5.950363333922323,3.9008407160255767,3.9648595384701286,4.37438517015877,56.30529857946234
Cote d'Ivoire,CIV,2016,0.438774955,1889.277779,391.6555834,49.881,47.56557836,64.0,0.0,20.82071381,81.72768868,-0.8237686283266472,7.543949907511138,5.970382839807635,3.909640168726352,3.8621093559453707,4.403392851181989,56.911180207037305
Cote d'Ivoire,CIV,2017,0.461213797,1972.814318,392.5852505,50.326,48.66250747,62.5,0.0,19.80856265,84.06720755,-0.773893575596703,7.587216390088528,5.97275371236435,3.9185218421679755,3.8849088664428555,4.431616568822979,57.565852550028
Cote d'Ivoire,CIV,2018,0.449418229,2013.323076,358.5414018,50.779,46.03750871,60.5,0.0,19.11168189,86.3653239,-0.7998013570807107,7.607541907545786,5.882044139564127,3.927482883290189,3.829456470964758,4.458586251500051,57.87469387506538
Cote d'Ivoire,CIV,2019,0.46785712,2093.099943,364.1498631,51.239,44.66041058,61.1,0.0,21.64204005,88.65726101,-0.759592328823061,7.6464014723809655,5.897565494719874,3.9365009608349713,3.799087439831463,4.484777935652246,58.4674554768298
Cote d'Ivoire,CIV,2020,0.452374092,2055.08484,375.3171839,51.706,41.94263182,61.8,0.0,20.7022034,90.92908491,-0.7932458042845499,7.628072410749679,5.927771492196428,3.945573828939228,3.736302775531653,4.5100799160118275,58.18748870364042
Cote d'Ivoire,CIV,2021,0.489660232,2146.476353,468.4144976,52.18,45.11403278,58.2,0.0,22.10303507,93.20671698,-0.7140435324748972,7.6715828710653815,6.149353582568235,3.9546992797085823,3.809193346227396,4.534819789695443,58.85318374762376
Croatia,HRV,2000,4.336009518,8879.96498,1882.607071,53.428,74.60168547,26.8,77.66842338,24.20228875,79.91669051,1.466954459245637,9.091552892284746,7.5404128350818445,3.978334953114859,4.3121631003861225,4.380984723447844,82.65633399321112
Croatia,HRV,2001,4.777188426,9515.409056,2033.21444,53.642,79.4405856,26.9,77.45590295,23.80425481,76.90016454,1.563852178051099,9.160667769452527,7.617373287652583,3.982332343326142,4.375009391310956,4.342508016171208,83.91783398228633
Croatia,HRV,2002,4.964001921,10061.69431,2081.900276,53.81,81.1609978,24.6,79.69718982,22.91319969,76.94544999,1.6022122543285873,9.21649084994973,7.641036349852928,3.9854593235013285,4.396434809115653,4.343096729101976,84.94370358720711
Croatia,HRV,2003,5.285426706,10618.94331,2229.34174,53.979,81.44325144,24.8,79.61678569,23.34093036,76.89584376,1.664953355135825,9.270394789845476,7.709461637022332,3.9885950820384912,4.399906476366749,4.342451827716788,85.94021955959414
Croatia,HRV,2004,5.279491707,11058.71845,2228.325793,54.147,81.64441266,26.6,78.12979557,24.14881654,76.91730398,1.6638298254705097,9.310974395849025,7.709005817017781,3.991702570250221,4.402373386701464,4.342730870444338,86.6942442001561
Croatia,HRV,2005,5.301074558,11522.39501,2260.508924,54.315,81.49233557,26.8,77.06602244,23.77347164,77.01638553,1.6679095468001757,9.352047812815247,7.723345254526027,3.994800431885714,4.4005089737386935,4.3440181983060775,87.46079829318245
Croatia,HRV,2006,5.342948381,12105.05376,2247.146192,54.483,83.50587932,25.5,77.68266771,23.40274704,77.03450432,1.6757776318771225,9.401378310502322,7.717416331039138,3.9978887264044713,4.424917040396035,4.344253429535202,88.38591413718349
Croatia,HRV,2007,5.685003794,12719.00328,2335.401828,54.651,83.25147672,22.7,79.76216256,22.93862794,77.01767207,1.7378317945725492,9.45085247533336,7.7559392443765995,4.000967512716802,4.421865867081609,4.344034902923486,89.3186125105147
Croatia,HRV,2008,5.410927198,12970.92911,2276.135519,54.819,82.07198145,24.1,78.18654774,22.75634306,77.00852334,1.6884204641254366,9.470465910057062,7.730234336092259,4.004036849190567,4.407596684764331,4.343916108454969,89.68972455355294
Croatia,HRV,2009,5.033679188,12099.79713,2199.791956,54.987,69.69524392,27.2,76.38267321,22.68935452,76.92768566,1.6161511656398315,9.400943965328578,7.696118069420267,4.00709679365782,4.244132078996373,4.342865833305853,88.3777474392478
Croatia,HRV,2010,4.874649249,11965.48548,2181.044011,55.155,72.63865686,29.8,74.44495474,21.36566747,76.75339504,1.5840481529382857,9.389781574529778,7.687558945273592,4.010147403421345,4.285497243758653,4.340597620537825,88.1679980173789
Croatia,HRV,2011,4.777880411,11995.13253,2137.209507,55.322,77.76573869,27.2,74.74978074,21.49936193,76.48884997,1.5639970194987147,9.392256223983079,7.66725628841735,4.013170659432992,4.353700957454816,4.337144978183487,88.21447697694889
Croatia,HRV,2012,4.409337409,11780.53301,2020.484173,55.506,79.00226696,29.4,72.36927945,21.03825499,76.12693875,1.4837244307781943,9.374203703210824,7.611092451278247,4.016491123017237,4.3694765477515105,4.332402193686053,87.87569506929154
Croatia,HRV,2013,4.340916058,11839.24582,1990.541367,55.706,80.91051737,32.8,71.42954537,20.50543715,75.65438496,1.468085399111374,9.37917520877408,7.596161924439948,4.02008786106005,4.393343820188131,4.326175402335099,87.96892759688232
Croatia,HRV,2014,4.206685171,11863.8584,1909.835801,55.923,85.20917695,33.6,70.87481597,20.65084317,75.07679937,1.4366749672466932,9.38125194848019,7.554772549282383,4.0239757445552184,4.445109138715642,4.318511581214542,88.00788812086334
Croatia,HRV,2015,4.340846275,12285.30326,2018.542592,56.155,90.6409411,33.1,28.94915793,20.3676184,74.1856372,1.468069323343039,9.416158970039286,7.610131040887815,4.028115724415,4.506905999499036,4.306570562703336,88.6640497490513
Croatia,HRV,2016,4.449279706,12849.3464,2057.188695,56.403,92.13078909,31.8,0.0,20.2753466,73.3840862,1.492742219256562,9.461048225216528,7.629095618552198,4.032522348578758,4.523209188046715,4.295707102849638,89.51143351987281
Croatia,HRV,2017,4.650707043,13485.88167,2159.969522,56.667,97.2213314,29.8,0.0,19.77098612,72.21440569,1.5370192602985564,9.50939861497159,7.677849390393476,4.037192030717792,4.57699014623656,4.2796395507886,90.42866201842358
Croatia,HRV,2018,4.453597909,14060.71895,2127.638786,56.947,99.06781797,32.8,0.0,19.28990883,71.27394396,1.4937122883792369,9.551140298481233,7.6627680926324375,4.042121010718135,4.595804645608638,4.2665308182736785,91.22428100127217
Croatia,HRV,2019,4.548474575,14641.22988,2173.19836,57.242,101.3820133,31.6,0.0,19.57602338,70.57018798,1.5147919185094925,9.591596792183532,7.683955260029559,4.04728789467882,4.618895691793555,4.256607788747323,91.99872902382542
Croatia,HRV,2020,4.406002137,13544.97151,2104.845306,57.553,89.5334538,32.4,0.0,20.09527751,69.9464975,1.4829677334004603,9.51377065115781,7.651997254579941,4.052706262393085,4.494612340915283,4.2477306283782434,90.5118320028317
Croatia,HRV,2021,4.568235833,15394.47073,2212.497211,57.878,102.3084308,34.1,0.0,19.58415245,69.31703002,1.5191270982102134,9.641763680423674,7.701877116316318,4.058337346916098,4.627992082074075,4.238690619440229,92.96360686913707
Cuba,CUB,2000,2.609732248,4112.261684,1146.629655,75.323,31.07598788,34.4,70.89645174,25.53508215,103.4367691,0.9592476290990185,8.321728444215177,7.044582183562122,4.3217855330541735,3.4364354270765136,4.638960499443698,69.25116429925995
Cuba,CUB,2001,2.496336188,4229.903094,1116.779946,75.555,29.36109638,34.0,69.72946785,24.86238416,103.7628678,0.9148241321423308,8.349934362558045,7.018204775184994,4.324860867865723,3.3796705456921474,4.642108178408049,69.72140385902763
Cuba,CUB,2002,2.37638961,4277.395656,1037.529399,75.785,24.72931335,34.8,72.62572894,23.70134413,105.0607952,0.8655823653303223,8.361099611780915,6.944597588088928,4.3279003838836205,3.2079893152764347,4.6545391845053565,69.90798671812297
Cuba,CUB,2003,2.301152526,4426.965996,1029.43347,75.947,26.58713358,33.6,75.26672707,22.50593295,105.351344,0.8334100956881662,8.395469751654527,6.936763900775958,4.330035728590813,3.280427398767072,4.657300897643905,70.48391235094613
Cuba,CUB,2004,2.25233113,4670.188021,1003.518827,76.041,31.31141533,33.8,75.43532764,22.0396304,105.6174796,0.8119657376566661,8.448954611308576,6.911267929395727,4.331272668506927,3.4439827380854187,4.6598238840893105,71.38483402395245
Cuba,CUB,2005,2.329959972,5182.352836,946.3299443,76.134,39.36137443,26.3,81.11454583,21.52682999,105.8112927,0.8458510880309,8.553014447572936,6.8525912865726655,4.332494945642832,3.6727849910357646,4.661657250023182,73.15405614039138
Cuba,CUB,2006,2.377016549,5799.411637,943.9501221,76.227,37.18801429,22.0,84.28363171,22.20473695,105.9715306,0.8658461504909689,8.665511749492381,6.850073327991115,4.333715730640962,3.615986512857279,4.663170478792919,75.09109388059052
Cuba,CUB,2007,2.453480345,6215.766037,896.1763704,76.32,37.96760966,18.6,85.19510392,22.52699906,106.0435175,0.8975075655110456,8.73484425250386,6.798137235568379,4.334935027140031,3.636733418877813,4.663849552315402,76.29750411549972
Cuba,CUB,2008,2.368718009,6469.085078,951.3805701,76.413,44.91722075,18.7,87.12687813,22.38649614,106.0857009,0.862348884322044,8.774789967603816,6.857914161359537,4.336152838765465,3.8048212568519615,4.664247266509366,76.99693897556058
Cuba,CUB,2009,2.387089046,6561.253051,922.4333251,76.505,32.91398196,19.0,95.60052124,22.60470361,106.1134818,0.8700746512272963,8.78893687756926,6.82701509698826,4.337356098173776,3.4938975510780055,4.664509104465623,77.24541143789689
Cuba,CUB,2010,2.496767179,6716.490485,1000.184101,76.597,40.2919413,15.6,98.18414025,22.89360776,106.1387542,0.9149967666621442,8.812321047841602,6.907939363037627,4.338557911488735,3.696151481214487,4.664747240002809,77.65700225023211
Cuba,CUB,2011,2.456897364,6902.163976,969.8289226,76.689,46.96042905,19.2,92.75016768,22.2582983,105.7575681,0.8988993197727576,8.839590261127114,6.877119687489076,4.339758282182038,3.849305311977252,4.6611493813231135,78.13835598461331
Cuba,CUB,2012,2.559802887,7109.248342,989.6726457,76.781,45.86620363,19.4,93.76827737,23.36719487,105.9848194,0.9399302582614045,8.869151798783946,6.8973742275391725,4.340957213712896,3.825728541504013,4.663295870648529,78.66185362987251
Cuba,CUB,2013,2.575099129,7307.820044,939.5396575,76.827,44.32389693,18.2,95.07398764,23.1503085,108.4068989,0.9458880300737497,8.896700292673636,6.845390029245246,4.3415561408700105,3.791523965694604,4.685891729969347,79.15127609765915
Cuba,CUB,2014,2.385693495,7392.483246,957.5020475,76.861,39.27415285,23.2,92.66947549,22.15207529,108.4962027,0.8694898556587645,8.908218985373033,6.864327859433716,4.341998595720808,3.670566614208228,4.686715174211383,79.35636549136055
Cuba,CUB,2015,2.613785375,7727.919972,977.9110203,76.896,31.61381248,21.1,14.06332803,22.35380936,108.3099424,0.9607995058632853,8.952595020248673,6.8854186846074255,4.342453859554058,3.4535941288882985,4.6849969540406535,80.14895759658133
Cuba,CUB,2016,2.429632762,7774.069846,960.4369646,76.93,27.26911325,19.2,0.0,22.94280122,108.2815456,0.887740119182688,8.958549095935739,6.867388352361111,4.342895917470844,3.305754678910386,4.684734738748401,80.25560190429104
Cuba,CUB,2017,2.355405652,7927.277693,923.4354236,76.977,26.22243638,22.0,0.0,24.35662514,108.3605877,0.856712964014858,8.978064963509055,6.828100871476998,4.343506675934864,3.2666153946899392,4.685464440790226,80.60565048898886
Cuba,CUB,2018,2.391352794,8120.431236,879.9677927,77.037,27.08354845,24.0,0.0,24.87790646,108.1610597,0.8718592284071951,9.002138539627323,6.779885307597939,4.3442858259216885,3.298926475279424,4.683621409768848,81.03849828664355
Cuba,CUB,2019,2.193924651,8124.752821,865.5345927,77.109,22.82089114,23.1,0.0,24.54953997,107.9272254,0.7856920180545459,9.00267058470441,6.763347342275085,4.3452200052742,3.1276763945040686,4.681457161103868,81.04807765670203
Cuba,CUB,2020,1.932624897,7252.316722,854.3748898,77.194,15.68255027,24.5,0.0,23.01787208,107.6720039,0.6588791291452317,8.889076244666246,6.750370078495031,4.346321733803105,2.752548646467443,4.67908960515253,79.01567648348977
Cuba,CUB,2021,1.901454824,7379.014004,814.6364585,77.292,80.02390316,20.9,0.0,23.34743595,107.1499807,0.6426192900182277,8.906395304874698,6.702741950534899,4.347590457352754,4.382325379545189,4.674229541798245,79.32387732669406
Cyprus,CYP,2000,7.525955847,22383.96484,2264.918637,68.648,137.4949032,3.1,97.42951259,17.68603898,102.5613636,2.0183578254253622,10.016100126139197,7.725294115417625,4.22899199850482,4.92358684878324,4.630461288715799,100.32226173684563
Cyprus,CYP,2001,7.257861257,23019.25,2202.31996,68.769,131.8490679,3.0,97.40899928,17.39380408,104.3427489,1.9820851927360268,10.044086101380222,7.697266610995829,4.230753062001649,4.8816578433772655,4.6476811428481275,100.88366561193934
Cyprus,CYP,2002,7.310482556,23604.18945,2193.914817,68.694,123.6413321,3.2,97.31939105,17.93018596,106.2164502,1.989309284715611,10.069179494326853,7.69344281464845,4.22966185916973,4.817384891227229,4.66547899511742,101.38837568897239
Cyprus,CYP,2003,7.846417031,23930.7832,2345.28181,68.553,114.004633,3.2,97.28333854,18.01293423,108.1807359,2.0600569984268415,10.082920909159155,7.760160848500047,4.227607168726871,4.736239087919576,4.683803308971447,101.66529406035887
Cyprus,CYP,2004,7.651528921,24799.64844,2162.853281,68.41,113.9036135,3.3,96.73114621,18.06745325,110.159632,2.0349054868235528,10.118584756246145,7.679183592399526,4.2255190127729065,4.735352595147445,4.701930513819322,102.38575746933685
Cyprus,CYP,2005,7.629389925,25631.36719,2161.540024,68.268,111.9170653,3.4,96.54634621,17.8911353,112.1375541,2.0320078846946217,10.15157216128305,7.678576220707014,4.22344113555651,4.71775810860529,4.7197262793287145,103.05441734573704
Cyprus,CYP,2006,7.597176831,26395.50391,2209.332132,68.125,109.806498,3.5,96.62143998,17.8301578,114.1145022,2.027776708675097,10.180948968191226,7.700445546124424,4.221344252983408,4.698719707652213,4.7372023495801905,103.65172189291398
Cyprus,CYP,2007,7.745121253,27156.81836,2293.754587,67.982,111.2751228,4.3,95.84113457,18.19711925,116.0945887,2.0470631293950894,10.209383430480802,7.737945311582897,4.219242964252968,4.71200571847354,4.75440527865982,104.23151003057595
Cyprus,CYP,2008,7.784965711,27449.22656,2399.216627,67.839,112.9259309,5.7,94.8502704,17.8966298,118.0764069,2.0521944007804365,10.220093270220135,7.782897557637527,4.217137250808967,4.726732125031154,4.771331931019261,104.45030645199888
Cyprus,CYP,2009,7.4696382,26183.68555,2311.552194,67.695,102.7910919,6.3,94.32472585,15.95450091,120.0617965,2.010846564236835,10.17289180686662,7.745674523316117,4.215012321947074,4.632698694597071,4.788006581063405,103.487727714214
Cyprus,CYP,2010,7.016570079,26090.04883,2192.467489,67.551,108.9016993,6.5,94.22789182,14.47911521,122.0580087,1.948274505902353,10.169309249727336,7.692782895858177,4.212882868145633,4.690445634041229,4.804496412875457,103.41485061658994
Cyprus,CYP,2011,6.677493888,25538.78125,2093.440297,67.406,110.6171369,7.6,93.62681919,12.74536429,124.079329,1.898742750688943,10.14795340918403,7.646564066781706,4.210734034727661,4.706075021931815,4.820921111052242,102.98095839496978
Cyprus,CYP,2012,6.110192492,24285.49609,1936.165161,67.261,112.3442733,8.6,92.92798288,11.75798543,126.1252165,1.8099582771062355,10.097634582407313,7.568464574631679,4.208580573879269,4.721568025369606,4.837275195223341,101.96222415982811
Cyprus,CYP,2013,5.439249258,22738.49023,1646.32679,67.137,120.9262006,9.7,92.11165225,10.74927831,128.1271645,1.6936410473002994,10.031814372400346,7.406301897375854,4.206735307801128,4.7951804471278185,4.853023243408513,100.63729960229814
Cyprus,CYP,2014,5.67157125,22581.82813,1659.578133,67.031,130.8443631,9.5,91.90067364,9.972876769,130.0650433,1.7354661957521191,10.024900796782445,7.414318712305386,4.205155198951706,4.87400854895002,4.868034658407646,100.4986359853293
Cyprus,CYP,2015,5.621146993,23487.22852,1677.402482,66.946,137.2764265,10.4,90.70863889,10.19094632,131.9807359,1.7265357343629462,10.064212085166362,7.425001734220135,4.2038863242731495,4.9219966046607535,4.882655971784556,101.28836489520866
Cyprus,CYP,2016,5.836739115,24916.63281,1761.874429,66.881,139.0220985,10.3,0.0,10.83651488,133.8865801,1.7641722701739742,10.123290843787913,7.474133537781769,4.202914920817774,4.934632902508779,4.896993024373465,102.4810175079202
Cyprus,CYP,2017,5.869446493,26105.58594,1794.017322,66.836,148.0133556,10.9,0.0,11.3472324,135.7440476,1.7697603351861904,10.169904591101279,7.492212698090522,4.202241857531897,4.997302510233223,4.910771109602222,103.42695939210287
Cyprus,CYP,2018,5.675997472,27406.47656,1773.614564,66.81,147.6235674,12.0,0.0,12.02242703,137.5256494,1.7362463139136237,10.218534635247904,7.480774869815523,4.2018527699373855,4.994665570152065,4.923810440800909,104.41845009176102
Cyprus,CYP,2019,5.607882668,28625.7793,1758.054571,66.805,150.5061696,12.0,0.0,12.78901189,139.2501082,1.7241732272594927,10.26206296494011,7.471963119287803,4.201777928040857,5.014004077368632,4.9362716558268405,105.3099362963954
Cyprus,CYP,2020,5.222818713,27391.5918,1638.571911,66.821,160.6687165,15.0,0.0,12.8234845,140.9358225,1.6530372394893424,10.217991376669215,7.401580355488286,4.2020174023957955,5.079344583599859,4.948304627187139,104.40734777368642
Cyprus,CYP,2021,5.241139323,30228.03516,1666.21661,66.856,176.8277368,15.6,0.0,11.48044771,142.5659091,1.6565389027523323,10.316525089299919,7.4183108322823825,4.202541052699135,5.175176020251735,4.9598044127793,106.4306899181547
Czechia,CZE,2000,12.9022318,12543.93643,4021.618482,73.988,97.49839563,5.9,89.21165756,33.30541318,132.7172641,2.557400304155449,9.436992674815869,8.299439708051116,4.3039029178923025,4.579835922791492,4.888221031594973,89.05683074452837
Czechia,CZE,2001,12.94187257,12958.46676,4141.002675,73.877,98.53687373,6.3,88.37923523,33.74065336,132.2195548,2.560467990349542,9.469504657352056,8.32869322952459,4.302401548117839,4.5904308307144275,4.884463834784349,89.67151845561229
Czechia,CZE,2002,12.4937383,13179.98781,4201.38476,73.809,90.87927155,7.3,86.08756523,33.06101833,131.964747,2.5252275827979007,9.486454883169879,8.343169454692694,4.3014806753904935,4.509531939425752,4.882534818735495,89.99282625041764
Czechia,CZE,2003,12.81757167,13618.93496,4387.209169,73.74,94.64686007,6.7,83.68048072,32.21004399,131.9269833,2.5508170162341055,9.51921637987652,8.386448579309283,4.300545392805998,4.550152702989898,4.882248612720514,90.61548048690943
Czechia,CZE,2004,12.89844045,14259.63343,4486.66999,73.671,113.173976,7.1,83.19761427,33.45241577,131.9842221,2.5571064087103577,9.56518798746677,8.408866055243559,4.299609234649019,4.728926245346475,4.882682385896691,91.49282123557859
Czechia,CZE,2005,12.63729021,15147.72144,4431.368959,73.602,121.1912873,7.5,83.09937872,33.53174235,132.1669169,2.5366519836153265,9.6256053996263,8.3964638353926,4.29867219927867,4.7973701840875265,4.88406564572152,92.65227930931499
Czechia,CZE,2006,12.77333856,16107.30425,4519.456976,73.533,127.0510151,7.9,82.46517339,34.2768165,132.5424595,2.54736007362027,9.687028128215067,8.416147127556025,4.297734285049449,4.844588699502063,4.886903043150048,93.8385139568299
Czechia,CZE,2007,12.84900573,16892.54285,4485.479791,73.463,129.8767395,8.3,82.75636976,34.14761959,133.3181618,2.553266433250345,9.734627552051794,8.408600745582879,4.296781878109243,4.866585842977436,4.892738465465698,94.76297357716591
Czechia,CZE,2008,12.14440263,17190.64703,4360.027704,73.394,123.9048099,9.0,80.87584912,33.62160947,134.4459218,2.49686837474794,9.752120737575455,8.380233690451332,4.295842188410048,4.819513608704833,4.901162049789234,95.10385888024923
Czechia,CZE,2009,11.46190478,16272.80848,4077.696631,73.324,113.0492548,10.2,78.81860963,32.99187303,135.214086,2.4390289086443318,9.697250802403131,8.313287556753671,4.294887976857118,4.727823606928702,4.906859344572371,94.03667312470817
Czechia,CZE,2010,11.55092268,16665.93178,4308.571184,73.255,126.7564801,10.9,79.23836064,32.78253746,135.6261815,2.4467653194913943,9.72112190157004,8.368361616302652,4.293946504953277,4.842267766213761,4.909902435777516,94.50021102518471
Czechia,CZE,2011,11.25304018,16926.28467,4144.398953,73.185,136.7508555,12.2,78.00472789,33.31530478,135.9068756,2.42063833036488,9.736622998592699,8.32951305174751,4.29299048193591,4.918160697224021,4.91196991296046,94.80182741672428
Czechia,CZE,2012,10.84820972,16772.35392,4109.544623,73.197,145.4801954,12.8,76.15904235,32.61187757,136.0971773,2.3840000636070378,9.727487209904407,8.321067504028202,4.293154436520857,4.980039963257837,4.913369169545211,94.62400741885382
Czechia,CZE,2013,10.41687908,16759.78086,4110.991728,73.29,145.5022306,13.9,74.91005035,32.37506449,136.1599586,2.3434274789863934,9.726737298771596,8.321419574733364,4.294424173937759,4.9801914170782275,4.913830360770964,94.60941847931456
Czechia,CZE,2014,10.18805366,17118.04256,3984.154061,73.384,156.4151228,14.8,73.97403825,33.52560569,136.30338,2.321215824084102,9.747888306710225,8.290080287886544,4.295705928207354,5.052513516531364,4.914883136634194,95.02132644009794
Czechia,CZE,2015,10.26778819,17931.59877,3982.188363,73.477,154.018401,14.8,75.34945841,33.51506176,136.589289,2.329011634630957,9.794319729941355,8.289586787121634,4.296972432077426,5.037072082288612,4.9169785326421485,95.9286989723185
Czechia,CZE,2016,10.39227236,18359.09781,3927.725159,73.57,148.5470047,14.8,0.0,33.02612208,136.8518586,2.3410624876468753,9.817880524078237,8.275815697321677,4.298237333944173,5.0009014381240435,4.91889901668785,96.39077798507476
Czechia,CZE,2017,10.41820246,19257.69307,4089.513413,73.675,147.7508349,14.5,0.0,32.23450692,137.2158788,2.343554512806658,9.865665899881135,8.316181272032715,4.299663528623759,4.995527307031663,4.92155544328892,97.33136364807744
Czechia,CZE,2018,10.28594926,19736.62953,4081.418687,73.792,145.1417179,14.7,0.0,31.24494021,137.6755343,2.3307788144220276,9.890231555248105,8.314199924360482,4.301250324646594,4.977710629938136,4.924899716019896,97.81668021642535
Czechia,CZE,2019,9.679952998,20360.05992,4002.246117,73.921,138.15461,15.9,0.0,30.81729276,138.2268103,2.270057045698185,9.921330413685668,8.294611011753473,4.302996955380452,4.928373420338553,4.92889588890076,98.43279717752424
Czechia,CZE,2020,8.823411191,19233.14695,3764.471612,74.061,128.7804303,17.0,0.0,29.67284901,138.5759288,2.1774085515969475,9.86439047313988,8.233362788286847,4.304889077959795,4.858108863461808,4.931418397791074,97.30619940657282
Czechia,CZE,2021,9.437488268,20373.8783,4056.317001,74.214,137.3781163,17.2,0.0,28.5164056,136.1083491,2.2446898714485424,9.922008883832868,8.308030698282082,4.306952811620928,4.922737097088877,4.9134512531101855,98.44626029085836
Denmark,DNK,2000,9.954985527,49266.98828,3491.171686,85.1,83.04208595,10.7,88.24068187,23.67975779,133.4904,2.2980734836728125,10.805009526817647,8.157992685500457,4.443827035579329,4.419347538923854,4.894029565142288,116.74823087462012
Denmark,DNK,2001,10.21765576,49557.151,3586.448229,85.15,83.9226646,11.1,88.209355,22.89763479,133.969575,2.32411718077367,10.810881848214997,8.184917640497854,4.444414407108697,4.429895715252224,4.897612721931844,116.87516633606451
Denmark,DNK,2002,10.09598151,49624.59654,3536.239746,85.25,84.48459255,11.9,87.9614995,22.65510341,134.398275,2.3121374743787966,10.81224188778012,8.170819222929707,4.445588116163626,4.436569181051383,4.900807593185253,116.90457463986701
Denmark,DNK,2003,11.07564797,49708.09091,3729.383144,85.36,80.76130018,12.7,89.64242956,22.16953279,134.76435,2.4047488216689152,10.813922993804876,8.223998122017887,4.446877606993498,4.391497892621632,4.903527697625569,116.94093051594182
Denmark,DNK,2004,10.01735028,50956.30454,3598.353129,85.566,82.00773082,14.4,85.44675467,22.13709947,135.113075,2.3043186175717008,10.838723770740588,8.18823155560888,4.449288007982685,4.406813521113017,4.9061120204460975,117.47793297841706
Denmark,DNK,2005,9.349725211,52015.18412,3484.59359,85.856,89.39879525,16.1,82.25896469,22.11186319,135.4858,2.235346953670864,10.85929095724688,8.156106699464642,4.452671474243213,4.493107206137884,4.908866837780191,117.92420009414387
Denmark,DNK,2006,10.78149116,53823.15903,3729.69718,86.098,97.42986077,15.3,86.6011717,22.6855311,135.9318,2.377830882445231,10.893459118767929,8.224082324355587,4.4554861823601755,4.579132742410262,4.91215328936939,118.66745157226813
Denmark,DNK,2007,9.86619275,54113.97715,3626.532246,86.293,100.0476746,17.7,81.94758966,22.05830805,136.53595,2.2891140394137324,10.898847789136957,8.19603216653286,4.4577484824009845,4.605646818380824,4.9165879499126035,118.78488313077553
Denmark,DNK,2008,9.216871714,53572.53466,3502.694553,86.487,104.4703102,18.5,80.10435724,22.60899436,137.340525,2.2210356865030345,10.888791802670756,8.161287823563566,4.459994113625966,4.648902918118484,4.922463425815193,118.56578692190985
Denmark,DNK,2009,8.771006112,50635.91181,3359.266725,86.654,89.39485666,19.3,78.86383248,19.84596017,138.077375,2.171451521810867,10.832416323108943,8.119477992533033,4.46192317781975,4.493063148757115,4.927814216435988,117.34124339715706
Denmark,DNK,2010,8.314961399649999,51209.44928,3498.022256,86.795,94.38772823,21.2,78.56007908,19.36793546,138.692075,2.1180564703791545,10.84367935024919,8.15995301805116,4.4635490163205125,4.54741106713748,4.932256187981083,117.58538185102068
Denmark,DNK,2011,7.273194595766666,51667.53132,3218.553174,86.957,102.0129305,23.8,75.0927558,19.84592379,139.2643,1.9841956167290404,10.852584842319049,8.076687212717077,4.465413743597808,4.6250995748575265,4.936373566533033,117.77859775973317
Denmark,DNK,2012,6.303674768373333,51470.68985,3072.087221,87.142,104.3622805,26.9,71.31203775,19.85064215,139.7893,1.8411327599133638,10.848767795510158,8.030112486117115,4.467538971998096,4.647868312272009,4.940136288959232,117.69576268089833
Denmark,DNK,2013,6.429907699635,51970.39093,3075.551428,87.292,103.6128132,27.0,71.39673019,19.73435986,140.3733,1.8609601835018645,10.858429430198555,8.031239490342463,4.469258820616753,4.640661001714379,4.944305302566754,117.90548969060212
Denmark,DNK,2014,5.6240353686999995,52368.3626,2881.052507,87.41,103.2108592,30.2,67.50530309,19.40444793,141.086875,1.727049443375502,10.866057920792763,7.965910960187454,4.470609692592396,4.636774072317922,4.9493758353968555,118.07121473802313
Denmark,DNK,2015,5.145877389808334,53094.01336,2847.987911,87.526,105.1303625,32.5,64.21185469,19.56444285,142.087075,1.6381958872656224,10.87981945812456,7.9543680277897115,4.4719358920825165,4.6552011276936565,4.9564400738937255,118.37047144138579
Denmark,DNK,2016,5.236264601399999,54300.20396,2891.026883,87.642,101.4527838,32.0,0.0,20.23196293,143.20025,1.65560838179754,10.902283262084401,7.969367040831639,4.473260335096729,4.6195935060136355,4.964244000335078,118.85978032672568
Denmark,DNK,2017,4.7849813878,55601.01457,2896.570676,87.757,104.2156769,35.0,0.0,20.42362523,144.1245,1.5654821352003832,10.925956727734057,7.971282790722333,4.474571631244125,4.646462568098755,4.970677509372451,119.37653041631711
Denmark,DNK,2018,4.66644803572,56355.07331,2870.416286,87.874,108.8139855,34.6,0.0,20.57556363,144.8409,1.540398190361106,10.93942754753595,7.9622123456220715,4.475903970265225,4.689639869359403,4.975635898631242,119.6710750677884
Denmark,DNK,2019,4.07757245713,57114.62273,2757.249865,87.994,111.8914751,37.2,0.0,20.64022005,145.36055,1.4055018253441112,10.952815452701078,7.921989036224427,4.477268630335539,4.7175294292165075,4.979217207790168,119.96416634092752
Denmark,DNK,2020,3.6544892678666665,55934.55559,2637.043006,88.116,104.4334327,39.5,0.0,19.55505441,145.7851,1.2959563482440715,10.931937636134602,7.877413494904412,4.478654128257474,4.648549860773784,4.982133619564935,119.5072604803362
Denmark,DNK,2021,3.7560072881433335,59803.92022,2756.122648,88.24,111.4140437,39.5,0.0,19.79677157,146.418325,1.3233565017443825,10.99882649330845,7.9215801333204245,4.480060374945247,4.713253385077215,4.986467764459032,120.97418422990384
Dominican Republic,DOM,2000,2.21432657,4123.105732,856.2563861,61.753,79.3003931,19.1,85.59982332,31.67042451,177.6897123,0.7949483256674125,8.324361976811751,6.7525698477676,4.123142557323923,4.373243085753358,5.1800388398437365,69.29500232098924
Dominican Republic,DOM,2001,2.194928765,4158.984303,819.6530737,62.565,70.51056781,18.9,85.91337216,29.73277263,180.5067895,0.7861495926975535,8.333026165511216,6.7088811698806845,4.1362060163170185,4.255762596598823,5.195768392023959,69.43932507509456
Dominican Republic,DOM,2002,2.373886369,4280.801824,882.2007938,63.371,68.7232829,17.9,83.9784627,31.08810875,183.2381495,0.8645284302567482,8.361895613085586,6.782419687466399,4.149006343548617,4.230088048653691,5.2107866701899885,69.92129824413998
Dominican Republic,DOM,2003,2.092494728,4162.666861,783.89237,64.605,84.44950319,18.9,85.40772845,31.88230291,185.8956738,0.7383570039040065,8.333911220211975,6.664271727762946,4.1682918071741835,4.436153760347222,5.225185622805184,69.45407622637505
Dominican Republic,DOM,2004,1.913410944,4212.010441,749.3869059,66.003,81.35142294,20.7,80.75409453,31.81294451,188.4680604,0.6488874839069085,8.34569535212069,6.619255413428713,4.189700195538854,4.398778325091666,5.238928551682537,69.65063091040888
Dominican Republic,DOM,2005,2.036436939,4549.24957,772.0377115,67.37,61.65355874,19.4,83.90853401,30.26935768,190.9549576,0.7112016822451105,8.422717568672272,6.6490333979249625,4.210199814972569,4.1215309528429565,5.252037576151989,70.94217124162056
Dominican Republic,DOM,2006,2.202601105,4904.717158,792.6097043,68.71,63.76648264,18.0,82.57653192,31.10986127,193.359201,0.7896389824284136,8.49795270632052,6.675330924309947,4.229894749042985,4.155227701835616,5.264549604198026,72.21520019886024
Dominican Republic,DOM,2007,2.194262948,5204.785007,812.2797114,70.02,61.22925915,17.9,82.37724589,30.54694685,195.7287932,0.7858462033499728,8.557333675104733,6.6998447530122505,4.2487809155265195,4.114625165955616,5.276729992859089,73.22795962708147
Dominican Republic,DOM,2008,2.16381685,5308.92665,772.574772,71.3,61.42850583,17.7,85.9990467,29.37550316,198.1604223,0.7718737224671918,8.577144956326991,6.6497287963208445,4.26689632742025,4.117873991748004,5.28907691628501,73.56741560184555
Dominican Republic,DOM,2009,2.045802771,5294.649534,743.5873877,72.542,50.65093768,17.3,84.35373187,27.35617088,200.6885738,0.7157902655222067,8.574452067742994,6.6114862945684285,4.284165704469997,3.9249577434552156,5.301754322442705,73.5212282620221
Dominican Republic,DOM,2010,2.13037955,5666.456334,773.4042549,73.753,56.05739642,16.9,84.67326566,27.27299569,203.2741668,0.7563001563352009,8.642319216151959,6.650801880709653,4.300721672358705,4.026376101918223,5.314555643204674,74.68968143386941
Dominican Republic,DOM,2011,2.123587858,5773.574035,780.0827495,74.827,59.06925784,16.8,85.48490275,27.54325372,205.8708549,0.7531070440617588,8.661046584553826,6.659400003159151,4.315178782415962,4.078710617163696,5.327249054233181,75.0137279398115
Dominican Republic,DOM,2012,2.172483328,5860.298933,791.4299466,75.802,58.50625367,16.5,86.17988197,27.36303479,208.453964,0.7758709040197938,8.675955893727306,6.673841368265734,4.328124677524516,4.069133648866257,5.339718220696725,75.27221066990157
Dominican Republic,DOM,2013,2.106832631,6075.034,762.3559203,76.749,56.8137658,16.6,85.22869193,28.04281685,211.008756,0.7451856969256074,8.711942864900907,6.63641353364334,4.340540357066463,4.039778651997526,5.351899630245396,75.89794848129782
Dominican Republic,DOM,2014,2.103023713,6430.278111,745.7862129,77.67,55.66010415,17.3,85.9892429,28.38600074,213.5277996,0.7433761724534725,8.768773068395854,6.614438981250435,4.352469082431556,4.019263627278171,5.363767033091534,76.89138112502444
Dominican Republic,DOM,2015,2.287368581,6800.953094,797.9231707,78.566,52.34712387,14.9,76.7792422,26.93456329,215.9972883,0.8274020655882097,8.824818042224932,6.6820123154965545,4.363939035875226,3.9578969954061205,5.375265853438695,77.87741347837867
Dominican Republic,DOM,2016,2.356543142,7177.753765,842.6382492,79.436,51.73065712,15.3,0.0,25.87955149,218.410888,0.8571957748737301,8.878741766995441,6.736537742770503,4.374951666001918,3.946050586815083,5.38637809610796,78.83205536498933
Dominican Republic,DOM,2017,2.229253773,7379.399781,824.3965716,80.277,50.75953555,16.9,0.0,25.78400498,220.7998965,0.8016668985288962,8.90644758379921,6.7146516903468125,4.385483154022118,3.927099492883128,5.39725684565283,79.32480856296279
Dominican Republic,DOM,2018,2.376245043,7818.705932,860.8644316,81.074,52.33517096,15.9,0.0,26.9196437,223.184703,0.8655215287583575,8.964274338004294,6.757937037442767,4.395362317858911,3.9576686299490706,5.407999693212292,80.35821440700234
Dominican Republic,DOM,2019,2.618366753,8117.046392,938.5834947,81.828,50.9129822,14.4,0.0,27.35643695,226.0267745,0.9625507466753968,9.001721622156941,6.844371818185456,4.404619483326516,3.9301179440811653,5.420653463494061,81.03099216280779
Dominican Republic,DOM,2020,2.443637982,7395.873426,842.6118205,82.54,44.73316135,16.0,0.0,28.82431758,228.3973491,0.8934879051331446,8.90867747851525,6.736506378048462,4.413283024324436,3.800715091227208,5.431086871322206,79.36453441620482
Dominican Republic,DOM,2021,2.666990067,8344.905103,939.1955823,83.213,51.95002273,14.8,0.0,30.86895932,230.7869908,0.9809505207834928,9.029406464311684,6.845023745378783,4.421403585621403,3.9502821550812333,5.441495167360764,81.53018109775363
Ecuador,ECU,2000,1.737122086,3953.398797,638.7560542,60.299,65.40429538,19.4,91.47918589,34.69291132,51.09198744,0.5522297703388529,8.282330942852745,6.4595226196726045,4.099315519847701,4.18058793489968,3.9336276833494503,68.59700584693604
Ecuador,ECU,2001,1.882858767,4049.000189,668.563681,60.799,56.12848674,17.1,93.05923283,28.46381003,51.98397488,0.6327912426135165,8.306225262710353,6.5051316515413715,4.1075733414684406,4.027643468676199,3.9509354957010197,68.99337811488766
Ecuador,ECU,2002,1.849233305,4174.897936,709.3057439,61.118,54.79664394,17.1,83.70027803,27.98097463,52.90091802,0.6147711234607696,8.336845190519071,6.56428666615918,4.112806421809783,4.003628950107801,3.9684206925889134,69.50298773068097
Ecuador,ECU,2003,1.857331114,4220.212985,770.2157372,61.316,52.3575427,16.6,76.67803866,27.54686486,53.84243034,0.6191405723456488,8.347640876135618,6.646670653786971,4.116040820303861,3.9580960090771575,3.9860618243622676,69.68310819693022
Ecuador,ECU,2004,1.927171447,4430.23718,785.5919269,61.514,56.07454672,16.7,70.26821961,29.66373838,54.79425431,0.656053356413834,8.39620840110938,6.666437480638167,4.1192647911823235,4.026681996913949,4.003585340099332,70.49631551485973
Ecuador,ECU,2005,2.039330318,4589.328492,837.8914187,61.711,61.95815079,16.2,68.32309226,32.12447307,55.75037446,0.7126214784717352,8.431488994312772,6.730888520129871,4.122462197030718,4.126459169880566,4.020884127088971,71.0900066612174
Ecuador,ECU,2006,2.146231637,4706.980568,811.0273915,61.907,65.84235562,14.2,69.73764853,34.79334838,56.7165848,0.7637135773397143,8.456801913073097,6.698301828514225,4.125633258918825,4.187263333675336,4.038066668845498,71.51749859695678
Ecuador,ECU,2007,2.152284777,4715.303598,875.4760083,62.104,68.85058545,15.9,72.40038406,35.43522929,57.69356177,0.766529964864224,8.458568582814348,6.774767747923812,4.128810399103379,4.231938728406485,4.055145586179234,71.54738247017391
Ecuador,ECU,2008,2.186748424,4939.90215,762.8247113,62.3,74.59029636,15.3,73.10306672,38.92016148,58.68578676,0.7824157026133262,8.505100802293486,6.637028268718058,4.131961425793407,4.312010423145933,4.072197563954511,72.3367396571733
Ecuador,ECU,2009,2.33877024,4909.336817,830.3440691,62.495,57.34734606,12.9,82.29926757,31.09162133,59.69541794,0.8496252527643323,8.498894143845312,6.7218401559765635,4.135086553542185,4.049126566305824,4.089255266029229,72.23120166828815
Ecuador,ECU,2010,2.478931888,5022.203744,867.4652267,62.69,65.77738491,11.8,79.05597863,33.90617518,60.70500483,0.9078277770805944,8.5216241091853,6.765575426521933,4.138201945285877,4.186276084877923,4.106026146561045,72.61807745824815
Ecuador,ECU,2011,2.462921892,5359.457246,891.3467179,62.851,70.03568375,13.2,78.68000188,37.40570052,61.70972379,0.9013484060898713,8.586617988863074,6.792733485223593,4.1407668458086455,4.249004880019007,4.12244151638713,73.73000848666693
Ecuador,ECU,2012,2.435289465,5579.856243,872.1417056,62.988,67.00292909,13.2,77.97345829,37.09175038,62.70008858,0.8900656262659812,8.626918292140262,6.77095191712826,4.142944232058163,4.204736336196566,4.138362860397048,74.42371921926426
Ecuador,ECU,2013,2.552588933,5893.321727,911.67014,63.125,63.43330033,11.8,79.82138311,36.83229365,63.64602996,0.9371081119776454,8.681575078121133,6.815278236052744,4.145116887595524,4.149988965350096,4.153336950080921,75.36974583705396
Ecuador,ECU,2014,2.653088308,6055.041728,983.2361243,63.261,61.42637662,12.2,78.14627848,35.71199553,64.56403608,0.9757243606928505,8.708646547458079,6.890849299135048,4.1472690255299876,4.1178393295521225,4.167657538736228,75.84052468855351
Ecuador,ECU,2015,2.598218087,5976.159681,936.659126,63.398,47.82803971,13.1,36.95272357,28.09004234,65.49454421,0.9548258589131283,8.695533446837196,6.8423194230934685,4.149432315204278,3.8676120723237783,4.181966844668209,75.61230192506436
Ecuador,ECU,2016,2.482372308,5849.135879,885.6021582,63.534,40.5344918,14.8,0.0,27.53396379,66.45651071,0.909214678756264,8.67404921632381,6.786267818383328,4.151575195676372,3.702153261047645,4.196547759441634,75.23912980720772
Ecuador,ECU,2017,2.372627759,6104.272535,897.9481076,63.67,43.61772332,17.0,0.0,28.4680087,67.48074972,0.8639980999994024,8.716744220558661,6.800112279995516,4.153713494028934,3.7754635659221303,4.21184236787094,75.98162980664283
Ecuador,ECU,2018,2.42655714,6063.095618,869.583266,63.821,48.00934762,16.3,0.0,28.01474886,68.64852231,0.8864734379065028,8.709975776687932,6.768014092291578,4.156082289796596,3.8713957340314464,4.228999607000523,75.86367803049055
Ecuador,ECU,2019,2.354449282,5971.389384,903.972772,63.986,48.08284949,17.7,0.0,26.65046313,69.81809067,0.8563068495902966,8.694734906947962,6.80679924046955,4.158664309430401,3.8729255540698175,4.245893154840637,75.5984151020994
Ecuador,ECU,2020,2.035356645,5355.689342,785.4252005,64.166,43.98931094,20.2,0.0,23.98113448,70.64770897,0.7106710590673577,8.585914703261825,6.666225227827273,4.1614734753953675,3.7839466712233976,4.2577056807208065,73.71793129168759
Ecuador,ECU,2021,2.255885976,5815.094774,886.1411806,64.361,53.26127561,18.9,0.0,27.34948988,71.19686745,0.8135427898053031,8.668212363014275,6.786876283960509,4.16450785960447,3.9752095307185766,4.265448820961292,75.13790557031352
"Egypt, Arab Rep.",EGY,2000,1.750199129,2458.60835,569.8813561,42.797,39.0179359,8.3,91.48981985,30.7518671,73.41733286,0.5597295694620593,7.807350757469237,6.3454281919699795,3.756468006673146,3.6640214352822067,4.296160050250029,60.95472585015547
"Egypt, Arab Rep.",EGY,2001,1.891426153,2492.034412,634.0951041,42.843,39.81042654,7.8,90.7295039,30.89885698,74.99324828,0.6373311228273538,7.820854688800765,6.4521989496542576,3.757542271138906,3.684128851348196,4.31739808655067,61.165768063336905
"Egypt, Arab Rep.",EGY,2002,1.901352845,2498.481212,636.5261939,42.889,40.98706783,7.3,91.92075725,32.58350488,76.58761063,0.6425656564880043,7.82343831104416,6.456025570175051,3.7586153827988307,3.713256598168854,4.338435322542324,61.20618700671349
"Egypt, Arab Rep.",EGY,2003,1.899082364,2524.804772,647.5398534,42.935,46.17964072,7.4,91.95637052,33.37058683,78.20940077,0.641370803190809,7.833919020700466,6.4731803413321005,3.759687344124448,3.8325390239047468,4.359389854776215,61.37028722289255
"Egypt, Arab Rep.",EGY,2004,2.018352553,2574.423418,692.14136,42.981,57.81990521,7.6,92.86163202,34.66791675,79.84071827,0.7022816108349594,7.853380872685248,6.539790212212519,3.760758157579345,4.0573330971887245,4.380033628330477,61.67559113145851
"Egypt, Arab Rep.",EGY,2005,2.19951901,2635.703052,778.7696403,43.027,62.95264624,6.5,93.66707875,34.14867224,81.47170024,0.7882387046426683,7.876905238290456,6.657715290072561,3.761827825619203,4.142382796779178,4.400255723627309,62.04563613300762
"Egypt, Arab Rep.",EGY,2006,2.283805074,2761.624108,806.4024892,43.073,61.51853651,6.2,93.77973219,36.15473531,83.07840976,0.8258429440186462,7.923574230572905,6.692582984117895,3.7628963506918325,4.119338536065275,4.41978485775587,62.783028587399
"Egypt, Arab Rep.",EGY,2007,2.396306906,2902.065598,844.3844213,43.078,65.07787325,6.0,93.90444192,35.06538668,84.66143453,0.8739287630352282,7.973178037599409,6.738607866372424,3.7630124259551634,4.175584602806418,4.438660179551157,63.57156801925756
"Egypt, Arab Rep.",EGY,2008,2.352712938,3052.212978,859.150259,43.058,71.68062535,5.9,94.21538838,36.21255165,86.25725953,0.855569104002785,8.023622173062675,6.755943829853455,3.762548044039137,4.272220492819468,4.457334220833271,64.378512776063
"Egypt, Arab Rep.",EGY,2009,2.403782485,3135.096613,862.4351162,43.039,56.55344464,5.7,94.47139314,35.81644598,87.90158823,0.877043532130107,8.05041527013603,6.759759918481574,3.762106681382867,4.0351861138811795,4.476217873128578,64.80918602163938
"Egypt, Arab Rep.",EGY,2010,2.373937498,3233.845212,838.1667075,43.019,47.93635007,5.4,94.3283973,35.78451848,89.60376915,0.8645499681239625,8.081427176282876,6.731217015661348,3.76164187856709,3.8698740907302382,4.495397385502368,65.30946520556341
"Egypt, Arab Rep.",EGY,2011,2.407781695,3222.376501,860.0531199,43.0,45.25563416,5.4,94.05864785,35.9517176,91.50942689,0.8787058651142783,8.077874410106888,6.7569941546656125,3.7612001156935624,3.812327174218186,4.516441993094868,65.25205498545971
"Egypt, Arab Rep.",EGY,2012,2.500416456,3220.991942,866.2408667,42.946,40.71176927,5.3,93.8930441,39.25131486,93.58682104,0.9164573004008477,8.077444647620526,6.764163006956466,3.7599435125449405,3.7065172218996723,4.538889572715474,65.24511203537348
"Egypt, Arab Rep.",EGY,2013,2.399352513,3216.37839,825.1899603,42.893,40.37303806,5.3,93.89739021,39.88695442,95.76930333,0.875198914705043,8.076011281959719,6.715613614739179,3.7587086424571017,3.698162187420969,4.561942209099635,65.22195822634066
"Egypt, Arab Rep.",EGY,2014,2.389995047,3235.662462,832.7720909,42.839,36.92018779,5.4,90.22065735,39.89032394,97.97443769,0.8712912935563347,8.081988965568666,6.724760004371292,3.757448902636702,3.608758496024749,4.58470660474797,65.31854563957367
"Egypt, Arab Rep.",EGY,2015,2.403603301,3306.981594,810.8171273,42.785,34.84594296,5.3,62.71065731,36.63020173,100.0525812,0.8769689868333245,8.103791147196723,6.698042538306391,3.756187573870018,3.5509367160826546,4.605695859797401,65.67143095738399
"Egypt, Arab Rep.",EGY,2016,2.460508744,3381.222463,872.5814078,42.732,30.24654905,5.1,0.0,32.45595335,102.1091858,0.9003681350668193,8.125992598532054,6.771455953792796,3.754948054083641,3.409382096977384,4.626042689781861,66.03175571139772
"Egypt, Arab Rep.",EGY,2017,2.527353571,3452.909612,897.2180736,42.705,42.83213436,4.9,0.0,34.39586778,104.1700306,0.9271727359117787,8.146972520389399,6.799298946892555,3.7543160093981105,3.757288623680062,4.646024473746914,66.37316124798
"Egypt, Arab Rep.",EGY,2018,2.427799169,3568.639663,870.8135735,42.704,45.91101967,5.0,0.0,35.32987506,106.1651454,0.8869851551963112,8.179939755378202,6.769427916629815,3.754292592662168,3.8267051682083455,4.66499585719906,66.9114144016168
"Egypt, Arab Rep.",EGY,2019,2.204155642,3701.244635,844.7830134,42.73,41.12401716,6.2,0.0,35.82542441,108.0447617,0.7903445067646688,8.21642442990445,6.739079805505526,3.7549012496559335,3.716592309954969,4.682545601444507,67.50963041233067
"Egypt, Arab Rep.",EGY,2020,2.069140954,3770.869479,805.2594566,42.783,32.12625557,6.7,0.0,32.3694443,109.8147813,0.7271335230741152,8.235060884885291,6.691164531824438,3.7561408274227395,3.469673626342679,4.698795140233521,67.81622777776771
"Egypt, Arab Rep.",EGY,2021,2.250750128,3837.319923,857.8219385,42.862,29.85697348,6.1,0.0,31.18763579,111.46417,0.8112635508763797,8.252529465191806,6.754396547064667,3.757985652512484,3.396418429974746,4.713703193966232,68.10424257385895
El Salvador,SLV,2000,0.975423691,2964.893469,537.1109675,58.912,68.7100889,33.5,55.84689923,26.87772111,286.8419884,-0.024883347504118695,7.994596381275384,6.28620471655026,4.0760448050506675,4.229896042885838,5.658931501077922,63.91357129950147
El Salvador,SLV,2001,1.010965037,2978.597348,568.0056906,59.464,65.89073854,33.1,54.11237224,27.07794506,288.0337838,0.010905356848849255,7.999207780100199,6.342131437332936,4.085371087422993,4.187997893544047,5.66307777811738,63.987325109215554
El Salvador,SLV,2002,1.011620726,3016.063077,582.4536587,60.014,65.91909078,34.0,53.64949248,27.27513578,288.9300676,0.011553723939100435,8.011707643033818,6.3672496263952905,4.094577868337446,4.188428092726969,5.66618467820756,64.18745935744649
El Salvador,SLV,2003,1.09668941,3057.164676,622.3866572,60.561,68.23698248,33.9,53.27102483,26.95253062,289.5076737,0.09229601449595269,8.025243188938507,6.433561534973723,4.1036511215424,4.222986682979465,5.668181803397504,64.4045282416039
El Salvador,SLV,2004,1.136948219,3081.236297,627.6044643,61.107,69.78226418,33.3,51.77576758,25.60392144,289.8007239,0.12834767195473568,8.033086190560017,6.441910134122297,4.112626425900113,4.245379882638356,5.669193527813069,64.53047374496605
El Salvador,SLV,2005,1.170661675,3163.361184,643.9031522,61.648,69.71581168,34.1,51.39137704,24.47128861,289.8444981,0.1575691231435059,8.05939040711207,6.46754833001282,4.1214407878838015,4.244427145410736,5.669344565718401,64.95377373425006
El Salvador,SLV,2006,1.230624364,3302.348174,686.9578276,62.187,73.45556751,34.8,50.85139691,24.47179324,289.6872104,0.20752165360055572,8.102389062288967,6.532272904020811,4.130145974685484,4.296680699747212,5.6688017560617245,65.6487085166999
El Salvador,SLV,2007,1.293964682,3359.162302,694.5373117,62.774,77.62105603,28.2,51.3173186,24.52193337,290.0494208,0.2577109020431697,8.119446906992176,6.543245885301323,4.139540975008363,4.351838730975756,5.6700513250129925,65.9254180754648
El Salvador,SLV,2008,1.175294566,3420.449274,702.3006958,63.678,80.66597394,31.5,47.38970634,25.88129465,290.9892375,0.16151881064560014,8.137527188095472,6.55436165390918,4.1538391340077405,4.390316849931042,5.673286281951465,66.219348736993
El Salvador,SLV,2009,1.13996064,3337.811509,689.4224675,64.57,66.07119117,32.2,47.71324112,24.97003117,291.9053571,0.13099373549456764,8.11307063438293,6.535854243485,4.167749906638376,4.190732814788009,5.6764296302096495,65.82191511848664
El Salvador,SLV,2010,1.107535304,3398.493461,697.0369273,65.452,73.53728767,32.6,46.67901485,25.27591186,292.8691602,0.10213709962998942,8.131087512700686,6.546838389701448,4.181317049566649,4.297792592816017,5.679725957064504,66.11458413919704
El Salvador,SLV,2011,1.152652482,3514.069144,692.505313,66.325,79.2766437,29.5,48.20968272,26.19541328,293.9250483,0.1420657925600694,8.164529945275143,6.540315910234228,4.194566900023803,4.372943554362726,5.683324797081426,66.65954922729453
El Salvador,SLV,2012,1.144083841,3601.442229,701.4574046,67.187,77.64857162,30.3,47.74592127,26.58935807,295.0760135,0.13460417785961476,8.189089663384436,6.5531601772427885,4.207479776433826,4.3521931543192585,5.687232996029221,67.06118951494982
El Salvador,SLV,2013,1.079748141,3665.154733,660.0941502,68.036,80.45119449,27.5,47.14748723,26.12164271,296.2760135,0.07672781116235461,8.206625832529141,6.49238247666485,4.220036976851845,4.387650720935377,5.691291497877032,67.34870755513462
El Salvador,SLV,2014,1.104713567,3713.94992,649.0431757,68.874,78.10442575,24.0,49.22685606,26.013534,297.4399131,0.09958608598298593,8.219851257707576,6.475499240993612,4.232278748311415,4.35804672297376,5.695212231813328,67.56595469883682
El Salvador,SLV,2015,1.174527902,3790.340891,674.3539967,69.7,76.56027074,21.0,51.92973491,25.28892954,298.4399614,0.16086628132677366,8.240211238886557,6.513755190689576,4.244200317766478,4.338078283449836,5.698568778264074,67.90108126147233
El Salvador,SLV,2016,1.181573345,3875.846914,686.997805,70.501,72.81909337,20.7,0.0,24.83482787,299.2664093,0.16684689358519258,8.26251947635864,6.532331097166299,4.255626894114789,4.2879781923813995,5.701334177688263,68.26922809720587
El Salvador,SLV,2017,1.066816576,3954.840143,674.6654416,71.275,74.30465119,25.0,0.0,25.17147273,299.8809363,0.06467905126275048,8.282695460421548,6.514216925927321,4.266545634798736,4.308173549898997,5.703385516878886,68.60304409008772
El Salvador,SLV,2018,1.141353743,4046.162917,694.5677552,72.023,75.63361689,23.2,0.0,25.07550676,300.1837355,0.13221505175290144,8.305524283105859,6.543289717118987,4.276985512448986,4.325900852207177,5.704394738850887,68.98173361726109
El Salvador,SLV,2019,1.302408524,4143.114371,734.8032084,72.746,76.0420131,19.4,0.0,25.34814372,300.3049228,0.2642152610850163,8.329203047537545,6.5996027196896305,4.286973921722121,4.331285991493885,5.7047983677953145,69.37562340710873
El Salvador,SLV,2020,1.067257256,3808.531954,669.910725,73.444,66.45950695,23.7,0.0,23.7247499,300.9012066,0.06509204541473891,8.244999079957505,6.507144457238282,4.296523211059941,4.1965928441508105,5.7067819935980495,67.98000982850012
El Salvador,SLV,2021,1.203910239,4247.547504,722.1483969,74.118,81.84507598,21.9,0.0,24.1049005,301.9199807,0.18557479178188518,8.35409703747413,6.582230653645799,4.305658417782731,4.404828142936042,5.710162017696019,69.79093731153404
Equatorial Guinea,GNQ,2006,6.448573878,10521.99968,1362.758902,59.431,118.5327824,7.0,0.0,82.91490224,35.30634581,1.8638590021745005,9.261223551878283,7.217266528302434,4.084815975755598,4.775189567041828,3.564062715771591,85.770261677865
Equatorial Guinea,GNQ,2007,6.888124443,11594.91721,1453.90112,61.1,134.0837899,8.5,0.0,81.30169858,36.93561497,1.9297988335998606,9.358322109517527,7.282005650278922,4.11251186617755,4.8984649022949185,3.6091762609030082,87.57819270548457
Equatorial Guinea,GNQ,2008,6.091763252,13048.07031,1403.26066,62.745,128.6880066,7.2,0.0,84.34919433,38.66417112,1.8069375721635157,9.47639553285163,7.246553850444086,4.139078893562272,4.857390921448545,3.6549133603554593,89.80207229505032
Equatorial Guinea,GNQ,2009,4.823395467,12627.86238,1375.883498,64.358,122.2120771,9.2,0.0,75.32473243,40.48745098,1.5734781337858847,9.443660951614063,7.226851347757661,4.16446124643935,4.805757872459637,3.700992073752658,89.18273216904024
Equatorial Guinea,GNQ,2010,4.806973429,10984.32439,1352.164835,65.94,144.668225,5.7,0.0,74.74456143,42.3916221,1.5700676613325775,9.304224479968747,7.209462168550044,4.188745237643585,4.974443017263679,3.7469507507329127,86.5685931736497
Equatorial Guinea,GNQ,2011,4.79451779,11203.90737,1451.364328,67.488,114.3773466,5.6,0.0,78.06487369,44.27219251,1.5674731381063314,9.324017868762816,7.280259308892835,4.211949804296364,4.7395030401065315,3.790356771381701,86.93730921700828
Equatorial Guinea,GNQ,2012,4.325607681,11650.71963,1434.922282,69.0,116.6754225,4.4,0.0,77.31150427,46.11347594,1.4645526347914979,9.363123227901559,7.268865967842059,4.23410650459726,4.759395912999239,3.8311052270252084,87.66807658086971
Equatorial Guinea,GNQ,2013,4.251391677,10731.64557,1674.897318,69.544,106.8932849,3.7,0.0,72.44925774,47.99351159,1.4472463827469226,9.280952185469038,7.4235071396935135,4.241959645776763,4.671830999406875,3.8710658265625657,86.13607346896252
Equatorial Guinea,GNQ,2014,4.084716122,10363.48725,1480.617013,70.083,104.3791987,4.9,0.0,70.19094522,49.90474153,1.4072522331187733,9.246044066316857,7.300214180554896,4.249680253931069,4.648030409427801,3.9101160188845805,85.48933087627316
Equatorial Guinea,GNQ,2015,3.718835179,9068.910032,1329.541864,70.616,98.87805917,5.5,0.0,59.10058727,51.83326203,1.313410495326792,9.112607363010225,7.192589698716843,4.257256747717932,4.593887365381633,3.9480320673232234,83.03961295238817
Equatorial Guinea,GNQ,2016,3.573365619,7971.834019,1510.323946,71.138,92.60073072,4.8,0.0,52.33025433,53.76777184,1.2735079021016398,8.983669860619198,7.320079440574725,4.264621652546256,4.528297032765707,3.9846742512425033,80.70632416459776
Equatorial Guinea,GNQ,2017,3.127888192,7259.109365,1291.244826,71.646,102.4282583,5.0,0.0,56.86222809,55.70039216,1.1403580777986995,8.890012423296158,7.1633620134558305,4.271737325779303,4.6291626344963985,4.01998718748296,79.03232088636003
Equatorial Guinea,GNQ,2018,2.896892024,6578.900398,1409.340059,72.143,103.6456816,4.8,0.0,57.29508162,57.62645276,1.0636384464322695,8.79162289758851,7.2508768305433655,4.278650260416105,4.640978174723932,4.053981711584714,77.29263317340259
Equatorial Guinea,GNQ,2019,2.727315728,6018.120663,1273.743152,72.627,94.87879243,7.4,0.0,52.07541004,59.54285205,1.0033178756728214,8.702530307337938,7.149715208271256,4.285336753519226,4.5526002078286245,4.08669625585121,75.73403375013534
Equatorial Guinea,GNQ,2020,2.603602281,5575.262415,1121.379083,73.1,77.92788464,6.5,0.0,45.40541058,61.19315508,0.9568959788103497,8.62609466517572,7.022314530938475,4.291828366755733,4.355783843126732,4.114035338165111,74.40950917257304
Equatorial Guinea,GNQ,2021,2.477959229,5487.924792,1300.883961,73.561,76.9666486,5.2,0.0,50.20179211,62.70181818,0.9074353298835407,8.610305465230187,7.170799282374771,4.298114993988471,4.343372192958661,4.138390445304563,74.13736020457283
Equatorial Guinea,GNQ,2022,2.307233809,5524.243124,1283.935168,74.01,81.81301614,4.2,0.0,56.21099906,64.29750446,0.8360493216939163,8.61690152587059,7.157684990763294,4.304200219209375,4.404436352466108,4.163520819603942,74.25099190655091
Eritrea,ERI,2000,0.298304741,845.1324301,315.395535,26.587,67.88136193,76.8,28.23366717,19.16068042,22.24783168,-1.2096396941918228,6.739493337089397,5.753827517802226,3.2804223745197163,4.21776150395379,3.102244551279168,45.42077044067237
Eritrea,ERI,2001,0.318025465,893.2687354,322.6685412,27.455,72.06271096,74.8,28.20966247,18.53351043,22.89187129,-1.1456238207917293,6.794887471102815,5.776625608095724,3.312548300730836,4.277536725483796,3.1307818820428444,46.17049574495
Eritrea,ERI,2002,0.303178717,889.0091136,299.8327078,28.341,76.59016366,74.7,28.00905088,19.17384491,23.69285149,-1.1934328222687052,6.7901074869799185,5.703224678450152,3.344309519455107,4.3384686567517035,3.165173377748633,46.10555968474075
Eritrea,ERI,2003,0.280844925,830.3796723,330.9494717,29.244,74.00782429,75.0,28.81266199,19.69660113,24.69210891,-1.2699526303111675,6.7218830327044845,5.801965710250015,3.3756744244310695,4.30417082126341,3.206483715262243,45.183711505360435
Eritrea,ERI,2004,0.276066819,808.5914202,268.6676676,30.164,65.57090685,69.8,37.51330971,19.61273885,21.47650541,-1.2871123447398496,6.695293746465242,5.593475179389891,3.4066491603404008,4.183132104437631,3.0669595659954605,44.826958351456575
Eritrea,ERI,2005,0.227039153,809.7947935,264.1901467,31.099,61.10603102,74.7,37.29147884,20.4623875,21.98890999,-1.4826327961975183,6.696780874212117,5.57666909654037,3.4371756643273907,4.112610568671274,3.090538234897914,44.84687407721321
Eritrea,ERI,2006,0.200998557,789.402432,245.3833871,32.051,45.26084605,77.3,27.05991774,18.15290725,22.34224742,-1.604457550053309,6.671276244044877,5.502821832756236,3.4673283841279803,3.8124423331371733,3.106479389297346,44.50592672435753
Eritrea,ERI,2007,0.193203467,789.0727017,244.4337244,33.017,34.55955953,79.1,27.88873503,19.19520823,22.6651486,-1.644011412230156,6.670858460707331,5.498944206321268,3.497022580336643,3.542684198773617,3.120828440735758,44.50035260279058
Eritrea,ERI,2008,0.164398523,693.3988742,239.259164,34.0,30.56095005,81.4,19.1234598,25.91468245,23.26437552,-1.8054617805853304,6.54160540965572,5.4775473326298245,3.5263605246161616,3.419723051838657,3.146923242898963,42.792601335636974
Eritrea,ERI,2009,0.166523251,702.4309365,244.6779219,34.585,27.97214161,81.7,22.68392503,21.81933914,23.8530993,-1.7926203336655384,6.554547085343026,5.499942741204408,3.5434200620525482,3.3312090723913683,3.171914158577156,42.962087493978764
Estonia,EST,2000,12.43857307,10006.76963,3377.645509,69.368,126.4956264,19.8,28.62670855,24.88270145,32.95553197,2.5208023757479907,9.21101710594009,8.124934150771642,4.239425666074859,4.84020773365684,3.495159136689676,84.84283612592095
Estonia,EST,2001,12.79375268,10662.9455,3589.377473,69.242,126.5466401,18.9,31.44989143,25.37864221,32.7462845,2.5489569799047245,9.274529972873166,8.185734060596209,4.237607614928394,4.840610936658432,3.4887895052636004,86.01690621772273
Estonia,EST,2002,12.32377569,11474.66227,3375.565153,69.116,123.2823454,19.3,29.93954712,25.48283317,32.53951404,2.511530379497699,9.347896602687342,8.124318042028726,4.235786252450875,4.814477215814664,3.482455167444587,87.38317089453355
Estonia,EST,2003,13.88357943,12424.04415,3680.058508,68.989,122.7447728,19.9,29.21438643,26.10580683,32.33592828,2.6307068058380576,9.427388918428132,8.210683929949633,4.23394707159864,4.810107181653848,3.4761789426974,88.87566181930156
Estonia,EST,2004,14.23977102,13348.52845,3952.338212,68.862,129.9495001,20.0,28.80970375,25.426103,32.14319415,2.6560388257983645,9.499161429288373,8.282062635165516,4.232104501926586,4.8671459142159215,3.47020073776081,90.23406785967993
Estonia,EST,2005,14.30318688,14703.61797,4015.428326,68.735,135.9127921,18.9,29.00982437,26.25529265,31.95977825,2.6604823711778,9.595848862892332,8.297899302135384,4.2302585309233836,4.912013445498419,3.464478182513553,92.08031539947206
Estonia,EST,2006,13.89654071,16234.5152,4006.739626,68.607,136.6207377,17.2,29.59490707,26.9431146,31.77188016,2.63163993937925,9.694894822680553,8.29573312873949,4.228394570342356,4.917208748937786,3.4585816268891656,93.99098562283818
Estonia,EST,2007,16.60455888,17543.46618,4690.139703,68.479,133.9808292,18.6,25.87613043,26.84221587,31.62727058,2.809677288983519,9.772436862138218,8.45321764841673,4.226527128923126,4.8976967240444,3.4540197414664506,95.50052222447785
Estonia,EST,2008,15.05919572,16688.99777,4142.509477,68.351,136.6819882,20.5,27.82066431,26.13194165,31.5425808,2.7119888158991663,9.722504965122447,8.329057037047045,4.224656193640841,4.917656973527012,3.451338404439685,94.52710279683063
Estonia,EST,2009,12.59738557,14274.85111,3360.664489,68.223,116.7590799,24.2,25.28600036,23.2761523,31.48183534,2.5334892979830372,9.566254604347225,8.119893997987745,4.2227817513974015,4.760112665687649,3.449410723628627,91.51322715519449
Estonia,EST,2010,16.1910663,14657.93981,4419.422683,68.094,143.6717623,25.3,19.65917798,24.03454918,31.41012031,2.7844596271637503,9.592737434187285,8.393764351835017,4.220889103547057,4.967531269252123,3.4471301438520383,92.02061148125806
Estonia,EST,2011,16.32737926,15820.92234,4311.694918,67.965,166.7460724,25.2,18.55413253,25.34667451,31.31490918,2.792843407881404,9.66908854177132,8.369086358230515,4.218992866787211,5.116472130695249,3.4440943157656023,93.49127322861342
Estonia,EST,2012,15.51649056,16460.68435,3984.063448,67.974,169.1560678,25.0,20.49414614,24.63167814,31.20301958,2.7419033654739113,9.70873004991599,8.290057544280488,4.219125279119407,5.130821766886012,3.4405148715426743,94.25943918214175
Estonia,EST,2013,17.38577554,16809.53267,4435.566864,68.122,164.6016322,24.5,17.92647211,24.67800446,30.31969174,2.8556523741858646,9.729701425302354,8.39741070258493,4.221300215316517,5.103528204354194,3.4117973938359443,94.66708982553065
Estonia,EST,2014,16.67557976,17413.68676,4226.201211,68.269,157.9539448,25.3,15.7466117,24.10602104,30.24028065,2.813945359413179,9.765011771400891,8.349058809678619,4.223455783600631,5.0623035019283105,3.4091748320222344,95.35545489559797
Estonia,EST,2015,15.19757763,17722.15577,3695.119191,68.416,148.5071571,28.2,14.74589796,23.11548514,30.26011042,2.7211360487046807,9.782570874208615,8.214768090236875,4.22560671540258,5.000633153040963,3.409830357395191,95.6986929089147
Estonia,EST,2016,15.18464193,18264.98733,4579.421117,68.563,147.7462327,27.2,0.0,23.23404176,30.2689211,2.7202845177126083,9.812741245552711,8.429327875451756,4.227753030625084,4.995496158160795,3.4101214798480366,96.28989075217137
Estonia,EST,2017,16.10972959,19270.81412,4444.846671,68.717,144.6356509,27.5,0.0,23.18086204,30.816,2.7794234118214423,9.866347008569958,8.399500652639889,4.2299966213098035,4.974217827746005,3.428034035615715,97.34480329351736
Estonia,EST,2018,16.91315356,19914.34549,4282.715133,68.88,143.4852249,28.6,0.0,23.28866055,30.9234386,2.8280916363570614,9.89919562989867,8.362342464313054,4.232365860119475,4.966232067529349,3.431514427108987,97.99407411900494
Estonia,EST,2019,11.08434861,20579.87567,3661.499254,69.051,140.352148,31.3,0.0,22.31338488,31.03854971,2.405534078148146,9.932068968067556,8.205627974759468,4.234845362009667,4.944154607286431,3.4352299709631433,98.64599398645052
Estonia,EST,2020,8.635283959,19946.9457,3368.237307,69.229,137.3926413,40.4,0.0,21.77170781,31.09992982,2.1558565957134257,9.900831312852993,8.122144832203116,4.23741984998067,4.922842821585475,3.4372055625910023,98.02646068557033
Estonia,EST,2021,9.248782056,21351.39548,3427.299681,69.415,160.3946816,38.0,0.0,22.65161698,31.13291228,2.2244918732335064,9.968872378581654,8.139527965089565,4.240102982486766,5.077637537775473,3.4382655322782325,99.37841650044825
Eswatini,SWZ,2013,0.85151196,3342.186958,1022.776772,22.999,85.17807426,66.1,0.0,36.55900392,65.69709302,-0.16074173317650875,8.114380649541573,6.9302765329518765,3.1354507367230733,4.44474405635033,4.185054678240741,65.84317332565472
Eswatini,SWZ,2014,0.864473171,3371.354273,1005.348099,23.149,91.59971993,68.3,0.0,36.15940833,66.06389535,-0.14563500846413122,8.123069804046063,6.913089127686097,3.141951583054969,4.517428214142659,4.190622385072487,65.98426304140494
Eswatini,SWZ,2015,0.893059494,3420.753571,1046.307849,23.3,88.23807782,68.8,0.0,36.95760475,66.44261628,-0.11310207770444552,8.137616148182492,6.953022912031424,3.1484533605716547,4.480038591163105,4.196338662055289,66.22079657516045
Eswatini,SWZ,2016,0.974939692,3559.850991,1035.352737,23.459,89.31350337,64.3,0.0,37.80396441,66.83180233,-0.025379664256324017,8.177473966509396,6.9424974563330295,3.155254216570876,4.492152690000669,4.2021790500355785,66.87108047293891
Eswatini,SWZ,2017,0.958387836,3584.618026,996.7147048,23.625,86.86003571,65.3,0.0,34.90437005,67.3369186,-0.042502743688140505,8.184407199518882,6.904464575351084,3.1623054733798064,4.464298038227936,4.209708653850202,66.9845212075365
Eswatini,SWZ,2018,0.949672735,3560.814491,989.9527555,23.799,85.47537165,65.7,0.0,33.99803941,67.96098837,-0.05163784321136416,8.177744587284467,6.897657220272746,3.1696435629879756,4.448228283570899,4.218933840105864,66.87550653486039
Eswatini,SWZ,2019,0.994851993,3742.384159,1023.138853,23.981,86.64122296,64.4,0.0,34.64849178,68.59732558,-0.005161303641803702,8.227478162975723,6.930630487923779,3.1772618501477363,4.461775718013243,4.228253548257591,67.69139692224238
Eswatini,SWZ,2020,0.9683675,3596.064161,991.4857469,24.171,84.30061197,63.7,0.0,31.21815328,69.3447093,-0.032143614993585215,8.187595237757144,6.8992045725665605,3.1851535674631686,4.434389124412065,4.2390898540164486,67.03671577734346
Eswatini,SWZ,2021,1.032493973,3676.849023,951.1529847,24.369,90.33279817,65.4,0.0,32.81373367,70.15075581,0.03197720854787815,8.20981142062691,6.85767491680008,3.1933118327369265,4.503500607876699,4.250646580688576,67.40100356225604
Eswatini,SWZ,2022,1.109673587,3680.423268,958.9169438,24.576,92.67890422,64.7,0.0,34.5409383,70.86726744,0.10406590631266148,8.210783043027119,6.8658044640421085,3.2017703569652616,4.52914087623144,4.260808654720267,67.41695817966168
Ethiopia,ETH,2011,0.085445009,474.1590343,371.3658735,17.735,48.23293541,93.6,5.829584957,9.664642193,82.53767959,-2.459882279552356,6.161542780823215,5.917187758590195,2.875540088225585,3.8760420949698515,4.413254911377781,37.964609439914675
Ethiopia,ETH,2012,0.093809141,500.9193553,371.8359888,18.16,45.39790418,93.3,6.376796349,9.476137965,84.88418078,-2.3664929756925117,6.216445120663142,5.918452866729851,2.8992213731731473,3.815465940545615,4.44128774827652,38.644189938216584
Ethiopia,ETH,2013,0.106078144,539.0724518,376.0608905,18.575,41.47178708,92.4,7.340091887,10.94455699,87.22415785,-2.2435792489269066,6.2898499807995165,5.92975107309772,2.921816590603823,3.725013366650272,4.46848133211078,39.56221278096368
Ethiopia,ETH,2014,0.122677399,578.6329229,380.1775887,18.998,40.74108415,91.4,8.267096388,13.47132451,89.59874025,-2.098197141460678,6.3606682918910895,5.94063848223593,2.944333710467991,3.7072370218829716,4.495341260172225,40.45810111946871
Ethiopia,ETH,2015,0.130066166,621.8456738,380.0628924,19.428,39.65612414,91.5,8.344724259,16.29779364,92.03678223,-2.0397119887766917,6.432691949092355,5.940336745341562,2.9667153244834985,3.6802453911349993,4.522188303995405,41.3795257119176
Ethiopia,ETH,2016,0.150223727,662.3272959,383.6235099,19.866,34.89902108,90.4,0.0,21.93256185,94.56147998,-1.8956295827537826,6.495759838442061,5.949661628670382,2.989009727793164,3.5524587795313254,4.549250204762044,42.194895878716835
Ethiopia,ETH,2017,0.144700549,706.1642274,382.0801046,20.31,31.10364949,90.8,0.0,23.58190667,97.17443526,-1.9330888512952273,6.55984782715605,5.945630284528802,3.011113375592293,3.437325159245912,4.576507665144348,43.03160351544395
Ethiopia,ETH,2018,0.155020028,734.2277266,384.7257283,20.763,31.19936898,90.0,0.0,27.30570731,99.82988254,-1.8642009575069327,6.59881923471906,5.952530686388607,3.0331725565278362,3.4403978696109085,4.603467562747421,43.54441529249824
Ethiopia,ETH,2019,0.162690736,774.5121697,386.2372412,21.225,28.81529393,89.3,0.0,24.82236426,102.5521595,-1.8159042055300532,6.652233372709589,5.956451795174461,3.055179732197411,3.3609062854265743,4.6303715423171505,44.252208844991195
Ethiopia,ETH,2020,0.14192508,799.4755953,380.656755,21.695,24.00611434,90.7,0.0,23.10229522,105.3700909,-1.952455966247507,6.683956006855017,5.9418980635556204,3.077081819250314,3.1783085620677327,4.657478828285449,44.675267901573264
Ethiopia,ETH,2021,0.141454886,822.3058811,373.9021838,22.174,24.34505746,90.6,0.0,21.85002626,108.2303783,-1.9557744395900558,6.712112443963922,5.923994222565103,3.0989204313501597,3.1923288498701208,4.684262087634957,45.052453460415336
Finland,FIN,2000,11.11338433,37872.60203,6257.219121,82.183,74.92557887,31.7,49.82626963,31.60295045,16.99402147,2.4081501774262533,10.54198322806806,8.741491135522619,4.40894846802138,4.316495339165541,2.832861603967629,111.13341038086828
Finland,FIN,2001,12.25354703,38784.13081,6405.852723,82.368,70.28413766,29.2,50.37191986,30.9494997,17.03275879,2.5058154485476085,10.56576644220589,8.764967339427141,4.411197011973662,4.252546135518735,2.835138477444286,111.6354205112441
Finland,FIN,2002,12.63731594,39343.0699,6722.826136,82.503,69.32093775,29.5,51.39080419,30.1192401,17.07409304,2.5366540196510097,10.580075123977272,8.813263901060708,4.412834656315858,4.238746992597798,2.8375622877943054,111.93798962900269
Finland,FIN,2003,14.21254576,40038.98397,7072.179141,82.638,68.07150296,28.4,54.45969868,29.53583717,17.11485604,2.6541250787724384,10.59760885773257,8.86392393502041,4.414469623163249,4.2205586668400255,2.839946860611687,112.30931350149184
Finland,FIN,2004,13.47495836,41521.96287,7128.995671,82.772,70.9678029,31.1,53.37867357,29.37615361,17.16462129,2.6008330266233104,10.633977792011347,8.871925643879402,4.416089839949582,4.262226293906346,2.8428503637475355,113.08148368099052
Finland,FIN,2005,11.10176024,42529.35069,6555.776473,82.905,76.58897404,31.5,49.23233723,29.25558403,17.22346761,2.407103675925961,10.657949721025563,8.788101844255015,4.417695373953336,4.338453124349343,2.84627284980729,113.59189225590887
Finland,FIN,2006,13.26362426,44069.39588,7106.709789,83.037,82.00056693,31.2,51.74354364,30.24742423,17.31698399,2.5850252701871157,10.693520849550561,8.868794657463805,4.419286291597347,4.406726161020841,2.851687753444553,114.35138815977255
Finland,FIN,2007,12.8697492,46213.6899,6968.911345,83.168,82.86316082,31.8,49.86347798,30.67214088,17.39195633,2.5548795342386703,10.741031351358087,8.84921430002025,4.42086265845908,4.417190582433886,2.856007819451138,115.36975449085733
Finland,FIN,2008,11.25902647,46359.87328,6654.453631,83.299,86.18965988,34.6,47.82417643,29.56505176,17.48403751,2.4211701598263122,10.744189564059099,8.803041628435611,4.422436544298818,4.456550215486073,2.861288322388838,115.43760938843644
Finland,FIN,2009,10.69055611,42412.51335,6255.050516,83.429,70.12793353,32.5,48.5816044,25.66209041,17.56785456,2.369360745199317,10.65519872385813,8.74114449896752,4.423995970746021,4.250321195837766,2.866070786604327,113.5332598449079
Finland,FIN,2010,11.6625526305,43556.53858,6812.601995,83.77,75.46120852,33.4,48.91594198,26.18537633,17.64841066,2.456383078960707,10.68181511062047,8.826529410602543,4.428074948165718,4.323618729780303,2.87064573173271,114.1011740574798
Finland,FIN,2011,10.066108668633332,44391.45357,6522.938693,84.313,78.71594445,35.1,47.09451086,25.03908325,17.73099477,2.309174203908188,10.700802242730122,8.783080273162323,4.434536064269145,4.365845732743085,2.8753142251111847,114.507168638018
Finland,FIN,2012,8.826366327373332,43507.93454,6265.772289,84.841,79.43037659,38.7,43.10203468,23.35885177,17.81556155,2.177743415466803,10.680698603661721,8.74285713012406,4.440778916519991,4.374880871789536,2.8800723197510254,114.07732266226144
Finland,FIN,2013,8.77515898266,42883.6385,6138.314056,85.125,77.48517177,38.5,42.47334441,23.29813216,17.89783145,2.1719248868698577,10.666245645223222,8.722305399722822,4.444120764469677,4.350086586052999,2.8846795574629995,113.76879616424335
Finland,FIN,2014,7.935553499736665,42502.48802,6246.041536,85.175,74.62777198,41.2,41.96179755,23.06186393,17.97200303,2.0713531057657817,10.657317894846072,8.739703187836923,4.44470796354703,4.3125127164835275,2.8888151598034923,113.5784247118063
Finland,FIN,2015,7.201061854841666,42560.34568,5921.596817,85.225,71.96182538,43.2,40.22905463,23.30393164,18.03011089,1.9742284949870477,10.658678246162992,8.686361424108105,4.445294818023966,4.276135775353157,2.89204318750136,113.6074219552282
Finland,FIN,2016,7.45999629144,43529.67616,6120.633015,85.275,71.72221012,42.4,0.0,23.47659202,18.08200783,2.009554917089541,10.681198195051635,8.719420803980992,4.44588132830471,4.27280046421305,2.894917401342401,114.08799488197431
Finland,FIN,2017,6.872762810836666,44862.2204,6070.157508,85.325,75.93878223,44.4,0.0,24.47064164,18.12389445,1.9275661812626808,10.711351303059734,8.711139832316555,4.4464674947927705,4.329927518725645,2.8972312030183462,114.73304673755946
Finland,FIN,2018,6.908853826463333,45337.24096,6165.444024,85.382,79.14361484,44.2,0.0,24.110735,18.14795012,1.932803752308368,10.721884069982334,8.726715436362552,4.4471353057450855,4.371264111436756,2.8985576132857074,114.95879801014094
Finland,FIN,2019,6.2754153409499995,45898.57084,6024.653666,85.446,80.56415029,45.4,0.0,24.14660529,18.16736091,1.8366396726202285,10.734189259180447,8.70361527388508,4.447884597465346,4.389053765082307,2.8996266275002633,115.22281905190486
Finland,FIN,2020,5.471776480366666,44690.98011,5739.254453,85.517,72.1845956,47.3,0.0,24.22722062,18.19287688,1.699603331599743,10.707526972991552,8.65508459464073,4.4487151865879255,4.279226665794145,2.9010301372537417,114.65113387734162
Finland,FIN,2021,5.326020957456667,45792.04542,5996.892993,85.596,79.78927819,50.2,0.0,24.232606,18.23016591,1.6726044223176575,10.731865674231996,8.698996779587603,4.4496385530839015,4.3793891369075455,2.9030776895816874,115.17294084975896
France,FRA,2000,6.586014752,33255.13796,4130.172701,75.871,57.78604703,9.3,52.86841733,21.12868305,113.0321199,1.884948423854488,10.411964559259006,8.326074501303564,4.329034529703349,4.056747345671401,4.727672025224498,108.4090059832656
France,FRA,2001,6.605518052,33640.6738,4240.43327,76.127,56.89323286,9.4,53.46468988,20.76402473,113.8591279,1.8879053682066576,10.423491143612807,8.352420729326091,4.33240299826294,4.041176403655286,4.734961964087314,108.64916762097462
France,FRA,2002,6.469774175,33753.5783,4220.320249,76.38,55.13252485,8.7,52.87207189,20.36410754,114.6899378,1.8671412045033622,10.426841714384263,8.347666292539305,4.3357208817973705,4.00973982966644,4.742232294044782,108.71902813682377
France,FRA,2003,6.503510731,33840.61757,4296.546493,76.632,52.59888229,8.8,52.37588247,19.92327867,115.5020967,1.872342143554894,10.429417063258127,8.36556683782821,4.339014744080591,3.962694870278352,4.749288683043833,108.77274027937976
France,FRA,2004,6.473179928,34557.14711,4327.203973,76.883,53.74976483,8.9,52.10432434,19.66869203,116.3514018,1.867667475871012,10.450369670610181,8.372676878702478,4.342284785752941,3.9843392917423865,4.756614937806363,109.21022625240914
France,FRA,2005,6.460273551,34946.03725,4313.6963,77.13,55.82283612,8.6,51.97412724,19.35523085,117.2295278,1.8656716622540084,10.461560357828708,8.369550425769097,4.345492309945908,4.022183035129911,4.764133789096438,109.44424512049312
France,FRA,2006,6.246640528,35645.41624,4214.292346,77.377,57.86927753,8.5,51.57830293,19.01889188,118.048691,1.8320438037150553,10.481375840857655,8.346236966898479,4.348689578812867,4.0581866311463175,4.771097174948231,109.85923951731452
France,FRA,2007,6.096412994,36322.16851,4142.178191,77.621,58.15256113,9.4,51.35242741,18.89889463,118.7807589,1.8077005644491086,10.500183536604723,8.32897706155166,4.351838009135277,4.063069921502955,4.777279431690052,110.25385430238487
France,FRA,2008,5.949567532,36257.36589,4137.7199,77.868,59.17979284,10.5,50.50994186,18.6335204,119.4454328,1.7833185332184713,10.498397836606632,8.327900166309265,4.3550150854270315,4.080580146459009,4.78285963779596,110.21635713566681
France,FRA,2009,5.723942206,35052.85108,3938.38638,78.117,52.1991123,11.2,50.53027919,18.01982416,120.0601837,1.744657764857767,10.46461223237852,8.27852637018085,4.358207702813328,3.9550654889968673,4.787993147890826,109.50810917404617
France,FRA,2010,5.518879302299999,35578.1968,4040.439187,78.369,56.58755525,11.9,49.54638207,17.5945885,120.6535133,1.7081748147309974,10.479488279778153,8.304108674700196,4.361428440998676,4.035789089125639,4.792922911414992,109.81967460600767
France,FRA,2011,5.194594510213333,36269.95615,3951.004504,78.622,60.60563548,10.6,47.39794545,17.68000487,121.2372762,1.6476185676479163,10.498745023288073,8.281725130375307,4.364651558489792,4.1043878834709995,4.797749585754456,110.22364706401609
France,FRA,2012,5.0931875390600005,36161.29183,3929.206016,78.878,61.65895708,12.3,47.85915361,17.46843477,121.8251396,1.6279038701304704,10.495744539255144,8.27619265290002,4.3679023550033635,4.121618508270199,4.802586734634926,110.16065343330418
France,FRA,2013,4.89542911758,36256.08668,3925.865459,79.135,61.81923387,13.4,47.40244085,17.56999392,122.4565025,1.588301936610036,10.498362554601574,8.275342105018433,4.371155254785246,4.124214543712263,4.807755885295719,110.21561632786049
France,FRA,2014,4.337426635993333,36444.39491,3755.832442,79.394,62.19926694,13.2,45.03521217,17.34161953,123.0393673,1.467281231237909,10.503542950852308,8.231065228576941,4.374422798647149,4.130343214145137,4.812504363513943,110.32441452039922
France,FRA,2015,4.2946788433,36702.43237,3799.192605,79.655,63.5046872,13.3,45.17655074,17.23644155,123.4776361,1.457376778088658,10.510598308958148,8.242543850770605,4.377704809024858,4.151113717347743,4.81606005545978,110.47267681227387
France,FRA,2016,4.227032438159999,36920.53428,3718.170534,79.917,63.34275644,14.2,0.0,16.94335724,123.8038853,1.4415001955935325,10.516523159801354,8.220987034362391,4.380988596098209,4.1485605583195895,4.818698743441399,110.59725937063826
France,FRA,2017,4.166727173536667,37580.59793,3705.411116,80.18,65.39584816,14.1,0.0,16.74830326,124.1636887,1.4271308771835076,10.534243183697718,8.217549494057437,4.384274107214361,4.180458772655923,4.821600765239731,110.97027945328185
France,FRA,2018,3.93100190643,38062.4436,3669.37066,80.444,66.80226078,15.2,0.0,16.72528326,124.6096076,1.368894331412895,10.546983342677756,8.207775444055018,4.387561290172356,4.201736923981881,4.825185710924861,111.23885763072204
France,FRA,2019,3.760059454174999,38705.20729,3605.5319,80.709,66.42897717,15.5,0.0,16.90700396,125.024698,1.3244347695573753,10.56372942526328,8.190224583911629,4.390850093221115,4.196133364448873,4.828511301785153,111.59237937017325
France,FRA,2020,3.258555419033333,35709.20459,3228.489157,80.975,58.83889072,16.8,0.0,16.27265121,125.4311346,1.181283974174698,10.483163766187523,8.07976955353525,4.394140465057393,4.074803043074222,4.831756879678522,109.89672254870698
France,FRA,2021,3.5233832707233335,38030.85717,3469.833986,81.242,63.78848263,16.2,0.0,16.08772896,125.8796011,1.259421684450398,10.546153139979369,8.151862029145112,4.39743235482373,4.155572651013746,4.835325903300178,111.2213460518967
Gabon,GAB,2000,5.17689319,7596.099707,1153.061553,78.879,101.7019289,72.8,32.42682719,56.2551965,4.950409438,1.6442051060669833,8.935390198096686,7.05017590392652,4.367915032729233,4.62204626944299,1.5994702879073976,79.84119799224233
Gabon,GAB,2001,5.14711104,7556.769953,1205.620172,79.633,83.63861324,72.4,35.17782244,47.71007451,5.082427135,1.6384355941701791,8.93019912298002,7.094749379090026,4.377428579803072,4.426505294317769,1.6257889299689985,79.74845637607314
Gabon,GAB,2002,4.811264297,7338.756206,1417.039686,80.368,84.75908154,79.8,28.07278123,47.3156668,5.220378779,1.5709598971884366,8.90092465302614,7.256325246355654,4.386616087007689,4.439812897333837,1.6525699622887982,79.2264596788485
Gabon,GAB,2003,5.311245343,7301.671544,1621.166415,81.083,80.30260821,83.6,23.57226365,47.0391681,5.3648077,1.669826335628425,8.895858579555014,7.390901178403376,4.395473321392638,4.385802101247143,1.6798605320106341,79.13629986744256
Gabon,GAB,2004,4.660071792,7148.987134,1829.656185,81.778,81.76753714,85.8,20.95437634,51.5005374,5.517169247,1.5390308540274669,8.874725966072967,7.511883351135182,4.404008258780269,4.403880308361111,1.7078649111806377,78.76076097288976
Gabon,GAB,2005,4.367011845,7130.225058,2074.204585,82.452,83.94959984,85.2,20.16241968,59.92236081,5.679726006,1.4740789868881128,8.872098077847065,7.637333026643982,4.412216305836939,4.430216616865375,1.7369029931892703,78.71412430293759
Gabon,GAB,2006,3.78330572,6724.08149,2263.430173,83.107,88.64940926,86.2,18.50843982,59.46631966,5.853754803,1.3305981565542524,8.81345061372931,7.724636717272712,4.420128934174171,4.484689368764229,1.7670833020149577,77.67691172064556
Gabon,GAB,2007,3.325264725,6908.673992,2419.634659,83.742,85.13247916,87.3,18.19578951,57.22220573,6.039651492,1.2015492874799423,8.840533001386211,7.791371840398642,4.4277406437545626,4.444208621520558,1.7983463102820145,78.15502374859868
Gabon,GAB,2008,3.43366466,6468.385234,2578.184798,84.359,88.99887259,87.3,17.08036487,61.74200001,6.237338456,1.2336281048239952,8.774681778911003,7.854840863629818,4.4350815015810925,4.4886237021238165,1.830553561904581,76.99504032115276
Gabon,GAB,2009,3.279034832,6264.836115,2728.501386,84.955,83.50457742,87.9,16.42798052,50.44675323,6.448387472,1.1875491205569288,8.742707708169187,7.91150779459757,4.442121704537722,4.424901449755479,1.863830095210301,76.43493807048091
Gabon,GAB,2010,3.463790185,6481.496121,2957.467414,85.533,89.15766272,85.8,18.88620123,55.19246281,6.674735126,1.2423634187156276,8.776706645567343,7.99208857770224,4.448902266389698,4.490406293728124,1.8983295220008545,77.03057954234596
Gabon,GAB,2011,3.265459586,6699.233946,2295.781421,86.092,90.49837733,79.7,26.23713986,60.88121046,6.91576435,1.1834005142313189,8.80974846242424,7.738828552994765,4.455416491901933,4.505331920489886,1.9338034940768623,77.61166797118626
Gabon,GAB,2012,3.188659416,6803.226681,1955.408046,86.634,92.34280894,75.5,30.8224882,58.82460162,7.167652424,1.1596005827007283,8.825152290530786,7.578354169822234,4.461692348217137,4.5255078361526735,1.9695781845415963,77.88331295106079
Gabon,GAB,2013,3.176378773,6938.257539,2771.53824,87.156,90.63503615,82.2,22.02873271,56.60861688,7.424453759,1.1557417972940103,8.84480594690418,7.92715776634721,4.467699616412031,4.506840850767343,2.0047791141710714,78.23059223839157
Gabon,GAB,2014,3.16725797,6998.605454,2602.653766,87.651,73.52032902,81.3,22.46019272,52.72224165,7.678033919,1.1528662198754214,8.853466187333197,7.864286882701468,4.473363020315282,4.2975619532822495,2.0383635142557455,78.38386353025221
Gabon,GAB,2015,3.155382023,7047.126546,2550.960479,88.118,73.94978146,81.9,6.488200324,48.1836273,7.920941514,1.1491095736075188,8.860375230594483,7.844225225665864,4.478676825353381,4.303386233912415,2.0695100767912042,78.50624922693224
Gabon,GAB,2016,3.094787141,6991.325145,2489.241799,88.559,70.13338106,81.5,0.0,45.0378509,8.151146816,1.129719128650279,8.852425394513578,7.81973344469613,4.483668996557045,4.250398872708522,2.098158630973171,78.36543536542887
Gabon,GAB,2017,2.608697668,6840.059593,2263.593357,88.976,75.06874045,90.2,0.0,45.46730899,8.370784337,0.9588511190259857,8.830551723005543,7.724708810558284,4.488366670445208,4.318404233103937,2.124747588235305,77.97864373267618
Gabon,GAB,2018,2.376557077,6724.596143,2294.912201,89.37,77.0365977,90.3,0.0,47.12708562,8.58585788,0.8656528340357793,8.81352714958128,7.738449865117961,4.492785055393301,4.344280603742081,2.1501164171380043,77.67826081640631
Gabon,GAB,2019,2.398414962,6817.568795,2205.671824,89.741,73.42808945,90.2,0.0,47.67886409,8.800814996,0.8748080866722883,8.827258205611258,7.698787423560953,4.496927743788626,4.2963065524678035,2.174844330377643,77.92048742853129
Gabon,GAB,2020,2.286118769,6534.279665,2140.115852,90.092,70.11405465,91.3,0.0,41.6943815,9.013618194,0.8268555189661398,8.784817392744904,7.668615242999171,4.500831370439132,4.250123268238116,2.1987365663711516,77.17301662387337
Gabon,GAB,2021,2.161674777,6479.049007,2101.496825,90.423,85.34831221,91.3,0.0,50.0677458,9.223898785,0.7708832809822338,8.776329020397272,7.650405143618429,4.504498659816397,4.446740674118151,2.22179780990135,77.02395107426734
Georgia,GEO,2000,1.278374426,1561.198676,703.7906883,52.638,62.66139564,47.2,59.00642523,20.99750128,71.33088981,0.24558929113640995,7.35320918724051,6.556480994194674,3.9634382923743017,4.137745558496556,4.2673294707670255,54.06968535131824
Georgia,GEO,2001,0.96620319,1661.830191,640.3676242,52.398,63.32992508,53.1,55.0847258,20.53640995,70.23291578,-0.034381125273408114,7.415674798715388,6.462042424254327,3.958868422659651,4.148357967518007,4.251817086894175,54.99223272030251
Georgia,GEO,2002,0.9028997,1768.597012,639.4694306,52.441,71.62912554,56.8,49.58558231,22.7373927,69.60556702,-0.10214380593146784,7.477941862668309,6.460638817843505,3.959688728126342,4.271501772538439,4.242844550061211,55.91961450144718
Georgia,GEO,2003,1.000800661,1977.461433,684.6365773,52.83,77.63337654,55.3,52.14054448,24.08542637,69.13705868,0.000800340641968903,7.589569196543913,6.528888153386321,3.9670792111762245,4.351997444769905,4.236090892078583,57.60156058912821
Georgia,GEO,2004,1.09718028,2105.004728,708.0526136,53.218,79.04074591,54.5,53.76825753,24.17576825,68.71024179,0.0927435068975559,7.65207299219472,6.562518403926997,3.974396684986206,4.369963490515528,4.229898268029661,58.55422107787585
Georgia,GEO,2005,1.275577077,2321.600843,727.9456481,53.605,84.52959754,41.5,64.40764755,23.7580566,68.27511459,0.24339868562541028,7.750012245241504,6.590226386206252,3.981642347308203,4.437101739779615,4.223545345717936,60.06268980139326
Georgia,GEO,2006,1.463889699,2554.812535,781.3440208,53.992,89.12537437,37.2,70.39997715,21.71444318,67.88808216,0.381097070487638,7.845734128126001,6.661015540433537,3.9888358874411054,4.490044079230547,4.217860498687848,61.55554400924105
Georgia,GEO,2007,1.708401573,2891.137023,865.6881246,54.379,88.39341407,36.2,70.68300537,20.90056374,67.53486826,0.5355581807293067,7.969405137295801,6.763524710442529,3.995978049921598,4.481797465397637,4.212644031318591,63.5114182423567
Georgia,GEO,2008,1.475841306,2970.158583,780.7884909,54.765,86.29822437,36.3,66.78333044,18.94374282,67.33001505,0.3892282041378307,7.996370625320781,6.660304294851926,4.00305130377571,4.457809022790806,4.209606126083082,63.94194317749305
Georgia,GEO,2009,1.696064329,2887.256079,811.6048838,55.15,78.19303903,36.7,66.98766944,18.92638719,66.73464782,0.528310466485299,7.968061876456657,6.699013625429858,4.0100567456995115,4.359180628627562,4.200724275621413,63.490010067041986
Georgia,GEO,2010,1.661712919,3090.065137,824.6050831,55.535,81.67338706,39.1,64.69847622,16.87791052,66.24960635,0.5078489492630223,8.035947449604887,6.714904584575896,4.017013452619083,4.402728209021549,4.193429522961886,64.57645141281128
Georgia,GEO,2011,2.018559589,3362.103003,943.6420901,55.919,85.46593509,31.5,72.75749503,17.68003678,65.72030162,0.7023841823019118,8.120321950917448,6.8497469524098396,4.023904215076101,4.448117876552378,4.185407882629017,65.93962858655176
Georgia,GEO,2012,2.218176318,3609.780799,993.8477224,56.303,89.73488009,28.7,74.45474731,18.84674445,65.23800693,0.7966853799075474,8.191402328984747,6.901583998140064,4.030747819694026,4.496859546212447,4.178042227470094,67.09907211529674
Georgia,GEO,2013,2.460117471,3806.506006,1118.866167,56.685,93.81391379,32.4,64.58937099,18.03372091,65.04195388,0.9002091012431843,8.244466988572423,7.020071100623018,4.037509625469562,4.541313179659871,4.175032505993739,67.97123592566044
Georgia,GEO,2014,2.644825233,3960.350801,1193.781898,57.067,94.95069794,30.7,71.39239354,18.1712887,65.07250079,0.9726049886470969,8.284087886436119,7.084881612275641,4.044226016143968,4.553357787836861,4.175502045072064,68.62611211019764
Georgia,GEO,2015,2.857640615,4086.622347,1259.159979,57.448,97.01631151,27.5,73.9831017,19.7698929,65.17505861,1.0499963245749635,8.315474075820383,7.138200094280035,4.050880190808017,4.574879124262999,4.177076859090354,69.14710910564085
Georgia,GEO,2016,2.957366925,4225.091549,1300.498944,57.837,94.92625284,27.2,0.0,19.12216015,65.21405578,1.0842993200846074,8.348796207958884,7.17050327289299,4.057628709285441,4.553100304239883,4.1776750251465495,69.70239812202864
Georgia,GEO,2017,2.99597318,4442.507441,1312.786103,58.231,102.5842777,27.5,0.0,21.26748936,65.22278596,1.0972691136789896,8.398974234985198,7.17990695394898,4.064417858979948,4.630684682202983,4.177808885793535,70.5427681999452
Georgia,GEO,2018,2.987885038,4713.653548,1301.877288,58.632,109.8477406,27.4,0.0,20.90427646,65.19733021,1.0945657919654794,8.45821858652286,7.171562569478886,4.071280622623549,4.699095230571757,4.177418520394841,71.54146165740076
Georgia,GEO,2019,3.204108639,4975.811482,1371.179347,59.039,117.8100802,24.7,0.0,20.0073714,65.08556982,1.164433935934644,8.512343748251183,7.2234264857405845,4.078198242479396,4.769073838014948,4.175702862892774,72.45999608839101
Georgia,GEO,2020,3.101579599,4659.609253,1327.386445,59.453,92.89108418,23.4,0.0,21.07095523,65.13027048,1.1319115297800844,8.446686872316421,7.190967208967655,4.085186084437189,4.531427668985962,4.176389425474606,71.34651911896258
Georgia,GEO,2021,3.275405071,5175.198652,1425.967856,59.872,101.6009075,25.2,0.0,21.06756126,64.88348088,1.1864415472402838,8.551633004256717,7.262606059345707,4.092208950091679,4.621052467191105,4.17259305941608,73.13042703949276
Germany,DEU,2000,10.60357268,35087.08916,4094.279015,74.965,59.1955993,3.7,83.61750929,27.25364612,235.5968133,2.3611909896140384,10.465588511588406,8.317345916072894,4.3170213379468665,4.0808472029782425,5.462121925794615,109.52854289389123
Germany,DEU,2001,10.75675904,35601.36283,4210.000801,75.17,59.55928637,3.9,83.60096766,26.57854823,236.0273001,2.3755343049014974,10.480139197848967,8.345218116937692,4.319752215189378,4.0869722260449,5.463947476725211,109.8333176062904
Germany,DEU,2002,10.55070286,35460.41214,4108.617295,75.374,58.33256872,4.4,83.27377873,25.79838623,236.4515708,2.3561924795038895,10.47617220223409,8.320841826312629,4.322462387961,4.066160577512355,5.465743412332779,109.75018401086228
Germany,DEU,2003,10.6413651,35252.97451,4096.477943,75.577,58.91454429,5.4,82.93916015,25.62073536,236.6164273,2.3647487745560825,10.470305187942758,8.317882845214879,4.325152004093066,4.076087992093379,5.4664403798187875,109.62729072866104
Germany,DEU,2004,10.46732729,35670.48702,4131.610837,75.779,62.90649095,6.3,82.22187933,25.83862471,236.5921954,2.3482587191332924,10.482078931750058,8.326422643083825,4.3278212094094295,4.14164935313576,5.466337964525158,109.87397873143844
Germany,DEU,2005,10.21104889,36006.85781,4109.880586,75.98,66.95310249,7.3,81.39007763,25.6870805,236.4646806,2.3234703585356926,10.491464694018653,8.321149252566974,4.330470147759479,4.203992411466785,5.465798854707469,110.07083142583991
Germany,DEU,2006,10.3895651,37437.39188,4235.938766,76.179,72.75919346,8.6,80.67165831,26.26004666,236.2251979,2.3408019466797425,10.530425266840279,8.351360250998306,4.333085834159365,4.287155268651705,5.464785578428948,110.88985630050816
Germany,DEU,2007,10.05262029,38570.91464,4023.739359,76.378,74.88384168,10.5,80.5058881,26.45970844,235.9433619,2.3078333258952655,10.560253764688284,8.299966938061525,4.3356946965893925,4.3159381353404855,5.463591784273781,111.51895957461306
Germany,DEU,2008,10.11270392,38996.14341,4081.879987,76.575,76.10141021,10.2,79.91048689,26.06009237,235.5221782,2.313792447323447,10.571218033299072,8.314312942398635,4.338270652718839,4.332066795707769,5.461805083969212,111.75065070754749
Germany,DEU,2009,9.383778408,36927.19203,3821.625006,76.771,66.11526853,10.7,79.31620248,23.87310762,234.9396374,2.238982497261622,10.516703470024856,8.24843100538698,4.3408269646765545,4.191399711559942,5.459328619021773,110.60105187643285
Germany,DEU,2010,9.4722249906,38517.43979,4029.830858,76.966,73.86264077,11.6,78.91374352,26.06312546,234.6069082,2.2483638310901206,10.558866399269144,8.30147968334033,4.343363765896489,4.3022071625085285,5.457911382503647,111.48965963761493
Germany,DEU,2011,9.151837592841666,40712.65773,3891.871754,77.16,78.40731346,12.5,79.91474485,26.31240879,230.3046333,2.2139546889425827,10.614294323817083,8.266645491581082,4.345881188037528,4.361917206934258,5.4394029251652976,112.66324399261553
Germany,DEU,2012,9.090254308053332,40829.03489,3913.439204,77.17,79.30048779,13.6,79.87342822,26.57610753,230.7506255,2.2072028844815823,10.617148746757744,8.272171858181078,4.346010780469512,4.3732442798198665,5.441337584105181,112.72384751077954
Germany,DEU,2013,9.08120371535,40875.02629,3986.185052,77.18,77.56438157,13.6,80.13918693,25.90779415,231.1557126,2.2062067515966954,10.618274551379775,8.290589925184323,4.346140356109473,4.351108321429653,5.443091563951047,112.74775444847937
Germany,DEU,2014,8.435389345373332,41588.07638,3794.447203,77.19,76.83033127,14.0,79.39572885,26.01463233,232.1080539,2.132435873246046,10.635568779683652,8.241294014660989,4.346269914961763,4.341599500597438,5.44720301280761,113.11532326738161
Germany,DEU,2015,8.252564344275,41911.01099,3780.850276,77.2,77.79135676,14.6,79.628037,25.91528527,234.1529869,2.1105239816581656,10.643303863510532,8.237704204059,4.3463994570307305,4.354030329382949,5.455974691900955,113.27991713101821
Germany,DEU,2016,8.05549865064,42528.06371,3765.217999,77.224,75.98458751,14.2,0.0,26.2157748,235.7129294,2.0863549204409764,10.657919459583708,8.233561040018593,4.346710289546314,4.330530523799405,5.462614663762152,113.59124720697307
Germany,DEU,2017,7.703510760175,43520.18643,3763.194042,77.261,77.56663695,15.2,0.0,26.11757042,236.5887226,2.041676167829137,10.680980165298223,8.233023355035959,4.347189300462681,4.351137398528761,5.4663232859957915,114.08333729149406
Germany,DEU,2018,7.240294952846666,43874.0131,3659.229245,77.312,79.22765969,16.0,0.0,25.9385392,237.2940123,1.9796619449112627,10.689077467067891,8.205007815420663,4.347849182872295,4.372325476360907,5.46929993050643,114.25637709697853
Germany,DEU,2019,6.5848136756599995,44207.63206,3570.881593,77.376,79.13374711,17.1,0.0,25.63105395,237.8229543,1.8847660395268921,10.696652724200586,8.180567789105758,4.348676654992327,4.371139422348042,5.471526507352593,114.41837950214781
Germany,DEU,2020,5.92373786,42362.64721,3349.199314,77.453,72.99325723,18.5,0.0,25.37746187,238.0173188,1.7789676449200553,10.654022290916647,8.116476585505223,4.349671300780237,4.290367070169995,5.472343439091234,113.5081909753488
Germany,DEU,2021,6.096720710936666,43898.77132,3467.03057,77.544,80.15661805,17.6,0.0,25.30665368,238.1180858,1.8077510382557902,10.68964161051669,8.151053763067551,4.350845517190307,4.383982446451522,5.472766709448914,114.26843776128985
Ghana,GHA,2000,0.309918676,1022.275207,322.1273346,43.929,116.0484302,71.6,28.12936395,25.40392229,86.30169201,-1.1714453514027883,6.929786017292415,5.774946916443356,3.7825746942412297,4.754007605700908,4.457849204038552,48.021934245461466
Ghana,GHA,2001,0.325937299,1035.226661,313.1657284,44.601,110.0458542,69.3,32.18085034,25.21597974,88.63087369,-1.1210502504698818,6.942375677858582,5.746732534119187,3.7977562802993234,4.700897135295577,4.484480258424838,48.19658005252241
Ghana,GHA,2002,0.373937716,1052.465916,303.7453651,45.275,97.48924317,65.7,35.92613321,25.27567435,91.10217105,-0.9836660301954162,6.958891181184187,5.716189735608299,3.812755003769477,4.579742045455851,4.511981635485789,48.42616647156305
Ghana,GHA,2003,0.341794658,1077.699909,281.2178264,45.951,97.28714571,64.5,36.46535694,25.2099151,93.59543377,-1.0735451374456013,6.9825843351637,5.639129551952798,3.8275756113505266,4.57766687059829,4.538981597784996,48.756483997673485
Ghana,GHA,2004,0.310979849,1108.304754,270.1921039,46.63,99.67033435,62.4,37.09842644,24.71675627,96.10748879,-1.1680271631143573,7.010586878224722,5.599133201931069,3.8422441108202294,4.6018680835438195,4.565467239995242,49.14832837713666
Ghana,GHA,2005,0.320172826,1143.311789,261.8933684,47.308,98.17151411,61.4,37.63986896,25.12543594,98.66150127,-1.1388943477297526,7.0416844078741025,5.567937430078152,3.8566794143888705,4.586716092932746,4.591694812292294,49.58531930009725
Ghana,GHA,2006,0.378521453,1185.265707,275.0728431,47.988,64.51905424,58.6,42.57279499,19.38209477,101.260007,-0.9714825287147901,7.077722253750948,5.617035946590998,3.8709509796526818,4.166960594749077,4.617691535670736,50.094152301241394
Ghana,GHA,2007,0.38961134,1205.317058,264.0710171,48.669,65.35432229,54.5,45.95637355,19.49280657,103.9038367,-0.9426056008611704,7.094497929987307,5.576218071137849,3.8850422770963715,4.179823578510427,4.643465824276145,50.33190087859419
Ghana,GHA,2008,0.360677092,1282.634169,275.174724,49.351,69.51422561,57.3,40.36340809,19.39956455,106.5744309,-1.019772202931453,7.156671186777814,5.61740625591086,3.8989580290987087,4.241531416661593,4.6688436227355385,51.21794247565576
Ghana,GHA,2009,0.404107943,1311.630538,274.0198814,50.031,71.59473853,51.9,45.8578931,18.51409213,109.2672233,-0.9060732510651499,7.179026327712561,5.613200663609746,3.912642813307552,4.271021587048625,4.69379647189344,51.53841901399011
Ghana,GHA,2010,0.441534925,1381.22795,296.0995898,50.713,75.37781579,51.9,48.78078839,18.01494281,111.958315,-0.81749815674402,7.230728201337735,5.690695849763796,3.926182287986056,4.322513011430852,4.7181266145161365,52.283430321620834
Ghana,GHA,2011,0.464903586,1537.81834,303.4874923,51.394,86.29545385,50.1,49.73907036,23.86366009,114.6835194,-0.7659252368285755,7.3381200286552,5.715340398118209,3.939521434129956,4.457776918254547,4.742176329417662,53.848005554950596
Ghana,GHA,2012,0.547619258,1640.540721,329.3251114,52.073,93.16803513,46.5,51.13799502,27.13653359,117.4926079,-0.6021750181803793,7.402781174403359,5.797045443383502,3.9526465802645174,4.534404692155486,4.766375420115841,54.80116911610078
Ghana,GHA,2013,0.568282711,1718.597048,323.6711495,52.748,60.7593219,46.2,53.02171787,34.08982221,120.3577085,-0.5651362534539881,7.449263567200468,5.779728029681783,3.965525856945453,4.1069205173624646,4.790468212863424,55.49152769362024
Ghana,GHA,2014,0.53483768,1726.369301,321.3547009,53.419,63.83656244,47.7,52.67439064,33.89820305,123.2380768,-0.6257919799909483,7.453775812255869,5.7725455003084,3.97816648792592,4.156326105200551,4.814118068283756,55.55877385937064
Ghana,GHA,2015,0.55019733,1722.772828,329.3104134,54.086,76.52127092,44.0,52.18233724,31.1193795,126.1143887,-0.5974782832842446,7.451690381056505,5.797000811718647,3.990575372326136,4.337568753425238,4.837189341933187,55.52768953513004
Ghana,GHA,2016,0.551610938,1740.811019,327.9003763,54.749,67.87699944,45.2,0.0,27.69325465,129.0179397,-0.5949123036729369,7.4621063864899355,5.792709831455921,4.002759103689623,4.217697235499789,4.8599514621345525,55.68303172329388
Ghana,GHA,2017,0.565312579,1841.446362,321.6899812,55.407,70.54836529,45.3,0.0,29.95221769,131.8816648,-0.5703764636468167,7.51830660811907,5.773588290458806,4.014705939561884,4.256298507087779,4.881905041721063,56.52493425368687
Ghana,GHA,2018,0.624474808,1915.453232,350.4731743,56.06,67.95851746,42.1,0.0,31.17774363,134.6470291,-0.4708442897017403,7.557709548285343,5.859284168024968,4.026422545736642,4.218897481674671,4.902656755144906,57.11897361624345
Ghana,GHA,2019,0.646259815,1999.553722,354.2488434,56.707,76.82480273,42.6,0.0,31.10772437,137.3820281,-0.4365536656539392,7.6006792956428715,5.8699996136395605,4.037897659903668,4.341527540229327,4.922765571378762,57.770325755214216
Ghana,GHA,2020,0.694591466,1970.194115,367.1611029,57.349,66.57549872,40.0,0.0,29.87675423,140.1477124,-0.36443142495552894,7.585887352410722,5.905800724213902,4.049155406631726,4.1983366227722,4.942696954965989,57.54568692346496
Ghana,GHA,2021,0.769081388,2030.048665,361.9449789,57.985,62.70783091,39.0,0.0,28.40501467,142.9184558,-0.26255847892589806,7.615815044654892,5.891492208284868,4.060184356408667,4.138486334736489,4.962274228450883,58.00063879439179
Greece,GRC,2000,8.88916405,18002.90646,2512.020039,72.716,59.11265775,7.8,94.38860362,18.71341353,83.83093871,2.184833012483547,9.798288493843424,7.828842504865188,4.286561442855815,4.079445076606738,4.4288021363682955,96.00645740858444
Greece,GRC,2001,9.032241553,18742.42358,2583.561281,72.913,56.85763396,7.1,94.18826351,19.15210077,84.2678976,2.2008005706217184,9.838544874004626,7.856924067593008,4.289266949590959,4.040550493679259,4.434000981092839,96.7969652378027
Greece,GRC,2002,8.995927544,19548.36774,2603.605623,73.303,50.05333719,7.3,93.86002664,19.02446094,84.5773623,2.196771979818302,9.880647070367795,7.864652541397851,4.294601535749497,3.913089180661286,4.4376666456985125,97.62718652916769
Greece,GRC,2003,9.318360882,20632.2557,2672.759822,73.689,47.89431216,7.6,93.76746509,20.50633797,84.77944143,2.2319867422003337,9.934610940853906,7.890866858753567,4.299853534324501,3.8689967533161322,4.4400530774385265,98.69649454613413
Greece,GRC,2004,9.271984724,21688.1051,2717.471004,74.073,49.82531767,7.8,93.57224002,20.47732778,84.98945694,2.2269974584951098,9.984519237164546,7.907456948837242,4.305051093432628,3.908523241793536,4.4425272127972155,99.6906243973089
Greece,GRC,2005,9.431276834,21880.52658,2758.67496,74.452,50.35553344,8.0,93.22031345,18.40068844,85.23905353,2.244031488751976,9.993352322973923,7.922505756476034,4.3101546224360865,3.919108512629539,4.445459703578908,99.8670906510883
Greece,GRC,2006,9.289930766,23220.53244,2748.700869,74.827,51.10474658,8.5,92.68083939,20.50137781,85.49543832,2.228931100268375,10.052792185221547,7.918883667766528,4.315178782415962,3.933877380958452,4.448463021536938,101.0586307192514
Greece,GRC,2007,9.59392307,23973.69361,2737.504718,75.199,54.52568182,8.1,92.93260865,18.7461472,85.71352211,2.261129884494461,10.084712408590276,7.914802097593591,4.320137932995036,3.998671816732114,4.451010597404483,101.70142436397468
Greece,GRC,2008,9.192260477,23923.88007,2749.779263,75.568,57.10528363,8.3,92.63554712,16.67113821,85.94135764,2.218361877503532,10.082632405194182,7.919275919438968,4.325032913153762,4.044896645305751,4.453665175755232,101.65947621827182
Greece,GRC,2009,8.662460857,22878.13466,2654.843234,75.932,46.3779594,9.2,92.1905329,16.09347998,86.16770365,2.1589988458333735,10.037936915072317,7.884140886358392,4.329838202928295,3.8368243334467933,4.456295439830782,100.76017751097154
Greece,GRC,2010,8.010895449,21547.72418,2487.529189,76.292,50.92251731,11.4,90.18869805,15.06552779,86.27882855,2.080802546217844,9.978025483458616,7.819045203235259,4.33456808351418,3.9303052090344233,4.457584244122339,99.56099254854955
Greece,GRC,2011,7.756549609,19448.2558,2413.161298,76.649,56.29299629,11.4,90.6497139,14.37924098,86.1512723,2.048537597298869,9.875512668932906,7.788692908811615,4.339236558918303,4.030570127584965,4.456104731292048,97.52575047425432
Greece,GRC,2012,7.383080017,17924.66205,2408.755765,77.004,62.39427898,14.2,89.94144827,14.79981911,85.68666408,1.9991908980245283,9.793932811733605,7.786865613083263,4.343857368556379,4.133473588159418,4.450697201826371,95.9211199207521
Greece,GRC,2013,6.736386559,17644.87666,2133.128359,77.355,62.95474631,16.6,87.79012479,15.06431528,85.06757952,1.9075236623183938,9.778200746002764,7.665344894344759,4.348405216171032,4.142416155741788,4.443445993779431,95.613209829129
Greece,GRC,2014,6.518684152,17903.52524,2128.792317,77.702,66.43356826,16.4,85.85147637,14.14428257,84.50281614,1.8746725383928204,9.79275291322068,7.663310110581431,4.352880997068073,4.196202474821356,4.436784860908384,95.89800961939211
Greece,GRC,2015,6.417923565,17980.72982,2148.047079,78.046,65.27180114,17.5,83.88257694,14.44061439,83.94788984,1.8590946331433906,9.797055897858117,7.6723143729863335,4.3572983964489245,4.178560107486241,4.430196247293403,95.98230426575651
Greece,GRC,2016,6.324812864,18049.929,2109.416567,78.387,63.65766259,16.4,0.0,14.30533599,83.5994647,1.8444804474565208,9.800897030235285,7.654166679703774,4.361658097280785,4.153519704089063,4.426037116960108,96.05758259727483
Greece,GRC,2017,6.358060524,18352.08845,2148.051564,78.724,70.88260667,16.4,0.0,13.54389389,83.43428239,1.8497233817890084,9.817498658995724,7.672316460927218,4.3659480644611905,4.261025081438896,4.424059284734888,96.38327991938284
Greece,GRC,2018,6.203580734,18769.03896,2089.360442,79.058,79.23816361,17.9,0.0,13.68040764,83.26518231,1.8251266630822445,9.839963927417323,7.6446132895162275,4.370181760305958,4.3724580465239455,4.42203048232324,96.82489009287414
Greece,GRC,2019,5.747202232,19216.67596,2058.543384,79.388,80.59010089,18.5,0.0,13.41395724,83.17751746,1.7487131680486423,9.863533720636958,7.6297539165283155,4.3743472233300125,4.389375824227931,4.4209770884738555,97.28929745814236
Greece,GRC,2020,4.895304516,17486.95133,1839.488189,79.715,70.29378645,20.1,0.0,14.29560219,82.99921645,1.5882764836491712,9.769210243499401,7.5172426537577035,4.378457773859329,4.252683408708338,4.418831167390592,95.43746878169362
Greece,GRC,2021,5.127953308,19232.96833,1924.00172,80.038,88.01266274,21.5,0.0,14.77119778,81.99539953,1.6347066142727034,9.864381186005023,7.562162525196146,4.382501521897093,4.477480698899074,4.406663142397721,97.30601618280986
Guatemala,GTM,2000,0.827982374,3165.932284,615.9592743,45.332,49.1455879,62.7,41.31139122,19.79111628,109.1600597,-0.1887634122630717,8.060202851709377,6.423180848198599,3.814013184870702,3.894787074506814,4.692815242743616,64.96687001070397
Guatemala,GTM,2001,0.850049401,3166.203423,617.5971154,45.668,70.66903318,61.3,42.05112346,27.3420735,111.6967339,-0.16246081236307885,8.060288490745782,6.425836328039037,3.8213978338140806,4.258007473839405,4.715787465719281,64.96825055404891
Guatemala,GTM,2002,0.873109677,3213.268282,691.7705422,46.005,67.10481152,63.8,37.89225859,27.18268952,114.2862542,-0.13569409873120616,8.075043854540693,6.539254314214554,3.8287500862343244,4.206255748113241,4.738706302851455,65.20633325275541
Guatemala,GTM,2003,0.849946854,3222.154591,690.1505487,46.318,67.00233919,64.3,37.02243926,27.44249661,116.8891564,-0.16258145615840813,8.07780554241212,6.536909760313827,3.835530654439629,4.204727532065093,4.761226104551973,65.25094238102396
Guatemala,GTM,2004,0.847283469,3250.203968,695.8035628,46.616,70.21487236,66.1,37.41339804,27.88335509,119.5166293,-0.16571996617694415,8.08647303273911,6.54506738314164,3.841943829840773,4.251560145573301,4.783455519012259,65.39104610921687
Guatemala,GTM,2005,0.899467734,3284.809622,696.5289063,46.913,67.10369961,65.2,37.7918417,27.58113724,122.1316629,-0.10595209727439672,8.097063975510258,6.546109294584079,3.848294822544496,4.206239178225227,4.805099666909512,65.56244502350599
Guatemala,GTM,2006,0.891373596,3388.149937,686.7633469,47.21,67.91192374,64.7,37.26690984,28.26904536,124.7429918,-0.11499163972956697,8.128039310105576,6.531989759660937,3.8546057345581954,4.218211626511253,4.826255555097676,66.06502302662153
Guatemala,GTM,2007,0.930329826,3527.778171,720.4125386,47.508,69.00136431,63.3,37.56393633,27.88436382,127.3986562,-0.0722161040959503,8.16842353844918,6.579824018203083,3.860898117911994,4.234126277010479,4.847321195201743,66.72314310349061
Guatemala,GTM,2008,0.830194155,3569.928509,686.7363673,47.807,65.17873052,66.5,34.4090386,28.11681614,130.0408175,-0.18609568386015823,8.180300849082975,6.531950473740853,3.86717207229025,4.1771331966932035,4.867848381943167,66.91732198150765
Guatemala,GTM,2009,0.85800744,3516.192177,721.3272894,48.104,58.04068697,65.3,35.65686988,27.52597452,132.6578108,-0.15314250820309924,8.165133915161212,6.58109297242767,3.8733653337372673,4.061144264093425,4.887772961624444,66.66941185251585
Guatemala,GTM,2010,0.81218683,3546.625715,714.0745324,48.403,63.12519257,67.1,32.15640647,27.49182654,135.3127286,-0.20802487907933429,8.173751927638309,6.5709873440064746,3.8795617952727643,4.145119938204732,4.907588607618015,66.81022057457096
Guatemala,GTM,2011,0.82112605,3621.373994,714.3033243,48.701,65.04705104,67.1,31.89826176,27.94362123,138.0377566,-0.19707864903687258,8.194608789160117,6.571307696077019,3.8856995637586302,4.175110870187635,4.9275272462866715,67.15161320738025
Guatemala,GTM,2012,0.833796841,3655.573054,734.0844733,49.0,61.95941934,67.4,30.86293831,28.12343712,140.8141751,-0.18176550222095778,8.204008146214298,6.598624108232384,3.8918202981106265,4.1264796439747355,4.947441114082648,67.30574966315055
Guatemala,GTM,2013,0.879638887,3717.304523,738.9826743,49.311,56.68522126,67.2,34.58927529,22.95294893,143.5921706,-0.12824381141063643,8.220754094033152,6.605274475883111,3.898147179892498,4.037513528787339,4.966977132843607,67.58079787456283
Guatemala,GTM,2014,0.926760289,3809.61577,756.2875256,49.634,55.08327931,66.2,41.65910267,23.19271673,146.3393524,-0.07606033477391756,8.24528361526624,6.628421628742088,3.904676082765093,4.008846209306776,4.985928256135172,67.98470189617792
Guatemala,GTM,2015,1.062789453,3893.505221,787.2635175,49.971,49.89345327,63.3,37.13614544,22.73751097,149.045754,0.060897011068055173,8.267065115969013,6.668563030364049,3.9114428371630803,3.9098897971564064,5.004253332633445,68.34436563167175
Guatemala,GTM,2016,1.108855254,3924.778834,833.5520307,50.319,46.37273791,63.2,0.0,22.61444118,151.8174692,0.10332818046299867,8.275065280603421,6.7256961245976585,3.9183827393807276,3.8367117415168788,5.022678938709198,68.47670539824817
Guatemala,GTM,2017,1.035312995,3972.740462,817.6767207,50.68,46.06942051,65.0,0.0,21.90490965,154.6039287,0.034703791628474326,8.287211428234034,6.7064670515196765,3.925531355452938,3.8301494004011665,5.040866547861489,68.67787325625278
Guatemala,GTM,2018,1.113329615,4040.212018,833.8310687,51.054,47.01168207,64.0,0.0,21.42643238,157.2012411,0.10735517849456291,8.304052449281155,6.72603082632602,3.9328838960954755,3.8503961255063124,5.057526775002109,68.95728708041234
Guatemala,GTM,2019,1.150586218,4139.12192,851.5769814,51.439,45.51674275,62.8,0.0,21.94225744,159.6099571,0.14027156727693452,8.328238947705334,6.747089902827803,3.9403966396159853,3.8180802307990906,5.072733070914279,69.35956397007604
Guatemala,GTM,2020,1.016412379,4005.838994,823.7517848,51.836,41.14076165,65.5,0.0,22.32946337,161.9757839,0.016279151649839108,8.295508324204896,6.713869252491152,3.948084888573168,3.716999397665493,5.087446841960056,68.81545835695272
Guatemala,GTM,2021,1.150270049,4268.628458,924.2104488,52.245,49.26115095,62.1,0.0,22.24205143,164.2277902,0.13999674002542417,8.359047850410091,6.8289398041502265,3.9559441924860743,3.897135757218465,5.101254428739245,69.87368096544556
Haiti,HTI,2000,0.204091194,1342.894905,367.6687113,35.6,27.15352206,80.8,15.34829157,23.04848687,301.2754354,-1.589188355614036,7.202582939552082,5.907182291676004,3.572345637857985,3.3015067639331095,5.708024914103682,51.87720100112671
Haiti,HTI,2001,0.204306617,1314.114197,354.9392907,37.251,27.56993302,80.9,17.0326394,23.59848955,306.8185051,-1.5881333890389107,7.180918103183046,5.871946762738501,3.6176787901028145,3.316725795580451,5.726256384166963,51.565584804622
Haiti,HTI,2002,0.226659081,1304.529381,361.247287,38.935,24.93967848,79.1,18.53788125,23.21169287,312.3236938,-1.4843082362165698,7.173597627128821,5.889562729363839,3.6618935890289497,3.216460048428615,5.744040130127126,51.46050291594825
Haiti,HTI,2003,0.221109527,1326.47161,356.8791623,40.645,37.19734344,79.0,17.42047099,25.30987237,317.8487663,-1.5090971029470903,7.19027777116256,5.877397243529651,3.704875827198536,3.6162373458258523,5.761575691984292,51.70009442647443
Haiti,HTI,2004,0.200925607,1286.902821,357.7945314,41.679,33.78097035,81.1,19.88746468,25.61287,323.3041727,-1.6048205538601714,7.159993696586734,5.8799588870003,3.7299974048348346,3.5198976365443473,5.778593591236406,51.265509735161764
Haiti,HTI,2005,0.201803875,1304.333037,363.2214465,42.638,34.9651045,81.1,20.17620251,25.03670079,328.7834906,-1.6004589690666113,7.173447106350864,5.895012693717311,3.75274587444235,3.5543505498543526,5.795399450850847,51.45834338761358
Haiti,HTI,2006,0.200823257,1305.038138,367.7266538,43.604,37.05707041,81.4,20.05461208,26.49469301,334.4180697,-1.6053300761582323,7.1739875438508385,5.907339873577849,3.775148889266112,3.612459167813554,5.812391915934855,51.46609727932699
Haiti,HTI,2007,0.23292767,1343.611114,369.8261445,44.574,34.28254896,79.3,22.25686552,25.29631128,340.1050798,-1.4570273027940992,7.203116129511012,5.913033015480467,3.7971507293977242,3.53463644802474,5.829254628096843,51.8848819752217
Haiti,HTI,2008,0.226896577,1356.534001,368.5070338,45.551,36.14503815,79.6,21.96746739,26.70120189,345.8190856,-1.4832609732510782,7.212688197026289,5.90945979909987,3.8188325773618006,3.5875396819227228,5.845915764323012,52.022871027522335
Haiti,HTI,2009,0.219049719,1412.896535,377.427345,46.528,33.09649982,80.3,19.92011277,26.22554115,351.5813135,-1.5184565475351957,7.253397156365896,5.933378086589429,3.8400542819110544,3.49942753117222,5.862441017356574,52.61177030797686
Haiti,HTI,2010,0.264982362,1317.583893,388.9955223,47.509,44.72152413,79.0,17.69600276,23.53326873,355.7073295,-1.3280920137015955,7.1835549542896215,5.963567832755281,3.8609191667769345,3.800454909885041,5.874108284589736,51.60346178129897
Haiti,HTI,2011,0.296866213,1369.169213,402.4766975,48.492,44.1635704,79.0,17.68732862,24.59258027,359.7570392,-1.2144737029470596,7.2219594210102995,5.9976372007727345,3.8813988358843368,3.787900250149813,5.88542891249752,52.15669787871942
Haiti,HTI,2012,0.273849326,1354.885461,408.9220129,49.477,40.2582415,82.2,17.85013215,25.37328252,365.3763062,-1.295177228956823,7.21147219911358,6.0135244603554225,3.9015079151283794,3.695314740668538,5.900927798382256,52.00533127858806
Haiti,HTI,2013,0.291214496,1392.382047,415.2294712,50.46,40.33250976,80.4,18.05237978,25.68991933,370.9129898,-1.23369518367882,7.238771262289093,6.028831310064843,3.921180943212912,3.6971578375466034,5.915967506260276,52.39980938774244
Haiti,HTI,2014,0.311166189,1411.768348,400.4935656,51.444,42.35152591,77.8,22.00774954,26.56062976,376.3873367,-1.1674281397526687,7.2525983451038725,5.992697700461752,3.9404938374038405,3.7460044513816686,5.930618763946555,52.60018275540343
Haiti,HTI,2015,0.331979441,1411.126847,400.1388184,52.427,41.94573812,76.1,22.78939057,26.05569094,381.8302612,-1.102682236681857,7.25214384646561,5.9918115329014485,3.9594217257980215,3.7363768334732637,5.944976167448857,52.59359036982901
Haiti,HTI,2016,0.335240071,1416.748819,408.565441,53.396,41.41090222,76.1,0.0,24.44867789,387.208164,-1.0929083739628846,7.256119961451358,6.012652099756096,3.977735836793486,3.723544184811076,5.958962439890886,52.65127689497285
Haiti,HTI,2017,0.331492101,1432.672286,410.5955452,54.346,42.07454779,76.2,0.0,23.70540839,392.5164731,-1.1041512976944112,7.267296710816091,6.0176086550374235,3.9953710138027043,3.739442992306694,5.972578506023289,52.81360148303838
Haiti,HTI,2018,0.324473868,1437.352519,419.5069149,55.278,45.1385763,76.2,0.0,24.13852103,397.7634978,-1.1255502761269356,7.270558171929968,6.0390800094424435,4.01237499935485,3.809737231237596,5.985857602028653,52.86101613141764
Haiti,HTI,2019,0.323642255,1394.421141,409.8045053,56.192,44.56871878,76.4,0.0,23.38232622,402.9449565,-1.1281165244484306,7.240234655450603,6.01568022964383,4.028774398012652,3.7970322403034165,5.998799968250943,52.420997865987914
Haiti,HTI,2020,0.307937283,1331.697785,398.3941385,57.088,37.41388013,76.3,0.0,23.32752565,407.9770682,-1.1778591433666548,7.194209937219189,5.98744181300181,4.044593936957544,3.62204176204068,6.011210967432422,51.75665662078333
Haiti,HTI,2021,0.299773548,1292.71955,406.1262965,57.964,37.16540177,76.7,0.0,25.61430274,412.7208273,-1.204727929361095,7.164503456560707,6.006664186351051,4.0598221281836775,3.6153782685587545,6.022771401441073,51.33010977907032
Honduras,HND,2000,0.759436362,1789.477985,456.2448121,45.458,120.3921646,55.2,48.10956384,29.3809339,58.78785414,-0.27517874979192086,7.4896792278113224,6.1230295340923275,3.8167888227359676,4.790754452683961,4.073935271322765,56.095294935508406
Honduras,HND,2001,0.870894658,1789.18816,478.9469548,45.964,115.9430717,50.4,52.63158109,27.69506071,60.39854321,-0.13823425318674282,7.489517254054124,6.171589849733732,3.827858481395387,4.753099309436773,4.100964985610165,56.092868698774424
Honduras,HND,2002,0.89578128,1807.973055,488.7026097,46.61,117.9974545,49.8,53.00113812,27.26238826,62.01500581,-0.11005900294906183,7.4999616376331035,6.191754144347793,3.8418151103846494,4.770663052199087,4.1273763849542995,56.249424565968226
Honduras,HND,2003,0.966427047,1842.2975,517.3497617,47.267,122.2482772,47.9,54.21407103,27.37165815,63.62689248,-0.034149464817397994,7.51876871300314,6.24871916743425,3.8558123775912287,4.806054035822144,4.153036218711242,56.53188295963489
Honduras,HND,2004,1.072257355,1908.909501,546.8656009,47.927,135.4617587,46.7,55.64093079,26.5378388,65.23365806,0.06976610379911459,7.554287416106477,6.304203070038468,3.8696790199336757,4.90868937687094,4.177975563646927,57.06725836514467
Honduras,HND,2005,0.948256669,1975.856479,529.2973685,48.585,136.489768,51.4,56.96437931,26.24004476,66.83666994,-0.053130065482415556,7.588757243584955,6.271550407190899,3.8833148412914023,4.916249652108435,4.202251881121615,57.58923650206312
Honduras,HND,2006,1.063416306,2056.534915,563.8159546,49.245,133.1318351,52.2,46.6947981,26.78488327,68.43178121,0.06148665580540823,7.628777765401387,6.334727876612364,3.8968078396216654,4.891339878619837,4.2258373542909915,58.19825019388258
Honduras,HND,2007,1.105478405,2134.195406,589.594179,49.905,135.0706349,50.6,55.66101896,26.15666926,70.0223255,0.10027818697712534,7.665844995617126,6.379434468031275,3.9101211981385497,4.905797863087279,4.2488141269144615,58.76517949682814
Honduras,HND,2008,1.080724615,2175.147094,585.5737288,50.566,135.7489552,50.0,53.80872299,25.94977686,71.61128787,0.07763175597145182,7.684851570661305,6.372592099618913,3.9232794136838454,4.910807262283506,4.271252713356501,59.056943663095524
Honduras,HND,2009,0.997008632,2076.308599,565.8471971,51.225,96.90500602,50.5,48.85614911,26.0219597,73.19598713,-0.0029958510838569907,7.638346884009061,6.3383240719667935,3.9362276941249634,4.5737311792754065,4.293140598836145,58.34434312045093
Honduras,HND,2010,0.953504223,2108.473145,561.8185075,51.885,109.4418382,53.6,49.68559116,25.5871307,74.7687729,-0.047611425005482544,7.653719336562938,6.331178857345755,3.9490297310572418,4.6953932501513105,4.31440032321472,58.57941968287742
Honduras,HND,2011,1.110474543,2144.562655,607.4158059,52.543,122.2169026,50.9,50.86731261,25.81421601,76.33017249,0.10478744018143883,7.6706909201307445,6.409213574498957,3.961631881980162,4.80579735632122,4.33506830560083,58.83949919217625
Honduras,HND,2012,1.138452493,2188.393788,611.2126929,53.202,121.1882158,49.3,49.5303428,26.1135718,77.88967736,0.1296698779391304,7.690923123582096,6.415445004815995,3.974095989625925,4.797344839535195,4.355293432671385,59.150298492849785
Honduras,HND,2013,1.090887246,2205.401267,613.6204947,53.858,116.3060492,51.1,48.94932482,25.40931972,79.44658146,0.08699135228913688,7.698664751823371,6.419376650244928,3.9863509533854167,4.756225071929474,4.375084864492507,59.2694389609676
Honduras,HND,2014,1.095251725,2229.247722,604.0930432,54.514,112.9750973,52.2,51.3275605,24.5107788,81.000286,0.09098422269351114,7.7094194631461255,6.40372823110421,3.998457549414937,4.727167416549462,4.3944526855304025,59.43514845873629
Honduras,HND,2015,1.139509846,2271.20266,659.3940734,55.165,107.2644054,50.8,48.87322585,25.64997094,82.55702029,0.13059821029812788,7.728064776345113,6.491321342729481,4.010328694212269,4.675296864872445,4.413489209633297,59.722985187386044
Honduras,HND,2016,1.101368623,2315.729831,616.3914054,55.813,99.81571695,52.7,0.0,25.8278975,84.1217267,0.09655360915281111,7.747480178606843,6.423882160130064,4.022006817163219,4.603325655386979,4.432264877252456,60.02344911790591
Honduras,HND,2017,0.973932684,2383.373984,537.5923822,56.457,101.8131111,45.6,0.0,26.53892231,85.69252838,-0.02641309066435596,7.776272403098264,6.287100619093663,4.0334792864508255,4.6231388885541955,4.4507656383724665,60.470412487187645
Honduras,HND,2018,0.92127051,2430.135037,565.0779163,57.096,103.5511622,48.9,0.0,26.5924588,87.27509161,-0.08200157249710466,7.795702105572489,6.336963626594179,4.044734061668766,4.640065811342105,4.469065102661131,60.77297131882734
Honduras,HND,2019,1.021839804,2447.616493,583.5919114,57.73,99.45997799,46.2,0.0,26.7243169,88.86972026,0.021604731941515,7.802869970003336,6.369201956717078,4.055776969072842,4.599755331991575,4.487171480001534,60.88477976877986
Honduras,HND,2020,0.870989482,2189.431687,544.5738557,58.359,88.00085638,50.2,0.0,25.35785722,90.44275628,-0.13812537797751828,7.691397285480679,6.300003572660579,4.06661358848379,4.477346546021764,4.504717123283278,59.15759220309956
Honduras,HND,2021,0.96038077,2423.766349,569.9664706,58.982,103.3726435,45.9,0.0,25.82015931,91.96422379,-0.040425437742622014,7.793077951866757,6.345577535589653,4.077232312612138,4.638340357437114,4.52139962957095,60.732063963871774
"Hong Kong SAR, China",HKG,2000,6.286706677,26933.26259,2121.263334,100.0,247.6540204,0.0,90.25278211,12.08238349,6347.619048,1.8384373528329623,10.201117329228717,7.659767102445003,4.605170185988092,5.512032693103968,8.755835068503393,104.06279476469044
"Hong Kong SAR, China",HKG,2001,6.233978226,26885.45864,2078.720201,100.0,240.8489776,0.1,95.74970534,11.3479853,6394.571429,1.8300146885575248,10.199340848425033,7.639507695347264,4.605170185988092,5.484170088101473,8.763204695191783,104.02655374235147
"Hong Kong SAR, China",HKG,2002,6.072166783,27210.10538,1934.258296,100.0,255.9964574,0.1,95.06067686,10.63652502,6422.952381,1.8037155072720972,10.21134370461066,7.567479222421271,4.605170185988092,5.545163606102562,8.767633163404994,104.27154025369177
"Hong Kong SAR, China",HKG,2003,6.613968622,28097.13631,2027.393863,100.0,292.4546559,0.1,94.03547084,9.858602385,6410.285714,1.889183870369333,10.243422939452435,7.614506435914024,4.605170185988092,5.678309632090569,8.76565912208829,104.92771351650036
"Hong Kong SAR, China",HKG,2004,6.007444535,30304.32737,1823.006666,100.0,326.8410546,0.1,97.56125019,9.172944434,6460.47619,1.7929994559599818,10.319045798791763,7.508242431281961,4.605170185988092,5.789473981166545,8.773458307682223,106.48270619756192
"Hong Kong SAR, China",HKG,2005,6.312070686,32401.40239,1864.70664,100.0,342.6892095,0.1,94.07227983,8.45767903,6488.761905,1.84246378215007,10.385956984485686,7.5308590221182214,4.605170185988092,5.836823941661764,8.777827021853684,107.86810248358701
"Hong Kong SAR, China",HKG,2006,6.188067842,34458.04535,1899.446802,100.0,359.2086612,0.1,97.02324994,7.995870559,6530.571429,1.8226228961284199,10.447497786186442,7.549317965918044,4.605170185988092,5.883903448609504,8.784249726711376,109.15020999237062
"Hong Kong SAR, China",HKG,2007,6.424114049,36371.70019,2045.970326,100.0,362.1494636,0.1,95.93155892,6.891085054,6586.952381,1.8600587300671914,10.501546283932694,7.623627442985086,4.605170185988092,5.89205700948602,8.792846059375151,110.28247435358057
"Hong Kong SAR, China",HKG,2008,6.19885596,36924.10484,1985.306536,100.0,376.6568062,0.1,95.72611901,7.002103091,6626.47619,1.8243647524440147,10.516619864451695,7.593528607395267,4.605170185988092,5.9313344444655325,8.798828447165556,110.59929337337998
"Hong Kong SAR, China",HKG,2009,6.474515259,35938.61065,2043.271702,100.0,348.3975543,0.1,97.90465279,6.871197442,6640.761905,1.8678737413082882,10.489567502105633,7.622307577653916,4.605170185988092,5.853344225148887,8.800981980616722,110.0310263812306
"Hong Kong SAR, China",HKG,2010,5.7111578545,38090.035,1922.62412,100.0,404.7705609,0.1,95.14560257,6.835827987,6689.714286,1.7424217797314838,10.547707978348573,7.561446261064308,4.605170185988092,6.003320390279254,8.808326444586958,111.25414359651813
"Hong Kong SAR, China",HKG,2011,5.952648575185,39656.34373,2037.958456,100.0,421.8547066,0.5,96.59121057,6.7171725,6734.857143,1.7838362591992591,10.588006207455864,7.619703828884026,4.605170185988092,6.04466095759574,8.815051877483647,112.10587544912391
"Hong Kong SAR, China",HKG,2012,5.703067369346667,39887.83357,1944.996819,100.0,430.5685304,0.2,95.66672075,6.844524385,6809.619048,1.7410041650709043,10.593826633321823,7.573015620575631,4.605170185988092,6.0651064991197545,8.826091457490747,112.2291627368788
"Hong Kong SAR, China",HKG,2013,5.7580257419250005,40959.97816,1907.463408,100.0,442.6200191,0.3,95.42424828,6.947699229,6837.047619,1.7505946628164968,10.620350726510122,7.553529579750497,4.605170185988092,6.092711657276404,8.830111282786424,112.79184955408407
"Hong Kong SAR, China",HKG,2014,5.766549508003332,41796.86657,1904.119992,100.0,425.9758717,0.2,96.4202283,7.067506488,6885.238095,1.752073896098026,10.640576653262832,7.551775234373974,4.605170185988092,6.054382705463432,8.837134992264168,113.22187151396204
"Hong Kong SAR, China",HKG,2015,5.208577573758333,42432.16197,2030.168829,100.0,389.4059493,0.2,86.96239245,7.058016579,6944.095238,1.6503068000164587,10.655661890704538,7.615874235572724,4.605170185988092,5.964622370941575,8.845646971395905,113.54313032901301
"Hong Kong SAR, China",HKG,2016,5.16132977136,43087.54896,2081.70252,100.0,371.7272318,0.2,0.0,7.475714668,6987.238095,1.6411942539204716,10.670989347116903,7.64094135712195,4.605170185988092,5.918160337465997,8.851840634828868,113.87001364628243
"Hong Kong SAR, China",HKG,2017,4.905049482811667,44380.81458,1868.116582,100.0,376.7956667,0.2,0.0,7.218762443,7041.142857,1.5902651812053124,10.700562550982402,7.5326860269056,4.605170185988092,5.931703042370687,8.859525773618804,114.50203890748702
"Hong Kong SAR, China",HKG,2018,4.74922353693,45280.50519,1916.577596,100.0,376.8927735,0.2,0.0,6.478878505,7097.714286,1.5579811387750682,10.720631869837794,7.558296372391272,4.605170185988092,5.931960726568447,8.867528079649025,114.93194768858179
"Hong Kong SAR, China",HKG,2019,4.549066583229999,44195.29698,1876.918556,100.0,353.7435211,0.2,0.0,6.254714375,7150.380952,1.5149220653745714,10.69637365923715,7.537386645128331,4.605170185988092,5.868572133878066,8.874920914268724,114.41240945802232
"Hong Kong SAR, China",HKG,2020,3.6028516688666667,41451.32626,1655.134059,100.0,350.679705,0.3,0.0,6.170581955,7124.761905,1.281725662133227,10.632275156673996,7.411637286947563,4.605170185988092,5.8598732854972635,8.87133158773639,113.04527500722705
"Hong Kong SAR, China",HKG,2021,3.540740917766666,44530.94835,1671.631301,100.0,402.4596815,0.4,0.0,5.989491533,7060.095238,1.264336004049887,10.703939694967481,7.421555255571933,4.605170185988092,5.9975949216549145,8.862213820198,114.57432499350053
Hungary,HUN,2000,5.824881884,8979.735786,2448.353996,64.575,137.2623131,5.2,80.53188518,27.01474803,113.9362977,1.7621387218212818,9.102725738368964,7.803171239386897,4.167827338981904,4.92189378929828,4.735639500106739,82.85961586796479
Hungary,HUN,2001,5.987842447,9365.953932,2512.919081,64.67,130.9037142,5.1,80.97396604,27.11181637,113.6752511,1.7897311547549837,9.144836471089494,7.829200336865983,4.169297415458502,4.874462046844862,4.733345708637598,83.62803408296855
Hungary,HUN,2002,5.903702555,9836.940651,2520.397556,65.081,118.2693352,5.2,80.78396927,26.79537248,113.3520196,1.7755797057783664,9.193900032252715,7.832171928380079,4.175632647936535,4.772964525210616,4.730498194174608,84.52779780305649
Hungary,HUN,2003,6.186986354,10253.72392,2580.496259,65.489,116.7870885,5.0,83.12786521,26.41833527,113.0278063,1.8224481109540482,9.235396227854014,7.855737007868684,4.181882189606587,4.7603525206193416,4.727633861892562,85.29254348546016
Hungary,HUN,2004,6.016396716,10786.4882,2579.604763,65.896,123.6156861,4.6,81.8109099,26.87787257,112.7777951,1.7944885279574052,9.286049537250017,7.855391473544814,4.188077741638947,4.8171774471653475,4.7254194677357155,86.23071600826125
Hungary,HUN,2005,6.067642074,11272.73454,2781.005954,66.365,128.0048106,7.3,78.92425409,27.20895035,112.5662872,1.802970073919263,9.330142216466015,7.930567995188164,4.195169809078165,4.852067846025901,4.723542267678346,87.05155377948137
Hungary,HUN,2006,6.02370879,11734.45447,2760.462428,66.895,149.2315316,7.9,78.69364971,27.21577124,112.3911394,1.7957031476956318,9.370284619773788,7.9231534910536805,4.203124225925583,5.005499003242582,4.721985103391413,87.8022338555692
Hungary,HUN,2007,5.88047869,11791.70744,2709.843887,67.421,155.6014324,9.0,77.46665521,26.71204074,112.2171633,1.771638168460878,9.375151804080637,7.9046463059413785,4.210956542089864,5.047297817357446,4.720435951978024,87.89347134955644
Hungary,HUN,2008,5.760511758,11929.72099,2676.908405,67.943,158.4532241,9.0,76.65323027,25.7747486,112.0208459,1.75102631763615,9.386788127559464,7.892417827395204,4.218669118366336,5.065459433673685,4.718684978083295,88.11179135169132
Hungary,HUN,2009,5.157238854,11142.88593,2548.81278,68.46,145.3058773,12.3,72.11193965,25.13711378,110.7108141,1.6404013304593075,9.318556540074617,7.843382953267508,4.226249633102039,4.978841019173185,4.706921523290279,86.83549599056742
Hungary,HUN,2010,5.233487963,11287.36867,2651.343381,68.911,157.8389601,13.5,71.96381371,25.22669797,110.4608748,1.6550779703197103,9.33143956266309,7.882821726757923,4.2328158169457275,5.061575273375373,4.704661384050589,87.07576431163393
Hungary,HUN,2011,5.157321294,11536.3579,2600.717871,69.358,166.7543472,14.7,70.46441199,25.13591853,110.1483155,1.640417315629556,9.353258883662063,7.863542790130584,4.239281496993111,5.1165217546208295,4.701827780348847,87.4834517448033
Hungary,HUN,2012,4.802617082,11440.76227,2490.185789,69.678,166.1756986,16.5,68.19356234,25.04986567,109.5809345,1.569160994749139,9.344937894706984,7.820112600731488,4.243884629491676,5.113045653920614,4.696663404089968,87.32786425593059
Hungary,HUN,2013,4.536534662,11729.57208,2420.169498,69.953,164.4760248,17.2,65.42466317,25.05612104,109.0548327,1.5121634302905202,9.369868460163666,7.791592857193879,4.24782358796882,5.102764813686805,4.691850808034335,87.79443496076982
Hungary,HUN,2014,4.558336905,12287.37794,2423.514986,70.227,168.3583551,15.7,65.3462673,25.68738868,107.7475126,1.516957843186246,9.416327830733652,7.792974238885045,4.251732852470844,5.126094773719218,4.6797906437986025,88.66722981584911
Hungary,HUN,2015,4.851621621,12782.94126,2571.150905,70.5,167.2907385,15.6,66.1101626,26.39167832,107.360892,1.5793130039106276,9.45586684699201,7.85210890060369,4.255612709818223,5.119733247823254,4.67619598168364,89.4134178280426
Hungary,HUN,2016,4.945452012,13145.65599,2613.093542,70.779,163.9719445,15.3,0.0,25.4486066,106.9444992,1.5984683687839834,9.483846640064874,7.868290063578668,4.259562346532686,5.099695343068085,4.672310000825589,89.94334709226979
Hungary,HUN,2017,5.260016803,13734.24428,2737.453325,71.062,165.0328558,14.6,0.0,25.15875499,106.582906,1.6601342212312082,9.527647575537662,7.914783323751089,4.263552735426195,5.106144580138224,4.668923142400475,90.77606832364869
Hungary,HUN,2018,5.244461605,14533.77831,2738.82729,71.351,162.7008588,13.6,0.0,24.96975018,106.3660311,1.6571725873897674,9.584230757860855,7.915285111415171,4.267611359241589,5.091913292637613,4.666886269355365,91.85747921992605
Hungary,HUN,2019,5.237382339,15290.80855,2749.241319,71.644,159.9255565,13.6,0.0,24.63373762,106.2330046,1.6558218198885133,9.635007178492911,7.919080268597625,4.271709410363012,5.074708435086283,4.6656348383042054,92.83336332960992
Hungary,HUN,2020,5.067381258,14664.29712,2713.179234,71.942,154.2954988,14.8,0.0,24.35968489,105.9655819,1.6228241670023886,9.593171051180066,7.905876375349579,4.2758602388262705,5.038869587200255,4.663114342329311,92.02893081719925
Hungary,HUN,2021,5.217926988,15787.95354,2850.705795,72.245,158.7297828,15.3,0.0,23.89733556,105.532895,1.6521001942824154,9.667002494037085,7.955321889971569,4.280063120445575,5.067203277221846,4.659022705264175,93.45093721971922
Iceland,ISL,2000,10.14953504,42174.66506,11404.94359,92.401,71.13900777,60.7,22.00059319,22.8576114,2.805037406,2.317427895571543,10.649574965711027,9.341802188629975,4.526137801099898,4.264635818854866,1.0314168743581138,113.41344695029902
Iceland,ISL,2001,10.38362202,43288.0763,10925.45139,92.532,74.73465562,62.1,22.18716212,24.4555514,2.842573566,2.340229759068105,10.675632501934214,9.298850336272732,4.527554530638824,4.313943915212175,1.0447098270464399,113.96912931635416
Iceland,ISL,2002,10.88678123,43143.46058,11168.37142,92.662,69.43201129,61.9,22.3341155,22.1813101,2.86805985,2.3875493220888955,10.672286134157519,9.320841081970624,4.528958464042204,4.24034801894707,1.0536357907204728,113.89769132933084
Iceland,ISL,2003,10.71183092,43763.77561,11092.61784,92.789,68.19921175,61.9,22.12878289,21.24982806,2.887990025,2.3713488240970113,10.686561713309978,9.314035106590822,4.530328098283629,4.222433006864734,1.0605607670772466,114.20260125238268
Iceland,ISL,2004,10.87669563,46766.01685,10892.78401,92.914,70.43190206,61.9,23.27443764,21.54353573,2.913456359,2.386622484820488,10.752912082457769,9.295855831555741,4.531674334142809,4.254646314781976,1.0693401285974393,115.62511825306628
Iceland,ISL,2005,10.54277568,48850.76588,10877.23019,93.037,72.45061537,62.7,22.89261128,20.48971112,2.95994015,2.355440855691993,10.796525335546594,9.294426909874423,4.532997263494509,4.282905162450427,1.0851690485369556,116.5649593210995
Iceland,ISL,2006,10.67443101,50731.69068,13184.47716,93.159,77.5361532,64.2,19.03991555,22.01742522,3.030244389,2.36785125652317,10.834306057030831,9.486795443848694,4.534307710737832,4.350744320488539,1.1086432727043658,117.38218773741497
Iceland,ISL,2007,11.15686564,53646.36901,15188.37773,93.278,74.67091356,67.6,15.68088431,19.85275292,3.107890274,2.4120550608747306,10.890169066551355,9.628285791334768,4.535584281548997,4.31309063960515,1.1339441275063824,118.59578229807201
Iceland,ISL,2008,11.91094281,53821.47081,17341.07262,93.395,82.6880267,74.0,12.41743902,22.80310603,3.166224439,2.4774575414431936,10.893427752224095,9.760833106552885,4.536837810611266,4.415074811620571,1.1525398493441934,118.66676819292611
Iceland,ISL,2009,12.01981796,49527.39884,17936.59575,93.511,89.39474321,74.7,11.47452035,19.62886394,3.177047382,2.486556784233643,10.810281307344756,9.794598360081466,4.5380790764335925,4.4930618796676365,1.1559522692460427,116.86218194392744
Iceland,ISL,2010,11.1631519185,48193.70141,17024.51309,93.574,93.64639818,76.0,11.51888054,21.98401916,3.172478803,2.4126183470504463,10.782983615358742,9.74240953090242,4.538752567118376,4.539525967712676,1.154513239102603,116.27273564909508
Iceland,ISL,2011,10.527079270283332,48933.54566,18161.52411,93.587,101.4087017,77.1,10.25273575,22.35694208,3.182184539,2.3539509154282903,10.798218445585846,9.807060575395745,4.538891484948703,4.619158903056991,1.1575679228914182,116.6015215985904
Iceland,ISL,2012,10.382774794666666,49191.57441,17633.64828,93.6,104.0854755,77.7,10.32861882,21.02421777,3.199162095,2.3401481632726124,10.803477635985862,9.777564189888343,4.539030383483547,4.6452124413907985,1.1628889302057115,116.71512903124668
Iceland,ISL,2013,10.25964282265,50946.81624,18212.73365,93.633,98.7895236,76.8,10.38444434,21.08005371,3.229566085,2.328218026529438,10.838537548769077,9.80987627952206,4.539382885449991,4.592991562694315,1.1723477892009844,117.47389619607719
Iceland,ISL,2014,9.2774258342,51233.24404,17947.03823,93.667,96.66559189,77.6,10.90966049,20.77705897,3.265695761,2.2275841197627533,10.844143897981327,9.795180379188038,4.539745939378165,4.57125751587129,1.1834728368105734,117.59545688012565
Iceland,ISL,2015,9.4181465995,52951.68151,16910.72123,93.7,95.81820791,78.0,11.66815576,20.06093987,3.299900249,2.2426383175846922,10.877135107088119,9.735703092077122,4.540098189244376,4.5624527286084025,1.1938922404398145,118.31206813784887
Iceland,ISL,2016,7.96229418768,55513.64231,15701.47301,93.735,88.33302364,80.9,0.0,19.57767877,3.346024938,2.0747171728631253,10.924384076916228,9.661509809228358,4.540471652049154,4.481114031349702,1.2077730556151605,119.34216745998083
Iceland,ISL,2017,7.969496699386667,56501.45767,16234.98296,93.773,86.97894698,80.8,0.0,19.56025679,3.425436409,2.07562134142125,10.942021716270759,9.694923634952163,4.540876968094553,4.465666100634953,1.2312288822832487,119.72783923934088
Iceland,ISL,2018,7.547513001333333,57697.80442,17346.75027,93.813,88.63690696,81.4,0.0,19.82184803,3.498175146,2.0212181051986757,10.962974400125761,9.761160463508594,4.541303439159624,4.484548327985817,1.252241445668834,120.18680769781278
Iceland,ISL,2019,6.911800434629999,57493.41953,16700.592,93.855,82.86274578,81.7,0.0,19.84816326,3.575949618,1.9332301587802538,10.959425777279826,9.723199446878338,4.541751038118437,4.417185573681681,1.2742307682858434,120.10901336770551
Iceland,ISL,2020,6.336883487433333,52641.72349,16083.60997,93.898,67.97507563,82.9,0.0,20.72849113,3.634463949,1.8463870840958718,10.87126430653465,9.685556018158355,4.542209086732859,4.219141103132848,1.2904616307848154,118.1843876225343
Iceland,ISL,2021,6.482127133988333,54392.38315,15779.65307,93.944,76.65276763,82.4,0.0,21.04929463,3.694535357,1.8690487179161444,10.903979407415932,9.666476608733594,4.54269886006278,4.339285712037135,1.3068547973726485,118.89676691735069
India,IND,2000,0.941139243,756.7041095,394.9168031,27.667,26.90092291,46.9,67.25160049,27.32582838,355.8207625,-0.06066417691122734,6.628972304503755,5.978675117653257,3.3202403672486804,3.2921605949411887,5.8744271279417735,43.94327381387782
India,IND,2001,0.938682659,778.5073775,393.3808862,27.918,25.99325475,47.1,67.12901707,26.48777734,362.5394189,-0.0632778132305148,6.657378467786633,5.974778318602777,3.3292716420905664,3.257837071670692,5.893133210175873,44.320688063349095
India,IND,2002,0.956523084,793.6159129,397.3442529,28.244,29.50866294,45.8,67.93666428,27.66065416,369.165906,-0.04445035657182229,6.676599607306932,5.984803040710431,3.3408810456541005,3.384683879219465,5.911246152752444,44.57698231629108
India,IND,2003,0.968644599,841.2788946,399.6998971,28.572,30.59243613,45.6,68.165462,27.47410712,375.6244996,-0.03185750526610003,6.734923227590482,5.990714008274162,3.352427217292726,3.4207527931088975,5.928589973108884,45.35919088153779
India,IND,2004,1.027134962,892.5966146,415.4799565,28.903,37.50381406,44.9,69.01828735,29.21910631,382.0783445,0.026773336139060414,6.794134759447668,6.029434373661425,3.3639453959592664,3.624442636071097,5.945625677892568,46.16026712953502
India,IND,2005,1.053571357,947.7325656,425.3696425,29.235,42.00166961,44.2,69.3475085,29.53376419,388.362776,0.05218568523836456,6.854072358658792,6.052958537972434,3.375366621627634,3.7377093701123014,5.961939892483401,46.978307897730495
India,IND,2006,1.107015491,1008.232753,441.7858867,29.569,45.7244805,43.2,70.04389072,30.92723994,394.485011,0.10166764730519275,6.915954327730652,6.090825345478028,3.386726515233699,3.8226338328127163,5.977581144633811,47.83042426325633
India,IND,2007,1.18744711,1069.246968,461.2017383,29.906,45.68626868,41.5,70.95317496,30.90323825,400.4708818,0.17180571698740235,6.974709911470545,6.13383555746846,3.398059129161652,3.821797786230262,5.992641059246079,48.64657834916546
India,IND,2008,1.244782314,1086.506053,481.5530274,30.246,53.36822044,39.4,71.4399671,31.13671924,406.2743935,0.2189606664361726,6.990722370780828,6.1770163547693775,3.4093639443285486,3.9772154459638163,6.007028777379747,48.87019926533552
India,IND,2009,1.340702989,1155.101633,509.4460001,30.587,46.27286964,37.4,75.57244497,31.12137211,412.1918724,0.2931940950552793,7.051943613024048,6.23332386098109,3.420575082088392,3.83455582044683,6.021488950649155,49.72990872127067
India,IND,2010,1.402266789,1235.159391,531.8670661,30.93,49.2552065,36.2,74.84569361,30.72507823,418.2314497,0.33809006223532995,7.118955302272815,6.276393582365618,3.4317265866969784,3.897015077766624,6.036034986701637,50.67952459575823
India,IND,2011,1.467091096,1281.610544,546.6758902,31.276,55.62388001,35.0,74.91097353,30.16167976,424.1992453,0.38328159402910117,7.155872803496232,6.303856104324872,3.4428510302622675,4.018612605632014,6.050203263015374,51.20651557981702
India,IND,2012,1.581923153,1333.096266,572.1330855,31.634,55.79372173,34.8,75.07474779,29.3985277,430.0682102,0.45864129231226697,7.195259535125535,6.349371631275081,3.454232491541297,4.02166134925783,6.063943824479551,51.77175977781493
India,IND,2013,1.607627302,1399.453798,577.2546216,32.003,53.84413195,34.9,74.98186721,28.40489956,435.8381102,0.47475936652906636,7.243837295191553,6.358283454439021,3.46582964840547,3.9860934273768676,6.077270867516832,52.473178759208075
India,IND,2014,1.709121301,1484.316407,610.1653718,32.384,48.92218575,33.9,75.78572873,27.6564012,441.3701079,0.5359793793794262,7.302709613264972,6.413730021737512,3.4776644736650004,3.8902309899107888,6.089883770414823,53.329567695672644
India,IND,2015,1.70187478,1583.998159,622.339884,32.777,41.92291387,33.4,45.95662915,27.34739148,446.6665427,0.5317304551766903,7.367707410126221,6.433486380795719,3.4897270499085082,3.7358325478546943,6.101812326739496,54.28311248122883
India,IND,2016,1.713881972,1694.46535,627.273531,33.182,40.08248571,33.0,0.0,26.61899994,452.0209929,0.5387609566610267,7.4351225423281475,6.441382699090507,3.5020075602211636,3.6909394735661034,6.113728623222747,55.281047219436175
India,IND,2017,1.789997318,1788.697703,648.0147183,33.6,40.74249695,32.5,0.0,26.50001665,457.3059239,0.5822141215275187,7.489243093825513,6.473913409520255,3.5145260669691587,3.7072716988076,6.125352584658391,56.088762118413136
India,IND,2018,1.871823689,1883.357727,668.3033702,34.03,43.61696933,32.9,0.0,26.4120919,462.3515699,0.626913190393386,7.5408114877778765,6.5047422174490945,3.5272424885128144,3.7754462794509545,6.136325575497498,56.86383789420279
India,IND,2019,1.830078925,1936.030677,666.9773475,34.472,39.90540353,33.5,0.0,24.59147531,467.1851822,0.6043590943386268,7.568395113268834,6.502756083569794,3.5401474003135367,3.6865117415434767,6.146725714829541,57.28060459055157
India,IND,2020,1.653299904,1806.501106,632.2398285,34.926,37.75810533,36.1,0.0,25.12290581,471.7551502,0.5027732325094738,7.499147162821108,6.449268797638933,3.5532315375176533,3.631200163376461,6.156460101412173,56.23720816964788
India,IND,2021,1.802062141,1965.309434,676.8142935,35.393,45.42308878,34.9,0.0,26.46652361,475.6520424,0.5889316430532799,7.583404984679363,6.517396927306594,3.5665140604735805,3.816020539208869,6.164686583556839,57.50803116165981
Indonesia,IDN,2000,1.384188074,1828.10266,585.7864958,42.002,71.43687592,45.6,76.18565363,41.96907464,115.0868726,0.32511373958154544,7.511033910174614,6.372955381550247,3.7377172361972364,4.268814205488874,4.745687257094815,56.41563039979295
Indonesia,IDN,2001,1.458634688,1868.591723,591.1249448,42.783,69.79320753,44.3,75.5969248,47.89350079,116.695438,0.3775008529937029,7.532940336829618,6.382027407582771,3.7561408274227395,4.245536691709296,4.759567446840321,56.745190118234724
Indonesia,IDN,2002,1.463222127,1926.374359,606.3223058,43.568,59.07946177,44.7,76.74978432,47.74533116,118.288281,0.3806409403147867,7.563394944706151,6.407411702438883,3.7743229359314037,4.078883347432107,4.773124704369883,57.204943089606566
Indonesia,IDN,2003,1.571392269,1991.918205,597.2756151,44.356,53.61649375,43.0,76.97384881,43.74956609,119.8645702,0.45196202193075785,7.596853375554499,6.392378673691428,3.7922479870909696,3.9818567399573266,4.786362523787528,57.71218120967379
Indonesia,IDN,2004,1.58017942,2065.706175,634.7523883,45.149,59.76129484,41.5,78.5253357,44.62761598,121.3977856,0.45753839755379694,7.6332274203011865,6.453234983161404,3.809968131223474,4.090358207925839,4.799072637931855,58.266160850037906
Indonesia,IDN,2005,1.570602107,2155.447802,637.3297583,45.942,63.98793587,41.6,79.407681,46.54105887,122.9663455,0.45145905348326903,7.675753777702834,6.45728719556558,3.8273797313590414,4.158694563559681,4.811910704112188,58.91719605591933
Indonesia,IDN,2006,1.638945042,2244.080223,643.6246566,46.738,56.65712681,40.1,79.64180043,46.94355874,124.6068093,0.4940527677779034,7.716051016003571,6.467115724825669,3.8445575382936146,4.037017783797866,4.8251632541378235,59.53744328156974
Indonesia,IDN,2007,1.695257058,2355.152857,628.6005162,47.535,54.82924998,40.0,79.36813336,46.79914152,126.2636154,0.5278343859708764,7.76436091177512,6.443495945553076,3.8614662818109937,4.004223810314556,4.8383719070931175,60.28530036830138
Indonesia,IDN,2008,1.6542308,2464.601934,632.5070702,48.335,58.56139963,41.1,78.44579996,48.06074477,127.9123689,0.5033361273744882,7.80978558621523,6.4496913987210185,3.8781559359165687,4.070075770152956,4.85134541149297,60.99275090265516
Indonesia,IDN,2009,1.691367292,2546.219697,674.8945424,49.134,45.51212137,38.2,80.57869676,47.65212258,129.5433111,0.5255372503523542,7.84236506643927,6.514556445185327,3.8945512595161063,3.8179786942139944,4.8640152738727584,61.50268983530702
Indonesia,IDN,2010,1.801445037,2670.81291,669.1120789,49.914,46.70127388,36.0,86.42892599,42.77586634,131.1865936,0.5885891411652304,7.890138165729707,6.505951578084354,3.910301524529806,3.843771442247141,4.876620688362128,62.25428027430454
Indonesia,IDN,2011,2.004120479,2799.624688,664.8078937,50.595,50.18001318,32.4,80.44940572,43.91342343,132.8721744,0.695205300677005,7.937240647179132,6.499498117267376,3.923852757181723,3.9156168035926857,4.889387571337229,62.9997890912326
Indonesia,IDN,2012,1.995547065,2930.518445,680.5465364,51.276,49.5828983,30.1,80.54683564,43.59374442,134.5917272,0.6909182307960433,7.982934630044432,6.522896205352157,3.9372228064498884,3.903645981937627,4.902245953211799,63.72724530756263
Indonesia,IDN,2013,1.856457769,3055.24246,696.1928077,51.955,48.63737268,30.6,79.69931735,42.63567744,136.2715728,0.6186702467328511,8.024614233431913,6.545626644528227,3.95037795930461,3.884392220574015,4.914649753487154,64.39443359539806
Indonesia,IDN,2014,1.951327933,3170.72103,704.653772,52.635,48.08017559,29.3,81.70231145,41.92834213,137.8827053,0.6685101320883595,8.061714295266203,6.557706578635327,3.9633812977032883,3.872869942258553,4.926403362140835,64.99123737849945
Indonesia,IDN,2015,1.957253132,3288.222697,698.6607376,53.313,41.93764024,26.6,54.75487025,40.0478624,139.4389346,0.6715420270089746,8.098102484113626,6.549165270477273,3.976180203871459,3.7361837587501543,4.9376267606203275,65.57926384320729
Indonesia,IDN,2016,1.916191466,3416.810052,718.5795349,53.989,37.4213418,27.8,0.0,39.30844398,140.9452677,0.6503396046186232,8.136462661456903,6.577276395147802,3.988780322110153,3.6222411780331045,4.948371642679358,66.20202464128235
Indonesia,IDN,2017,2.003829799,3553.519993,755.3513042,54.659,39.35549707,25.2,0.0,39.3791548,142.3935832,0.6950602489770848,8.175693938535067,6.627182944605043,4.001113885418554,3.6726356619300997,4.958594936164809,66.84197137659905
Indonesia,IDN,2018,2.2132714,3701.321555,826.03866,55.325,43.07430896,22.0,0.0,39.72973745,143.7811527,0.7944716925010205,8.216445211886814,6.716641576299803,4.013224885937113,3.762926739569115,4.968292370633061,67.50997191993775
Indonesia,IDN,2019,2.338843803,3850.903217,844.8700394,55.985,37.62777754,19.8,0.0,38.951768,145.1326889,0.8496567059792961,8.256063001585309,6.739182816002186,4.02508379771216,3.6277425420054845,4.977648419837684,68.16257628614582
Indonesia,IDN,2020,2.162413586,3739.449066,848.4367662,56.641,32.9721754,21.9,0.0,38.23839372,146.3712836,0.7712249987942521,8.226693571001457,6.743395557678003,4.036733104596842,3.495664036102002,4.9861464320140065,67.6784871111567
Indonesia,IDN,2021,2.237793601,3850.688773,896.8135349,57.29,40.20475827,20.2,0.0,39.84481919,146.2351077,0.8054903808825244,8.256007313358683,6.798847964083846,4.048126088420487,3.6939853535457736,4.985215653234866,68.16165675823207
"Iran, Islamic Rep.",IRN,2000,5.328763112,3885.301834,1852.223315,64.042,41.25724746,0.4,99.66530608,40.30591016,40.77866537,1.6731191497088465,8.26495595193316,7.52414198839045,4.159539118121802,3.7198267933479556,3.7081590370482203,68.30949688739537
"Iran, Islamic Rep.",IRN,2001,5.458014184,3917.299355,1978.794128,64.758,40.53556648,0.5,99.58481656,39.91726198,41.41310261,1.6970850210368922,8.273157755305235,7.590242911894127,4.170657245071264,3.7021797734252813,3.7235973189237055,68.44513924416715
"Iran, Islamic Rep.",IRN,2002,5.65074339,4198.953561,2029.894442,65.468,48.17268655,0.7,99.40613112,45.50293488,41.75650004,1.7317871099546496,8.342590621085051,7.615739071669059,4.1815614736436375,3.8747921913518097,3.731855128759338,69.59881827101626
"Iran, Islamic Rep.",IRN,2003,5.89775618,4511.43134,2074.561321,66.172,50.67910577,0.8,99.2273147,45.05994955,42.22189887,1.774571970101489,8.414369752433675,7.637504998747958,4.19225741274477,3.9255137106642786,3.7429390170127816,70.80161833067075
"Iran, Islamic Rep.",IRN,2004,6.19109035,4607.451691,2214.593221,66.869,51.31385733,0.7,99.33030157,47.47047248,43.1348486,1.82311121819575,8.435430204627373,7.702824018209924,4.202735481564956,3.9379608390917817,3.764331222611637,71.15648273713981
"Iran, Islamic Rep.",IRN,2005,6.529185404,4650.358415,2404.027511,67.558,54.44049526,1.4,98.88452519,49.63724905,44.10008534,1.8762821887993182,8.44469957410563,7.784900739433212,4.212986488185841,3.9971082750967706,3.7864617175983204,71.31295089689982
"Iran, Islamic Rep.",IRN,2006,6.89497424,4778.793459,2459.045652,68.239,53.16735871,1.4,98.80362872,48.25990088,45.06050431,1.930792775197677,8.47194337918847,7.807528607314295,4.223016248914268,3.9734446499611042,3.808006126907736,71.77382462017536
"Iran, Islamic Rep.",IRN,2007,7.218348335,5084.71796,2559.874503,68.864,49.88730692,1.3,98.87849289,48.23566313,45.80333996,1.9766261642692369,8.533994841851003,7.847713514006353,4.2321335450992645,3.9097666000591693,3.8243570133520786,72.82906796073952
"Iran, Islamic Rep.",IRN,2008,7.349225319,5035.940085,2710.1636,69.458,48.22940277,0.7,99.55533841,47.66878878,46.36300253,1.994594908894394,8.524355497754305,7.904764281055302,4.240722253351141,3.875968851047545,3.8365017819049845,72.66463665209405
"Iran, Islamic Rep.",IRN,2009,7.494652117,5023.893144,2671.578908,70.045,43.69958022,0.8,99.53804256,43.0965173,46.94235185,2.014189715133773,8.521960438813563,7.890424927925871,4.249137892648077,3.77733849610575,3.8489202924911394,72.62380972070346
"Iran, Islamic Rep.",IRN,2010,7.447085114,5249.061334,2639.091042,70.626,43.77064374,0.9,99.42638465,44.20937942,47.53360962,2.007822695963584,8.565804546076393,7.878189834581999,4.257398348658398,3.7789633584284426,3.861437031777662,73.373007521583
"Iran, Islamic Rep.",IRN,2011,7.473235663,5321.758707,2658.135296,71.2,41.21941479,0.9,99.39804169,46.23228857,48.12470714,2.0113280597111975,8.579559111727388,7.8853801394074035,4.26549281841793,3.718909378127179,3.8737957071868347,73.60883455162444
"Iran, Islamic Rep.",IRN,2012,7.462898721,5058.646378,2740.301047,71.755,44.08934668,0.9,98.98207276,42.09416321,48.73067855,2.0099439072411402,8.528854212263948,7.915823064514605,4.273257538622895,3.786218181387527,3.886308781445518,72.74135417405249
"Iran, Islamic Rep.",IRN,2013,7.616628634,4916.972919,2758.137484,72.295,47.08671792,1.0,98.58855695,42.77886847,49.37172205,2.030333835311716,8.500448359770171,7.922310906276881,4.28075497048009,3.8519909638013847,3.8993778321566888,72.2576223171194
"Iran, Islamic Rep.",IRN,2014,7.808146409,5093.203197,2883.071057,72.83,45.35142014,0.9,99.90713141,39.22822805,50.03932132,2.0551676000876546,8.535662223398761,7.966611344230268,4.288127958229824,3.814441491175579,3.9128091227569355,72.85752959195668
"Iran, Islamic Rep.",IRN,2015,7.617351245,4952.733555,2736.744129,73.358,39.42258866,0.9,59.10112519,32.17473965,50.72531374,2.0304287036266646,8.507694936471356,7.914524218737093,4.29535156476305,3.674338968264573,3.926425070808571,72.38087313206036
"Iran, Islamic Rep.",IRN,2016,7.661927326,5312.61725,2860.597018,73.88,40.38784692,1.0,0.0,34.36750777,51.45769051,2.0362635612426105,8.577839883577356,7.958785629581607,4.302442155331039,3.6985289209001686,3.9407599265227446,73.57933706829039
"Iran, Islamic Rep.",IRN,2017,7.835657233,5381.1871,3028.216407,74.394,44.74487077,1.0,0.0,36.22932632,52.40477904,2.0586847565272945,8.590664279373698,8.015729080629734,4.30937529342576,3.800976818486724,3.958997790221686,73.79951276090722
"Iran, Islamic Rep.",IRN,2018,7.678412357,5215.34607,2911.055564,74.898,58.56508972,1.0,0.0,37.35278268,53.07734854,2.038412801440199,8.559360725731674,7.976271031162221,4.316127187896969,4.070138780493686,3.9717502560686553,73.26265603319784
"Iran, Islamic Rep.",IRN,2019,8.004177015,5000.98599,3188.803985,75.391,50.75433435,1.0,0.0,33.29714526,53.65278767,2.0799635322940273,8.517390369975267,8.067401199144152,4.322687904494308,3.9269970201863496,3.982533428025047,72.54593871454742
"Iran, Islamic Rep.",IRN,2020,8.120548802,5127.959757,3252.605471,75.874,43.81016469,0.9,0.0,36.14055614,54.06683698,2.094397738342927,8.542463150870805,8.087211637531917,4.329074069721147,3.7798658610061415,3.9902210030698937,72.97367668398557
"Iran, Islamic Rep.",IRN,2021,8.349769095,5325.546805,3336.190691,76.345,44.37383405,0.9,0.0,38.01373475,54.51802034,2.1222338851869913,8.580270671690716,8.11258492341572,4.335262541635475,3.7926499725208105,3.9985312954574166,73.62104479947585
Iraq,IRQ,2000,3.63618557,4172.780251,1090.522058,68.496,125.3365956,0.4,97.16483719,84.79597915,55.84300706,1.2909352118665818,8.33633781948775,6.994411812855728,4.22677534940259,4.831002883106447,4.022544308365216,69.49452824062179
Iraq,IRQ,2001,3.994465399,4116.094053,1183.923158,68.55,126.780256,0.3,97.01324367,77.41957755,57.61218191,1.3849097527419723,8.32265994727596,7.076588912999995,4.227563406008323,4.842455320099919,4.053734036833728,69.2666685979915
Iraq,IRQ,2002,3.654904903,3660.925275,1092.981655,68.604,119.7620477,0.3,96.83364417,74.15785642,59.46123191,1.2960700745322058,8.20547120182206,6.996664703955172,4.228350842069834,4.785506838328591,4.0853245356533465,67.32975764393117
Iraq,IRQ,2004,3.275125084,3354.265888,980.2494441,68.712,120.2339771,0.4,95.84954206,61.83506076,63.05388573,1.186356061945645,8.117988214136712,6.88780707407205,4.229923856463924,4.789439653538111,4.1439896898537105,65.90173264486256
Iraq,IRQ,2005,3.070863669,3310.863445,949.2534817,68.766,115.7425403,2.4,95.57460238,63.6084345,64.95060932,1.1219588474416997,8.104964293869797,6.855675866948219,4.230709436742617,4.751368244237301,4.173627124442889,65.69044620490433
Iraq,IRQ,2006,2.965528821,3471.987447,916.1790435,68.819,89.65051986,2.6,92.1027764,61.44419192,65.42861879,1.0870553710152242,8.152482460278312,6.820211807910101,4.231479869604072,4.495918998807335,4.180959758923239,66.46297026514553
Iraq,IRQ,2007,2.762397352,3565.580541,909.1336587,68.873,74.09285311,2.0,95.52741735,60.10771063,64.91439056,1.0160989085064498,8.179082164190934,6.812492122642191,4.232264228938941,4.305319078392753,4.173069333491169,66.89738504858626
Iraq,IRQ,2008,3.129687872,3781.780017,962.3018399,68.927,81.05554327,1.1,96.46848008,62.78885842,66.23919336,1.140933278173801,8.23795008174141,6.869328164342238,4.233047973536389,4.395134639057042,4.193272332466625,67.8638215492633
Iraq,IRQ,2015,3.671510536,4440.141893,998.3495453,69.921,69.5917686,0.8,49.08641112,45.34028882,86.51949425,1.300603167577207,8.39844161279851,6.906103460781308,4.247366033304504,4.2426462931048725,4.460369755598517,70.53382152358564
Iraq,IRQ,2016,3.959061002,4932.927291,1076.62803,70.094,54.58832019,0.9,0.0,46.18250206,88.61355867,1.3760068764417586,8.503687861818404,6.981589241455778,4.249837198365927,3.9998199439335167,4.48428487829555,72.31270725123767
Iraq,IRQ,2017,4.211760257,4736.327108,1185.881063,70.278,59.78091239,0.5,0.0,51.32968146,90.61233784,1.4378806736109433,8.46301724259089,7.078241290380482,4.252458805315793,4.090686419201684,4.506590383026829,71.62266084839072
Iraq,IRQ,2018,4.432341592,4749.009218,1287.123645,70.473,65.80179177,0.5,0.0,54.16994275,92.75058047,1.4889280204821542,8.465691289587458,7.160165275242555,4.255229657739738,4.186647068507639,4.5299139599046185,71.66792901059695
Iraq,IRQ,2019,4.70127928,4898.148977,1319.439512,70.678,68.98993842,0.9,0.0,53.10940328,94.88441481,1.5478346589138305,8.496612652933594,7.184962313285951,4.25813435050332,4.233960673964489,4.5526594646264344,72.19242657399126
Iraq,IRQ,2020,4.047014236,4213.998438,1143.126264,70.893,57.7423164,1.1,0.0,39.90409722,97.01380923,1.3979793835549494,8.346167223694868,7.041522124885361,4.261171698057407,4.055990291199404,4.574853331566581,69.6585073258785
Iraq,IRQ,2021,4.059245049,4182.50064,1275.011388,71.119,61.50326831,1.1,0.0,54.60888777,99.21270357,1.400997007800904,8.338664585879497,7.150710389317345,4.264354530364389,4.119090316652452,4.597266066273273,69.53332707580088
Ireland,IRL,2000,11.5166087,42643.6344,3627.385426,59.155,174.9545559,2.0,92.49944027,31.50132261,55.23550588,2.443790228247808,10.660633289729047,8.196267399421489,4.080161117705626,5.164526259629247,4.011605968967914,113.64910213807916
Ireland,IRL,2001,11.90959803,44196.91609,3714.017945,59.399,174.8407324,2.0,92.50903463,34.0831219,56.12197706,2.4773446321679207,10.696410293912173,8.219869573618803,4.084277391210054,5.163875458959115,4.027527483765546,114.4131931757103
Ireland,IRL,2002,11.43932001,46022.14117,3663.169121,59.649,163.7193544,2.2,91.41302772,35.10525023,57.07572942,2.437056544499729,10.736877889451819,8.206083931792179,4.088477383944054,5.098153708298567,4.044378972360477,115.28054681299933
Ireland,IRL,2003,11.12282408,46643.15767,3515.79432,59.925,146.5315008,2.0,91.9839501,32.25899428,58.01307882,2.408999220607808,10.750281521777223,8.16502075880046,4.093093780320448,4.98724042786869,4.0606684820223675,115.56855279746482
Ireland,IRL,2004,11.05137704,48906.96307,3558.698011,60.202,146.5875258,2.3,93.26088698,30.76609246,59.08349543,2.4025550392039836,10.79767505939542,8.177150029704364,4.097705574354279,4.98762269579126,4.078951620266457,116.58978668828989
Ireland,IRL,2005,11.31535412,50599.60448,3513.157019,60.477,148.1755848,2.9,90.66931129,30.03419212,60.38487444,2.426160575104834,10.831699038644217,8.164270347822617,4.102263127466396,4.998397954350777,4.100738650400841,117.32570406376605
Ireland,IRL,2006,11.15806356,51710.36227,3433.69085,60.738,150.0218047,3.2,90.72050121,30.0803732,62.03499782,2.4121624257684675,10.853413471167313,8.141391011196315,4.10656953184467,5.010780648198503,4.127698706753382,117.7965839761161
Ireland,IRL,2007,10.6725208,52904.47326,3407.885589,60.94,153.3968638,3.5,91.14912288,28.52657244,63.85457976,2.3676722885822574,10.876243174951867,8.13384731608286,4.109889773557563,5.033028444134853,4.1566083067661275,118.29266560068706
Ireland,IRL,2008,10.30922071,49512.42629,3311.735212,61.141,160.0394442,4.2,89.43964326,25.92554979,65.16974888,2.333038709333124,10.809978953214094,8.1052275642415,4.113182672233414,5.075420311101224,4.176995387030129,116.85564496893167
Ireland,IRL,2009,9.077242786,46514.54267,3173.73356,61.342,173.5914933,5.3,88.20825085,25.61175215,65.83502685,2.205770488570282,10.747520288272137,8.062663953013349,4.116464763306183,5.156704799297516,4.187152019646001,115.5091923468212
Ireland,IRL,2010,8.52529354855,47040.35439,3149.89842,61.542,189.8638377,5.3,90.06325157,23.33190421,66.19473073,2.1430374564242562,10.75876111634515,8.055125483680666,4.119719868553329,5.246307171564441,4.1926008635514505,115.75094075858034
Ireland,IRL,2011,7.555596724389999,47607.88535,2875.406755,61.742,186.0258452,7.0,88.01431376,24.26553444,66.484018,2.022288576641366,10.770753685113084,7.9639494232241,4.122964412459287,5.225885616748343,4.19696158795066,116.00913494537707
Ireland,IRL,2012,7.465530522240001,47217.4432,2858.917356,61.942,190.0633179,6.9,86.67784239,24.0269939,66.76633764,2.0102964964150427,10.762518662625453,7.958198285293805,4.126198463336006,5.2473572687496,4.201199025983533,115.83180796336117
Ireland,IRL,2013,7.03233973822,47999.12382,2802.609644,62.141,189.8178618,7.7,86.65880476,23.80270297,67.11882712,1.9505194723870496,10.778938035973427,7.938306277820613,4.129405996529332,5.246064990283197,4.206464587632017,116.18550518335468
Ireland,IRL,2014,6.802225184793333,52098.10499,2726.60528,62.34,201.6549599,8.8,84.90116626,24.40166738,67.61126433,1.9172497917108442,10.860883854527177,7.910812627227819,4.132603274339191,5.306558117595116,4.213774601267923,117.95879810152911
Ireland,IRL,2015,6.872023358483332,64311.82347,2825.981206,62.538,216.2056773,9.5,85.15844198,38.40330288,68.25311366,1.9274585837569882,11.071498773104166,7.946610912833116,4.1357743719852404,5.376230164342295,4.223223054416386,122.57808508284704
Ireland,IRL,2016,6.9705021624,64267.57273,2932.304153,62.737,229.7644331,8.6,0.0,36.48317444,69.13517201,1.9416872684326059,11.07081047088694,7.983543793301676,4.138951385234211,5.437054580154921,4.236063602868151,122.56284448229991
Ireland,IRL,2017,6.517478086526666,69777.97736,2854.858205,62.947,225.9536026,10.1,0.0,36.23589045,70.07468428,1.8744875045684928,11.153073728364802,7.9567774553576145,4.142293102484199,5.420329679965631,4.249561591582265,124.39105359034114
Ireland,IRL,2018,6.096268861416667,73960.96123,2820.44138,63.17,216.4236477,10.8,0.0,36.87823743,71.09917259,1.8076769219748692,11.211292682036401,7.944648669415034,4.145829504910609,5.377237818728383,4.264075699470033,125.69308360228295
Ireland,IRL,2019,5.587123044645,76464.54289,2747.901581,63.405,249.7457657,12.3,0.0,35.91500018,72.23771229,1.7204644936182485,11.244582420735192,7.918592837926495,4.149542722686863,5.5204434632307855,4.279962240417913,126.4406338167069
Ireland,IRL,2020,5.096413900533332,80908.79243,2633.976912,63.653,250.1084523,13.7,0.0,37.37275621,73.1564378,1.6285371356414484,11.301077779835731,7.876250116888956,4.153446456649968,5.52189463299424,4.292600131795963,127.71435898589691
Ireland,IRL,2021,5.180875672896666,92757.23,2689.363337,63.912,224.4188359,12.7,0.0,38.18391409,74.18471476,1.644974090806,11.437740928914103,7.897059766888131,4.157507137179741,5.413514109074171,4.306558128413226,130.82191755695683
Israel,ISR,2000,9.429336938,29413.48946,2899.210921,91.203,68.34685904,6.0,97.21454697,23.02481134,290.6192237,2.2438257800692902,10.289208673268758,7.972193882742779,4.513087791276108,4.224595608054053,5.6720139007032415,105.86781512206905
Israel,ISR,2001,9.204239789,28808.13001,2973.017513,91.267,62.13958476,6.3,97.15492672,21.6994586,297.5508318,2.2196642245282345,10.268412918301033,7.9973327136635595,4.5137892764805185,4.129383221612352,5.695585073583509,105.44030386073153
Israel,ISR,2002,9.517031963,28195.86764,2862.544441,91.33,65.47110541,6.5,96.91864978,21.47034062,303.6044362,2.2530830316009056,10.246930708599871,7.959466172982155,4.514479320703588,4.181608906532245,5.715725657404181,104.99958894684706
Israel,ISR,2003,9.609519111,28092.61763,2949.361404,91.393,66.88175037,6.5,96.92470636,21.28237124,309.1358595,2.2627541812514664,10.243262103011878,7.989343952679818,4.515168889093953,4.20292614023421,5.733780855026403,104.92441851099932
Israel,ISR,2004,9.414818622,28883.24759,2822.355914,91.456,74.97319953,6.7,96.6492413,20.56000497,314.6487985,2.242284897133319,10.271017037861888,7.9453272456507955,4.515857982307402,4.317130710075301,5.751457091437128,105.4937909920492
Israel,ISR,2005,8.942814678,29623.71728,2661.980099,91.518,78.32426138,7.0,96.60352083,21.28155209,320.2449168,2.190850380573012,10.296330578934622,7.886825522969185,4.516535674245851,4.360857406599089,5.769086068051341,106.01442339070417
Israel,ISR,2006,9.23553596,30734.96198,2883.013577,91.58,78.43528897,6.9,96.93212755,21.58324784,325.9565619,2.2230586477008174,10.333156112314153,7.966591406957872,4.5172129072289495,4.362273940498523,5.786764126783188,106.77411524145535
Israel,ISR,2007,9.405217198,32103.16286,2899.352538,91.641,78.8371063,6.7,97.03289555,21.83634141,331.797597,2.241264556372565,10.376709835728375,7.972242728289105,4.5178787697911424,4.367383778160906,5.804525135415471,107.676107014902
Israel,ISR,2008,9.288747811,32554.04132,3130.72174,91.702,75.38092231,8.9,96.48936106,21.36206475,337.7449168,2.2288037548280957,10.390656797226303,8.049018844812329,4.518544189275397,4.322554223237737,5.822290926542005,107.96574867774517
Israel,ISR,2009,8.966455595,32178.57274,2874.861475,91.763,61.67564796,8.5,96.36279386,20.6116501,345.9149723,2.193490458071545,10.379056067169987,7.963759769461936,4.5192091662709855,4.121889168399957,5.846193000059836,107.72480484545812
Israel,ISR,2010,8.976338606,33344.72133,3043.565176,91.826,65.63307987,8.6,96.31563895,20.81424949,352.2920518,2.1945920715536764,10.414654757856496,8.02078486252315,4.519895481926857,4.184079835161489,5.864460524207082,108.46503372534296
Israel,ISR,2011,8.544092838493333,34540.67498,2981.372422,91.892,68.90943785,9.1,96.44527222,20.13471269,358.8632163,2.145240148087332,10.449892893490041,8.000139017776778,4.520613974429924,4.23279314759386,5.882941302792426,109.20026148541366
Israel,ISR,2012,8.966715378226667,34738.6587,2968.588339,91.96,69.96502508,2.9,99.88711393,20.45684721,365.5499076,2.193519430440913,10.455608429377875,7.9958418120686865,4.521353699894981,4.2479954754725595,5.901402815969494,109.31974762847769
Israel,ISR,2016,6.65058647316,37093.78791,2569.217183,92.256,57.79903169,4.0,0.0,19.12380771,394.9168207,1.8947050422317568,10.521204792796611,7.851356533435381,4.524567321455992,4.056972022769837,5.978675162219605,110.69575029196639
Israel,ISR,2017,6.405601417403333,37963.04912,2481.516023,92.336,56.28011425,3.9,0.0,18.56468469,402.6478743,1.8571728290519172,10.54436857405018,7.816624951988314,4.525434097968611,4.030341262272557,5.998062418952814,111.18370862541703
Israel,ISR,2018,5.749773232216667,38729.6426,2490.06554,92.418,58.74375424,3.8,0.0,18.82029796,410.4805915,1.7491604161562033,10.56436054447758,7.820064310397495,4.526321764870375,4.073184836564363,6.017328647628578,111.60571371371464
Israel,ISR,2019,5.675296830434999,39407.20161,2407.975003,92.501,56.32534864,4.5,0.0,18.9233447,418.3918669,1.7361228669220785,10.58170386056313,7.786541425560877,4.527219455270754,4.031144676090541,6.036418473986256,111.97245659265664
Israel,ISR,2020,5.118906649333333,37935.54327,2453.627032,92.587,51.23667379,5.6,0.0,19.4382959,425.836414,1.632940871195342,10.543643768745154,7.805322630020083,4.52814874302781,3.936455560596761,6.054055267825851,111.16842392219851
Israel,ISR,2021,4.878268686549999,40804.96898,2432.550927,92.674,54.9016842,6.2,0.0,18.84005864,433.0591497,1.5847903795703726,10.616559141702098,7.796695749915002,4.529087958582032,4.005544025640566,6.070874323060951,112.71132800925838
Italy,ITA,2000,7.985614091,32609.66746,3012.483564,67.222,50.27473115,5.1,91.72130863,24.10210869,192.5554346,2.077641684282843,10.392364071245936,8.010520121850417,4.208000574904034,3.917502588056153,5.260384084219928,108.0012309893234
Italy,ITA,2001,7.969432427,33243.59934,3020.753731,67.282,49.86327232,5.4,91.3947929,23.84486412,192.6733611,2.0756132765900235,10.411617526500663,8.013261659030382,4.208892741738921,3.909284706106307,5.260996325594404,108.40177951813578
Italy,ITA,2002,8.081431465,33267.44745,3035.918512,67.382,47.87131868,5.6,91.02713957,23.71283748,193.054951,2.089569018351658,10.412334643796902,8.018269297575596,4.210377919936231,3.8685165501317504,5.262974868587033,108.41671273441315
Italy,ITA,2003,8.382615683,33110.16985,3164.108144,67.501,45.99408598,6.2,90.20683335,23.14242818,194.1010828,2.1261599997998526,10.407595760398264,8.059626507823033,4.212142412583561,3.8285128225716494,5.268379068727153,108.31804951185993
Italy,ITA,2004,8.519220361,33348.97448,3162.434947,67.62,47.26639239,5.9,90.39672448,23.05570869,195.5517723,2.142324829729328,10.414782300646085,8.059097562705631,4.21390379727974,3.855799522662729,5.275825164315656,108.46769036985096
Italy,ITA,2005,8.484118107,33407.67547,3204.1352,67.738,49.12217423,6.7,89.79136945,22.89227924,196.6964541,2.1381959577512237,10.416540957054803,8.072197504551404,4.215647322300679,3.894310546499346,5.28166169828794,108.50432551000019
Italy,ITA,2006,8.355009612,33873.04937,3162.241312,67.856,52.92354296,7.5,89.18082728,23.00390637,197.4849722,2.1228613124955285,10.430374973350595,8.059036331113015,4.217387812732235,3.9688482863632677,5.285662491319593,108.79272208469843
Italy,ITA,2007,8.181599822,34159.91092,3132.896537,67.974,54.82804156,8.7,88.17283362,23.40529729,198.6901271,2.10188770875353,10.43880804017077,8.049713266787366,4.219125279119407,4.004201770375706,5.291746460854762,108.9687132995339
Italy,ITA,2008,7.859949627,33550.63408,3067.899626,68.092,54.2142549,10.8,86.83138421,23.211744,200.2285319,2.0617801976419527,10.42081104177414,8.028748445524313,4.2208597319523244,3.9929438794007632,5.299459373709557,108.59330276836184
Italy,ITA,2009,6.955075852,31587.06384,2848.101005,68.209,45.14147657,12.5,84.84085236,21.38409481,201.3927255,1.9394717314266468,10.36050294360745,7.954407737141754,4.222576520952211,3.8098014817538237,5.305256859969767,107.34002124449864
Italy,ITA,2010,7.088674416,31928.55436,2904.35856,68.327,51.66211181,12.8,84.61937829,21.36908017,202.285309,1.958498357760601,10.371256009394175,7.973967839397141,4.2243050032481415,3.9447246658488173,5.309679121665272,107.5629512123948
Italy,ITA,2011,6.912024572,32039.50325,2798.236283,68.444,54.47221494,11.9,84.45465937,21.24073422,202.9867678,1.9332625864722874,10.374724897004679,7.936744598765046,4.226015892669724,3.997690754053333,5.313140793666036,107.63491668852875
Italy,ITA,2012,6.560045184,30953.41474,2680.462085,68.684,54.88449527,14.4,82.18630774,20.79483201,203.5427231,1.880997490737155,10.34023860288296,7.893744478418441,4.229516275451556,4.005230890959617,5.315875924371354,106.92053436455096
Italy,ITA,2013,6.003808918,30330.02216,2576.456153,68.979,54.03418463,16.3,79.95486,20.60015394,203.9497528,1.792394087481953,10.3198933313121,7.854170149575731,4.233802110447973,3.989616894977172,5.317873653701053,106.50019836965996
Italy,ITA,2014,5.692113324,30325.02878,2433.162578,69.272,54.45452993,17.1,78.58873521,20.18708447,203.9805051,1.7390815893758687,10.319728682863738,7.7969471625814455,4.2380407841455,3.9973660402252182,5.318024426042466,106.49680008792055
Italy,ITA,2015,5.87784861,30639.88298,2533.023545,69.565,55.43568581,16.6,78.98181672,20.28952832,203.6724345,1.771190812306085,10.330057804656635,7.837168945260488,4.24226156729384,4.015223534573784,5.31651299006975,106.71009424754745
Italy,ITA,2016,5.812955231,31077.67927,2511.463531,69.855,54.4321467,16.1,0.0,20.66264572,203.2856404,1.7600890871585055,10.344245132131254,7.828620942280371,4.24642166510245,3.9969549113156395,5.3146120855769885,107.00340735362116
Italy,ITA,2017,5.765350274,31635.52277,2557.325355,70.144,57.58299403,16.4,0.0,20.79261424,202.9036176,1.7518659105916783,10.362035906495814,7.846717208104062,4.250550271885496,4.053227281574466,5.3127310761454725,107.37178812750852
Italy,ITA,2018,5.662784696,31819.39718,2503.34986,70.438,59.27498351,17.1,0.0,20.98654902,203.3987042,1.733915766984578,10.36783135702345,7.8253850579324595,4.2547328902663715,4.082187353756576,5.315168112896035,107.4919270476787
Italy,ITA,2019,5.566596613,32180.4341,2494.026598,70.736,58.69419026,17.3,0.0,21.01229844,201.9805456,1.7167838461843963,10.379113910200571,7.821653790978623,4.258954637083887,4.072340748511667,5.308171383852312,107.72600556091899
Italy,ITA,2020,4.97779979,29469.79892,2313.100062,71.039,53.9394839,18.7,0.0,20.96420391,200.9991005,1.604987984173157,10.291121252498417,7.746343921996111,4.263229022008262,3.9878627496272485,5.303300432924685,105.90717663362459
Italy,ITA,2021,5.652945429,32267.70911,2531.086988,71.346,60.30197762,17.5,0.0,22.55727711,199.9654163,1.732176724188218,10.381822291202793,7.836404128978624,4.2675412806834965,4.099364899546926,5.298144433095909,107.78223408611521
Jamaica,JAM,2000,3.916058817,4928.33187,1339.109992,51.814,89.51300605,9.3,92.33261346,22.56354482,240.7964912,1.3650857442183912,8.502755846695868,7.199760487201708,3.9476603830192776,4.494383933717441,5.48395214189993,72.29685698852076
Jamaica,JAM,2001,3.9157858,4963.066059,1357.362846,52.053,84.8277346,7.9,93.33522398,22.31730126,242.3271468,1.3650160245001226,8.509778985795052,7.213299012449643,3.9522624302876443,4.4406225482879975,5.490288659516155,72.41633838707905
Jamaica,JAM,2002,3.872229199,5031.19563,1290.944735,52.251,81.84675543,8.0,93.10480876,21.32290593,243.8201293,1.353830361619049,8.523412934648857,7.163129582029506,3.9560590294177573,4.404848662591612,5.496430778446104,72.64856805453944
Jamaica,JAM,2003,3.963866909,5184.142872,1339.318163,52.437,88.15063084,8.1,93.31247344,21.49253457,245.3022161,1.3772200409797724,8.55335979783752,7.1999159298631294,3.959612449021059,4.479047065256162,5.502490985467419,73.15996383126311
Jamaica,JAM,2004,3.958162206,5222.097973,1338.631043,52.625,89.31810407,6.4,93.5581103,22.25833961,246.742844,1.375779828149637,8.560654510668677,7.199402761044587,3.9631912920025454,4.492204200481563,5.508346676879882,73.28480565103196
Jamaica,JAM,2005,3.949847157,5239.672888,1303.211469,52.811,90.48789334,5.4,94.28958367,21.9006506,248.1132041,1.373676883734002,8.564014349412309,7.172586857893677,3.966719502347174,4.505216066508555,5.513885110160253,73.34234177693993
Jamaica,JAM,2006,4.547221589,5363.826888,1470.674998,52.998,100.7455988,4.8,94.39377368,21.22011485,249.3968606,1.5145164066662353,8.587432970950138,7.293476756693771,3.97025417699105,4.612598515505357,5.519045445355963,73.74400503056151
Jamaica,JAM,2007,4.497015255,5414.908791,1479.158257,53.184,101.2444221,5.3,94.15815851,21.31539962,250.5817175,1.5034139000443243,8.59691131552592,7.299228459690949,3.9737575992329828,4.617537614098748,5.523785084892409,73.90688416701761
Jamaica,JAM,2008,3.609654264,5347.63273,1177.371768,53.371,113.5774038,5.9,94.32830049,19.68812284,251.6745152,1.2836119960132308,8.584409261592892,7.071039918049501,3.977267527288547,4.732484576290523,5.5281366463198,73.69208237052183
Jamaica,JAM,2009,2.928284487,5094.03086,943.3513861,53.557,86.88512433,7.4,96.28063671,18.09085934,252.7234534,1.0744167522399102,8.53582471362863,6.84943883899454,3.980746507305028,4.464586836145168,5.532295821326075,72.86030354179329
Jamaica,JAM,2010,2.787124059,4998.667167,875.1006769,53.743,80.92040032,8.9,91.88351347,17.98633045,253.7920591,1.025010260964445,8.516926589281047,6.774338939053085,3.984213425968637,4.393465959395563,5.536515266768742,72.53803852720249
Jamaica,JAM,2011,2.741828093,5063.193787,923.8999863,53.93,83.82182023,9.8,92.25894793,18.24902354,254.8932595,1.0086248851558062,8.529752746370756,6.828603825848255,3.9876869093491356,4.4286933582000545,5.540844867329016,72.75668191421944
Jamaica,JAM,2012,2.517430557,5010.45966,888.6928547,54.132,82.04007835,12.2,90.85014257,17.99386056,255.9953832,0.9232387611189102,8.519282938373268,6.7897516805410705,3.991425508214259,4.407207888225664,5.545159409941941,72.57818178405786
Jamaica,JAM,2013,2.675983327,5016.031332,930.08504,54.35,83.25957198,11.4,90.48835875,18.09906598,257.0348107,0.98431691167856,8.52039432870473,6.835276022827056,3.9954446135672184,4.4219631009897435,5.549211525917223,72.59711951662374
Jamaica,JAM,2014,2.57206356,5032.442616,902.848499,54.584,84.74099862,11.9,90.16108576,18.3652279,257.9638966,0.9447085183561881,8.523660754766372,6.805554764147355,3.9997407995131224,4.4395995296463235,5.552819639470795,72.65279266234444
Jamaica,JAM,2015,2.523537627,5062.89555,903.4358947,54.833,76.11752166,12.1,44.61011979,19.26597766,258.7750693,0.9256617373270017,8.529693841695877,6.806205155329114,4.0042922024914835,4.3322784835689605,5.555959226069991,72.75567703306457
Jamaica,JAM,2016,2.701362853,5119.039704,998.7970539,55.098,76.45520237,11.1,0.0,19.11196922,259.456602,0.9937564060319899,8.540722142629887,6.906551608761701,4.0091134178594405,4.336704979373098,5.558589451626058,72.94393471760846
Jamaica,JAM,2017,2.584627121,5159.343359,919.6677034,55.378,83.52317252,11.0,0.0,19.43699951,259.9966759,0.9495812503604074,8.548564594370124,6.824012412841038,4.014182402970064,4.425124108566168,5.560668845933799,73.07795662411844
Jamaica,JAM,2018,3.071100037,5248.774007,1031.753375,55.674,89.97790604,8.9,0.0,20.34854096,260.3967682,1.122035815659498,8.565749805838859,6.939014939768606,4.019513251599097,4.4995641517486,5.5622064993511,73.37206973622845
Jamaica,JAM,2019,2.988483925,5289.654909,1075.718554,55.985,90.11060763,9.2,0.0,19.25358445,260.689843,1.0947662103150535,8.573508288130904,6.98074413959264,4.02508379771216,4.5010378894269625,5.56333135968949,73.50504436664932
Japan,JPN,2000,9.845295365,31430.63113,4067.035344,78.649,19.56237158,3.7,81.00693831,32.51358706,347.9917695,2.286993713164668,10.355538210086344,8.310669596304674,4.364994914865287,2.973607903678186,5.852178828632719,107.23717162055829
Japan,JPN,2001,9.714760635,31476.05207,3990.106024,79.99,19.55960447,3.5,80.96851772,30.9812267,348.8312757,2.273646443822829,10.35698228392978,8.291573081961946,4.3819016268607305,2.9734664430320734,5.854588354586118,107.26708202963532
Japan,JPN,2002,9.960606536,31416.12418,3992.919981,81.647,20.44712207,3.7,81.81087609,30.22260008,349.6433471,2.2986379669311034,10.355076549012956,8.292278067042737,4.402405076549179,3.017842142512055,5.856913626655827,107.22761033591807
Japan,JPN,2003,9.996330196,31830.21758,3956.900489,83.196,21.32612527,4.2,84.23220374,30.07892076,350.3923182,2.30221804524026,10.368171355942376,8.283216292977217,4.421199269748354,3.0599328596291904,5.85905343587672,107.49897726618397
Japan,JPN,2004,9.951269167,32515.1158,4085.491955,84.64,23.66435342,4.3,82.55906881,29.96693054,350.5102881,2.2977000975084834,10.389460361730094,8.315197429663602,4.438406968109989,3.163969840779164,5.859390058682951,107.94088660796082
Japan,JPN,2005,10.04138276,33098.54747,4066.442004,85.978,26.22995458,4.0,81.54236163,29.87170704,350.5432099,2.306714829879954,10.407244677320692,8.310523695609149,4.454091449574048,3.266902062272251,5.8594839796179965,108.31074177361988
Japan,JPN,2006,9.857331018,33531.51856,4064.360447,87.118,30.0163761,4.4,81.24314883,29.66557181,350.7654321,2.288215444142366,10.420241128026142,8.310011677992678,4.467263521520054,3.401743102729323,5.860117715448782,108.58142516620751
Japan,JPN,2007,10.12687948,33990.03603,4020.805466,88.146,32.81657805,4.3,83.31347369,29.59729581,351.1687243,2.3151932234202426,10.433822702707252,8.299237526219363,4.478994530616345,3.4909338160578685,5.861266803979945,108.86465619152926
Japan,JPN,2008,9.565286617,33557.6454,3867.135573,89.103,34.12947654,4.4,83.02821986,28.78297644,351.3388203,2.2581405676288413,10.42101999721391,8.26026934995318,4.4897930039436105,3.530161425561034,5.861751057863428,108.59765778233222
Japan,JPN,2009,9.070201567,31651.08377,3709.023262,89.989,24.39016653,4.5,80.55983674,27.11121222,351.2949246,2.2049944873641203,10.36252766932414,8.21852384924129,4.499687440638298,3.1941800400027973,5.86162611168663,107.38197969750838
Japan,JPN,2010,9.05310240505,32942.20208,3900.212128,90.812,28.49847269,4.7,80.76686766,28.33597017,351.3580247,2.203107506154721,10.402509852741874,8.26878622243343,4.508791435465379,3.3498504960140574,5.861805716996001,108.21221123639177
Japan,JPN,2011,9.280338860065,33011.13423,3620.180191,91.069,30.19496073,4.8,89.53365273,26.70143607,350.7078189,2.2278980612246606,10.404600184450821,8.194279080100344,4.51161746095504,3.4076750472125705,5.859953452021638,108.25570499827406
Japan,JPN,2012,9.3838690054,33518.44494,3536.702535,91.148,30.47091092,4.7,94.63922761,26.56264143,350.1481481,2.2389921518973903,10.419851161515103,8.170950084735805,4.5124845590298595,3.416772488185803,5.8583563452113445,108.57329822812764
Japan,JPN,2013,9.31700372685,34239.88625,3567.337805,91.226,33.97876865,5.0,94.64103565,26.65074506,349.6433471,2.2318410884735744,10.44114650811231,8.179574883706373,4.513339944169802,3.5257358780945496,5.856913626655827,109.01754040386587
Japan,JPN,2014,8.7907433874,34386.90586,3445.816329,91.304,37.43143457,5.6,95.09095403,27.31362673,349.1796982,2.1736992800664727,10.445431127293674,8.144916115899544,4.514194598251299,3.622510847925141,5.855586684245584,109.10703143503558
Japan,JPN,2015,8.340354809791666,34960.63938,3400.592711,91.381,35.42740835,6.2,93.79145081,28.58371142,348.8093278,2.1211057586062094,10.461978118503835,8.131705022175813,4.515037579388883,3.5674857677401457,5.85452543422312,109.45298615205303
Japan,JPN,2016,8.149584469319999,35242.19938,3370.887796,91.457,31.31024685,6.4,0.0,28.62994765,348.6310014,2.0979669405934644,10.469999489566847,8.122931429601488,4.515868916467358,3.443945419369835,5.854014060284964,109.62088931153004
Japan,JPN,2017,7.880992938413334,35861.97285,3391.050415,91.535,34.42321357,6.9,0.0,28.88242601,348.345679,2.06445390334438,10.487432760983259,8.128895009310904,4.516721412802978,3.5387311498767793,5.853195317208009,109.98624591614494
Japan,JPN,2018,7.470210039756667,36138.52908,3343.054128,91.616,36.6099318,7.3,0.0,29.01400769,347.9039781,2.0109231165214054,10.495114862709183,8.114640077733828,4.517605928915705,3.6003195642514148,5.851926516700168,110.1474359814592
Japan,JPN,2019,7.06376267672,36043.7844,3261.620249,91.698,35.21641811,7.8,0.0,28.80408481,347.4156379,1.9549778665764799,10.492489711758967,8.089979359788446,4.518500568773754,3.561512397441931,5.850521866898679,110.09234035136778
Japan,JPN,2020,6.510297056633332,34642.97187,3046.854807,91.782,31.33520864,8.5,0.0,29.05680761,346.3950617,1.873385085998676,10.452850152010217,8.021865126718097,4.519416199969183,3.4447423420237078,5.847579920524306,109.26207630038003
Japan,JPN,2021,6.4598401239816665,35741.16011,3196.03971,91.867,36.73844623,8.8,0.0,29.21919409,344.8054678,1.8656045688786094,10.484058247895623,8.069667731715109,4.520341878911836,3.603823787929164,5.842980396552434,109.91547734526824
Jordan,JOR,2000,3.056519047,3412.076732,903.243088,78.27,110.3289046,2.1,98.45513462,21.4363112,61.0487874,1.1172767021047203,8.135076397221535,6.805991717632016,4.360164387816747,4.7034659463262996,4.111673337951591,66.17946798863092
Jordan,JOR,2001,3.00198549,3518.766353,876.037094,78.283,109.2854786,2.1,98.00001209,21.46078539,62.31747507,1.0992738997552187,8.16586573926619,6.775408434788736,4.360330465758784,4.69396352816759,4.132241885176889,66.68136327172135
Jordan,JOR,2002,3.063799464,3644.624346,900.9649577,78.296,114.0388578,2.1,97.9814997,22.78186635,63.64535358,1.1196558006502981,8.201008579049399,6.803466364177193,4.3604965161235185,4.736539248210377,4.153326322810148,67.25654171364184
Jordan,JOR,2003,3.073707537,3713.151936,900.9859896,78.308,115.7068353,2.0,96.96382613,23.03595391,65.07058024,1.1228844997314098,8.219636373350653,6.803489707653919,4.360649768914296,4.7510597102419885,4.175472530633264,67.56242211010908
Jordan,JOR,2004,3.233628485,3935.157047,1057.176524,78.321,134.6216119,1.8,97.66997389,24.7957582,66.65980281,1.1736048766957135,8.277706070347358,6.963356976656869,4.360815766271489,4.9024679682146415,4.199602114729403,68.52041778706551
Jordan,JOR,2005,3.369467925,4151.61313,1107.306795,79.485,146.9088913,1.7,97.89480274,24.9215739,68.33167498,1.2147548461423257,8.331252243722226,7.009686035233595,4.375568324612835,4.9898126075565,4.224373421590446,69.40976394852662
Jordan,JOR,2006,3.196485779,4209.86864,1066.357315,80.97,141.7473818,2.3,97.89151247,24.84965435,72.83965322,1.1620520122862323,8.3451867242894,6.9720037408690905,4.394078715698023,4.954046471890542,4.288260494002385,69.64214146325605
Jordan,JOR,2007,3.126232656,4287.352298,1055.847779,82.371,145.9942463,2.3,98.4163242,27.54445113,77.37111287,1.1398286553334467,8.363424641434735,6.962099305201546,4.411233433221821,4.983567212027675,4.348613492198386,69.94687173295772
Jordan,JOR,2008,2.931844473,4489.955455,1011.345535,83.692,140.912926,2.7,98.00262582,29.64498574,79.21425657,1.0756317379380866,8.409598059751675,6.9190369360983714,4.427143393477005,4.948142153518746,4.372156289817998,70.72133952657913
Jordan,JOR,2009,2.949261897,4615.230678,1044.299672,84.928,112.1519982,2.8,97.9606777,27.75934497,80.44326425,1.0815549346386042,8.437117130086474,6.951101769399463,4.441803838709743,4.719855078016588,4.387552144016463,71.18494546679861
Jordan,JOR,2010,2.82132091,4621.574285,973.4132195,86.088,114.2226777,3.0,97.35049824,26.26682864,82.19241946,1.0372051830827516,8.438490680361218,6.88080867805503,4.455370028898091,4.738149856316855,4.40906307712828,71.20812496254312
Jordan,JOR,2011,2.809145578,4631.677038,944.4861896,87.172,118.6996795,3.0,96.00337043,26.79466943,84.25798603,1.0328803723399063,8.44067429272873,6.850641064918305,4.467883178433564,4.776596601527731,4.433883354413805,71.24498251593164
Jordan,JOR,2012,3.233555996,4677.47614,1034.503058,88.185,117.8555877,2.9,97.33264631,25.80780431,85.45986709,1.173582459212428,8.450513957119735,6.941676453198628,4.479436880522328,4.769460041919582,4.448046874984152,71.41118613947545
Jordan,JOR,2013,3.015725226,4556.520237,966.8498981,89.125,111.451528,3.1,97.62487933,25.64066059,90.01812345,1.1038403405576913,8.424314505273845,6.874043259102791,4.49003987873446,4.713589769921833,4.500011021724379,70.9690748837673
Jordan,JOR,2014,2.939291674,4282.118728,930.1604975,90.0,109.9388055,3.1,97.63135949,25.50879656,99.02804686,1.078168625112083,8.362203195995502,6.8353571492144285,4.499809670330265,4.699923897356207,4.595403111628427,69.92644229111738
Jordan,JOR,2015,2.685534602,4042.756781,903.433667,90.256,95.35791223,3.2,58.1782306,25.23280626,107.5099009,0.9878798150318123,8.30468210978025,6.806202689517472,4.50265007699762,4.557637309516131,4.677582944721993,68.96774494450415
Jordan,JOR,2016,2.521834348,3933.147046,887.6167594,90.506,88.7207179,4.7,0.0,24.66931196,112.7096981,0.9249865525940835,8.27719515947763,6.788540072583651,4.505416146850784,4.485493434758697,4.724815469694815,68.51195970807991
Jordan,JOR,2017,2.5942167,3940.701992,917.0415684,90.747,89.73160051,5.3,0.0,24.51396985,115.2762559,0.9532846213410757,8.279114156979865,6.821152802090557,4.508075414747298,4.4968229981062,4.747331472850163,68.54373122430442
Jordan,JOR,2018,2.414085384,3928.770268,869.2120051,90.979,87.63591519,7.2,0.0,24.07783293,117.845303,0.8813204923895092,8.276081746991247,6.7675870599527945,4.510628710654765,4.473190904672527,4.769372772839046,68.4935290828817
Jordan,JOR,2019,2.218182326,3919.064269,811.583012,91.203,85.6878335,8.5,0.0,24.11168804,120.1870735,0.7966880884351857,8.27360819740173,6.6989866762392465,4.513087791276108,4.450710849364558,4.789049474720757,68.45259260411311
Jordan,JOR,2020,1.980418635,3806.879494,754.9438317,91.418,66.05994881,10.7,0.0,23.55381002,122.364439,0.6833082541760689,8.244565102085867,6.626643351382234,4.515442395613318,4.190562645060739,4.807003796820154,67.97285372253214
Jordan,JOR,2021,2.015930086,3874.327141,725.4586619,91.626,80.33286994,11.5,0.0,23.42042402,124.629547,0.7010806700442802,8.26212728567784,6.586804091927631,4.517715074199099,4.386178876424165,4.825345713072793,68.26274728474228
Kazakhstan,KAZ,2000,8.529651084,4269.330168,2301.83295,56.098,105.6996926,2.5,97.24698008,37.77582967,5.741787236,2.1435484560948743,8.359212224596549,7.741461019315937,4.027100161269266,4.660601984641121,1.7477705270241988,69.87642901584438
Kazakhstan,KAZ,2001,8.376680117,4822.528628,2217.578621,56.171,92.84906851,2.4,97.48149242,36.14182986,5.769363263,2.125451668576512,8.481053681102336,7.70417116834666,4.028400609483607,4.530975255545915,1.7525617213977354,71.92827154173949
Kazakhstan,KAZ,2002,9.29497364,5267.699032,2538.14202,56.244,94.03168565,2.8,97.92889484,35.81093211,5.799413639,2.2294737852360886,8.569348929871964,7.8391876041555815,4.029699368728569,4.543631806853817,1.7577568157176175,73.43374108189778
Kazakhstan,KAZ,2003,10.29686843,5724.431992,2737.29873,56.317,91.46333243,2.3,98.50655831,35.07526591,5.833011075,2.3318398130849687,8.652498608129092,7.914726848134116,4.030996443385593,4.515938153494411,1.7635333464496226,74.86573216367587
Kazakhstan,KAZ,2004,11.01254568,6233.294394,3204.588112,56.39,96.4091997,1.9,98.95544131,35.35184195,5.871081602,2.399035139267316,8.737660267203184,8.072338846899546,4.03229183781909,4.568601629635716,1.7700388761508457,76.34670694506121
Kazakhstan,KAZ,2005,11.74784729,6787.411555,3186.46182,56.463,97.76250302,2.1,98.66456723,37.62801815,5.914774605,2.4636700144435806,8.82282493358639,8.066666432884356,4.033585556376536,4.582541098818919,1.7774533910407437,77.84223980871367
Kazakhstan,KAZ,2007,13.50771418,8036.875998,4065.373389,56.609,92.1616331,1.8,98.87991717,37.73089748,6.021859466,2.60326094298646,8.991795729202314,8.31026087237608,4.0361679831689985,4.523543917059676,1.7953960930220414,80.85239043570098
Kazakhstan,KAZ,2008,15.80447477,8216.521816,4253.353809,56.682,94.29480465,1.1,98.93786631,40.25024558,6.084574212,2.760293113226747,9.013902261762954,8.355463082247297,4.037456700015053,4.546426094272273,1.8057567506140826,81.2504339846153
Kazakhstan,KAZ,2009,13.92100143,8218.399126,3819.514686,56.755,75.76606746,1.3,99.04584705,38.43148085,6.156182539,2.6333985941289306,9.014130715555314,8.247878647979913,4.0387437582073025,4.327650533580145,1.8174568677462415,81.25455255711776
Kazakhstan,KAZ,2010,14.84199204,8704.706555,4105.701894,56.827,74.1382659,1.4,98.77615598,40.60242212,6.236548505,2.6974604632319377,9.071619141697278,8.320131992410309,4.040011564895757,4.305931807915731,1.8304269051529967,82.29427385200846
Kazakhstan,KAZ,2011,15.72297952,9223.302134,4532.003089,56.9,73.11785705,1.4,98.92430483,37.2660881,6.321443864,2.7551233059368867,9.129488401454449,8.418919303745193,4.041295341132285,4.292072619413363,1.8439476415595408,83.3475584722913
Kazakhstan,KAZ,2012,15.44423685,9531.914776,4270.243404,56.973,73.72373249,1.3,98.83120572,36.30285333,6.410381153,2.73723591433723,9.162400897347778,8.359426107876734,4.042577471400218,4.300324762149344,1.8579187314112593,83.94959020371937
Kazakhstan,KAZ,2013,16.30163002,9959.725869,4645.780374,57.046,65.40760933,1.2,99.16662335,33.69881564,6.503130718,2.7912651040399212,9.206304827007102,8.443714640151006,4.043857959914843,4.1806386023065665,1.8722837098690577,84.75604856777427
Kazakhstan,KAZ,2016,11.74774009,10151.42331,3389.097318,57.264,60.31159659,2.1,0.0,31.97979036,6.802089121,2.463660889325892,9.22536920222517,8.128318887040141,4.04767215402367,4.099524400168368,1.9172297886750016,85.10743691736468
Kazakhstan,KAZ,2017,12.20698275,10404.27186,3404.267075,57.336,56.82538794,2.0,0.0,32.3252253,6.908890247,2.5020081445630464,9.249971756561639,8.132784945781193,4.048928698691618,4.0399831966400725,1.9328090238688302,85.56197749718801
Kazakhstan,KAZ,2018,12.08980619,10670.21201,3814.138734,57.428,63.52795651,1.9,0.0,33.4962004,7.012900322,2.492362633894405,9.275211213826609,8.246470160433265,4.050531989265448,4.151480069012647,1.9477513561356397,86.02954306109487
Kazakhstan,KAZ,2019,11.29309867,10989.68407,3753.157933,57.54,64.85861655,1.9,0.0,33.02879591,7.115440605,2.424191801974239,9.304712299941697,8.230352880050832,4.052480358123402,4.1722097708644545,1.9622671558366946,86.57767098468629
Kazakhstan,KAZ,2020,11.53521458,10565.03598,3388.387891,57.671,57.02644237,1.8,0.0,33.09779715,7.216400711,2.44540449396678,9.265305335628835,8.128109538887925,4.0547544475151325,4.043515061493712,1.9763563121220866,85.84588296243216
Kazakhstan,KAZ,2021,12.40220947,10873.39153,3540.400298,57.821,58.66860858,2.0,0.0,35.2669296,7.31325814,2.5178746398027907,9.294073939730463,8.171995078265999,4.057352031492257,4.0719048066176775,1.989688884448816,86.37981039717694
Kenya,KEN,2000,0.290609012,1195.412969,460.2595579,19.892,53.30904439,76.8,18.10498009,15.01585603,53.84068946,-1.2357765166268762,7.086246985419474,6.131790586654758,2.990317640852492,3.976106005144086,3.9860294909751337,50.214896338366586
Kenya,KEN,2001,0.260942966,1202.293488,452.4284555,20.239,55.94683603,78.3,16.28926842,15.30962409,55.55604948,-1.3434534166114491,7.091986251680742,6.114629641247108,3.0076114360840687,4.024401883203608,4.017392411686451,50.296268994028665
Kenya,KEN,2002,0.245410577,1171.426252,445.3517661,20.591,55.17267226,78.8,15.51195241,15.45356118,57.33177777,-1.4048226465746554,7.065977304195071,6.098864455515014,3.0248540871260094,4.010467762942925,4.048855055858661,49.92803526339984
Kenya,KEN,2003,0.214823847,1169.144337,435.1030528,20.948,54.1322659,81.6,13.04491102,15.62315004,59.12819869,-1.5379369029565693,7.064027424337811,6.075582906020108,3.0420431764172413,3.9914304202689945,4.079707945813836,49.900483451796696
Kenya,KEN,2004,0.231907196,1191.254436,449.6750201,21.31,59.47700335,80.3,13.95301469,16.20507734,60.9928225,-1.4614180045854455,7.082762178780996,6.108525144312983,3.0591764461105257,4.08558973952253,4.110756193315941,50.16552008117052
Kenya,KEN,2005,0.25208621,1223.447385,453.6249182,21.675,64.47886616,79.2,15.21458339,17.01262604,62.89574446,-1.377984146800059,7.109427878280068,6.11727068520806,3.0761595226666056,4.16633751367652,4.14147850577377,50.54396475646583
Kenya,KEN,2006,0.272395887,1263.541647,459.8585052,22.045,55.23648513,77.6,16.77779994,19.38410594,64.84170503,-1.3004988039397154,7.141673887899589,6.1309188447740555,3.093085818809901,4.01162369744354,4.171948992481027,51.003505921106836
Kenya,KEN,2007,0.264278782,1309.910929,456.2237529,22.42,53.8947888,78.2,16.3514894,19.30216808,66.83126999,-1.3307507405793697,7.177714420753788,6.122983375351498,3.109953417644014,3.987033790495048,4.202171084634354,51.51958430589689
Kenya,KEN,2008,0.270667882,1273.772261,456.1534424,22.8,57.57859865,78.2,16.7419663,18.58277173,68.88700671,-1.306862737350866,7.149738061126122,6.122829249403368,3.126760535960395,4.053150947444313,4.232467578378054,51.11875434271552
Kenya,KEN,2009,0.309607606,1276.735035,470.5883887,23.183,45.94519181,75.6,18.53163839,18.38662467,70.99991391,-1.1724495703848707,7.152061344292034,6.153983802593204,3.1434192514527566,3.8274492037183205,4.262678664505369,51.151981472516376
Kenya,KEN,2010,0.325744394,1340.164674,469.5958212,23.571,50.39428735,74.0,19.39687954,18.57467277,73.09021858,-1.1216422726417683,7.200547776439247,6.151872369837156,3.1600171428617942,3.9198778224229947,4.2916945490474125,51.84788828078419
Kenya,KEN,2011,0.327065092,1370.580009,472.7151627,23.969,58.40220597,74.7,18.79306028,19.66290083,75.12819517,-1.1175960697903438,7.222989293462397,6.158493014077633,3.1767613287608536,4.067353662579686,4.31919592333197,52.171574333472414
Kenya,KEN,2012,0.2959399,1396.301787,462.7498456,24.376,51.62369202,76.2,16.99637642,19.26155256,77.11336929,-1.2175988858141384,7.241582439758259,6.137186617796069,3.193599041683408,3.9439807147858965,4.3452766674824295,52.44051623181518
Kenya,KEN,2013,0.318713553,1413.941425,471.4354745,24.794,47.46464251,74.3,18.37283655,19.08025911,79.04345328,-1.1434625325766328,7.254136420563117,6.15578224117084,3.210601688415955,3.8599850656504953,4.3699977427686205,52.622495208140265
Kenya,KEN,2014,0.356082242,1450.593382,497.4856641,25.221,46.17048936,71.8,17.92587224,19.0360328,80.91408089,-1.0325935579564585,7.279727980668802,6.209566740304065,3.2276769808212693,3.8323408355530457,4.393387861947405,52.994439472532264
Kenya,KEN,2015,0.376728717,1489.119598,530.458901,25.658,40.32738469,69.2,16.04469663,18.8940457,82.45290087,-0.9762299341130162,7.3059403504792675,6.27374248285687,3.2448554138271484,3.6970307590265574,4.412227231770556,53.37676440476112
Kenya,KEN,2016,0.399468738,1517.977961,533.4077785,26.105,34.86501957,68.3,0.0,18.16215929,84.00577714,-0.917619769653739,7.3251344394048585,6.279286194506227,3.262126866862516,3.5514840219807184,4.43088557195458,53.65759455535513
Kenya,KEN,2017,0.405278565,1542.33774,538.6069039,26.562,35.99505788,68.1,0.0,17.50350921,85.56011945,-0.9031806334969829,7.3410545573776655,6.2889859985278,3.279481622978059,3.5833816479210845,4.449219280309537,53.891082014395394
Kenya,KEN,2018,0.380695108,1596.690459,546.4952967,27.03,34.41475318,68.7,0.0,17.31314613,87.01944939,-0.9657564656893812,7.375688302878438,6.303525701358151,3.2969473602883563,3.5384853439518795,4.466131649876515,54.40077794121782
Kenya,KEN,2019,0.379148987,1645.709618,543.8831872,27.507,31.75946184,68.1,0.0,16.93054523,88.4453895,-0.9698260456045537,7.405926948905824,6.298734494386517,3.3144405177358736,3.458190691650991,4.482385293752584,54.84775397252953
Kenya,KEN,2020,0.367856773,1609.334141,534.7539575,27.995,27.23781553,69.0,0.0,17.40028763,89.89406867,-1.0000616203770125,7.3835757954133125,6.281806748589641,3.332025922800857,3.3046062846001516,4.4986319623265825,54.51719152661333
Kenya,KEN,2021,0.403760555,1698.895783,539.7786432,28.493,30.82430318,67.7,0.0,17.15243578,91.61875945,-0.906933262372117,7.4377337795904275,6.29115913551815,3.34965844307145,3.4283034431176858,4.517636048201025,55.31988377606051
"Korea, Rep.",KOR,2000,10.08672525,16995.55919,3952.362853,79.621,66.09516011,0.7,85.037411,34.75531678,487.3326871,2.31122022767259,9.740707364795743,8.28206886968338,4.377277877151677,4.1910955234506995,6.188947025580544,94.88137996658602
"Korea, Rep.",KOR,2001,10.18557799,17684.05038,3923.080943,79.94,62.22379722,0.7,86.10461244,33.2209652,489.6647095,2.320972797209491,9.780418403845038,8.274632578930676,4.3812763532831775,4.130737518536907,6.193720890561088,95.65658415427073
"Korea, Rep.",KOR,2002,10.3111286,18940.38422,4093.476401,80.299,58.3530394,0.7,85.0004809,32.81274988,492.2485381,2.333223758575187,9.849051652701151,8.317149863806604,4.385757167575049,4.066511446493369,6.198983747682423,97.00381845757528
"Korea, Rep.",KOR,2003,10.3460575,19435.49341,4137.646497,80.652,61.17460128,0.8,84.12139771,33.11125973,494.7554752,2.3366055292693395,9.87485623066666,8.32788242618841,4.390143602775829,4.113732091612358,6.204063651020733,97.51278557633616
"Korea, Rep.",KOR,2004,10.72536362,20364.75997,4255.200215,81.002,70.01571487,0.8,83.98678648,34.73483971,496.6176307,2.372611368202058,9.92156123361482,8.355897093954521,4.394473845725637,4.2487197149962785,6.207820375263027,98.43737731236844
"Korea, Rep.",KOR,2005,10.69627676,21197.19909,4324.509297,81.345,68.32481102,0.9,81.35112947,34.15033175,497.5174084,2.3698957145583806,9.961624333535473,8.372053955588168,4.398699368961133,4.224272965912026,6.2096305477452445,99.23395936248606
"Korea, Rep.",KOR,2006,10.77470486,22196.20775,4337.551035,81.528,70.65187353,0.9,81.93945408,33.517273,499.9823699,2.3772012444313715,10.007676731196547,8.375065190180132,4.400946519526393,4.257764627250266,6.214572837600536,100.1535935561328
"Korea, Rep.",KOR,2007,10.94806842,23365.14021,4487.981326,81.631,73.87452529,1.0,83.22312044,33.45375008,502.3074494,2.3931630407021998,10.059000455972503,8.409158286320435,4.402209091786367,4.3023680498511325,6.219212381225362,101.18349017325504
"Korea, Rep.",KOR,2008,11.07572998,23887.05955,4512.969322,81.733,95.51635243,1.1,83.27027416,32.51021797,505.7707805,2.4047562261744213,10.08109214986467,8.41471060210835,4.403457837082205,4.559297462462072,6.226083563686198,101.62841893406308
"Korea, Rep.",KOR,2009,11.18214174,23952.81322,4557.697568,81.835,86.13361937,1.2,83.30513001,32.90536001,508.0139604,2.4143180182529673,10.08384105815386,8.424572855695512,4.404705024957847,4.455899804093956,6.230508928303245,101.68385048610956
"Korea, Rep.",KOR,2010,12.07019309,25455.61748,4920.341595,81.936,91.3995965,1.3,84.97727053,34.11677597,509.8159671,2.49073903249598,10.144691723751906,8.50113323695426,4.405938454720195,4.515241063789528,6.234049811773239,102.91477016996042
"Korea, Rep.",KOR,2011,12.59405769,26191.64426,5114.962826,81.923,105.5663136,1.4,84.38952578,34.45096726,513.8042803,2.5332250908087985,10.173195717508905,8.539925410715133,4.405779781714412,4.6593393203808375,6.241842415314497,103.49391110674154
"Korea, Rep.",KOR,2012,12.59260859,26680.27544,5122.942133,81.851,105.4583277,1.6,85.26135351,34.13469264,515.8755832,2.533110021987424,10.19167982381435,8.541484188345445,4.404900521213495,4.658315876779556,6.245865618578528,103.87033763114451
"Korea, Rep.",KOR,2013,12.47052756,27399.61595,5108.236339,81.779,97.95210495,1.9,86.19853471,34.44782919,517.6122698,2.523368065132262,10.218284275854574,8.538609484484587,4.404020486933145,4.584478634205584,6.249226448083471,104.41333354217683
"Korea, Rep.",KOR,2014,12.28698031,28100.01028,5136.98533,81.707,90.6144419,2.9,84.83767702,34.09167237,520.8524992,2.508540190377436,10.24352522115807,8.544221674710805,4.40313967751026,4.506613603215404,6.2554668907294,104.92980895650147
"Korea, Rep.",KOR,2015,12.59808424,28737.43917,5239.003454,81.634,79.13249439,2.7,83.72495451,34.14993567,523.5255477,2.5335447579530594,10.265956052322785,8.563886578694126,4.402245841855278,4.371123591808463,6.260585830839024,105.38985366822283
"Korea, Rep.",KOR,2016,12.8839107,29467.12434,5390.840426,81.562,73.60380947,2.6,0.0,34.29779968,525.3700725,2.555979300367627,10.291030491737459,8.59245657493938,4.4013634672300235,4.298696783498635,6.264102914266308,105.90530858187013
"Korea, Rep.",KOR,2017,13.00304617,30312.88885,5467.82225,81.503,77.12091781,2.8,0.0,34.76630854,526.7348067,2.5651836507819437,10.319328275638798,8.606635690000177,4.4006398293853035,4.345374551294751,6.2666972087941835,106.4885360603984
"Korea, Rep.",KOR,2018,12.99916538,31059.26681,5531.779574,81.459,78.98886551,3.2,0.0,34.04580231,528.9690115,2.5648851538620683,10.343652490822,8.618264846365339,4.400099826181253,4.369306899622243,6.2709298507473745,106.99114685088817
"Korea, Rep.",KOR,2019,12.5784611,31645.94983,5334.673859,81.43,75.75713897,3.2,0.0,32.67914892,530.3772746,2.531985914695681,10.362365451927232,8.58198302953355,4.39974375547904,4.327532683777191,6.273588592176974,107.37861775929507
"Korea, Rep.",KOR,2020,11.84888626,31378.15793,5195.910111,81.414,69.03404509,3.6,0.0,32.5381602,531.1090061,2.4722338766662424,10.353867322524476,8.55562707798727,4.399547248391871,4.23459979001345,6.274967284731386,107.20256853244015
"Korea, Rep.",KOR,2021,12.19001004,32771.07242,5513.628306,81.414,80.19945693,3.6,0.0,32.4320155,530.4256045,2.500616767118764,10.397301466821105,8.614978180171274,4.399547248391871,4.384516743403158,6.273679711650696,108.1038777919603
Kuwait,KWT,2010,27.918110588499996,32568.49824,11311.93659,100.0,97.02802166,0.0,96.36695964,66.06555829,165.1723906,3.329275603272634,10.391100788518264,9.333613782569016,4.605170185988092,4.57499981987748,5.10698972000094,107.97497559714489
Kuwait,KWT,2011,26.727662836333337,33545.34632,10504.88017,100.0,99.11649273,0.0,94.24231499,72.72497333,175.8032548,3.2856990903510255,10.420653423986026,9.259595206264969,4.605170185988092,4.596295852614952,5.169365499300396,108.5900177828317
Kuwait,KWT,2012,24.8433878986,33578.33107,10424.34167,100.0,101.0114352,0.0,98.97301367,74.81232078,187.2676207,3.2125916365976948,10.421636229277322,9.251898895512339,4.605170185988092,4.615233730234362,5.232538720506678,108.61050169538564
Kuwait,KWT,2013,23.7725684192,32311.18005,9775.196212,100.0,97.60549125,0.0,98.30303967,73.09869385,196.8487093,3.1685323285091376,10.38316858089998,9.187603457490985,4.605170185988092,4.580933754643731,5.282435460599137,107.81018977938851
Kuwait,KWT,2014,21.827275210933333,31073.15379,8681.351678,100.0,100.0371898,0.0,99.73662403,70.54831668,205.7169473,3.0831603442158637,10.344099503190009,9.068932518802676,4.605170185988092,4.605542014851171,5.3265011816949235,107.00039453189578
Kuwait,KWT,2015,21.194548384916665,29882.21269,9731.544496,100.0,98.69998832,0.0,-48.84979905,55.93584566,215.1837262,3.053743996953936,10.305018689048508,9.18312789804026,4.605170185988092,4.592084828101029,5.371492203680949,106.19341018163902
Kuwait,KWT,2016,20.3985249132,29454.44269,9684.891356,100.0,96.15767241,0.0,0.0,52.13478016,224.6967452,3.0154625900593377,10.290600033050257,9.178322358018756,4.605170185988092,4.5659892651070875,5.414751693995141,105.89644904021395
Kuwait,KWT,2017,19.024827076133334,27048.37074,9526.71485,100.0,97.84004656,0.0,0.0,55.61921587,233.1544332,2.945744814409902,10.205382051037352,9.161855220535639,4.605170185988092,4.58333396725779,5.451701037441992,104.14982280763536
Kuwait,KWT,2018,18.208689456033333,26706.01923,9772.008833,100.0,102.7856307,0.0,0.0,60.12765373,242.6214927,2.901898922782472,10.192644258306558,9.18727733628635,4.605170185988092,4.632645564068165,5.491502585743269,103.88999697638964
Kuwait,KWT,2019,17.462798684699997,26580.2265,8352.780241,100.0,91.68571238,0.1,0.0,57.71865674,249.2882155,2.860072828786122,10.187922853675625,9.030349725419036,4.605170185988092,4.518366558835152,5.518609719055234,103.79377207244609
Kuwait,KWT,2020,17.181055146333332,25541.41076,8871.940725,100.0,82.01074583,0.1,0.0,48.46121018,246.9285634,2.843807331802479,10.14805636533587,9.090648847876235,4.605170185988092,4.4068502853857,5.509099077792625,102.98304799403388
Kuwait,KWT,2021,18.214544168983338,26203.26179,8570.593912,100.0,82.00037511,0.1,0.0,58.30679316,244.7174523,2.9022204051121685,10.173639177801755,9.056092310474149,4.605170185988092,4.406723821765985,5.500104289115034,103.50293412010278
Kyrgyz Republic,KGZ,2000,0.97947028,718.3428324,473.3802071,35.298,89.43093163,35.2,62.78371458,29.19961994,25.53890511,-0.020743384069099934,6.576946937541006,6.159898886108648,3.563826305110374,4.493466613725276,3.240202980069177,43.25623101923002
Kyrgyz Republic,KGZ,2001,0.815094135,749.4237796,435.8812891,35.296,73.74691237,36.0,60.34155619,26.83248899,25.78244526,-0.20445166934375533,6.619304617374701,6.07736993356967,3.563769643071092,4.3006391281740255,3.2496938440602885,43.81519361759804
Kyrgyz Republic,KGZ,2002,1.009536931,742.4430011,485.3008574,35.295,82.92072902,28.3,65.88615434,21.31370312,26.02035454,0.009491741558753765,6.609946101534893,6.184769023151831,3.5637413108474356,4.417885079376495,3.25887909866409,43.691387465196335
Kyrgyz Republic,KGZ,2003,1.122239609,786.350475,511.2496051,35.293,83.93278281,30.5,65.04972115,20.24326767,26.2946194,0.11532633955929329,6.667402589993269,6.236857934936175,3.563684643991864,4.430016273865821,3.2693643327019095,44.454257297048954
Kyrgyz Republic,KGZ,2004,1.099082358,831.4821039,497.8754764,35.292,93.81573216,27.7,67.11899812,21.68936955,26.61477059,0.09447561164918185,6.723209775731493,6.210349998368034,3.563656309359858,4.541332562204573,3.2814663470121443,45.20154968849151
Kyrgyz Republic,KGZ,2005,1.087234438,820.7095194,498.5394096,35.29,95.08400463,28.0,66.02251676,19.96745267,26.91678832,0.0836372592177337,6.710169233691097,6.211682642646211,3.5635996376871786,4.554760760136795,3.2927501930529255,45.026371144774565
Kyrgyz Republic,KGZ,2006,1.071234272,837.1380266,485.4248491,35.289,120.7499818,27.8,66.59024137,17.55446612,27.20736705,0.06881150890841996,6.729988963226059,6.185024485018853,3.563571300646414,4.793722141808033,3.3034877840558794,45.29275144514457
Kyrgyz Republic,KGZ,2007,1.279500264,900.0279649,560.621207,35.287,137.0583878,24.5,70.29155071,16.68229999,27.46811783,0.246469582948283,6.802425834952694,6.329045467126851,3.563514624155807,4.920407023356845,3.3130259804681748,46.272997240031856
Kyrgyz Republic,KGZ,2008,1.470877723,966.4099712,593.9478177,35.285,146.1060822,22.0,74.40872646,20.4289121,27.73059958,0.385859313079243,6.873588145008116,6.386791466513797,3.5634579444527934,4.984332948280277,3.3225364814638936,47.24621398719612
Kyrgyz Republic,KGZ,2009,1.306431613,981.2209047,535.1743308,35.284,133.3791532,24.7,72.98706948,23.63572933,28.10032847,0.26729946094226864,6.8887976173958645,6.282592545780402,3.5634296033965205,4.893195848406079,3.335781265595224,47.45553261343894
Kyrgyz Republic,KGZ,2010,1.208199875,962.7647898,503.6155771,35.306,133.2328505,25.6,70.51915044,26.26527379,28.50395725,0.1891315452628064,6.869809134612859,6.221813233185072,3.5640529211670913,4.892098353074625,3.350042928512907,47.19427754601028
Kyrgyz Republic,KGZ,2011,1.424948351,1005.483178,596.8017901,35.352,136.1798404,26.0,70.10334273,27.44908809,28.9185975,0.35413556815147046,6.9132234790876765,6.391585048382372,3.565354967828439,4.913976368075869,3.36448490026398,47.79265887180912
Kyrgyz Republic,KGZ,2012,1.847232769,985.8472866,731.3564164,35.423,139.6759378,22.4,73.87067908,22.25712973,29.46859228,0.6136887187232338,6.893501460862797,6.594900914658938,3.5673613266788067,4.939325009480539,3.383325027709122,47.52036239091752
Kyrgyz Republic,KGZ,2013,1.676639866,1069.784044,674.4523744,35.517,134.0267856,24.8,73.17187219,24.84359467,30.12069864,0.516791710822743,6.97521207904855,6.513901064407675,3.570011455097609,4.898039672512374,3.4052125978818113,48.65358354770479
Kyrgyz Republic,KGZ,2014,1.683263775,1088.582142,691.5385436,35.635,125.1261811,26.6,70.14086096,23.88822892,30.79169969,0.5207346319832121,6.992631341309233,6.538918888669306,3.573328300953834,4.829322676951474,3.4272451630760004,48.896893075460156
Kyrgyz Republic,KGZ,2015,1.707887172,1105.651938,659.1277037,35.777,110.9615707,23.5,66.61526519,25.07806232,31.4913243,0.5352570346364067,7.008190429116958,6.490917299795568,3.577305228841456,4.709183931457938,3.449712088849177,49.11473309076653
Kyrgyz Republic,KGZ,2016,1.577387343,1128.316161,624.3534801,35.944,105.823574,22.2,0.0,26.546424,32.19675704,0.45576989798607714,7.028481677360089,6.436716682502535,3.581962171767859,4.66177331123942,3.4718657344349855,49.39955468898649
Kyrgyz Republic,KGZ,2017,1.527995007,1157.182758,609.7055985,36.135,100.6174458,24.7,0.0,27.30809347,32.88162669,0.4239564230688328,7.05374367323294,6.412976215256392,3.5872619247349444,4.611325660125593,3.4929140425043497,49.75529980767374
Kyrgyz Republic,KGZ,2018,1.78009922,1175.071278,707.0811911,36.351,98.8755599,23.4,0.0,27.47851368,33.59790928,0.5766691043235238,7.069084086866046,6.5611454981998385,3.593221713917495,4.593862088777221,3.514463841223653,49.97194982718276
Kyrgyz Republic,KGZ,2019,1.551695386,1201.877014,609.881987,36.591,94.43028235,28.3,0.0,26.58031495,34.35980709,0.4393481305899591,7.091639792056669,6.413265474516369,3.599802308529211,4.547861809316044,3.536887482723111,50.29135494028156
Kyrgyz Republic,KGZ,2020,1.383716221,1093.328565,562.2891527,36.856,78.99227843,30.0,0.0,26.90424685,35.07088634,0.324772793541306,6.996982051420082,6.332016224164191,3.6070184276336157,4.369350106297615,3.5573713372858125,48.957757827894774
Kyrgyz Republic,KGZ,2021,1.533302662,1132.554678,595.8332224,37.146,100.2613769,27.6,0.0,23.74830157,35.72066736,0.4274240115833979,7.032231136986411,6.389960799718217,3.61485609376515,4.607780545034494,3.575729438924477,49.45227476400119
Lao PDR,LAO,2000,0.172061043,917.2280386,296.8284332,21.977,68.83730137,81.5,0.0,16.4770694,23.53211438,-1.7599059639684145,6.821356120294087,5.693154305896151,3.089996451944074,4.231745769093244,3.158366057605729,46.530899319873605
Lao PDR,LAO,2001,0.18638112,954.1235054,305.2037883,22.993,65.89943688,81.1,0.0,16.99371479,23.92323224,-1.679961669414225,6.86079312365599,5.72097971184965,3.1351898217798637,4.188129896403667,3.174850047043889,47.07048228560531
Lao PDR,LAO,2002,0.205742798,994.492242,308.9648365,24.044,67.25490285,80.2,0.0,18.38268973,24.31061092,-1.5811284436828001,6.902232297358623,5.733227472687664,3.1798854851769156,4.208489920657234,3.1909129184112817,47.64081068670049
Lao PDR,LAO,2003,0.210602243,1038.711928,314.0195747,25.126,60.57209588,78.7,0.0,20.12014415,24.68780329,-1.5577840288166611,6.945736693753081,5.749455323774126,3.223903166582226,4.103834323002752,3.2063093277504358,48.24325821894798
Lao PDR,LAO,2004,0.217585849,1088.760347,319.0629069,26.242,66.07975162,74.0,0.0,19.35950977,25.05037262,-1.5251617982841503,6.992795031680681,5.765388283656899,3.267361180683524,4.190862370428419,3.2208887024701416,48.89918235509802
Lao PDR,LAO,2005,0.221926041,1148.681539,324.8568175,27.186,71.79264627,73.9,0.0,23.22878956,25.43120884,-1.5054111012648457,7.046370075811281,5.783384523715529,3.3027021349130563,4.273782051171047,3.235977114285354,49.65133124528868
Lao PDR,LAO,2006,0.286524014,1228.089276,349.3850208,27.748,81.96137542,69.8,0.0,26.17545125,25.83708839,-1.2499329278407896,7.11321480639028,5.8561745255731745,3.323163765523055,4.40624810483067,3.25181099416014,50.59782488184991
Lao PDR,LAO,2007,0.298205024,1301.085975,377.457251,28.316,79.2126289,70.7,0.0,25.39302052,26.24019064,-1.209974029040235,7.170954560110775,5.933457319892571,3.3434270159119426,4.372135741916735,3.2672922292933992,51.42258930317352
Lao PDR,LAO,2008,0.343065642,1381.737542,406.7275967,28.893,81.84918209,69.3,0.0,26.94972317,26.64198007,-1.0698334740329711,7.231097074569959,6.008143665786926,3.363599351246837,4.404878310975524,3.282488169862029,52.28876490185422
Lao PDR,LAO,2009,0.423077773,1463.337967,420.2696708,29.475,76.93082622,66.4,0.0,25.16309379,27.04350953,-0.8601992563160384,7.2884753839109,6.040896578569855,3.3835424464234345,4.342906657306581,3.2974470330633805,53.12187342187515
Lao PDR,LAO,2010,0.467525939,1564.910683,425.3694773,30.064,84.72033789,64.8,0.0,30.46602109,27.44451473,-0.7603004473006243,7.355584029780115,6.052958149604258,3.4033284426711097,4.439355689599645,3.312166320300624,54.10461641915627
Lao PDR,LAO,2011,0.486447712,1666.400862,424.2265917,30.66,91.69869587,63.6,0.0,30.81597019,27.84484402,-0.7206258610356326,7.418421407229394,6.050267726870238,3.422958873443668,4.51850815746009,3.3266478153021137,55.03297617523934
Lao PDR,LAO,2012,0.511690636,1774.635852,430.5176093,31.264,98.18512643,62.4,0.0,32.43664467,28.24513865,-0.6700350631235644,7.481350527059779,6.0649882273285565,3.442467275860372,4.586854741872598,3.340921359598599,55.97060570873763
Lao PDR,LAO,2013,0.596576965,1890.278613,446.0930677,31.872,98.17914662,58.6,0.0,30.42770755,28.6455156,-0.516547018106161,7.544479511474984,6.10052760222419,3.461727881402188,4.586793836597835,3.3549969073494483,56.919171099065814
Lao PDR,LAO,2014,0.654511029,2006.311954,458.1925198,32.487,99.05973829,58.2,0.0,28.81500055,29.04320624,-0.4238668427428378,7.604053466899976,6.127289444700629,3.480840009314352,4.595723085222421,3.368784591575611,57.82162912747354
Lao PDR,LAO,2015,1.312535423,2121.013391,602.3395488,33.108,85.7983217,53.3,0.0,27.69334425,29.46986568,0.27196070407182743,7.659649268076105,6.400821320852616,3.4997749450231495,4.451999445696545,3.38336823888377,58.67022690993881
Lao PDR,LAO,2016,2.297200007,2234.760987,754.1302558,33.736,75.09189092,51.7,0.0,28.75950464,29.93415078,0.8316909930551922,7.711889560389482,6.625565106138264,3.5185655164442586,4.318712575842939,3.3989999951758487,59.47324059164427
Latvia,LVA,2000,3.053705307,6336.382967,1618.639842,68.067,83.61213211,35.8,63.38124789,24.22138618,38.04698925,1.1163557080344946,8.754063374691645,7.389341471858124,4.220492514210112,4.4261886304946465,3.638821955027253,76.63362556811768
Latvia,LVA,2001,3.280548698,6833.435432,1759.370124,67.95,88.17682782,35.4,63.66348969,23.25145468,37.55877674,1.1880106943809237,8.829582817615062,7.472711139885494,4.218772140597153,4.479344205365726,3.6259070856520936,77.96153273312314
Latvia,LVA,2002,3.317673611,7443.229447,1763.470876,67.85,85.97720568,34.4,63.40493239,23.3580896,37.12492969,1.1992638177313737,8.915060099104968,7.475039234654563,4.217299386280878,4.454082210888929,3.6142887032490165,79.47829657065348
Latvia,LVA,2003,3.459115236,8149.001836,1890.176749,67.8,88.58155804,34.3,63.62655431,22.27661614,36.76788211,1.2410128442309811,9.005650724623912,7.544425621670571,4.216562194946349,4.483923687412392,3.6046246953404912,81.1017449739192
Latvia,LVA,2004,3.515851112,8957.233936,1961.333073,67.9,97.23526558,36.1,62.97973078,22.34010975,36.36881097,1.2572816330787657,9.100216745807463,7.5813796603203745,4.21803603456465,4.577133460274142,3.5937115658606884,82.81394482067458
Latvia,LVA,2005,3.586253165,10106.26262,2022.797769,68.0,104.5171566,36.3,63.17427532,21.04003908,35.97793562,1.2771079708505175,9.220910572056857,7.612236866278583,4.219507705176107,4.649351235919565,3.5829058511120215,85.0251917778699
Latvia,LVA,2006,3.848839479,11507.46483,2114.393491,67.967,105.6953421,34.0,64.78708485,21.87415905,35.6494287,1.347771668833351,9.350751219419074,7.65652328487066,4.219022293265158,4.660560824733967,3.5737331214864576,87.4365483674673
Latvia,LVA,2007,4.050356197,12810.04095,2179.776479,67.9,100.8809109,33.1,65.13081472,22.75206472,35.35965096,1.3988048271276274,9.457984591606982,7.6869776179575044,4.21803603456465,4.613940721155946,3.56557136668,89.4534725350751
Latvia,LVA,2008,3.893406671,12506.6945,2106.601058,67.834,95.76816284,33.7,65.08034581,22.84474521,34.98998827,1.3592845252840144,9.43401933992932,7.652831054633399,4.2170635441760735,4.561930300306825,3.555061971140901,89.00072090616044
Latvia,LVA,2009,3.618999948,10675.42517,2056.154241,67.814,88.8320495,38.4,61.11626629,21.52229297,34.41703762,1.2861977302129952,9.275699665875118,7.628592643702835,4.216768663305808,4.486747502675757,3.5385517214200317,86.03860429151578
Latvia,LVA,2010,4.232832989,10500.86662,2149.363128,67.841,110.8623539,33.1,65.82825714,20.8612026,33.70811706,1.4428715062364583,9.259213067977864,7.672926857705153,4.217166731941044,4.708289376853016,3.5177386706701856,85.73302663821205
Latvia,LVA,2011,3.996583983,11018.51524,2066.714761,67.869,129.734758,35.5,62.89155018,21.41890103,33.09992447,1.385439992000513,9.30733234041723,7.63371555354591,4.2175793765567295,4.865492043083958,3.499531000507302,86.62643529497646
Latvia,LVA,2012,3.945103988,11971.01075,2171.078708,67.897,133.2115037,40.4,58.02871698,21.41559034,32.69190223,1.3724753133927656,9.390243235254475,7.682979423481831,4.217991850967068,4.891938118491238,3.4871274090094992,88.17666801724243
Latvia,LVA,2013,3.86431401,12353.53861,2156.588285,67.925,129.6771849,39.6,58.91256542,20.8210959,32.34362897,1.3517841785763578,9.421697828140571,7.676282754271481,4.218404155312411,4.865048169141211,3.476417060902403,88.76838996478875
Latvia,LVA,2014,3.797707071,12731.6772,2177.029683,67.952,130.0422522,40.2,56.71257196,19.61860433,32.04046475,1.334397482243445,9.451848434640429,7.685716695960152,4.218801573570915,4.867859414572101,3.466999627400825,89.33743883141472
Latvia,LVA,2015,3.866495881,13321.97531,2155.852207,67.98,126.3800144,38.1,58.96934247,19.78345674,31.77924374,1.3523486397618467,9.49717022964608,7.675941380050312,4.21921354426797,4.839293355287382,3.4588133640979217,90.19624237087578
Latvia,LVA,2016,3.816462766,13787.33674,2172.438847,68.021,123.3305184,38.5,0.0,19.16543657,31.49014094,1.3393240161495807,9.53150582233118,7.683605708066726,4.219816481029348,4.8148678929259106,3.449674510809491,90.84960324113318
Latvia,LVA,2017,3.825618562,14382.86127,2265.216939,68.075,128.7140033,42.6,0.0,19.77672939,31.21230334,1.3417201697595038,9.573792587142647,7.725425812138584,4.2206100385598235,4.857592914432971,3.4408123549052254,91.65750450162749
Latvia,LVA,2018,4.206106973,15120.06982,2403.499818,68.142,128.2340956,41.0,0.0,19.3453568,30.97006123,1.4365375103855194,9.62377826744773,7.784681211611108,4.221593763137564,4.85385746544471,3.4330209710577453,92.61710814099922
Latvia,LVA,2019,4.104038934,15328.38599,2343.515819,68.222,125.2916317,41.5,0.0,19.59885279,30.75549199,1.411971594665574,9.637461681913413,7.759407567499996,4.2227670934766275,4.830644073558402,3.426068579606026,92.88066767034931
Latvia,LVA,2020,3.800575548,14900.72957,2251.382501,68.315,123.883198,43.8,0.0,20.33418377,30.53911297,1.3351525152634323,9.609165455164362,7.719299751393384,4.224129361790451,4.819339170076927,3.419008254509475,92.33606074472412
Latvia,LVA,2021,3.941172413,16070.168,2375.518507,68.421,136.7966154,44.0,0.0,21.09183067,30.2826611,1.3714782457969066,9.684719912939514,7.772971011377517,4.225679795052122,4.918495263654311,3.4105753077989047,93.79379979208714
Lebanon,LBN,2000,3.535527355,5958.978368,1136.870145,86.0,50.11529593,4.9,93.75254364,19.96541122,423.200391,1.2628624692688264,8.692654330601105,7.036034278784983,4.454347296253507,3.9143262694778524,6.047845804456706,75.56223931131814
Lebanon,LBN,2001,3.752091702,6085.760414,1199.710236,86.118,55.55680836,4.6,94.37141424,20.43071372,430.2950147,1.3223134716768625,8.71370696293868,7.089835336617517,4.455718448817298,4.017406071311714,6.064471054139513,75.92868903596603
Lebanon,LBN,2002,3.688537078,6207.241339,1175.253465,86.24,51.04253256,5.7,94.85906462,19.11540593,436.3151515,1.3052299236164888,8.733471847404193,7.069239118208764,4.457134107160687,3.9326592569278036,6.0783648067784775,76.27353050940161
Lebanon,LBN,2003,3.63908317,6319.765183,1157.298816,86.366,54.09083402,7.0,94.71377211,18.31213873,442.3761486,1.2917317735488416,8.751437331862046,7.053843961782568,4.458594079842761,3.99066474488075,6.092160535101929,76.5876553735087
Lebanon,LBN,2004,3.628460026,6633.75258,1149.060019,86.494,90.97279703,6.1,94.68660902,14.57516638,449.58739,1.288808323001814,8.799925923062323,7.046699512341778,4.46007504737018,4.51056052809099,6.108330251033128,77.43869625138429
Lebanon,LBN,2005,3.548156302,6707.180246,1079.47193,86.627,92.76265627,6.4,93.99266046,14.76003823,456.6082111,1.2664281170283005,8.810933910049052,6.98422724683772,4.461611545266631,4.530044147919546,6.123825717070225,77.63255636725226
Lebanon,LBN,2006,3.395419538,6696.374282,985.7854713,86.762,91.06939703,6.4,95.58643344,15.00815138,464.4316716,1.2224273286335983,8.809321506963201,6.893438756183366,4.463168737790719,4.511621820606892,6.1408144464647005,77.6041454130444
Lebanon,LBN,2007,3.08541204,7179.345201,823.8750048,86.901,97.96770797,7.3,98.03423283,15.50987735,473.5208211,1.1266852108373915,8.878963460251201,6.714018825199011,4.464769539684998,4.584637913859851,6.160195884415431,78.83599212847598
Lebanon,LBN,2008,3.717539897,7701.29823,1061.379123,87.042,106.6256732,5.1,99.28329593,16.21200383,481.4617791,1.3130621315070916,8.949144194928875,6.967324400895659,4.466390760784821,4.669324319508207,6.176826849271316,80.08718182162919
Lebanon,LBN,2009,4.318201257,8375.488513,1336.59417,87.187,90.39783886,4.3,95.25004094,15.43951679,488.0045943,1.4628389398531454,9.033064684902591,7.1978799932539,4.468055237232216,4.504220360696439,6.190324820358011,81.59625760163435
Lebanon,LBN,2010,4.097603628,8955.543362,1272.704426,87.334,95.09665294,5.7,94.41574707,13.80937621,492.7945259,1.4104023218590613,9.100027989594299,7.148899384637904,4.4697398486516375,4.554893773768994,6.2000923040001465,82.81050941139965
Lebanon,LBN,2011,4.116977563,8936.200275,1257.015336,87.484,102.1398824,6.2,94.63308846,14.50621607,498.1446725,1.4151192929307992,9.097865752650977,7.136495408993149,4.471455919500306,4.626343269857958,6.210890541863769,82.77116125325952
Lebanon,LBN,2012,4.475946294,8920.805698,1383.47674,87.636,88.54550192,5.6,95.4053286,15.48551974,511.802737,1.4987177917181769,9.096141546382901,7.232354986653413,4.473191872425973,4.483516565874822,6.237939271503495,82.73979103183311
Lebanon,LBN,2013,4.022435351,8443.538565,1238.323834,87.79,86.17432859,5.9,95.19189467,16.34379623,561.430694,1.3918875279093808,9.041156760980485,7.12151399739107,4.474947598938117,4.456372321133819,6.330488336462425,81.74251557662313
Lebanon,LBN,2014,3.933754425,7830.415111,1192.553006,87.947,79.81715659,4.2,96.64752395,16.20941013,620.42913,1.3695942942766859,8.965770803032964,7.083851671250539,4.476734360311861,4.379738476209835,6.430411383778435,80.38504609251835
Lebanon,LBN,2015,4.156590012,7714.11,1284.150182,88.106,71.83904263,4.2,89.32472849,15.70518464,632.6949169,1.4246950294744807,8.950806398453903,7.157852441584586,4.47854063504992,4.274428097485325,6.449988342139216,80.11693518260333
Lebanon,LBN,2016,4.406695492,8019.141691,1356.177023,88.266,67.72361779,4.0,0.0,15.95390381,618.0899316,1.4831250870350954,8.989586674061078,7.212425007914804,4.48035498249613,4.2154349786082195,6.426633967258976,80.81266857045652
Lebanon,LBN,2017,4.755534301,8305.574054,1475.80821,88.429,68.45542926,4.0,0.0,14.92687978,602.1630499,1.559309055825656,9.024682141151692,7.296961057693221,4.482199970144194,4.226182865754832,6.400528255646358,81.44488774882228
Lebanon,LBN,2018,4.594126554,8388.723512,1431.813561,88.593,68.2573073,4.7,0.0,13.80560238,584.957869,1.5247786515583515,9.034643643905254,7.266697144212106,4.484052847717827,4.2232844950005095,6.371539825834959,81.6247857723576
Lebanon,LBN,2019,4.659912325,8064.048734,1486.475749,88.758,62.98091601,5.1,0.0,12.49911818,566.4314761,1.5389966335828793,8.995171033695666,7.304163328144295,4.485913565138154,4.142831760025667,6.339356113045884,80.91310192543756
Lebanon,LBN,2020,3.826232403,6440.828431,1249.321463,88.925,50.12980429,6.3,0.0,6.638166395,557.4191593,1.3418806122469815,8.770412449179233,7.130355853311021,4.487793317834519,3.9146157272183197,6.323317487080015,76.92013452871807
Lebanon,LBN,2021,2.948363116,5973.419339,972.8063504,89.093,78.8286204,6.8,0.0,2.758632074,558.9562072,1.0812501404189048,8.695074796027248,6.8801850391511215,4.489680767978601,4.367276133967259,6.3260711287624645,75.60432570850828
Libya,LBY,2002,9.058058496,10170.30958,3089.632828,76.629,78.85975704,2.9,98.80032439,65.83038598,3.130596633,2.203654803050904,9.22722792909061,8.035807536941467,4.338975595177733,4.36767104754187,1.1412236039587258,85.14173525538979
Libya,LBY,2005,9.852259798,12628.89615,3114.985643,77.08,90.86088969,2.7,96.54406478,80.97429439,3.329732771,2.2877008499877487,9.443742812475136,8.043979822222168,4.344843843546165,4.509329652160931,1.2028920518232844,89.18427830817579
Libya,LBY,2011,6.973637766,6569.594776,2631.727946,78.277,63.00543529,3.2,81.08967801,53.8989087,3.605034839,1.9421370062678476,8.79020743164651,7.875395923121021,4.360253817828241,4.143220997114551,1.2823314347678854,77.26774669137352
Libya,LBY,2012,10.17168857,12599.25888,3101.476813,78.512,98.22431892,2.6,89.17142755,73.73692992,3.511899701,2.3196082306932264,9.441393272162042,8.039633668325255,4.363251479347547,4.58725383154418,1.2561571164242813,89.13990691962667
Libya,LBY,2014,9.615120117,7644.248439,3550.574282,79.009,76.52488264,2.3,77.60554736,46.76927755,3.652802437,2.263336871630417,8.941708806009405,8.174864638963639,4.3695617700288025,4.337615951213835,1.2954946639526108,79.95415637146614
Libya,LBY,2015,8.372966244,7458.489178,3230.977572,79.27,56.90490733,2.9,56.63301267,34.82896933,3.712231038,2.125008211684251,8.917108149630943,8.080540024296228,4.372859746849064,4.0413815822288806,1.3116330538275907,79.51481775221458
Libya,LBY,2016,7.739102062,7236.164099,3118.867678,79.54,41.11017606,2.8,0.0,26.07707627,3.769238551,2.046285668210148,8.886846524395134,8.045225291212828,4.376260039779544,3.7162556835569047,1.3268730051979791,78.97604114815387
Libya,LBY,2017,8.238269002,9435.6006,3485.709594,79.817,47.54896619,2.9,0.0,38.98001611,3.829847574,2.108790249280231,9.15224511237443,8.156426916241468,4.379736514348998,3.8617600472198226,1.3428250044893695,83.76359059698164
Libya,LBY,2018,8.380616012,10020.91658,3055.563904,80.102,63.7811336,2.9,0.0,49.67675801,3.892525887,2.1259214215774827,9.212429845505168,8.024719438532893,4.383300822551612,4.155457435020701,1.3590582751855975,84.86886365835439
Libya,LBY,2019,8.317972307,8768.410487,3413.933852,80.393,78.99396919,3.0,0.0,49.97761793,3.950483081,2.118418512029292,9.078910824583728,8.135620527654083,4.386927107717955,4.369371510185935,1.3738378704224607,82.42662176074359
Libya,LBY,2020,6.503066753,6102.79864,1687.139661,80.691,50.97579344,3.2,0.0,15.95020364,4.004114143,1.8722738737889668,8.716502738390494,7.430789865722785,4.390627044893052,3.9313508816164777,1.3873223682894076,75.97741998836898
Libya,LBY,2021,7.849001601,7733.390076,2368.630389,80.994,164.28407,3.1,0.0,74.91210084,4.05513657,2.0603863391196846,8.953302606373166,7.770067172146829,4.394375077854745,5.101597063556243,1.3999843664083758,80.16162756128853
Lithuania,LTU,2000,3.330698698,6384.308654,2040.580886,66.986,83.19149427,17.2,58.58862141,26.50084845,55.83178047,1.2031821012025978,8.76159848601856,7.620989794344449,4.204483642332901,4.421145110269351,4.022343249732625,76.76560803020271
Lithuania,LTU,2001,3.569907728,6854.525128,2388.281422,66.919,93.48713737,17.6,57.35860265,27.21467166,55.373612,1.2725397489589219,8.83266431578214,7.778329315977625,4.203482932791192,4.53782385859597,4.014103162588402,78.01595891529116
Lithuania,LTU,2002,3.621712851,7374.097971,2578.770975,66.828,100.3322295,17.9,53.36164398,26.39882123,54.93087109,1.2869470771909117,8.905728864710714,7.855068198138131,4.202122154395532,4.608486974359118,4.006075505411932,79.31200661174158
Lithuania,LTU,2003,3.657604958,8218.693363,2714.295086,66.737,98.09140432,18.1,52.06210589,27.96306232,54.48648692,1.296808550151119,9.014166517142515,7.906287561824145,4.200759521758531,4.585899741121718,3.997952724503384,81.25519799877321
Lithuania,LTU,2004,3.868643723,8851.925989,2784.894036,66.646,104.0720707,18.1,53.25392477,29.52785582,53.87803127,1.352903986443396,9.088390340200606,7.931965103522636,4.1993950298199945,4.645083646636409,3.986722811713493,82.59883897585169
Lithuania,LTU,2005,4.200656849,9692.868538,2668.049724,66.635,117.4496912,17.5,59.76240572,29.72360685,53.00778558,1.4352409056803195,9.179145691829708,7.889103044043254,4.19922996503169,4.766010081897549,3.9704388004995548,84.25671563183589
Lithuania,LTU,2006,4.340426599,10577.21455,2669.903958,66.706,124.613633,17.5,61.05636411,30.17054789,52.1682993,1.4679726379821667,9.266457395702073,7.889797779960814,4.200294903898357,4.825218014493265,3.9544750173079963,85.86723266636164
Lithuania,LTU,2007,4.817079473,11889.35452,2927.728514,66.777,116.2958103,17.1,60.96047225,29.64501628,51.55223357,1.5721678259550003,9.383398700574531,7.981982150153963,4.201358709876582,4.756137033940194,3.942595537749353,88.0481711739438
Lithuania,LTU,2008,4.949079663,12324.51973,2978.883257,66.848,126.7597078,18.3,60.19058081,29.20090863,51.02881532,1.5992016326274268,9.419346031011692,7.9993037632914765,4.202421385374155,4.842293229676485,3.932390479442888,88.72407965193571
Lithuania,LTU,2009,4.175703686,10612.9204,2771.818699,66.842,105.0402512,20.1,55.35130094,25.0207491,50.46535301,1.4292828916451874,9.269827443498135,7.9272589537696785,4.202331625481807,4.654343621461598,3.9212870218115072,85.92970083223118
Lithuania,LTU,2010,4.532683818,10884.11619,2276.517761,66.757,131.6265074,21.5,74.27278421,26.21165181,49.4181412,1.5113142183678137,9.295059775149353,7.730402256633266,4.2010591606958565,4.879968422620283,3.900317587550392,86.39813622359954
Lithuania,LTU,2011,4.728354108,11836.72004,2412.977601,66.741,149.6453069,22.7,73.8607386,28.35343171,48.31533012,1.5535771732383226,9.37896184641121,7.7886167829462245,4.200819456729106,5.008267873299105,3.8777489040885937,87.96492531643717
Lithuania,LTU,2012,4.84698102,12516.61841,2468.164584,66.864,156.6389257,23.9,72.88450958,28.20019993,47.69344545,1.578356041031351,9.43481251312393,7.8112300699978965,4.20266070570556,5.053943320357251,3.8647939765027233,89.01568715779989
Lithuania,LTU,2013,4.512081047,13145.80693,2352.913373,66.986,156.6266379,26.3,70.04905144,27.62426892,47.24770642,1.5067584765787594,9.483858122118988,7.763409572495042,4.204483642332901,5.053864870623644,3.8554041113859197,89.9435648804823
Lithuania,LTU,2014,4.49695685,13753.1896,2376.275378,67.108,143.2901158,27.7,68.19486523,27.72644118,46.88352753,1.5034009124567893,9.529026047102716,7.773289573598318,4.206303261908154,4.964871356879486,3.8476663883850217,90.80233740636201
Lithuania,LTU,2015,4.691545387,14269.80399,2420.605551,67.23,138.195575,29.0,-61.37885498,26.96369786,46.46622506,1.5457620350057648,9.565900974567155,7.7917730155349565,4.208119576480946,4.928669892007642,3.8387257058828803,91.50646145522485
Lithuania,LTU,2016,4.697592382,14823.10715,2504.983838,67.366,134.6904497,31.5,0.0,25.99746022,45.93284059,1.5470501183175345,9.603942536118915,7.826037561601944,4.210140439601455,4.902979180383084,3.8271803424954194,92.23571223707421
Lithuania,LTU,2017,4.911246205,15695.99933,2653.399843,67.516,144.9183931,33.8,0.0,25.72045768,45.37984707,1.5915277191745303,9.661161139119109,7.883597056313447,4.212364606826681,4.976170777778816,3.8150681093592387,93.33803455602524
Lithuania,LTU,2018,4.971587684,16604.90214,2711.161868,67.679,147.2021325,33.7,0.0,25.57887872,45.01357177,1.6037392426152524,9.71745324038788,7.905132555573102,4.214775939775099,4.99180669328223,3.806964039188612,94.4288974791249
Lithuania,LTU,2019,5.084826557,17431.72391,2707.607647,67.855,148.374996,33.5,0.0,25.25641494,44.89123283,1.6262609201675775,9.766047038385217,7.903820736902882,4.2173730755333345,4.999742825971112,3.8042425157715973,95.37567475595267
Lithuania,LTU,2020,5.070935525,17443.65526,2674.068404,68.046,135.7965656,31.7,0.0,24.78769007,44.87973491,1.62352532227731,9.76673126609826,7.891356338486529,4.2201839470612486,4.911157924672247,3.803986354557068,95.38903962418132
Lithuania,LTU,2021,5.102229755,18569.70572,2774.319795,68.249,154.8067277,33.2,0.0,24.85875092,44.85513496,1.629677651045953,9.829286807156027,7.928160877215063,4.223162781943075,5.042177420805558,3.8034380738128735,96.61487913733153
Luxembourg,LUX,2000,20.17121247,92527.71087,7682.155552,84.216,272.4123268,6.8,83.38564304,16.65467895,169.4724331,3.004256462702815,11.435263455609268,8.946655457594362,4.4333849269490235,5.607316825821241,5.132690277015572,130.76525029919281
Luxembourg,LUX,2001,21.14059227,94243.70684,7986.413895,84.843,270.7656304,3.4,84.94548849,16.31385305,171.5019849,3.0511949966059264,11.453639332152598,8.985497113853418,4.440802489750233,5.601253614224021,5.144594840299952,131.185853951033
Luxembourg,LUX,2002,22.4846753,96269.57975,8205.474696,85.299,250.6891982,1.3,89.84097837,16.10805189,173.3081889,3.1128339793801323,11.474907657435798,9.012556856329661,4.44616273109949,5.524213917678357,5.155071448346097,131.67350574667873
Luxembourg,LUX,2003,23.14748799,97597.99732,8553.03438,85.743,244.9779461,1.3,89.66399498,16.2313624,175.4270799,3.1418862644934027,11.488612252928366,9.054041397214935,4.451354450060862,5.501168190574684,5.167223457416934,131.9882114981358
Luxembourg,LUX,2004,25.933922,100292.5669,9381.203821,86.177,265.2268849,1.4,91.31897434,15.43934602,177.9382861,3.2555518414874043,11.515846862529866,9.14646337289131,4.456403320720791,5.580585629116198,5.181436782871842,132.61472896123897
Luxembourg,LUX,2005,26.04297894,101222.0444,9429.924653,86.598,284.0774769,1.9,91.15822864,14.46612736,180.681774,3.259748209414857,11.52507184215351,9.151643385457724,4.461276720613482,5.649247006942335,5.196737329201785,132.8272809667997
Luxembourg,LUX,2006,25.26674805,105614.1789,9172.055983,87.009,305.8795475,2.1,90.31912594,13.52057912,183.5868493,3.229489224951282,11.567547911127267,9.123916747644296,4.466011561580042,5.723191388836628,5.212687848714743,133.8081646762248
Luxembourg,LUX,2007,23.62846958,112417.877,8779.50608,87.409,307.4850201,3.6,88.02920465,14.47596844,186.4441475,3.1624523231259554,11.629978251837633,9.080175429921498,4.470598252188322,5.728426370938001,5.228131717019819,135.25639413821634
Luxembourg,LUX,2008,22.94587128,110094.7915,8625.433336,87.8,292.2134808,4.0,86.98306785,12.80514739,189.8067944,3.1331380196688956,11.609097014598118,9.062470482492554,4.475061500641071,5.677484633776003,5.246006683216876,134.77113349435095
Luxembourg,LUX,2009,21.31390586,104574.349,7958.76293,88.178,263.5327015,3.7,88.62658222,11.00660492,193.3543345,3.059359716973771,11.557653571093796,8.982028855956898,4.479357498792559,5.574177464645434,5.264524435697038,133.57935606941717
Luxembourg,LUX,2010,21.013062359499997,106544.0574,8335.835007,88.547,293.6718769,3.7,87.89035703,10.99797265,196.9162465,3.0451442614700053,11.576313863094814,9.028318970970972,4.483533484490617,5.6824630791084125,5.28277849366832,134.0110426568812
Luxembourg,LUX,2011,19.932767367066667,105290.249,8062.979119,88.906,308.7144539,3.8,86.93768748,10.70843828,201.342029,2.992364978928867,11.56447609174496,8.9950383849508,4.487579631805961,5.732416752245501,5.305005098731378,133.73710727654077
Luxembourg,LUX,2012,18.694446015666667,104487.7443,7723.784323,89.249,311.7868352,4.2,87.19761991,10.42671879,206.2358708,2.9282264752361624,11.556825064083396,8.952059720191178,4.491430216115185,5.742319733795166,5.32902051765608,133.5602055618262
Luxembourg,LUX,2013,17.0042752469,105338.9555,7320.721679,89.574,320.5335063,5.7,84.40710174,10.44294198,211.0578529,2.8334647975509006,11.564938577476545,8.898464192123003,4.4950650992995085,5.769986814734152,5.352132280254594,133.7478043008052
Luxembourg,LUX,2014,15.474379508699998,105583.9373,6878.681452,89.884,333.4288532,6.8,83.11884303,10.81088063,216.0915299,2.7391857213984427,11.567261529783051,8.836182263141689,4.498519950109686,5.809429508863667,5.375702067464722,133.80153929839895
Luxembourg,LUX,2015,14.02813621675,105462.0126,6548.759621,90.179,351.1319744,9.1,80.55793957,11.53962343,221.2518353,2.6410650425779494,11.56610609691526,8.787030939856681,4.501796583998211,5.861162148238889,5.399301578994877,133.77481024510033
Luxembourg,LUX,2016,13.0489850736,108351.4518,6342.68338,90.46,348.4374094,13.5,0.0,12.09593256,226.0722637,2.5687103586063618,11.593135406044096,8.755057203944707,4.504907764049697,5.853458614070568,5.420854699047822,134.40078854287322
Luxembourg,LUX,2017,12.6600400885,107142.1267,6313.353712,90.727,353.793992,15.3,0.0,10.81833686,231.6353721,2.5384505832592,11.581911518967274,8.750422305944259,4.507854997496551,5.868714800236107,5.4451644633115235,134.14067443318683
Luxembourg,LUX,2018,12.511888590166668,106788.7287,6414.364783,90.981,361.8654452,16.0,0.0,10.97207843,236.1466094,2.5266792795247146,11.578607663422007,8.766295251570103,4.51065069350814,5.891272444386278,5.464452838415634,134.06415542345482
Luxembourg,LUX,2019,12.17836907075,107591.9659,6376.866966,91.223,382.6607806,16.4,0.0,11.60046386,240.827591,2.499661351078772,11.586101257565273,8.76043218456403,4.513307058267437,5.947148906385785,5.484081287435599,134.2377423505556
Luxembourg,LUX,2020,9.663186971999998,105274.2472,5435.815706,91.453,375.5813964,20.8,0.0,11.34277534,244.8742649,2.2683235081003894,11.564324102209026,8.600764872194492,4.515825179110181,5.928475215756002,5.500744874320434,133.7335919409326
Luxembourg,LUX,2021,9.733440199466664,110873.1852,5631.087257,91.672,397.5061809,20.5,0.0,10.5920031,248.6206816,2.275567399943113,11.616142351495963,8.636057820961232,4.518216989124147,5.9852104834074575,5.515928367893075,134.93476313021816
Madagascar,MDG,2007,0.088751268,473.7854623,254.4415172,30.043,66.70273536,86.2,0.0,18.90683075,34.93926987,-2.421917563404731,6.160754608054284,5.539071014691741,3.4026296887537804,4.200245961975748,3.5536114078075487,37.95489734066209
Madagascar,MDG,2008,0.089366961,490.9639354,259.1972659,30.67,74.35735396,86.4,0.0,20.46859544,35.98005296,-2.415004228866573,6.1963706737730115,5.557589416197178,3.4232849781261603,4.308882578035066,3.582964700450153,38.395009526794205
Madagascar,MDG,2009,0.082414114,457.7897549,253.6276129,31.301,62.4116976,87.2,0.0,18.83320963,37.05210304,-2.495998570326786,6.126410028281596,5.535867100310752,3.443650045917542,4.133752719345125,3.612325112344408,37.532899834629305
Madagascar,MDG,2010,0.088719733,447.417143,255.4867931,31.938,57.87489451,86.7,0.0,18.00752056,38.14585411,-2.4222729454125433,6.103491365264287,5.543170717896805,3.4637965234186754,4.058283689683354,3.6414170784305893,37.252606845855716
Madagascar,MDG,2011,0.100520105,441.7551584,259.2933148,32.58,56.4830926,84.5,0.0,17.85327281,39.22739109,-2.297397521739046,6.090755788324611,5.557959910492249,3.4836986031738992,4.033941347351672,3.669375255078613,37.09730607300975
Madagascar,MDG,2012,0.121483539,442.6415001,265.2420595,33.227,52.65171408,83.3,0.0,17.27608432,40.32767212,-2.10797650686146,6.092760187568388,5.580642841136485,3.503362798423441,3.9636987941754014,3.697037886415995,37.12172670321837
Madagascar,MDG,2013,0.126465773,440.6746589,268.4940739,33.878,56.36758179,81.4,0.0,17.90961382,41.43913716,-2.067783576594964,6.088306868265892,5.592828842569408,3.52276583616419,4.031894202290916,3.7242257763058872,37.06748052217364
Madagascar,MDG,2014,0.126520593,443.3438699,271.2816858,34.534,61.96943221,82.2,0.0,19.24978287,42.56505328,-2.067350193549666,6.094345698956996,5.603157712041661,3.5419443459902387,4.126641234595427,3.751033571067881,37.14104949839564
Madagascar,MDG,2015,0.13442168,445.3200695,275.4307685,35.193,61.22037884,83.9,0.0,18.95088473,43.7035098,-2.0067735543782605,6.098793280928041,5.618336303002449,3.560847199191693,4.114480121671919,3.7774284146658776,37.195279483493024
Madagascar,MDG,2016,0.124548122,451.1565943,293.322518,35.856,60.83469848,83.8,0.0,19.40994447,44.8606944,-2.083063115669441,6.1118144949800355,5.6812727476698655,3.5795109170585713,4.108160324869769,3.803562008241096,37.35427642104806
Madagascar,MDG,2017,0.132598562,456.8518596,299.4537102,36.522,65.34340151,81.9,0.0,20.11235766,46.0439584,-2.020429045934729,6.124359179918998,5.7019598486821375,3.5979148187398424,4.179656463434389,3.829596557568783,37.5077753646581
Madagascar,MDG,2018,0.122804477,459.3303678,292.8209058,37.191,67.84150467,84.2,0.0,21.48195747,47.25838089,-2.097161806278936,6.129769706716293,5.679561179128491,3.6160667965241196,4.217174170925182,3.8556300115442954,37.57407665737675
Madagascar,MDG,2019,0.141756315,467.2774135,313.7750022,37.861,62.60132305,82.5,0.0,22.44549735,48.50387418,-1.953645787102059,6.146923114491602,5.748676175557903,3.633921558533255,4.136786412866738,3.8816436747532,37.78466377547114
Madagascar,MDG,2020,0.107354689,422.9242554,301.7486447,38.534,49.01070737,84.7,0.0,19.46618711,49.76547955,-2.231617076058406,6.047193097763955,5.709594368501109,3.6515409684585682,3.8920387919942017,3.907321561942164,36.56854436164402
Madagascar,MDG,2021,0.137485723,431.5991031,308.9534752,39.207,55.21585859,83.6,0.0,22.25009462,51.03314369,-1.9842351999937746,6.067497155300264,5.7331906998658,3.6688553022830086,4.011250205319334,3.9324752979206945,36.81452172957679
Madagascar,MDG,2022,0.13108604,438.5162634,308.6725396,39.882,70.54713441,83.1,0.0,23.35681615,52.31567721,-2.031901377482569,6.083396899835985,5.73228097257892,3.6859250942874997,4.2562810596142215,3.9572960816025193,37.00771784093407
Malaysia,MYS,2000,5.694037256,6455.614198,2102.392125,61.977,220.406789,4.4,96.15679617,48.32057149,69.90660782,1.7394195318621888,8.772705449490063,7.650831082564098,4.126763348477601,5.395474879889654,4.247160177246816,76.96036090351265
Malaysia,MYS,2001,5.883041525,6334.927957,2135.788405,62.922,203.364636,4.2,96.37369109,46.202695,71.60717699,1.772073894330976,8.753833720472738,7.6665911338436,4.141895864080323,5.315000604191524,4.271195306233682,76.62960480568557
Malaysia,MYS,2002,6.080511974,6516.906716,2154.461906,63.856,199.3562327,3.5,96.84996403,45.1153797,73.36014914,1.8050888986829283,8.7821551122818,7.675296275767066,4.156630548306378,5.295093338450234,4.295380860934148,77.12624841617735
Malaysia,MYS,2003,6.344348665,6732.920495,2254.16676,64.78,194.1951291,3.3,97.22289297,46.5786627,75.11673109,1.8475644426268518,8.814764280217728,7.7205356758914325,4.170996913743183,5.268863473668313,4.319043318111845,77.70006931580237
Malaysia,MYS,2004,6.71601264,7025.34558,2371.200287,65.694,210.3742659,3.2,97.35200024,48.5303176,76.87345001,1.9044946212861855,8.857279685874579,7.771151556137523,4.185007597119343,5.348888163021816,4.342160563451872,78.45140343380648
Malaysia,MYS,2005,7.011580824,7234.024427,2515.148727,66.594,203.8546446,3.0,97.94129123,46.36832249,78.63664891,1.9475631854660576,8.886550789199735,7.8300872167694715,4.198614483397898,5.317407213405996,4.364837861884154,78.97078492902642
Malaysia,MYS,2006,7.107708638,7469.810692,2472.126833,67.483,202.5771468,3.1,97.85128523,46.51565726,80.40757571,1.961179918737575,8.918624935369326,7.812834125109275,4.211875714306629,5.311120785847096,4.387108396994757,79.54187073779153
Malaysia,MYS,2008,7.841049597,7976.117854,2678.819498,69.225,176.6683248,3.0,99.11486596,45.1050654,83.91434789,2.0593727025699353,8.984207087610743,7.893131490641629,4.237362069057025,5.17427410349439,4.429796610652071,80.71597699307512
Malaysia,MYS,2009,7.039383564,7700.461113,2483.792734,70.075,162.5589705,2.3,99.46847286,40.96782384,85.60273322,1.9515206044043631,8.949035490853946,7.817541999153344,4.249566097050852,5.091040831323803,4.449717212778127,80.08523621656353
Malaysia,MYS,2010,7.522902189,8118.922705,2529.591689,70.912,157.9447649,2.0,98.09173653,40.49893235,87.21891949,2.0179519928984546,9.001952752556013,7.835813180950127,4.261439671684764,5.062245382665897,4.468421274009519,81.03515335925078
Malaysia,MYS,2011,7.486743297,8400.322487,2591.224708,71.609,154.9376846,2.2,98.03046754,39.82426873,88.75982042,2.0131338961641587,9.036025375404002,7.859885903162075,4.271220764391249,5.043023001242864,4.485934074853694,81.64975458494503
Malaysia,MYS,2012,7.41258985,8710.526714,2587.431704,72.275,147.8417548,2.5,98.13870082,40.13500101,90.2840694,2.0031798856669063,9.072287540348825,7.858421042635909,4.28047828790241,4.996142477411675,4.502961026254696,82.30640121476853
Malaysia,MYS,2013,7.862517944,8964.807249,2869.769116,72.93,142.7209915,2.8,98.10797813,39.88537365,91.84070918,2.0621069042497098,9.101061885417689,7.961986858130842,4.289500076996142,4.96089161597685,4.520055654449108,82.82932744220258
Malaysia,MYS,2014,8.192060128,9341.73056,2879.923522,73.577,138.3122312,3.0,98.0495569,39.92442448,93.42911886,2.1031654081139655,9.142246798856354,7.965519017916294,4.2983324768965305,4.929513674384165,4.537203061742518,83.58067653119925
Malaysia,MYS,2015,8.098172953,9648.679794,2706.926963,74.213,131.3700724,3.4,67.13346159,38.44966979,95.06254147,2.091638474877579,9.174576376061921,7.90356930845977,4.306939336983564,4.878018320596436,4.554535006258733,84.17285168019349
Malaysia,MYS,2016,7.787692769,9901.479602,2759.172283,74.84,126.89901,4.4,0.0,37.6832735,96.75752549,2.052544637450865,9.200439479702908,7.92268601626919,4.315352501405889,4.843391573271471,4.57220811172734,84.64808661967591
Malaysia,MYS,2017,7.351561292,10293.76292,2617.764623,75.447,133.1551734,5.2,0.0,38.11471636,98.48012175,1.9949127113469391,9.239293449055703,7.870076035246898,4.323430422991939,4.8915151654292925,4.589854718167067,85.36454343776363
Malaysia,MYS,2018,7.728767131,10610.19502,2839.452448,76.036,130.4026255,5.3,0.0,38.29143917,100.1703455,2.044949358417378,9.269570612211961,7.951366512566943,4.331206912343907,4.870626783492316,4.606872191754192,85.92493933478363
Malaysia,MYS,2019,7.631655249,10902.98349,2878.298885,76.607,123.028562,5.7,0.0,37.47655524,101.7823649,2.03230476134898,9.296791745443105,7.9649547336881845,4.33868845638331,4.812416539797641,4.622836856300456,86.43033675813906
Malaysia,MYS,2020,7.477034667,10171.46578,2722.603166,77.16,116.7881824,7.0,0.0,35.93473853,103.1488601,2.011836278492251,9.22734160648413,7.909343747936728,4.345881188037528,4.7603618871930875,4.636173188559447,85.14383312275312
Malaysia,MYS,2021,7.552400286,10388.26671,2793.499535,77.696,134.0359947,7.5,0.0,37.68268618,104.3445412,2.0218654314109963,9.248432247270143,7.935050402441341,4.352803775996978,4.89810838104396,4.64769831974471,85.53349903234627
Malta,MLT,2002,5.869398867,17255.42736,1851.864129,92.905,162.5257519,0.1,99.97002687,24.76908814,1237.403125,1.7697522209298833,9.755882002539222,7.5239480480439775,4.531577465684718,5.090836462445005,7.120770208550302,95.1772336474687
Malta,MLT,2003,6.556743656,17775.58681,2071.449527,93.16,154.5734903,0.1,99.96469471,24.53600806,1245.56875,1.8804940858093186,9.785581267347332,7.63600389578494,4.53431844501614,5.040669648617057,7.127347531894217,95.75760073985903
Malta,MLT,2004,6.496157182,17728.49151,2066.571639,93.407,155.8898508,0.1,99.95163474,22.22741921,1253.9625,1.8712107993030938,9.782928314230368,7.633646300178876,4.53696628889326,5.0491496732390075,7.134063816439503,95.70568640137023
Malta,MLT,2006,6.562663456,18479.23051,2095.17873,93.784,182.4340912,0.2,98.03899623,19.80272251,1266.5875,1.8813965351885058,9.82440270525948,7.647394141366486,4.540994265769527,5.206388963684718,7.144081555093162,96.5188885151098
Malta,MLT,2008,6.674743941,20064.43979,2153.749038,93.929,185.7493499,0.2,94.77933006,19.30242375,1279.309375,1.8983308426516388,9.906704362550476,7.6749653411792425,4.54253917772384,5.224398183726334,7.154075660522512,98.14279132697663
Malta,MLT,2009,6.105552552,19635.87646,1953.434088,94.001,163.5572489,0.3,96.49385661,17.65525744,1288.990625,1.8091986115751644,9.885113603652753,7.577344173460072,4.54330542051129,5.097163075227811,7.161614729832832,97.71547095712071
Malta,MLT,2010,6.260916556,20750.60537,2022.688949,94.072,178.2327535,1.2,99.16131001,17.4439389,1295.3375,1.8343265890909073,9.94033069969111,7.61218306805473,4.544060446521114,5.183090300055176,7.1665265579393465,98.81017441922155
Malta,MLT,2011,6.203455466,20867.83904,2002.2597,94.141,192.0283835,2.0,98.79581018,16.44576293,1300.8375,1.8251064700243722,9.945964450867375,7.602031671741938,4.54479365839374,5.257643191831063,7.170763566791299,98.92220885791757
Malta,MLT,2012,6.487424648,21529.49277,2102.784198,94.211,199.2134731,2.7,98.45484547,15.07460962,1312.5875,1.8698656334727226,9.977179030861192,7.651017554174809,4.545536947588681,5.294376978907461,7.179755658910322,99.54410141385628
Malta,MLT,2013,5.608625032,22626.46595,1822.112902,94.279,187.4311871,3.2,97.99925765,14.55952964,1327.53125,1.7243055971594543,10.026875559839294,7.507752041871552,4.546258471308242,5.233411775915368,7.191076293328663,100.53823349250254
Malta,MLT,2014,5.465752824,23865.9809,1793.378774,94.347,181.3005668,4.5,97.38233356,13.07599998,1354.628125,1.6985018658467295,10.080209330627596,7.491856702828412,4.546979474806655,5.200156244065902,7.211282249152005,101.61062014927165
Malta,MLT,2015,3.764125884,25529.68131,1448.872265,94.414,207.1963982,6.0,82.39871616,12.09030469,1388.1875,1.3255156653721771,10.147597027196394,7.278540784535658,4.547689367240089,5.333667127029605,7.235754218398728,102.97372542636509
Malta,MLT,2016,3.00392735,25969.44108,1311.667326,94.48,213.3593919,9.2,0.0,12.27869719,1420.328125,1.0999205491886683,10.164675782669326,7.179054374851629,4.548388171889107,5.362978029757211,7.258643197845497,103.32063376678427
Malta,MLT,2017,3.335645442,28546.77805,1451.209231,94.546,213.0478785,7.3,0.0,11.45605694,1459.70625,1.204666196474028,10.259299355826123,7.2801524402833095,4.5490864885511755,5.3615169221399475,7.285990495829085,105.25322327245429
Malta,MLT,2018,3.238872253,29536.89506,1407.696371,94.612,228.0985507,7.6,0.0,11.51581159,1512.196875,1.1752251991520655,10.293395440879173,7.2497098678665415,4.549784317907357,5.429777775477961,7.321318756596442,105.95398970231216
Malta,MLT,2019,3.319825684,29522.65245,1440.482792,94.678,233.0704419,7.4,0.0,12.06647137,1574.725,1.1999122767306938,10.292913127320178,7.272733608601096,4.55048166063729,5.451340733625552,7.361835932840221,105.94406064656005
Malta,MLT,2020,3.143222953,27890.36511,1336.72896,94.744,256.402967,9.2,0.0,12.26911755,1610.90625,1.1452486916660942,10.236036571607917,7.197980834037868,4.551178517419194,5.546750296742433,7.384552187815128,104.77644469529476
Malta,MLT,2021,3.140596352,31437.50302,1363.05571,94.81,220.7387014,8.6,0.0,12.02075696,1619.21875,1.1444127029065567,10.35575682290571,7.217484303935352,4.551874888929868,5.396979655388229,7.389699058818591,107.24169937515815
Mauritius,MUS,2000,2.058012947,5671.02955,851.2436821,42.67,120.6876488,20.4,73.8611897,25.64026675,584.6665025,0.7217409284513501,8.643125958721665,6.746698435527223,3.7534960971999087,4.793205793124276,6.371041603477206,74.7036263383283
Mauritius,MUS,2001,2.159013681,5814.748346,886.7921615,42.559,128.054579,20.1,73.52558478,26.38740362,589.3039409,0.7696514882425608,8.668152787318107,6.787610638618744,3.7508913485167463,4.852456571475137,6.378942079247266,75.13687274429067
Mauritius,MUS,2002,2.188572173,5867.77363,873.2217132,42.447,118.2304704,17.9,75.41839385,25.62399873,593.4093596,0.7832493554006772,8.677230561490811,6.77218949060575,3.748256238881925,4.77263585855272,6.385884480566845,75.29433021727013
Mauritius,MUS,2003,2.275068611,6170.648767,909.0895641,42.335,108.6555793,18.9,75.83916377,24.91525779,597.7192118,0.8220102106294686,8.72755925999407,6.812443619686718,3.7456141670942404,4.688183056511488,6.3931210981946816,76.17029063670824
Mauritius,MUS,2004,2.280174578,6397.593462,919.8380837,42.223,107.0276983,19.1,75.46051908,24.08620091,601.4793103,0.8242520093333159,8.763677177071429,6.824197658575716,3.742965096267178,4.673087663579582,6.399392137981918,76.80203766392265
Mauritius,MUS,2005,2.424824181,6472.873886,945.7547203,42.112,121.608744,17.6,77.39566882,23.05396982,605.0512315,0.8857590190805877,8.775375475272135,6.851983254565975,3.740332735702852,4.800808874841555,6.405313134610968,77.00721473200765
Mauritius,MUS,2006,2.69149981,6756.22956,1006.020629,42.0,127.0628618,16.4,79.54170861,22.33633957,607.879803,0.990098588426266,8.81822025603604,6.913757856413655,3.7376696182833684,4.844681938802121,6.409977169988231,77.76100848396433
Mauritius,MUS,2007,2.753563563,7110.694939,1007.594699,41.889,120.8764513,15.7,80.32411227,22.54526647,610.6551724,1.0128959138919458,8.869355259089856,6.91532128344834,3.7350232626281676,4.794768960319787,6.414532433899738,78.66546271194488
Mauritius,MUS,2008,2.802701666,7466.694658,1026.707093,41.777,115.4893159,12.7,79.42503648,23.33757836,612.8674877,1.030583832697264,8.918207698007281,6.9341119628229855,3.7323459488590998,4.749178022652876,6.418148742421258,79.53442854479633
Mauritius,MUS,2009,2.755427363,7693.764344,999.514481,41.666,104.429729,12.8,81.04460029,23.34964834,614.4970443,1.0135725532606235,8.948165454301456,6.907269642079624,3.72968544850619,4.64851439544835,6.420804119067752,80.06966499755399
Mauritius,MUS,2010,2.938819578,8011.455172,1050.757672,41.555,113.4570736,12.8,81.86571993,22.47196849,615.9605911,1.0780079966446123,8.988627692975749,6.957266775309915,3.7270178510049896,4.731424559216066,6.423182985999988,80.79542780293053
Mauritius,MUS,2011,2.918866436,8324.783283,1053.558014,41.444,117.5389464,12.0,82.43594267,21.59977257,627.1427141,1.0711953340590892,9.026992282437732,6.959928299597072,3.7243431183895055,4.76676973738731,6.441174128927317,81.48658966719037
Mauritius,MUS,2012,2.980216294,8591.967159,1066.25425,41.332,119.5001198,11.4,83.27225206,20.93975656,628.8843265,1.0919958797625706,9.058582994464805,6.97190708472995,3.7216370183521086,4.783317373881523,6.443947339152715,82.05792586760695
Mauritius,MUS,2013,3.064673329,8859.212183,1085.550196,41.222,113.3088331,11.4,84.47094738,20.32691151,630.4091137,1.119940982631336,9.08921312124836,6.989842230533866,3.7189720944211055,4.730117127042739,6.446368995450589,82.61379516347336
Mauritius,MUS,2014,3.163554307,9181.615754,1104.475355,41.111,110.5897075,10.6,85.05562342,19.7179475,631.551327,1.1516961762031481,9.124958476187937,7.007125709347307,3.7162757255956955,4.705827024179168,6.448179216397414,83.26486719215407
Mauritius,MUS,2015,3.168553757,9507.871337,1136.149191,41.0,107.1459794,11.5,83.34124636,19.19317901,632.3880821,1.1532752557097865,9.159875296310275,7.0353999207636875,3.713572066704308,4.674192198117117,6.449503259648567,83.90331544395525
Mauritius,MUS,2016,3.225170861,9868.327166,1135.898027,40.91,100.0169787,10.3,0.0,18.58451365,632.8227341,1.1709859289993758,9.197085631335572,7.035178830287192,3.711374531941307,4.60533995857591,6.450190342009125,84.58638411011923
Mauritius,MUS,2017,3.332708772,10247.69606,1156.155179,40.841,99.70181512,9.4,0.0,17.7627252,633.3935904,1.2037854183702845,9.234808184666804,7.052855278112497,3.7096864787949295,4.602183882619522,6.4510920146974815,85.28168220758899
Mauritius,MUS,2018,3.30442162,10652.48369,1142.144241,40.793,96.63391641,9.2,0.0,17.59954564,633.7391087,1.1952614564762387,9.273548354276908,7.040662687844278,3.7085104980630845,4.57092978114954,6.451637369274486,85.99869907911196
Mauritius,MUS,2019,3.327369598,10956.94502,1163.151792,40.766,95.84579815,8.9,0.0,16.91088598,633.9434151,1.2021820813381467,9.301728782595962,7.058888661628807,3.7078484006615384,4.562740630763406,6.451959699823236,86.52215834497416
Mauritius,MUS,2020,2.965764992,9362.874359,1025.837442,40.76,83.23961735,9.4,0.0,16.6414183,633.9579369,1.0871350065913972,9.144507611966018,6.933264574581504,3.707701208354524,4.421723404566285,6.451982606652664,83.62201946530445
Mauritius,MUS,2021,3.153907263,9679.121239,1072.429457,40.775,92.25909396,8.6,0.0,18.23887287,634.1181773,1.148642085128228,9.177726395054728,6.97768187427997,3.7080691485070774,4.524600857574191,6.452235336593806,84.23066178248426
Mexico,MEX,2000,4.022424128,9581.969702,1541.322975,74.722,49.91040919,12.2,86.09083839,34.38680033,50.73461354,1.391884737804711,9.167638455467708,7.340396401289549,4.313774560157658,3.9102295820053135,3.9266083904752684,84.04559485017035
Mexico,MEX,2001,3.94369284,9398.350744,1563.127082,75.045,44.74010901,11.3,87.61628161,33.30840376,51.49263047,1.3721175533830154,9.148289500098501,7.354443633578217,4.318087933608278,3.800870392581143,3.9414386997603392,83.6912007776125
Mexico,MEX,2002,3.948182498,9242.278861,1556.554516,75.365,45.20982926,10.7,87.39775972,32.86450049,52.23829008,1.3732553459334707,9.131543764205912,7.3502300140032935,4.322342976262492,3.8113145247012845,3.9558157524263464,83.38509151760788
Mexico,MEX,2003,4.085240499,9221.996667,1644.23441,75.682,48.70041687,10.2,86.78694439,31.50066168,52.97384964,1.4073806002631895,9.129346851348238,7.405030150609979,4.326540351455745,3.88568759001084,3.9697983887699304,83.34497393222199
Mexico,MEX,2004,4.123198267,9421.289761,1651.99433,75.997,52.04062003,10.2,86.02093505,33.00628682,53.7020659,1.4166291406112574,9.1507272755017,7.409738521871644,4.330693865823014,3.9520245680621824,3.9834514719107643,83.73580967061076
Mexico,MEX,2005,4.227225614,9491.517303,1718.636694,76.308,52.56264465,10.3,87.06760897,33.05313764,54.43118599,1.4415458946575646,9.15815376322846,7.449286635750924,4.334777782073271,3.9620056896913303,3.996937261479349,83.87178035093561
Mexico,MEX,2006,4.3253701,9813.828042,1723.717638,76.616,54.48211609,9.8,88.05906069,34.38566667,55.17305795,1.4644977089770814,9.191547694792654,7.452238654747083,4.338805932219318,3.997872502680187,4.010474753516992,84.48454902564815
Mexico,MEX,2007,4.328612919,9877.695327,1693.778807,76.92,55.2585244,9.5,87.58195979,34.02450195,55.95532807,1.4652471486615968,9.198034497033076,7.434717292306257,4.342765920720579,4.012022616279531,4.024553659357083,84.6038386086105
Mexico,MEX,2008,4.278766446,9826.342185,1678.232873,77.222,56.36528187,9.8,86.99676901,34.84806239,56.77835747,1.4536647545007957,9.192822036567586,7.4254966574934365,4.34668439052659,4.031853399282358,4.03915522265881,84.50797699600261
Mexico,MEX,2009,4.120959373,9074.118815,1616.7937,77.52,54.59174213,9.2,89.98294296,31.99931389,57.61450706,1.4160859937786014,9.113181554143033,7.388200269495971,4.350535967582511,3.9998826282721844,4.053774394671328,83.05007803877282
Mexico,MEX,2010,4.197385594,9389.06722,1581.826225,77.815,59.27338454,9.4,87.99242429,32.53948704,58.450009,1.4344618538506455,9.147301229674818,7.366335297161437,4.354334214656974,4.0821603779318325,4.068171841895825,83.67311978641044
Mexico,MEX,2011,4.221660945,9575.934378,1632.538336,78.111,62.16238727,9.1,88.29007121,33.82310221,59.28316263,1.4402286394747013,9.167008394457437,7.397891343876396,4.358130891998327,4.12975011056646,4.082325330273235,84.03404290405311
Mexico,MEX,2012,4.333449457,9782.517763,1652.16322,78.405,64.2579319,9.0,90.44603248,34.09634248,60.09321639,1.466363866203604,9.188352169876428,7.409840750653165,4.361887700832995,4.1629051698520465,4.095896963124044,84.42581559767285
Mexico,MEX,2013,4.174393146,9738.710597,1633.00512,78.699,62.69167477,9.2,90.02831193,32.16827512,60.87788935,1.4289689934863687,9.183864005635085,7.398177228299292,4.3656304488623245,4.138228660035113,4.108870043931421,84.34335807399971
Mexico,MEX,2014,4.014016499,9862.481253,1582.666661,78.993,64.09840903,9.8,89.51699982,31.91755412,61.61900306,1.3897923607294258,9.19649306431582,7.366866463480994,4.3693592409462,4.160419543493795,4.120970314199603,84.57548468200899
Mexico,MEX,2015,4.049650297,10021.23861,1539.138267,79.285,70.41297467,9.2,90.90222947,30.8402536,62.28159469,1.3986305309706282,9.212461980771758,7.338977971908582,4.373048955641531,4.2543775454727415,4.1316659518081895,84.8694557471651
Mexico,MEX,2016,4.059954315,10100.50212,1525.383745,79.577,75.69030341,9.2,0.0,30.6167914,62.88811492,1.4011717210872776,9.220340416445094,7.3300012934520415,4.37672510637415,4.326650059900702,4.141357193865438,85.01467739513089
Mexico,MEX,2017,4.05637657,10193.77272,1478.438965,79.867,76.95212604,10.1,0.0,31.95868467,63.47902827,1.4002901046814349,9.229532295183517,7.298742056735989,4.38036275118718,4.343183488753121,4.15070958788509,85.18426638783552
Mexico,MEX,2018,3.821488468,10296.86909,1493.478822,80.156,80.21266166,10.3,0.0,32.04386544,64.08277528,1.3406399980330272,9.239595156164262,7.308863457441799,4.383974735891898,4.384681378471205,4.160175611435253,85.37011864981409
Mexico,MEX,2019,3.858565472,10159.44484,1469.653503,80.444,77.46197226,10.3,0.0,31.83829613,64.69455593,1.3502954750234728,9.226159077907276,7.292781939743387,4.387561290172356,4.349787135420093,4.1696770546899495,85.12201133085084
Mexico,MEX,2020,3.373961292,9234.643624,1366.427226,80.731,76.8545557,12.3,0.0,30.99998039,65.22752849,1.2160875116216903,9.13071730217569,7.219954748187086,4.391122640299115,4.341914748643986,4.177881595928763,83.3699984522505
Mexico,MEX,2021,3.547866593,9728.056801,1417.705591,81.016,83.06929763,13.0,0.0,31.96952899,65.66431647,1.2663464631203445,9.182769443107487,7.256795062827455,4.394646666029984,4.419675170656935,4.184555649632454,84.32325464526859
Moldova,MDA,2000,2.356677749,1346.915672,985.928952,44.589,126.1631001,5.7,91.4662879,19.14766937,101.8444824,0.8572528937752837,7.205572570144768,6.893584295211288,3.7974871918348674,4.837575515117621,4.623446967420384,51.92027606362268
Moldova,MDA,2001,2.459995854,1432.276893,1046.101541,44.189,124.5007396,5.6,90.95231632,21.96913728,101.6169865,0.9001596645769976,7.267020689862275,6.952825715439157,3.7884758893323984,4.824311656449367,4.6212107111303276,52.80958970688638
Moldova,MDA,2002,2.509595948,1547.574212,1063.47434,43.789,129.8395255,5.8,89.46724993,20.38476213,101.381934,0.9201217632930916,7.344443959467054,6.9692965064695676,3.7793826442885683,4.866299268701814,4.6188949096032195,53.9408570737521
Moldova,MDA,2003,2.710045956,1654.366293,1157.570825,43.389,140.0565299,5.9,87.78955226,20.67288099,101.1320584,0.9969655926814047,7.411173309952782,7.054078971993453,3.7702059527597047,4.942046126110079,4.616427171706741,54.92548983015648
Moldova,MDA,2004,2.723907925,1781.191453,1166.211911,42.99,132.6990697,4.8,89.27814193,20.71753247,100.8469896,1.0020675863209785,7.4850377749855515,7.061516092249875,3.76096753050819,4.888083930763475,4.61360441368201,56.02579049296065
Moldova,MDA,2005,2.882811783,1919.445508,1219.633344,42.775,143.0235685,4.3,88.7532521,19.16759004,100.5668883,1.058766131405432,7.559791625395012,7.106305554851878,3.755953819778257,4.963009431364774,4.610823061339357,57.15044941939256
Moldova,MDA,2006,2.814784064,2017.177301,1197.85781,42.744,137.1547638,5.0,87.99411289,18.77790365,100.287778,1.0348855495907487,7.609454437412706,7.08829008214877,3.7552288346554703,4.921109951012985,4.608043833106345,57.90379683505993
Moldova,MDA,2007,2.791219703,2082.512601,1173.389147,42.713,142.720539,4.4,89.14645914,19.44239191,100.0556619,1.0264786698365647,7.641330424923051,7.067651547258599,3.7545033235479006,4.960888445450128,4.605726650133197,58.3899306628547
Moldova,MDA,2008,2.762203307,2249.225897,1168.165125,42.682,134.4216013,4.9,88.89267093,19.12173485,99.86538796,1.0160286608950633,7.718341390223361,7.063189527539626,3.753777285691779,4.9009811391326705,4.603823158754129,59.57279381603508
Moldova,MDA,2009,2.724195374,2116.943575,1111.421973,42.651,110.3633269,4.8,92.42786425,17.16287409,99.73937411,1.0021731089164547,7.657728617496712,7.0133955312100404,3.7530507203216708,4.703777894780898,4.602560524882727,58.6408075792281
Moldova,MDA,2010,2.970317438,2269.511161,1302.533786,42.62,87.9378519,20.0,84.99734803,20.43389172,99.77878482,1.088668828584671,7.727319739707737,7.172066712638512,3.752323626670471,4.476630336572358,4.602955583765827,59.71147035967685
Moldova,MDA,2011,2.982522803,2402.944463,1322.407042,42.589,98.61759653,20.4,83.16975755,20.91072042,99.72109318,1.092769520560036,7.784450123942136,7.187208871659,3.751596003969402,4.591249709478925,4.602377221090255,60.59766373214274
Moldova,MDA,2012,2.919354591,2389.086661,1316.7686,42.558,96.30640983,22.1,82.1328181,21.31451091,99.67327595,1.0713625613699018,7.778666421678352,7.18293598395198,3.7508678514480045,4.567534877648181,4.601897596403507,60.5076512997463
Moldova,MDA,2013,2.619810474,2605.8503,1184.750179,42.527,95.68729683,23.8,78.22686155,21.60325754,99.57718425,0.9631019769885351,7.8655143116756285,7.077287211934413,3.7501391683341376,4.561085550149809,4.600933064553963,61.86631538717414
Moldova,MDA,2014,2.812673319,2737.801851,1277.139364,42.496,94.22829197,24.3,80.22457429,21.1263772,99.51648849,1.0341353901651582,7.914910633251475,7.152377983985463,3.7494099538539687,4.545720475873762,4.600323343902923,62.645810332357264
Moldova,MDA,2015,2.925340041,2749.551371,1307.99462,42.49,88.96641546,24.7,81.54914934,21.10766573,98.75606783,1.0734107272602582,7.919193039534014,7.176250418858838,3.7492687541267204,4.488258944134036,4.592652848273227,62.71361839740398
Moldova,MDA,2016,3.003760721,2910.954869,1356.312693,42.511,89.00468372,25.3,0.0,21.19446461,97.61416583,1.0998650772673322,7.976236440018433,7.212525041473872,3.7497628659707516,4.4886889944148525,4.581022624587829,63.62034774707793
Moldova,MDA,2017,3.013368593,3085.333058,1397.599098,42.557,88.62339028,26.1,0.0,21.01887677,95.90938838,1.103058586884331,8.034414890965987,7.242511113427538,3.7508443538271377,4.484395821415123,4.563403874699404,64.551822640176
Moldova,MDA,2018,3.272307248,3267.996104,1495.573144,42.629,87.44678743,25.3,0.0,22.14797636,94.25439467,1.185495316532454,8.091932263812721,7.310264786268829,3.7525347728430583,4.471030464712066,4.545997453039487,65.47936776213326
Moldova,MDA,2019,3.418030916,3438.677327,1500.039485,42.726,87.63223711,22.0,0.0,21.92334893,92.75609357,1.229064629708081,8.142842178464031,7.313246710077182,3.7548076342280425,4.473148933784464,4.529973398197393,66.30587874337284
Moldova,MDA,2020,3.356494746,3188.916916,1461.474433,42.849,79.26572212,22.3,0.0,23.134523,91.74732605,1.210897199074425,8.067436613362418,7.2872010907273985,3.757682307548601,4.372805779453656,4.519038342640779,65.08353351062047
Moldova,MDA,2021,3.716375126,3688.167294,1611.527923,42.998,88.47088654,21.4,0.0,20.63126068,90.36129773,1.3127487647263503,8.212884945361338,7.384938028440157,3.7611536029839563,4.482673532243097,4.503816053271795,67.45147912574292
Mongolia,MNG,2000,3.785916253,1598.31282,979.2555853,57.133,121.8866098,5.7,96.24966574,22.19614216,1.543388397,1.3312879323628672,7.376703864364776,6.886792676180428,4.0453818831728325,4.803091184678511,0.4339802571953018,54.41575990253422
Mongolia,MNG,2001,3.72751371,1625.461523,971.4066795,58.222,115.8183269,6.1,95.73470833,21.94188322,1.562421138,1.315741445718403,7.393547068593299,6.878745206046126,4.0642632901836455,4.7520228160017135,0.44623662967468136,54.66453825550456
Mongolia,MNG,2002,3.943606992,1680.653353,1025.680162,59.304,118.5172531,6.5,95.7209036,22.48462714,1.582632369,1.3720957847164674,7.426937897390307,6.933111244188431,4.0826767573544185,4.77505854575774,0.4590895170357349,55.15940653169235
Mongolia,MNG,2003,3.774551741,1775.649067,988.432178,60.378,120.2993935,6.1,95.57012295,25.21995515,1.595417922,1.3282816315443882,7.481921306617266,6.896120029230019,4.100624800179252,4.789983581405164,0.46713572197824227,55.97914643841341
Mongolia,MNG,2004,3.817953351,1942.362637,1007.310896,61.443,131.3293182,5.8,95.70599748,28.33344037,1.613703658,1.3397145070518572,7.571660365198297,6.915039579925772,4.118109915772362,4.87770804808127,0.47853194580278113,57.33004068591481
Mongolia,MNG,2005,4.387702762,2060.261682,1151.954611,62.494,122.3814599,5.3,96.28294951,32.4965006,1.631713237,1.478805801285424,7.630588283813075,7.0492154403060185,4.135070552134061,4.807142887200045,0.4896305284800948,58.22587755706537
Mongolia,MNG,2006,4.95378565,2209.743218,1301.099282,63.535,112.9299831,4.5,96.42953811,38.69260634,1.64830525,1.600152062064869,7.700631596810881,7.170964787668527,4.151590935156498,4.726768008085342,0.4997476388499006,59.2997269898021
Mongolia,MNG,2007,5.077271941,2403.724163,1341.9562,64.564,117.8804264,4.7,96.62596533,37.73477586,1.670573572,1.6247740978555918,7.784774548223278,7.201883679145052,4.167656979911033,4.7696707751008205,0.5131670237484797,60.60271476666494
Mongolia,MNG,2008,4.996176984,2576.712958,1326.194231,65.581,121.1980134,4.7,96.64320799,30.85103566,1.697117336,1.608673016775988,7.854269818340595,7.190068638902685,4.183286019851632,4.797425682411769,0.5289311270556804,61.689554379296
Mongolia,MNG,2009,5.175735708,2498.729675,1354.689169,66.58,107.8137572,4.4,96.82322334,30.05655853,1.727881377,1.643981494843935,7.823537751714495,7.211327311426657,4.198404232146879,4.680405268143198,0.5468960204560672,61.207742952501896
Mongolia,MNG,2010,5.442700745,2611.673266,1411.626692,67.567,103.3500317,4.5,96.72530269,33.19424749,1.758579165,1.6942753981500622,7.867746392985443,7.2524980006617294,4.213119698176787,4.638121592852452,0.5645061904002592,61.90143330433545
Mongolia,MNG,2011,5.827011069,3010.816427,1521.093537,67.963,126.9992286,4.0,96.9443563,31.33374856,1.789252539,1.7625041877644188,8.00996655917047,7.3271847874098475,4.218963439443321,4.8441810124243965,0.581797956665883,64.15956427902923
Mongolia,MNG,2012,6.218533263,3318.164966,1558.690252,68.03,109.5885643,3.0,97.22925005,30.77159311,1.823536009,1.82753406913651,8.10716718801959,7.351601165545893,4.219948784356969,4.696733028741617,0.6007774782610954,65.72615981450146
Mongolia,MNG,2013,6.615325019,3628.907081,1750.802162,68.097,100.3119897,3.0,96.04860638,30.50689238,1.861618441,1.889388929995578,8.196686802311005,7.46782934018004,4.220933159321675,4.608285226208592,0.621446238951724,67.1856745351794
Mongolia,MNG,2014,6.59056877,3830.35892,1763.805247,68.163,109.3223119,3.3,95.84692798,31.49762327,1.902782111,1.8856396528325796,8.250713790577656,7.475228826276734,4.221901895636976,4.6943005088421055,0.6433170841233452,68.07427805402831
Mongolia,MNG,2015,5.954545695,3838.92127,1516.3411,68.23,89.65366348,3.5,99.80285916,31.51587758,1.943717132,1.7841549102245142,8.25294668684573,7.324055540893613,4.222884350827332,4.4959540634660815,0.6646021872204451,68.11112901591791
Mongolia,MNG,2016,6.188019124,3817.919627,1588.341265,68.297,101.0552372,3.4,0.0,33.17807153,1.983525631,1.8226150232037817,8.247460952990256,7.370445521111817,4.223865841746763,4.615667270314631,0.684875882996144,68.02061217109893
Mongolia,MNG,2017,6.691792766,3956.204944,1603.821551,68.363,115.9329019,1.8,0.0,37.41841161,2.022094128,1.9008818152212874,8.283040497265235,7.380144529743676,4.224831742597506,4.753011591853544,0.7041336714435557,68.6087598793359
Mongolia,MNG,2018,7.154410167,4183.855664,1772.470145,68.445,126.3558732,2.1,0.0,37.97567033,2.060156493,1.9677289731323535,8.338988508017788,7.480129414822963,4.226030503047475,4.83910231633124,0.7227819473918353,69.53872933685274
Mongolia,MNG,2019,7.751999665,4337.816709,2018.310917,68.543,124.3965146,2.3,0.0,38.09269776,2.098350434,2.04795083137381,8.375126438073691,7.610016260899025,4.22746128554986,4.823474162227689,0.741151528437566,70.1427428537209
Mongolia,MNG,2020,6.765560513,4066.034109,1771.644056,68.657,112.8386476,2.9,0.0,37.04967085,2.136237218,1.9118451130315723,8.310423382987342,7.47966323965585,4.229123093512473,4.725958900950311,0.7590459720476684,69.06313680450278
Mongolia,MNG,2021,7.343499399,4063.536698,1923.654262,68.785,119.0980784,3.0,0.0,37.07557212,2.172536624,1.9938154863706927,8.309808981283277,7.561981917572923,4.230985697912959,4.779947341890205,0.7758954360130141,69.05292530541621
Morocco,MAR,2000,1.180592705,1957.141357,387.6743264,53.335,53.44030584,15.5,86.52857641,24.3526302,63.68683621,0.1660166047438673,7.579240196264259,5.960165622210817,3.976592776077446,3.978565252265906,4.1539778883182255,57.44488195266788
Morocco,MAR,2001,1.283423848,2078.966064,405.3857336,53.662,53.49157102,15.3,87.54590736,22.86969299,64.56339458,0.24953138805348643,7.639625964492464,6.004839042476139,3.9827051160136766,3.9795240904614566,4.167647602814841,58.36388487734742
Morocco,MAR,2002,1.310405299,2127.50708,406.6348383,53.99,54.31012791,15.1,87.79542677,22.63612244,65.42267981,0.2703364779119105,7.662706188291581,6.007915579520803,3.9887988442301956,3.994710727227188,4.180868984432383,58.71706612808208
Morocco,MAR,2003,1.288041171,2229.576172,399.7363684,54.317,52.33185827,16.1,87.14549869,23.32480131,66.25905221,0.2531225922334019,7.709566788991865,5.990805250819939,3.9948372534484253,3.9576053303594008,4.193572092664405,59.43742007392634
Morocco,MAR,2004,1.429318408,2301.081787,463.8948607,54.644,55.55163847,22.4,82.24495835,24.00298761,67.11408918,0.35719769288169234,7.741134633514945,6.1396579332311445,4.00083941902524,4.017313011060199,4.206393994812721,59.925165414204564
Morocco,MAR,2005,1.470577384,2342.154785,484.7979088,55.174,61.49382769,20.0,84.95150001,23.68120688,68.02183285,0.38565510190476066,7.75882663292166,6.183732121214448,4.010491827828125,4.118936807011566,4.219828724967269,60.19939071973446
Morocco,MAR,2006,1.474334197,2489.99292,486.5827301,55.746,64.67219778,18.2,85.5182876,22.75308141,68.94729554,0.38820649601940055,7.820035146081217,6.187406938761938,4.02080565888723,4.16933139941792,4.233342379974763,61.15294968594549
Morocco,MAR,2007,1.475152621,2540.615234,495.4718136,56.317,71.34964678,16.6,85.98582296,22.42293928,69.87781313,0.3887614563033459,7.840161548792748,6.205510467389177,4.030996443385593,4.267592393385013,4.2467481901282005,61.46813311116831
Morocco,MAR,2008,1.564744031,2648.585693,507.9323233,56.886,77.83447164,14.4,86.97609471,24.31558226,70.81955411,0.44772225214851824,7.88178107575661,6.230348216853269,4.041049265163877,4.354584413258952,4.260135150561141,62.12247292615503
Morocco,MAR,2009,1.527908563,2710.666504,504.8585976,57.452,62.37095602,14.2,86.96760323,22.25957486,71.76961237,0.42389984798520014,7.904949826070288,6.224278385314235,4.0509498165695765,4.1330997186232175,4.2734611604241906,62.48823175268868
Morocco,MAR,2010,1.60244785,2767.042236,526.0985283,58.018,69.54197961,13.9,87.09740193,23.71191269,72.747067,0.4715323663814402,7.925534243855467,6.265488511355924,4.060753307227011,4.2419305933876466,4.286988589087681,62.81409305052565
Morocco,MAR,2011,1.709479668,2879.539307,559.3532791,58.581,76.82587149,11.8,88.62996279,24.50651919,73.74543581,0.5361890364903685,7.965385597487349,6.3267812576159725,4.07041041192647,4.341541451785595,4.300619105982796,63.44736771665889
Morocco,MAR,2012,1.754884637,2927.450439,559.6565392,59.142,78.2221019,10.9,89.09182771,24.26597735,74.73726417,0.5624031208541275,7.981887165866569,6.32732327271265,4.079941331911357,4.359552240610412,4.31397881875799,63.71052272862545
Morocco,MAR,2013,1.730734062,3008.185547,554.3220767,59.7,73.85775653,11.6,88.31820404,24.15312888,75.70596236,0.5485456318090558,8.009092367675299,6.317745883704084,4.089332020398556,4.302141034335425,4.326856920353649,64.14556055395472
Morocco,MAR,2014,1.737988082,3051.458984,555.5910403,60.256,71.89356675,11.1,88.36457319,25.81326751,76.64077974,0.5527281695124392,8.023375110635818,6.3200324845802545,4.098602152474742,4.275186785758648,4.339129307671392,64.37454816597034
Morocco,MAR,2015,1.766401634,3146.247803,563.6031066,60.809,67.28867593,11.2,72.86096243,25.62268173,77.5433296,0.5689445021455011,8.053965848157665,6.334350292074628,4.107737804333096,4.208991959937229,4.350836871738719,64.86636588329002
Morocco,MAR,2016,1.741575653,3124.425049,558.0620239,61.36,71.12266038,11.1,0.0,25.68510458,78.47514452,0.554790251166621,8.04700556092331,6.324470110146821,4.116758157059,4.264405997423913,4.362781944331928,64.75429849753067
Morocco,MAR,2017,1.801215763,3242.644287,577.5820989,61.908,74.17335788,10.4,0.0,25.40545481,79.42279184,0.58846186079495,8.084144413889845,6.358850594889207,4.125649412050513,4.306405027475473,4.37478537794348,65.3533909046264
Morocco,MAR,2018,1.818725907,3304.711914,577.1785729,62.453,77.25488752,10.9,0.0,25.24135381,80.30419001,0.5981362048396138,8.103104581769452,6.358151703722787,4.134414273848523,4.347110182643778,4.3858217990434705,65.66030386309309
Morocco,MAR,2019,1.984316987,3364.739502,614.5027336,62.994,75.99811588,10.7,0.0,25.24995241,81.13577862,0.6852747677739336,8.121105825114903,6.420813377490906,4.143039483760859,4.330708548926396,4.396124030543715,65.95235982271521
Morocco,MAR,2020,1.846873383,3090.894287,575.6992968,63.532,68.84380339,11.1,0.0,26.04364339,81.97223392,0.6134941460789477,8.036215741288459,6.355585470211502,4.151543715972909,4.231840219526601,4.406380579190987,64.58076344053241
Morocco,MAR,2021,1.978825712,3309.130859,616.0513933,64.065,75.52341718,10.9,0.0,25.95390905,82.801797,0.6825035940205745,8.104440853528311,6.423330390735192,4.159898192961539,4.324442769489402,4.41644976405426,65.6819615483387
Mozambique,MOZ,2000,0.086642585,287.3906303,396.0280409,29.098,47.9208808,93.6,6.731142508,19.52922836,23.05457031,-2.445963840631073,5.660842371512924,5.981485019101081,3.3706694432931967,3.869551334272663,3.137864027879261,32.045136355116064
Mozambique,MOZ,2001,0.102299478,317.1857036,407.1455688,29.277,50.41530958,93.0,6.55830996,21.39385586,23.57350009,-2.279850708676871,5.759487418127075,6.00917078439573,3.3768022248274336,3.9202948904590733,3.160123203589878,33.17169531956408
Mozambique,MOZ,2002,0.10481404,340.1353702,409.4550471,29.457,73.30916276,93.2,5.911134902,17.08210026,24.10836746,-2.255567546602654,5.829343686017523,6.014827122175823,3.382931572855263,4.2946856046273805,3.1825589777478744,33.981247809712364
Mozambique,MOZ,2003,0.130225771,356.5211574,421.1304748,29.637,70.16835995,92.7,6.75866379,18.87681298,24.6604377,-2.038485634846235,5.876393585638937,6.042942702057766,3.3890235807304467,4.250897496467185,3.2052002469704073,34.53200157333844
Mozambique,MOZ,2004,0.140123797,377.0649581,426.3789455,29.818,72.05200016,92.9,6.638649431,19.80666236,25.22993082,-1.965228982818459,5.932417475258133,6.055328494287318,3.3951122380062073,4.277388082781931,3.2280310206753664,35.19357710074809
Mozambique,MOZ,2005,0.131275872,391.6997582,424.4912782,29.999,72.00926098,93.7,5.919194152,18.60613835,25.82030189,-2.0304542769359983,5.97049562336243,6.050891459486148,3.4011640477732543,4.276794735466827,3.2511610774492925,35.64681798858993
Mozambique,MOZ,2006,0.13598827,420.5264628,428.6925219,30.182,67.34989769,93.1,6.139507352,19.81623201,26.43389583,-1.9951866469658301,6.041507409180802,6.060739929784889,3.4072457201963586,4.209901383775784,3.2746471195697358,36.49981177518653
Mozambique,MOZ,2007,0.152370144,442.0495741,338.4661913,30.364,66.12038218,87.5,9.291569068,19.50853482,27.07041761,-1.8814425604333935,6.091422034385678,5.824424209373054,3.413257696154522,4.191477053032912,3.298441530548219,37.10542240099935
Mozambique,MOZ,2008,0.144323516,460.9472949,338.6616642,30.832,64.9814165,88.1,8.816052304,17.16774457,27.74617361,-1.9356978604368689,6.1332837086950045,5.825001568298232,3.4285531116720107,4.17410132901844,3.3230979427571015,37.61716905134355
Mozambique,MOZ,2009,0.151957786,475.7881781,358.8798599,31.328,67.89857277,86.1,9.176629258,16.9004328,28.47445891,-1.8841525203924354,6.164972751196163,5.882987680390636,3.4445122663481,4.218015014756107,3.349007506869996,38.00688902299118
Mozambique,MOZ,2010,0.156805215,494.1628591,317.8812307,31.83,73.83735327,84.9,10.84549685,16.8681863,29.24697347,-1.852750912690324,6.202865137148792,5.761677824651247,3.4604092412940015,4.301864745429754,3.3757760972132496,38.4755359096559
Mozambique,MOZ,2011,0.17968172,514.8699572,370.8705383,32.336,84.40621193,85.4,10.66843701,16.50933725,30.07329663,-1.716568215464357,6.243914358486383,5.915853048339769,3.476181160661265,4.435640999959837,3.4036376228503005,38.98646651611242
Mozambique,MOZ,2012,0.193172395,540.2945178,364.8286696,32.846,105.9345881,84.5,9.830294478,16.87400388,30.94921794,-1.6441722504352454,6.292114394213312,5.899427845024432,3.491829971915369,4.662821810235344,3.4323477303137744,39.59070354986636
Mozambique,MOZ,2013,0.204254329,559.3939537,380.5824197,33.36,109.3853766,83.1,10.41234415,16.44572461,31.85687708,-1.5883893508521842,6.326853972164577,5.9417027627810235,3.507357577490546,4.694877211949165,3.461253279589735,40.02908118509469
Mozambique,MOZ,2014,0.224530532,585.2667161,383.3226354,33.878,116.3568552,81.2,14.85491668,17.48846836,32.79391007,-1.4937435810469897,6.372067668286918,5.948877024647587,3.52276583616419,4.756661806792202,3.4902428295539893,40.60324636922748
Mozambique,MOZ,2015,0.243250117,610.5637747,385.1465671,34.4,98.76120365,80.1,23.68404478,18.6152107,33.75921565,-1.4136650769294992,6.4143827511579365,5.953623955608532,3.5380565643793527,4.5927048520292795,3.51925343634175,41.14430607835246
Mozambique,MOZ,2016,0.304761605,620.779715,380.805586,34.926,110.3943582,77.4,0.0,20.56698301,34.76322516,-1.1882254309520306,6.430976292755254,5.942288971927267,3.5532315375176533,4.704059029276309,3.5485600797524324,41.35745607798011
Mozambique,MOZ,2017,0.295085707,618.3976944,371.7391255,35.455,105.7456407,78.2,0.0,23.6070708,35.81778911,-1.2204894326352353,6.427131768935085,5.918192332726802,3.56826428675596,4.661036594381673,3.578444672505449,41.30802277525463
Mozambique,MOZ,2018,0.277552597,621.1537342,366.2414524,35.988,124.6074575,79.0,0.0,25.33392006,36.90155396,-1.2817448250171064,6.43157861039401,5.903292821901942,3.583185549554872,4.8251684560872015,3.6082536628968924,41.36520342167775
Mozambique,MOZ,2019,0.288692621,617.13932,359.7532608,36.528,105.5911714,77.5,0.0,23.88826282,38.002467,-1.2423927520441207,6.425094800684936,5.885418409798671,3.5980790897874395,4.659574763610471,3.637651078671737,41.2818431977886
Mozambique,MOZ,2020,0.259224951,591.80406,342.9456516,37.074,99.90614605,80.2,0.0,21.75399072,39.14607187,-1.3500590575627915,6.383175600368396,5.837571984465617,3.6129159153068975,4.604231205784128,3.6673000820261255,40.74493074513844
Mozambique,MOZ,2021,0.292940538,588.2158547,353.107427,37.628,112.0789645,76.9,0.0,21.94117731,40.32121875,-1.227785632540102,6.377093980363902,5.866772336414637,3.627748454109705,4.719203663049599,3.6968778502408126,40.66732763439352
Namibia,NAM,2000,1.071400882,3083.596579,576.4802423,32.373,85.13224429,34.8,60.45063894,23.47216566,2.208999259,0.0689670276863367,8.033851915166927,6.356941067309159,3.477324742049706,4.4442058626402074,0.7925395889920207,64.54277659483131
Namibia,NAM,2001,1.327806282,3055.404448,664.1853602,32.898,88.58410184,30.4,65.4839648,26.4736692,2.255642605,0.28352816842593714,8.024667251713765,6.4985612674471,3.4934118656499664,4.483952404038423,0.8134349013165717,64.39528450072736
Namibia,NAM,2002,1.131129066,3145.945663,601.6737376,33.766,94.41522289,33.8,61.96947667,27.09475894,2.295630944,0.12321630733404217,8.053869811695384,6.399715334273582,3.5194543790550017,4.547702319578518,0.8310077268615164,64.86481894373823
Namibia,NAM,2003,1.196580483,3232.305897,618.7813049,34.709,95.95247438,33.3,62.50920382,24.04608419,2.329026224,0.17946789146137035,8.080951061511312,6.4277519063808555,3.5469990193175054,4.563853010344231,0.8454502506069541,65.30177005854081
Namibia,NAM,2004,1.252212831,3582.895033,659.4426485,35.666,81.86226059,34.8,60.35254241,25.08060975,2.358928203,0.22491225104226767,8.183926421034348,6.491395006283453,3.5741978540303214,4.405038086001798,0.8582073646084096,66.97665166490408
Namibia,NAM,2005,1.317971994,3627.750598,702.4193464,36.632,80.68038029,34.6,60.53779072,24.78349542,2.388686854,0.2760941869926433,8.196368065211654,6.55453058522178,3.6009221753547944,4.3904954266346445,0.8707437814767355,67.18044946042144
Namibia,NAM,2006,1.283104271,3834.998947,693.0158019,37.61,86.83396933,35.8,59.98870511,30.12276344,2.419424504,0.24928235357045408,8.251924439225048,6.54105280109444,3.627269972482245,4.463997896836301,0.8835297036232632,68.09425695067962
Namibia,NAM,2007,1.302982265,3987.617961,697.0144694,38.598,104.9793038,36.5,61.08479224,31.81276891,2.451869936,0.2646556871521511,8.290949329351465,6.5468061700859375,3.6532004616569185,4.653763224062785,0.8968509726214028,68.7398407818735
Namibia,NAM,2008,1.470990535,4036.381875,758.3587306,39.597,119.6444982,32.5,62.44899883,34.19056171,2.486433699,0.38593600720023125,8.303103994192817,6.631156533057232,3.6787533578149274,4.784524830848348,0.9108494344294615,68.94153593838071
Namibia,NAM,2009,1.483445124,3989.207114,775.7972595,40.601,123.7628443,33.4,61.57070503,28.75194508,2.523283412,0.3943671691646603,8.291347771841073,6.653891222517029,3.7037926968462322,4.818367188385982,0.9255609947017924,68.74644787361392
Namibia,NAM,2010,1.509187316,4165.129902,653.1265746,41.616,108.0724772,31.2,74.93147739,27.42906842,2.562658359,0.41157130462001057,8.33450274307016,6.481770946021083,3.728484708706296,4.682802087232433,0.9410451411892159,69.46393597424404
Namibia,NAM,2011,1.571337053,4302.724514,657.4834711,42.637,102.1891478,31.6,74.7744495,29.32889118,2.607009681,0.45192688304710077,8.367003708943889,6.488419624724522,3.752722420909661,4.626825486221501,0.9582038484082213,70.0067510654808
Namibia,NAM,2012,1.617749313,4420.967414,667.491795,43.693,100.2134088,31.9,74.24984287,29.98075467,2.665711961,0.4810358702912632,8.394113823068475,6.5035270980640245,3.7771879062045053,4.6073020000569,0.9804711742841902,70.46114687462925
Namibia,NAM,2013,1.68319047,4549.267591,671.7775446,44.756,97.72490423,30.7,76.64155681,26.5483435,2.735983675,0.5206910817106246,8.422721529977105,6.5099272508976,3.8012255139454747,4.5821564316836545,1.0064910330027368,70.94223797153987
Namibia,NAM,2014,1.7022333,4701.956942,691.051617,45.826,103.080137,30.2,75.40345626,26.63010297,2.808413803,0.5319410947879483,8.455734071678247,6.538214519964815,3.824851615637151,4.635506714848085,1.0326198410470413,71.49943869094038
Namibia,NAM,2015,1.741355347,4774.106509,716.9803138,46.9,97.23903179,29.3,75.54033298,27.56365362,2.883916967,0.5546637450714421,8.470962116871942,6.575048383876802,3.8480176754522337,4.577172192487616,1.059149428092841,71.75719918547956
Namibia,NAM,2016,1.745768,4648.627135,759.4616683,47.961,93.96618796,29.2,0.0,27.51340327,2.962762817,0.5571945734455421,8.444327215204611,6.632609851111106,3.8703881806508647,4.542935015008331,1.0861222171254985,71.30666211744526
Namibia,NAM,2017,1.669543448,4476.733244,714.9695227,49.005,81.2196661,30.2,0.0,26.07701809,3.044920988,0.5125502046211902,8.406648872816024,6.572239916191106,3.8919223337211433,4.397157411193311,1.1134749527135437,70.67174527081893
Namibia,NAM,2018,1.635182497,4400.475377,733.1925985,50.032,81.7138653,30.9,0.0,26.86990462,3.130521444,0.4917544170805287,8.3894678542977,6.597408421124635,3.9126628007154856,4.403223697381179,1.1411995862037247,70.38317087829446
Namibia,NAM,2019,1.598343554,4243.092745,718.3866434,51.042,82.90115074,30.2,0.0,27.05058111,3.219392924,0.46896781422453165,8.353047703318373,6.577007924665933,3.932648823221802,4.417648943106428,1.1691928088624974,69.77340593391234
Namibia,NAM,2020,1.420827467,3787.49944,678.3324928,52.033,76.9252424,31.2,0.0,25.81873495,3.314460275,0.35123942513534806,8.239461301962828,6.519637570092339,3.9518781326828534,4.342834072324362,1.1982947974110127,67.888722546543
Namibia,NAM,2021,1.406878659,3809.807534,680.9180084,53.005,83.54430309,30.0,0.0,24.44759679,3.413800726,0.34137353347512217,8.24533395083427,6.523441900075735,3.970386248725061,4.425377067079314,1.2278262530143098,67.98553196078028
Nepal,NPL,2000,0.139298831,547.2210823,330.3528525,13.397,55.710589,88.3,11.97178309,20.73557003,171.2348029,-1.9711337901913886,6.304852893161201,5.800161333219908,2.5950308012948486,4.020170236584984,5.1430357310147325,39.75117000440317
Nepal,NPL,2001,0.146508074,564.2862292,335.7519608,13.947,55.79992108,87.8,12.35048872,16.6609083,174.0268434,-1.9206747394156738,6.335561621345767,5.816372675445862,2.6352644313765574,4.021772455049348,5.159209559729557,40.1393410578694
Nepal,NPL,2002,0.11781761,556.4384545,334.3571598,14.24,46.2307185,90.0,10.15595112,16.94682474,176.6932752,-2.138617528275127,6.321556570709258,5.812209762357743,2.65605490598383,3.833644479735298,5.17441532087648,39.96207747667739
Nepal,NPL,2003,0.131886485,570.2896736,338.9999853,14.538,44.24788362,89.4,10.60820131,16.97130006,179.2030555,-2.0258136884965308,6.346144431037311,5.8260000640176175,2.6767659110624438,3.7898075425135427,5.188519551176717,40.27354913958588
Nepal,NPL,2004,0.11249332,589.4699287,339.5481173,14.841,46.14728672,90.3,9.703645764,16.65732027,181.4904499,-2.18486143687837,6.379223707141094,5.8276156668529255,2.6973936209136813,3.831838166587787,5.201203034689695,40.69449510575096
Nepal,NPL,2005,0.124506556,603.1901086,347.1407482,15.149,44.06294748,89.5,10.64508879,16.46708923,183.5330171,-2.083396905829254,6.402232418349745,5.849730312116794,2.7179345231761864,3.7856192360953878,5.21239458100949,40.98857993856842
Nepal,NPL,2006,0.102098875,617.4776386,343.7707533,15.462,44.76198776,91.2,8.829667696,16.06796681,185.3186257,-2.281813572481429,6.425642855052911,5.839975020394754,2.738385400898283,3.801359291751673,5.222076644699668,41.28888610069252
Nepal,NPL,2007,0.104205194,633.2261291,347.5167152,15.781,44.57927502,91.3,8.61433391,15.87314018,186.8747262,-2.261393304456027,6.4508275923165606,5.85081276514298,2.7588066847659958,3.797269065375959,5.230438478993376,41.613176625792676
Nepal,NPL,2008,0.114301436,666.8650954,356.9843044,16.105,46.03620635,90.5,9.884681516,16.04998664,188.2806906,-2.16891614483072,6.502587769687053,5.877691815547032,2.779129782783162,3.829428181457829,5.237933884467578,42.28364770248364
Nepal,NPL,2009,0.149552672,692.4000008,365.0251127,16.434,47.07944776,88.9,11.03896203,15.06680347,189.5572724,-1.900106627131656,6.540163824457456,5.8999661531335565,2.799352359508996,3.851836552501701,5.2446912078842365,42.773742850741975
Nepal,NPL,2010,0.174991164,721.2652214,373.4421813,16.768,45.98490577,87.3,12.59686197,14.20076226,190.7356261,-1.7430197977619295,6.581006921793726,5.922763190180103,2.8194723081386317,3.8283132072061004,5.250888312672575,43.30965210469694
Nepal,NPL,2011,0.195175633,742.6172527,384.8824904,17.108,36.29675889,87.0,12.98418851,13.3934706,191.5904709,-1.6338554437377986,6.610180774303696,5.9529380679585,2.839546190364662,3.591728450507644,5.2553601299575865,43.694489868974216
Nepal,NPL,2012,0.226065706,775.3105785,368.9506068,17.458,37.92190606,84.7,15.10666832,13.97716181,192.0817231,-1.4869295874516657,6.6532636955275475,5.910662778170322,2.859797996313158,3.635528941418922,5.257920922614119,44.26591780222488
Nepal,NPL,2013,0.228191407,801.0390608,413.9947086,17.815,41.86537574,86.0,13.4509358,13.79833756,192.4659644,-1.4775704978284439,6.685909710923078,6.025853192584214,2.8800407990577996,3.734459130654935,5.259919329783719,44.70138866261552
Nepal,NPL,2014,0.265672944,846.6655418,431.030291,18.182,45.98264161,84.0,15.17382788,13.56456523,193.0405999,-1.3254892605319055,6.741305742760913,6.066178368376631,2.9004320936996666,3.8282639689679403,5.262900528958031,45.44520311738126
Nepal,NPL,2015,0.26313965,875.5436355,426.3255231,18.557,46.66573039,85.2,14.42749184,13.16165463,194.0957726,-1.3350703991357755,6.774844991146381,6.055203193196407,2.9208470763622016,3.8430100706685,5.2683517104426825,45.898524654061205
Nepal,NPL,2016,0.385015994,875.1889437,458.2655485,18.942,42.11548612,79.4,0.0,12.65541777,195.0154308,-0.9544704027000906,6.774439798704009,6.127448816313321,2.9413816788039098,3.740415514381466,5.273078687740643,45.89303458626481
Nepal,NPL,2017,0.4712034,951.8572986,484.1575158,19.336,44.64241062,76.8,0.0,12.86258589,195.4046599,-0.7524654310510982,6.858415127127201,6.182410299638381,2.961968643401182,3.7986843179591214,5.275072587328418,47.037858056007224
Nepal,NPL,2018,0.530230232,1021.914922,504.622834,19.74,48.44738695,75.0,0.0,13.20063963,195.88203,-0.6344439667603342,6.929433520723119,6.223811286867633,2.9826470340053355,3.8804784039618063,5.277512590268266,48.017048918121205
Nepal,NPL,2019,0.473719634,1077.117965,482.7611586,20.153,49.24952659,78.2,0.0,13.01067541,198.2146076,-0.747139621737433,6.982044202263216,6.1795220356971035,3.003353160685352,3.8968997551861118,5.289350320491885,48.74894124235739
Nepal,NPL,2020,0.56808237,1031.536188,524.6012664,20.576,40.91887412,73.1,0.0,12.04731993,202.0688804,-0.5654888531693885,6.938804414784913,6.262638481459597,3.024125348055209,3.711591426530906,5.308608631355827,48.1470067066386
Nepal,NPL,2021,0.562887002,1062.788843,524.354689,21.008,43.05380479,73.7,0.0,11.79204255,205.6156958,-0.5746763779139533,6.9686517160887425,6.262168342740669,3.0449033175604403,3.762450607688487,5.326008872106839,48.562106740146575
Netherlands,NLD,2000,11.10887919,40665.33817,4695.370096,76.795,125.6670301,1.7,94.72018544,21.09971229,471.7272808,2.407744715574209,10.613131366562856,8.454332216224655,4.341139533867592,4.8336357908181595,6.156401023682493,112.63855740392034
Netherlands,NLD,2001,11.31243075,41297.31988,4783.238064,77.83,119.4754639,1.8,95.30722566,21.2866582,475.3015403,2.4259021874603466,10.62855288289669,8.472873015387515,4.354526960971297,4.783111027277357,6.163949424304803,112.96613638453154
Netherlands,NLD,2002,11.26412779,41135.41907,4804.577382,79.113,112.7500244,1.9,95.32862733,20.51119405,478.3450533,2.42162314434423,10.624624807225866,8.477324363738104,4.370877210195214,4.725173194790747,6.170332340897924,112.88265229431926
Netherlands,NLD,2003,11.36160054,40981.8477,4959.465815,80.341,111.3045032,1.9,95.49304174,20.03297721,480.6072867,2.430239295974208,10.620884508624195,8.509053315330354,4.386280075953497,4.712269717480984,6.17505048486034,112.80318774553342
Netherlands,NLD,2004,11.47331013,41663.14778,4985.680177,81.514,116.95816,2.2,95.90730963,19.95511435,482.2801836,2.440023479742524,10.63737227076995,8.514325117822406,4.400774784635574,4.761816264003576,6.178525238940752,113.15368882694544
Netherlands,NLD,2005,11.16431824,42411.34538,4893.732961,82.63,122.2558495,2.7,94.87667431,20.27979361,483.4084123,2.4127228211796496,10.655171185143963,8.495710677945057,4.414372810713093,4.806115975881027,6.180861870476258,113.53267298472221
Netherlands,NLD,2006,10.87382245,43841.12234,4840.78434,83.636,127.1956135,3.1,94.36714996,20.47224927,484.1854562,2.3863582906522254,10.688327522115369,8.4848320403004,4.426474049409177,4.8457261652485055,6.182468007291177,114.24034522000886
Netherlands,NLD,2007,10.92162252,45445.52287,4812.364651,84.539,129.7982417,3.7,94.58581178,20.43129541,485.2398104,2.3907445416970674,10.72426958804285,8.478943853733007,4.437212966348551,4.865981257953277,6.184643223168161,115.00995819702075
Netherlands,NLD,2008,10.94466463,46227.21116,4755.094203,85.402,130.15205,3.9,94.12828422,20.78369535,487.1324941,2.3928520891166074,10.741323889832753,8.466971786139716,4.447369519724046,4.868703382373001,6.1885361478874685,115.37603890629183
Netherlands,NLD,2009,10.57329689,44304.41193,4665.864277,86.288,115.1096604,4.4,94.00691437,19.58319382,490.0796917,2.358331661371286,10.698839543173586,8.448028364502942,4.457690538594871,4.745885242701092,6.194568014003301,114.46516757057478
Netherlands,NLD,2010,10.6446362375,44659.27284,4978.869388,87.134,130.0817079,3.9,94.54845841,18.9533173,492.5998814,2.365056125615014,10.706817243129931,8.51295811372128,4.467447163602153,4.868162775325854,6.199697244923112,114.63593547778443
Netherlands,NLD,2011,9.718490996933332,45239.73189,4611.914538,87.879,141.7570993,4.7,92.68107418,19.32095858,495.0496441,2.274030359191168,10.719731003819923,8.436398350861666,4.475960868298276,4.954115024598887,6.204658048650984,114.9126327942581
Netherlands,NLD,2012,9.356490258666666,44631.87454,4599.205919,88.588,149.3932231,4.9,92.16725024,19.32267043,496.8849941,2.2360702478051118,10.706203558533781,8.433638941271203,4.483996408257599,5.006581910893447,6.208358599118264,114.6227946367614
Netherlands,NLD,2013,9.0223310181,44487.03063,4488.604064,89.187,150.6518502,5.0,93.83025069,18.68707433,498.7958445,2.1997027284151116,10.702952979158688,8.409297033510807,4.490735289054557,5.014971546947956,6.212196882776792,114.55320247408184
Netherlands,NLD,2014,8.409986958236667,45042.06695,4215.352621,89.69,151.7158911,5.6,93.29818877,17.68187826,500.5938854,2.129419923238906,10.715352153190432,8.346488525537007,4.496359280129911,5.022009634329004,6.215795164380527,114.81877176688283
Netherlands,NLD,2015,8.584264127166666,45793.81354,4298.592871,90.173,160.3258126,5.8,92.03582274,17.41481031,503.1162162,2.1499307745622267,10.731904285432902,8.366043008824864,4.501730047447441,5.0772080734767835,6.220821189535955,115.17376959169309
Netherlands,NLD,2016,8.426090324399999,46655.03634,4352.446531,90.635,150.9655292,5.6,0.0,16.96407123,505.8008316,2.1313328832240304,10.750536160576832,8.378493386902901,4.506840451914883,5.017051527310584,6.226142978362627,115.57402773987006
Netherlands,NLD,2017,8.062160893933333,47670.10573,4365.203853,91.077,159.6460597,6.4,0.0,17.12101175,508.8,2.0871816215701746,10.772059766153198,8.381420168901425,4.511705302576652,5.072959237991823,6.232055012025913,116.03727160557649
Netherlands,NLD,2018,7.599987267276667,48463.02997,4251.167167,91.49,163.5591466,7.4,0.0,17.32410485,511.7797446,2.028146571932549,10.788556517591301,8.354948851744638,4.516229676691444,5.0971746778257,6.237894346154699,116.39295173326174
Netherlands,NLD,2019,7.144497792304999,49254.01589,4129.409095,91.876,160.6766719,8.6,0.0,17.11275575,515.1432729,1.9663425209206113,10.80474618418966,8.325889599447505,4.520439841827508,5.079394096680107,6.244445061779171,116.74254010476103
Netherlands,NLD,2020,6.2369870707,47086.58042,3975.378136,92.236,152.2332304,10.7,0.0,17.37947709,518.013068,1.8304972245419973,10.75974332263519,8.287875151117458,4.5243505098860775,5.02541375536759,6.250000469740495,115.77207636899256
Netherlands,NLD,2021,6.244903461788333,49780.84405,4057.791292,92.572,163.1548427,12.2,0.0,17.70612977,520.7319275,1.8317656849774062,10.815385531382498,8.30839408781621,4.527986720117416,5.094699705099579,6.255235374786097,116.97256419243789
New Zealand,NZL,2000,8.526168442,30853.80764,4467.211386,86.021,68.51692688,26.4,68.88818452,23.58998323,14.65079184,2.1431400744227895,10.337015446028563,8.404519641924894,4.454591452491459,4.2270808224793175,2.6844943845143456,106.85388833143308
New Zealand,NZL,2001,8.971343899,31718.76284,4399.146879,86.1,67.23382435,24.6,71.94212128,23.10973336,14.73738179,2.1940354863647475,10.364663672466097,8.389165909970673,4.455509411433685,4.208176459438418,2.6903872447965456,107.4262530433384
New Zealand,NZL,2002,8.841585412,32641.82022,4326.222954,86.161,62.65599456,26.6,69.95392874,23.85838246,14.99563252,2.1794662058179846,10.393349574067265,8.37245014332643,4.456217639094615,4.137659360084752,2.707758993372021,108.0217153687642
New Zealand,NZL,2003,8.898217124,33517.08933,4180.769914,86.221,57.91476935,25.9,70.30170455,23.25780958,15.29451977,2.1858509335246654,10.419810716995196,8.338250698510068,4.456913767488798,4.05897243581573,2.7274945792675123,108.57245537800793
New Zealand,NZL,2004,8.668599388,34372.58911,4224.875676,86.281,58.79955227,28.2,68.49680449,23.55217102,15.5235274,2.1597072307988543,10.445014697527482,8.34874511355951,4.457609411625325,4.074134240419808,2.7423567698585107,109.0983320315651
New Zealand,NZL,2005,8.734270302,35126.33416,4074.148591,86.341,58.01874344,26.8,68.53246526,23.9417689,15.69974555,2.1672544028327074,10.466706389117551,8.312417069121137,4.45830457217747,4.060766121099203,2.753644505216558,109.55194263599417
New Zealand,NZL,2006,8.655618219,35665.35333,4034.758218,86.4,59.60326504,27.0,67.83993293,22.99539546,15.89229425,2.158208615193353,10.481935001574604,8.302701657719112,4.45898767581001,4.08771035512113,2.765834353386277,109.87096137723478
New Zealand,NZL,2007,8.288673706,36414.3173,4057.162682,86.34,58.42516057,27.0,67.53485208,22.96904212,16.0411682,2.114889969134374,10.502717308707497,8.308239161490496,4.458292990127331,4.067746628730944,2.7751584302103023,110.30707086662406
New Zealand,NZL,2008,8.476947275,35739.35846,4100.756066,86.28,64.26114485,26.1,66.55700317,23.41801824,16.17788918,2.13735039383578,10.484007838356453,8.318926642033103,4.457597821520956,4.16295516943315,2.783645444529031,109.91442035471954
New Zealand,NZL,2009,7.748896016,35370.58519,4073.036977,86.22,55.01435019,28.5,64.13457449,21.59202345,16.34043523,2.047550383669968,10.47363582687465,8.31214418617337,4.4569021693189885,4.007594063746167,2.7936427249400415,109.69704743399224
New Zealand,NZL,2010,7.28617923535,35489.76315,4147.306161,86.16,58.1047406,29.4,62.19889703,21.373911,16.52310964,1.9859792982494855,10.476999571907369,8.330214284625226,4.456206032848133,4.062247254333059,2.8047599852457004,109.76752002974719
New Zealand,NZL,2011,6.935816301288333,35957.52325,4108.263833,86.1,59.17241056,30.3,60.759023,21.08219628,16.64957654,1.9366987543074905,10.490093611074512,8.320755793182853,4.455509411433685,4.080455395422738,2.812384783069995,110.0420639691063
New Zealand,NZL,2012,7.192233237253333,36607.14939,4280.565372,86.161,56.9087672,28.8,63.35966128,21.07963254,16.74110364,1.9730017267398783,10.507998838837961,8.361840376113582,4.456217639094615,4.041449410106637,2.8178669912035654,110.41803959701994
New Zealand,NZL,2013,6.953884649505,37267.6587,4298.715337,86.221,55.98612411,28.3,61.70424431,20.32955238,16.87022901,1.939300445801415,10.52588117053761,8.366071498207132,4.456913767488798,4.025103876281684,2.8255504714509185,110.79417441627822
New Zealand,NZL,2014,6.835961917443332,38056.26467,4476.807125,86.281,55.0986551,29.0,60.86576512,21.44477332,17.15278569,1.9221971943547569,10.546820992838827,8.406665376008494,4.457609411625325,4.009125307512523,2.842160591325268,111.23543305498578
New Zealand,NZL,2015,6.576489890058333,38665.3723,4422.742641,86.341,54.85133173,29.3,59.86767533,21.20797123,17.50560176,1.883501151642512,10.562699705860092,8.394515289650442,4.45830457217747,4.004626465916014,2.8625209302796395,111.57062507617688
New Zealand,NZL,2016,6.1780386502799995,39235.36956,4265.938395,86.4,52.40624781,30.1,0.0,20.17323954,17.90323193,1.821000850592068,10.577333903658287,8.358417457998755,4.45898767581001,3.959025817234573,2.884981251297266,111.87999250947907
New Zealand,NZL,2017,6.178972252396667,39722.60684,4200.712627,86.466,54.14329704,28.4,0.0,20.52918454,18.28111352,1.8211519554386686,10.589675746418418,8.343009462973846,4.459751273084279,3.9916341807434477,2.905868478831613,112.14123241428248
New Zealand,NZL,2018,5.875221265073334,40371.54563,4109.220685,86.538,55.76648149,28.9,0.0,20.38195147,18.61152254,1.7707437214611639,10.605880499713033,8.320988675155975,4.460583623829428,4.02117299875729,2.9237808803114196,112.48470117419316
New Zealand,NZL,2019,5.880973047634999,40655.08378,4163.349917,86.615,54.45429718,28.0,0.0,20.36793611,18.91003,1.771722232511187,10.61287916939495,8.334075297710193,4.461473010730904,3.9973617660078538,2.939692469131297,112.63320426417722
New Zealand,NZL,2020,5.3104265714,39646.34669,3849.077967,86.699,43.97724229,28.7,0.0,19.97783893,19.33158634,1.6696721656242637,10.587754083851987,8.255588909508829,4.462442349694604,3.7836722794316864,2.961740356071305,112.10053654012442
New Zealand,NZL,2021,5.163738644248333,41273.38208,3887.235309,86.789,48.54124777,28.9,0.0,18.82759543,19.41172003,1.641660860597556,10.62797306947371,8.265453466452374,4.46347988552502,3.8824139059837184,2.965877008916813,112.95381156545842
Nicaragua,NIC,2000,0.749786019,1458.374901,500.3766308,55.185,61.29849746,58.4,46.08416486,20.15532814,41.73702011,-0.28796742115985147,7.285078013260244,6.21536107646306,4.010691177224848,4.1157553313856425,3.7313885073899558,53.07236165928782
Nicaragua,NIC,2001,0.784146467,1482.315172,498.4859027,55.335,57.98013155,56.7,48.35441329,21.49934041,42.27875187,-0.24315945592737961,7.301360449912349,6.211575309563707,4.013405619716749,4.060100392376758,3.744284639989191,53.30986441954426
Nicaragua,NIC,2002,0.801295712,1475.486354,492.6480774,55.484,58.09128441,54.7,48.41923857,21.46227978,42.79465681,-0.22152522151656118,7.296742945949851,6.199795080193122,4.016094690901044,4.062015642450311,3.7564132539066284,53.24245761926891
Nicaragua,NIC,2003,0.867555575,1494.956188,505.003839,55.633,62.17506589,51.5,49.2293093,20.59476094,43.30200266,-0.1420757058125184,7.309852179709748,6.224566031226663,4.018776550369987,4.12995404943961,3.7681988847472225,53.43393888920735
Nicaragua,NIC,2004,0.879532979,1555.874257,526.4798601,55.782,67.19531678,51.2,48.21795659,21.39699121,43.81678577,-0.1283642180658074,7.3497928897762375,6.266213078420735,4.021451236701775,4.20760355432678,3.780016980723942,54.019455522605334
Nicaragua,NIC,2005,0.823626642,1601.487707,527.9588796,55.935,71.64572371,52.8,48.58216146,20.96656319,44.391765,-0.19403795612440047,7.378688293090936,6.269018401128037,4.024190302298894,4.271733469450509,3.793053979262967,54.44504092659723
Nicaragua,NIC,2006,0.859757273,1644.371936,538.9140555,56.132,87.30967083,53.3,46.64888338,20.87610428,45.0295413,-0.15110517026965972,7.40511378847089,6.28955610643269,4.02770605988889,4.469461233686186,3.807318747719292,54.835710220201705
Nicaragua,NIC,2007,0.878076519,1703.207803,540.292721,56.328,93.02573023,52.6,47.71089449,20.72705849,45.68092903,-0.13002153766385216,7.440268694945008,6.292111068614165,4.031191747216832,4.532876124027192,3.821680902925533,55.35759825297869
Nicaragua,NIC,2008,0.831493351,1736.657406,533.8126402,56.525,96.79398473,53.8,45.53744206,21.96423322,46.34031079,-0.18453197677318856,7.459717513627465,6.280044916345367,4.034683018164033,4.572584851132677,3.836012225714584,55.64738538312034
Nicaragua,NIC,2009,0.801735883,1655.72029,523.4079353,56.721,86.99361045,54.6,46.85930301,21.07565918,47.00516038,-0.22097604829697462,7.411991413673979,6.260361151043402,4.0381445125339015,4.465834672854059,3.8502573910021427,54.93761671637679
Nicaragua,NIC,2010,0.811806639,1704.37875,529.0082033,56.917,100.3640584,54.4,45.68173871,21.96871345,47.6769985,-0.20849309648808997,7.440955953817454,6.271003938921429,4.0415940662810135,4.608804159102292,3.864449069852783,55.36782550665142
Nicaragua,NIC,2011,0.837954505,1786.628634,531.3628157,57.113,111.8274539,53.3,48.07046783,23.15710146,48.35508559,-0.17679146994994174,7.4880856782298695,6.275445056658359,4.045031761501977,4.716957093187243,3.8785713992014825,56.07142712451128
Nicaragua,NIC,2012,0.820532877,1876.175972,566.8195986,57.309,115.1772885,53.3,42.53383654,24.54769465,49.03844939,-0.19780129978491576,7.536990926872822,6.340041084847526,4.0484576794496245,4.746472580387983,3.8926046718376806,56.806232231763246
Nicaragua,NIC,2013,0.774000663,1941.456286,576.4741336,57.505,110.9842079,54.3,41.32752086,25.38761465,49.72448895,-0.2561825488036295,7.571193633337506,6.356930470705985,4.051871900544545,4.70938792001966,3.9064975471608268,57.322973033490385
Nicaragua,NIC,2014,0.807979307,2006.648696,586.817956,57.7,106.6982002,53.0,41.86873035,25.09844902,50.41126807,-0.213218830937502,7.604221294112929,6.374714645664327,4.055257173514054,4.670004290311648,3.9202147229061053,57.824181489840505
Nicaragua,NIC,2015,0.892523633,2074.456206,611.8763319,57.895,98.19416459,50.0,25.87948741,25.73469791,51.10035732,-0.11370228612709929,7.637454328921023,6.416530190034194,4.058631025064236,4.586946789867673,3.9337914897488115,58.33070862635447
Nicaragua,NIC,2016,0.916766597,2140.144059,626.8230074,58.09,93.81372781,49.5,0.0,25.79487536,51.79213894,-0.08690236802223228,7.66862842303991,6.440664215934569,4.061993532004442,4.5413111972227584,3.947238379833982,58.80786189065557
Nicaragua,NIC,2017,0.898288869,2209.632734,632.3739473,58.299,96.38058644,48.9,0.0,24.81733548,52.48654645,-0.10726358200709372,7.7005815969913485,6.449480907933901,4.065584940550676,4.568304795858544,3.960556878662624,59.29895693192183
Nicaragua,NIC,2018,0.808208647,2107.339626,616.5169962,58.522,93.98474049,51.3,0.0,24.99567846,53.18331394,-0.21293502731061356,7.653181590183349,6.424085891080833,4.069402751917891,4.543132433879451,3.9737446994054966,58.57118845232134
Nicaragua,NIC,2019,0.81979969,2019.915186,616.1511293,58.76,94.04221592,50.5,0.0,24.28092012,53.87782117,-0.1986952490529814,7.610810802385053,6.423492273215366,4.073461351305676,4.543743786984214,3.986718912157316,57.92444106970102
Nicaragua,NIC,2020,0.720290584,1950.191812,584.4810715,59.012,88.63812312,52.2,0.0,25.79032112,54.55598305,-0.3281005595032367,7.575683011848466,6.370724396298782,4.07774081305532,4.484562048587072,3.9992273863746473,57.390973096009446
Nicaragua,NIC,2021,0.779067235,2128.308814,600.8152,59.277,106.2073908,50.4,0.0,27.28596204,55.21639521,-0.24965792746483983,7.663082959293641,6.398287399730428,4.08222137241979,4.665393699606682,4.011259923856836,58.72284044101659
Niger,NER,2000,0.060948962,392.8986169,127.8478804,16.186,34.7127807,87.6,14.34574318,18.09837916,9.086310887,-2.7977184535526227,5.973551606324062,4.8508411227964805,2.7841466710735103,3.547107939024422,2.206768982798521,35.68331879341678
Niger,NER,2001,0.059258529,406.9234937,127.0883735,16.26,33.01366708,87.7,13.78279589,17.20907195,9.410789453,-2.825845559959524,6.008625191605785,4.8448826987949305,2.7887081041196646,3.496921629667803,2.2418568451898735,36.103576693199656
Niger,NER,2002,0.059396829,412.1237932,127.2759721,16.255,30.83438575,87.7,14.2733322,16.5393297,9.749067656,-2.8235144378768893,6.021323773149816,4.846357737551414,2.7884005537558685,3.428630487700204,2.2771716554117503,36.25633998109914
Niger,NER,2003,0.062264671,406.3337575,128.2624786,16.251,33.38279314,87.0,15.07049386,17.30875231,10.10261625,-2.776361092690326,6.00717488470105,4.854078778342977,2.7881544453438716,3.5080405917850865,2.312794424956996,36.086150095383076
Niger,NER,2004,0.0627778,393.3987815,129.2999406,16.247,36.96410445,87.0,16.11406419,17.75346729,10.47275282,-2.7681537711896773,5.974823808593782,4.862134826380955,2.787908276347613,3.609947291744126,2.348776914870167,35.6985195437391
Niger,NER,2005,0.058068396,407.1909311,126.0312963,16.242,38.34774181,87.5,14.02356221,16.32748792,10.85986579,-2.846133721815384,6.00928219362288,4.836530259442778,2.787600479860219,3.646695642376814,2.3850739562342147,36.111472482593015
Niger,NER,2006,0.056186386,415.8520221,124.9052244,16.238,36.53137318,87.4,13.68343736,16.62656863,11.26437278,-2.879080793420705,6.030329480873513,4.827555244919668,2.787354174440255,3.5981714305742702,2.421644893683406,36.36487364789221
Niger,NER,2007,0.058803224,413.4191263,125.8749745,16.234,35.50280285,86.2,14.24087291,19.67498641,11.68675298,-2.8335585956486886,6.024461912021655,4.83528914845678,2.787107808338984,3.5696116468858317,2.4584559764223486,36.294141329399615
Niger,NER,2008,0.059250425,429.1955428,127.0654141,16.229,39.71124405,86.1,15.26689916,21.25456237,12.12750849,-2.8259823259968417,6.061912625800477,4.844702025508262,2.786799765333745,3.681634373033197,2.4954763011988326,36.746784682839234
Niger,NER,2009,0.071137928,421.6509013,129.7769807,16.225,49.5122567,83.2,17.28549595,22.33975655,12.58678061,-2.643134638553686,6.04417772357321,4.8658174441666535,2.7865532625901537,3.902220249025333,2.532647105269486,36.532084354138625
Niger,NER,2010,0.087123958,441.0791661,134.7459912,16.221,51.9459863,80.7,21.09284197,23.00034119,13.06452593,-2.440423369800802,6.089224374301949,4.903391459439334,2.7863066990679775,3.950204453732746,2.5699006128186426,37.07865348059296
Niger,NER,2011,0.085804362,434.9862649,112.8798035,16.216,50.24639516,77.2,24.15120735,22.77951052,13.55986658,-2.4556854346196477,6.075314455647656,4.726323566756367,2.7859984091496988,3.916938806256431,2.6071144432308055,36.90944573500138
Niger,NER,2012,0.115239481,463.0662655,128.3627525,16.212,45.08596447,72.7,29.51366429,26.53723973,14.08128918,-2.1607428724205184,6.137870165875491,4.854860259607881,2.785751708766062,3.808570988982125,2.644846907617982,37.673450173144424
Niger,NER,2013,0.109995206,469.6902142,154.8121995,16.208,46.29514915,78.7,26.73650579,26.04650195,14.62058735,-2.2073184959576175,6.152073358666459,5.042212766189963,2.7855049475063276,3.835037185625029,2.682430627933267,37.848006610413606
Niger,NER,2014,0.114592549,482.7452474,151.6969478,16.219,45.74160084,78.1,23.82343917,23.60596024,15.17005526,-2.166372494267231,6.179489076412933,5.021884766178445,2.7861833945055525,3.823008186670433,2.719323436069693,38.18608524550677
Niger,NER,2015,0.108814174,485.6625742,148.7865325,16.247,44.72743037,78.9,-2.14899996,22.53832868,15.7412947,-2.2181136773101473,6.185514090998798,5.002512610910477,2.787908276347613,3.8005869682202467,2.7562874950067213,38.26058456994469
Niger,NER,2016,0.104820936,495.0174372,147.4520961,16.29,36.48810922,80.2,0.0,21.24519507,16.33042788,-2.255501756054396,6.2045929886149125,4.993503350826571,2.790551422613954,3.5969864327177894,2.7930301087211626,38.49697415436933
Niger,NER,2017,0.092468335,501.6153055,143.8315997,16.35,39.07111174,82.0,0.0,21.07215369,16.9222752,-2.380889017394429,6.2178335022104445,4.968643168712051,2.7942278973432626,3.6653833637427655,2.8286308132231612,38.6614534612106
Niger,NER,2018,0.094735599,519.5469935,146.1015849,16.425,37.5388484,82.0,0.0,19.69767795,17.51643562,-2.356665436017078,6.2529572655433885,4.984302166747096,2.7988045643706743,3.6253763540762116,2.863139618463198,39.09947456471185
Niger,NER,2019,0.103408799,532.1860246,148.1228692,16.517,37.10256643,80.7,0.0,20.58618049,18.11617352,-2.269065223816529,6.276993098521984,4.998042126638249,2.8043901535389533,3.613686143231621,2.8968051039214457,39.400642358892625
Niger,NER,2020,0.101595384,533.1943289,147.8173882,16.626,35.51299066,81.9,0.0,20.23878495,18.72393858,-2.2867571779407347,6.278885952276498,4.995977648414284,2.8109677351088966,3.5698985636283296,2.929802843150453,39.42440880169515
Niger,NER,2021,0.116675523,523.2631795,151.6880157,16.751,37.01589355,79.6,0.0,20.83428155,19.3432857,-2.1483585046193427,6.260084548777655,5.021825883233822,2.8184579579815496,3.6113473758171186,2.962345367011989,39.18865855784474
North Macedonia,MKD,2000,4.459841587,3283.379341,1316.525513,58.548,80.16014736,19.4,87.31730655,21.40633672,79.68344475,1.4951132467913064,8.09662845788716,7.182751358163702,4.069846930621701,4.384026475658218,4.37806184464607,65.55539238506822
North Macedonia,MKD,2001,4.531564975,3169.325144,1266.250098,58.339,71.47821057,15.2,89.80503594,20.58654559,80.01895399,1.511067348929158,8.061273955879313,7.14381513295677,4.066270823394485,4.269392655982348,4.382263531486616,64.98413779173812
North Macedonia,MKD,2002,4.30154686,3240.110645,1251.053245,58.13,71.53348467,14.6,88.40623624,19.37806722,79.43991349,1.4589746928941578,8.083362757894646,7.131741071511617,4.062681881713259,4.270165657136689,4.375000930738338,65.34075347571813
North Macedonia,MKD,2003,4.667861425,3307.920408,1379.165385,57.921,71.06932049,17.3,86.21743841,22.48840689,79.54089658,1.54070102782257,8.104074995394633,7.229233801711641,4.05908001312179,4.263655745656188,4.3762713117803855,65.67603153098052
North Macedonia,MKD,2004,4.563517453,3473.765448,1362.184497,57.711,80.870485,18.2,85.01377377,21.03844209,79.28375934,1.5180936974443087,8.152994428114116,7.216844937887956,4.055447796592154,4.392848924369332,4.37303330741416,66.47131814485982
North Macedonia,MKD,2005,4.818608409,3657.563077,1453.504361,57.532,85.84100348,19.0,81.30945032,20.36200709,78.85686197,1.5724851745515,8.204552378678585,7.281732720338427,4.052341314741643,4.45249678837527,4.3676343352408,67.31467973448042
North Macedonia,MKD,2006,4.837317798,3866.746506,1486.595749,57.383,92.55166647,19.8,82.96705168,21.66258512,78.42261109,1.5763603931504513,8.260168736316626,7.304244052741834,4.049748092211954,4.527767045016231,4.362112292535332,68.2303875524226
North Macedonia,MKD,2007,5.225138721,4140.633548,1550.394715,57.264,106.092966,15.7,83.70256181,20.58092355,78.59425287,1.653481346972128,8.328604086029198,7.346264832332962,4.04767215402367,4.664315747475045,4.364298578059568,69.36564602182226
North Macedonia,MKD,2008,5.144426077,4392.550716,1540.697797,57.175,111.5700547,15.6,83.31848215,19.53312926,78.14082442,1.637913813404023,8.387665366038991,7.339990707717167,4.046116739908845,4.7146526868801315,4.358512640121562,70.35293029265
North Macedonia,MKD,2009,4.656618245,4405.200458,1437.831856,57.117,87.17675377,18.4,84.36726705,18.97270285,77.66780333,1.5382894861930825,8.390541044258821,7.270891602376105,4.0451017956436495,4.46793771016836,4.352440799940712,70.40117901539192
North Macedonia,MKD,2010,4.7140777,4582.365175,1475.242775,57.089,97.88106912,22.3,81.35001089,21.04226885,77.17279937,1.5505532871952397,8.429970557567994,7.296577848450281,4.04461145362027,4.583753161277384,4.346047055177651,71.06440360146324
North Macedonia,MKD,2011,5.287400937,4711.130279,1619.762476,57.092,113.1919101,18.6,81.6682682,21.592422,76.81990484,1.665326808877739,8.457683132531214,7.390034797723617,4.044664001767522,4.729084697667595,4.34146378417708,71.53240397030301
North Macedonia,MKD,2012,4.985021927,4708.051685,1549.523431,57.125,112.2148347,18.3,81.33437035,21.0808587,76.51946868,1.6064378019999153,8.457029446442252,7.345702698765618,4.045241849214369,4.720415200926294,4.337545201003774,71.52134705799135
North Macedonia,MKD,2013,4.575090653,4863.680887,1441.72181,57.189,104.85723,21.2,79.05223417,22.14046476,76.23774782,1.520626513394561,8.489550814380275,7.273593379677351,4.046361572199949,4.652599710621527,4.333856718248542,72.07247302994479
North Macedonia,MKD,2014,4.355229075,5053.750012,1404.882811,57.284,112.537929,21.2,77.33296889,22.82257866,76.03318795,1.4713772093803525,8.527885823329456,7.247709169748235,4.048021352616456,4.723290311489975,4.331169928520448,72.72483661574351
North Macedonia,MKD,2015,4.15047871,5262.686719,1387.979624,57.408,113.6984439,23.9,76.88077663,23.92218322,75.82989691,1.4232236793973276,8.56839695840633,7.235604460843722,4.050183666436331,4.733549714647005,4.328492633223591,73.41742643682684
North Macedonia,MKD,2016,3.999762893,5429.946784,1408.22019,57.563,116.1854084,21.4,0.0,23.96304609,75.58735131,1.3862350826129548,8.599684612511632,7.250081909434319,4.052880000188441,4.755187263383101,4.325288958473203,73.95457543466935
North Macedonia,MKD,2017,4.205814952,5510.818629,1438.491959,57.748,124.1372839,19.0,0.0,24.25894588,75.28378271,1.4364680801167364,8.614468462617658,7.27135059312544,4.056088716767568,4.821388081416361,4.321264742553497,74.20906689343424
North Macedonia,MKD,2018,3.995657079,5698.393345,1370.121651,57.963,133.2152076,20.9,0.0,24.05042988,74.90289453,1.3852080410378318,8.647939544791779,7.222654811230373,4.059804875947356,4.891965922760428,4.316192535036812,74.78685837037344
North Macedonia,MKD,2019,4.628031693,5961.584754,1503.513369,58.208,138.5762318,17.0,0.0,23.70348341,74.39579699,1.5321316574065127,8.69309162303685,7.315559894307907,4.064022802335712,4.931420584315612,4.309399448173417,75.56984196651345
North Macedonia,MKD,2020,4.087011428,5743.726494,1388.546464,58.482,128.2412443,20.0,0.0,22.74339589,73.59730373,1.4078140007612503,8.65586349364731,7.236012769636732,4.068719014583128,4.853913211155036,4.298608390960524,74.92397282065622
North Macedonia,MKD,2021,4.166208521,6064.923151,1455.088402,58.786,146.7214115,19.5,0.0,22.58059209,72.84353688,1.4270063946346558,8.710277150399275,7.282821935148254,4.073903731317315,4.988535628827201,4.288313810517465,75.86892803676771
Norway,NOR,2000,9.300691811,67846.59686,5826.122323,76.02,74.31251872,60.2,54.34360327,36.79982931,12.29579952,2.2300887856721094,11.125004507188613,8.670106933351146,4.330996463561102,4.308279426360136,2.50925770161411,123.76572528496696
Norway,NOR,2001,9.367574773,68899.5269,5954.819117,76.378,73.15830391,59.6,55.64902666,35.56961476,12.35817974,2.2372542338262527,11.140404590505026,8.691956106349062,4.3356946965893925,4.292625639957045,2.514318170957683,124.10861444014546
Norway,NOR,2002,9.163054886,69472.98368,5502.089299,76.733,67.51701409,59.5,53.52061127,33.61632074,12.4250063,2.2151796259247565,11.148693231951336,8.612883171632708,4.340331863561584,4.212379626709143,2.5197110790248174,124.29336078015753
Norway,NOR,2003,9.736344309,69719.31226,5934.590798,77.084,66.32075094,56.2,58.87464106,33.81378552,12.49809716,2.2758657195833343,11.152232635270904,8.68855335740479,4.344895736335674,4.194502833742429,2.5255764055205194,124.37229275120141
Norway,NOR,2004,9.775888465,72090.98629,6231.94031,77.399,68.67195377,56.9,51.74257624,35.42608646,12.57217093,2.2799189933011443,11.185684298675545,8.737443009520119,4.348973860615578,4.229340873807867,2.531485714929437,125.11953322963662
Norway,NOR,2005,9.368326588,73524.25492,6319.925459,77.675,70.46945049,58.6,50.48254031,38.38041058,12.65808884,2.237334487771437,11.205370629674828,8.751462692609323,4.3525334552791115,4.2551792895222365,2.538296444814817,125.56033094837926
Norway,NOR,2006,9.443156005,74729.7366,6319.154528,77.95,71.65992995,57.0,52.3316708,40.05629989,12.76044781,2.2452902468476332,11.221633372229244,8.751340700976744,4.356067595503785,4.271931734343537,2.546350372128421,125.92505554072906
Norway,NOR,2007,9.53568508,76115.70668,5864.300444,78.234,71.94202631,57.4,56.16885462,37.61926027,12.89317005,2.25504108544882,11.240009917822587,8.676638477588245,4.35970433566939,4.275860604537471,2.5566977176692642,126.3378229527501
Norway,NOR,2008,9.878818308,75535.2118,6412.35151,78.526,74.78527993,58.5,64.94429053,40.81159056,13.05486743,2.2903929001531522,11.23235420797204,8.765981332875631,4.363429780141458,4.3146210732345915,2.569161047369544,126.1657810533472
Norway,NOR,2009,9.345052919,73141.30733,6200.502446,78.815,67.46431546,56.7,65.99682015,34.86907471,13.22054846,2.2348471037058317,11.200148565894189,8.732385607427066,4.3671033340785055,4.211598798236743,2.5817723207036685,125.44332789810166
Norway,NOR,2010,9.3235683085,72804.39562,6455.316685,79.102,68.23951936,56.0,67.7236819,35.30948421,13.38626233,2.232545421142007,11.19553161175762,8.7726593624956,4.370738158904025,4.2230238597823,2.59422898182693,125.33992806986416
Norway,NOR,2011,8.82902598682,72660.67541,5501.955936,79.455,69.59873363,56.0,58.86074824,37.62458055,13.56103865,2.1780447012631714,11.193555601217815,8.612858932728349,4.3751908236645995,4.242746372203579,2.607200876186549,125.29568699755472
Norway,NOR,2012,8.442382193986667,73661.67858,5805.467589,79.874,68.49855284,56.9,58.80961113,37.47657624,13.74032975,2.133264519255049,11.207237977955536,8.666555440242073,4.380450393057513,4.226812618621656,2.6203352857784235,125.6021830945289
Norway,NOR,2013,8.259489729775002,73515.91449,6047.180575,80.286,67.97279259,56.6,65.61167162,36.27393147,13.91208868,2.1113628095683725,11.20525718543653,8.707347421742353,4.3855952595509065,4.219107516140567,2.6327581513847425,125.55778859177698
Norway,NOR,2014,8.01879131303,74180.32387,5525.576039,80.692,69.13737722,55.8,58.7135472,34.67383521,14.07044491,2.081787701422162,11.214254217035668,8.617142781403698,4.390639437772104,4.236095499437824,2.644076491806174,125.75949764430226
Norway,NOR,2015,7.932831490208332,74809.9658,4930.481376,81.091,70.43185654,56.5,67.19909359,31.59863177,14.20793848,2.0710100324717122,11.222706387708213,8.503191904460717,4.395571980857244,4.254645668483731,2.653800856285485,125.94913866470672
Norway,NOR,2016,7.6017276846,75017.49448,5368.576472,81.485,69.1168424,57.7,0.0,28.53061663,14.33542438,2.028375548378489,11.225476625050959,8.588318063347572,4.400418954227952,4.235798440581935,2.662733703361727,126.01132545956547
Norway,NOR,2017,7.381794084593333,76247.41164,5673.509315,81.871,69.10878176,58.9,0.0,30.49336719,14.45257626,1.9990167099615526,11.241738748188572,8.643563132073355,4.405144837800141,4.2356818103976535,2.6708726865563177,126.37669008252436
Norway,NOR,2018,7.100916568100001,76373.64746,5539.190119,82.248,70.00319579,58.9,0.0,32.64461227,14.54888964,1.9602238698139354,11.243392987119051,8.619603581148699,4.409739073240417,4.248540895150097,2.677514677303424,126.41388586279787
Norway,NOR,2019,6.7145373623,76712.28712,5220.688661,82.616,70.89582053,59.8,0.0,29.82445898,14.6479975,1.904274931443896,11.24781717165684,8.560384599569668,4.414203366369103,4.261211482999404,2.684303636700431,126.51339112701847
Norway,NOR,2020,6.344301256533333,75287.20595,5145.722219,82.974,65.35397904,60.9,0.0,26.88316734,14.76721523,1.847556970048294,11.229065491649513,8.545921011400264,4.418527305710576,4.179818326357403,2.6924095364514473,126.0919118157539
Norway,NOR,2021,6.2405342450333325,77812.71156,5298.876628,83.323,71.22271378,61.4,0.0,37.90192304,14.84700909,1.8310657949077185,11.262060084480842,8.575250120093026,4.422724621505501,4.265811781307904,2.6977984368825694,126.83399734645663
Oman,OMN,2002,13.02972864,20150.1132,3469.435062,71.529,83.65374858,0.0,99.56171651,52.82623158,7.551340872,2.5672335651332476,9.910965185225054,8.151747053346456,4.27010296187438,4.426686239100622,2.0217251464325057,98.22723090274309
Oman,OMN,2004,13.21403963,19534.86014,3658.507554,71.827,88.61130713,0.0,99.12017159,53.36382049,7.770019386,2.581279872695069,9.879955848006158,8.2048105711026,4.274260449935386,4.484259469445726,2.0502726593571388,97.61352755855108
Oman,OMN,2005,13.43299176,19629.04515,4030.081853,72.4,86.76130204,0.0,99.92129284,60.28537107,7.947663974,2.597713752665963,9.884765643703322,8.301541965652579,4.282206299391671,4.4631606932227355,2.0728780457384555,97.70859183093754
Oman,OMN,2006,16.75886106,20096.39656,6138.773443,72.967,86.14570799,0.0,99.98600989,60.29344393,8.125347334,2.8189271368975786,9.908295802353482,8.722380236201793,4.290007284146299,4.456040141535541,2.094988476102097,98.17432570693563
Oman,OMN,2007,17.73043381,20642.74896,6889.717212,73.527,94.86578898,0.0,99.9426351,57.72070107,8.304277868,2.8752825873558825,9.935119396773537,8.83778531991432,4.297652685702199,4.552463145152855,2.1167707878097444,98.70659742814577
Oman,OMN,2009,17.54550578,22819.19773,5912.235732,74.624,91.62793533,0.0,99.64960504,57.5651554,8.674180937,2.8647978362058786,10.035357466356347,8.684779335310784,4.312462171287972,4.517736196037456,2.160350904891256,100.70839947755408
Oman,OMN,2011,19.41677016,20993.90794,7155.542087,76.183,101.6417319,0.0,99.99078786,68.18724872,9.941075929,2.9661371338922504,9.95198757652373,8.875642452502902,4.333138340689877,4.621454197858149,2.2966752571648263,99.04205672328264
Oman,OMN,2012,19.01166754,19824.12155,6702.985869,77.564,102.0747604,0.0,99.56735143,67.5381672,11.46076252,2.945052871748456,9.894654735306947,8.81030835819521,4.351103402020372,4.625705489909228,2.4389292465948857,97.90419233093219
Oman,OMN,2014,18.74551992,18726.20269,6076.177061,80.145,102.2787211,0.0,99.99430482,62.05629187,12.93195153,2.9309547862662835,9.837679035428293,8.712131004337813,4.383837494077844,4.627701646433978,2.5597011117893516,96.77992880410534
Oman,OMN,2015,18.95483638,18808.30779,6027.445976,81.35,96.37758019,0.0,71.47864594,53.09853524,13.52147011,2.942059116907829,9.84205395493075,8.704078647095209,4.3987608336650466,4.568273603924601,2.604278800650239,96.866026051768
Oman,OMN,2016,18.60803662,18830.60572,5557.312598,82.5,82.8642642,0.0,0.0,47.94024994,14.18700162,2.9235935637451376,9.843238788951139,8.622869924711996,4.412798293340635,4.417203898033279,2.6523261665188884,96.88934985631228
Oman,OMN,2017,18.14948486,18277.94556,5765.190419,83.56,88.95314802,0.0,0.0,49.59439552,14.66040711,2.898642177938927,9.81345045138368,8.659593462339808,4.425564936688365,4.488109804379362,2.6851504661957057,96.30380976176255
Oman,OMN,2018,18.55991363,18269.67694,5543.482086,84.539,89.27921783,0.0,0.0,53.89353115,14.85582229,2.921004073791192,9.812997966676033,8.62037811767476,4.437212966348551,4.491768737729929,2.6983918618086906,96.29492909398795
Oman,OMN,2019,18.80759472,18089.58667,5104.140964,85.443,86.47820103,0.0,0.0,51.37923295,14.83438126,2.934260762728272,9.803091729593207,8.537807442981805,4.447849486955011,4.459892370963798,2.6969475447502944,96.10060745881874
Oman,OMN,2020,18.17522488,17743.88588,5696.165497,86.276,91.8758908,0.1,0.0,47.14772229,14.61226817,2.9000593963829275,9.783796278099674,8.647548507620568,4.457551459760127,4.52043865326831,2.6818614614884155,95.72266961135703
Oman,OMN,2021,19.57026716,18291.3388,5933.45047,87.044,95.94948773,0.1,0.0,51.92697165,14.54094992,2.974011432822213,9.814182937175143,8.688361189552024,4.4664137379340465,4.563821883512933,2.676968801470676,96.31818672433972
Pakistan,PAK,2000,0.722280672,1049.542297,411.5405233,32.982,21.45996389,51.0,58.87193592,17.18363478,200.9121095,-0.3253414732477826,6.956109440497176,6.019907492303816,3.4959619581065784,3.066189054535713,5.302867546261193,48.38745854817394
Pakistan,PAK,2001,0.715435117,1057.867678,407.9522268,33.18,23.57720743,51.5,58.24916647,17.59349428,206.609209,-0.33486436613802745,6.964010536543654,6.011150076371984,3.5019472847622986,3.1602804584945288,5.330829129748292,48.49744275309103
Pakistan,PAK,2002,0.694198814,1059.04171,404.2922415,33.38,23.12901595,51.4,57.51444642,17.15888767,211.7353531,-0.36499688399728186,6.965119731039199,6.002137986504644,3.507956918233689,3.14108793102357,5.3553371604195705,48.51289286771156
Pakistan,PAK,2003,0.702938338,1090.27524,412.7937305,33.58,24.65015852,50.1,57.89188008,17.38858336,216.7785492,-0.3524861036784808,6.994185457108423,6.02294802630977,3.5139306516493947,3.2047833312996645,5.378876321865901,48.91863020842696
Pakistan,PAK,2004,0.76719872,1146.996328,431.6366441,33.781,24.80833485,47.9,59.70933464,18.90714529,222.195413,-0.2650094238188885,7.0449019157293025,6.0675841326993005,3.519898514257056,3.2111796793690996,5.403557233428092,49.630643002246394
Pakistan,PAK,2005,0.763118546,1201.233594,436.0217081,33.982,29.87849406,48.0,60.0888356,19.93302931,227.6011986,-0.27034189148298876,7.091104302751072,6.077692031329776,3.525830972663567,3.3971389593961208,5.427594968494899,50.283760232494764
Pakistan,PAK,2006,0.808545331,1243.941426,443.8653508,34.184,33.04971937,47.0,60.89169529,20.19911966,233.0877568,-0.2125185335095177,7.126040186981578,6.0955212524744455,3.531757698341724,3.4980130751875156,5.451415021281787,50.780448746476445
Pakistan,PAK,2007,0.877730305,1265.355675,457.1666537,34.387,30.78788143,44.9,62.20409845,19.94495532,239.3280809,-0.1304159022371693,7.143108527649772,6.125047993346442,3.5376785859777717,3.4271211524888723,5.477835334039017,51.02399943778289
Pakistan,PAK,2008,0.825057688,1258.051889,437.7930914,34.59,34.34896081,46.6,61.34211991,21.19554845,245.821805,-0.19230197024359946,7.137319683627549,6.081746404699292,3.5435646229490776,3.536571765226739,5.50460690353101,50.94133226629726
Pakistan,PAK,2009,0.823380769,1269.074321,433.232502,34.793,33.32688729,46.4,60.74305425,20.33724676,252.148887,-0.1943365255178159,7.146043032587296,6.0712745400132295,3.549416217121882,3.506364497319407,5.53001973447373,51.06593102358944
Pakistan,PAK,2010,0.781107932,1256.694822,429.2901505,34.997,31.98900205,47.4,59.91244582,20.96501978,258.4566301,-0.2470419415077036,7.1362403962975,6.062133031804027,3.55526234353002,3.465392157788679,5.554727904630864,50.92592699374829
Pakistan,PAK,2011,0.761781093,1261.831619,422.8067831,35.202,32.36263828,46.8,59.35115379,21.18648095,264.3032184,-0.2720960440957181,7.140319610269125,6.046915297150266,3.561102899171778,3.4770046179151866,5.5770969986076135,50.98416413679383
Pakistan,PAK,2012,0.756405714,1275.488069,419.5119941,35.408,31.31897328,47.2,59.16680049,21.95837207,269.389691,-0.2791773880222427,7.151084183559285,6.03909211691689,3.5669377833086937,3.4442240889760782,5.596158996725893,51.13800500035177
Pakistan,PAK,2013,0.761674184,1309.700804,421.5471981,35.613,30.89027434,48.1,59.1306969,20.89102951,273.8091246,-0.27223639478640066,7.1775539962162105,6.043931747685464,3.572710739739507,3.430441388082377,5.6124312380843016,51.51728136859929
Pakistan,PAK,2014,0.789553024,1343.307781,433.4183157,35.819,29.46982569,47.2,59.60965199,20.86599123,277.9481203,-0.23628828604705557,7.202890344503617,6.071703348707694,3.578478478878268,3.3833668819034712,5.627434478649502,51.88162931494343
Pakistan,PAK,2015,0.820351031,1380.470208,437.1132549,36.026,26.68818602,45.9,45.09894396,19.60261467,281.8738105,-0.198022943741393,7.230179450550601,6.080192326049157,3.5842409000013666,3.2842209963259057,5.641459490292385,52.27549488716419
Pakistan,PAK,2016,0.893837153,1452.186583,446.8314971,36.234,24.70157805,43.7,0.0,18.15011797,285.5682713,-0.11223167588193184,7.2808256878179405,6.102181559562683,3.5899979045538193,3.2068671302571055,5.65448112940598,53.01042269638958
Pakistan,PAK,2017,0.955178532,1495.261875,456.0173609,36.442,25.472035,42.1,0.0,18.09932709,289.6351793,-0.04585701147073502,7.31005663770888,6.1225308809387835,3.595721955627687,3.2375811837188175,5.668622128617438,53.43692804651165
Pakistan,PAK,2018,0.891393768,1561.681698,453.5139786,36.666,27.62605708,43.4,0.0,18.58905159,294.3764166,-0.11496900974384001,7.353518531144857,6.117026092894921,3.6018498951408335,3.318759424445184,5.684859276988403,54.074234787890816
Pakistan,PAK,2019,0.862094996,1573.833083,431.5157573,36.907,28.90557699,45.9,0.0,19.56389458,299.3992567,-0.14838981021414405,7.361269376975381,6.067304027353838,3.6084012349523706,3.364034551933549,5.701777989350516,54.18828684039551
Pakistan,PAK,2020,0.946681903,1526.005975,454.250318,37.165,26.71628073,42.7,0.0,18.58946354,304.8486742,-0.05479214190620376,7.330409127302006,6.118648407331071,3.6153674581772566,3.2852731447435013,5.719815503320258,53.734897973632556
Pakistan,PAK,2021,0.988583071,1595.027922,465.0294914,37.44,27.03042041,41.6,0.0,18.8964082,310.6550968,-0.011482602471962334,7.37464652102183,6.142100825941834,3.622739651609391,3.296962913626522,5.738683283263893,54.385411310019386
Panama,PAN,2000,1.723742172,6856.14919,790.9193873,62.198,139.1979349,27.7,75.7460269,18.30155726,40.49460586,0.544497608853279,8.83290122054261,6.673196050184853,4.130322844887336,4.935896912301766,3.7011687766001233,78.02014397186312
Panama,PAN,2001,2.020663051,6787.862679,887.1078647,62.497,135.5843511,24.0,80.6861402,16.40372211,41.29051655,0.7034257006224499,8.822891396184845,6.787966581116821,4.135118555590319,4.909593963979384,3.720632850112795,77.84341258887257
Panama,PAN,2002,1.728189678,6825.177474,790.8601329,62.794,126.0244824,28.7,75.38017869,15.58684226,42.09502287,0.547074431718979,8.828373623231558,6.6731211289973285,4.139859527508508,4.836476192838657,3.739929512084408,77.94018083137071
Panama,PAN,2003,1.717533381,7037.081657,774.4166971,63.091,117.2674789,27.4,78.1730583,16.7622316,42.90835351,0.5408891807333547,8.85894882584977,6.652110097067735,4.144578128629586,4.764457469989985,3.759066527491213,78.48097429902504
Panama,PAN,2004,1.693551984,7468.765931,755.9909322,63.387,124.7617565,28.2,74.27490204,17.11432046,43.73358892,0.5268280889958906,8.918485061132566,6.628029381663155,4.149258793099492,4.826405970672234,3.7781164320321188,79.53937578564475
Panama,PAN,2005,2.142754086,7935.871351,838.6359364,63.682,139.2111651,22.8,77.26599806,16.94188827,44.56585956,0.7620919576903817,8.97914843802182,6.731776686668494,4.153901948078113,4.93599195373547,3.796968085178565,80.62510667202969
Panama,PAN,2006,2.218739778,8557.980177,874.5660698,63.976,141.4725713,22.1,78.63409448,17.05902417,45.39983858,0.7969393671323847,9.054619480661858,6.773727843119937,4.158508013029588,4.952105855890599,3.8155085495343735,81.98613393958121
Panama,PAN,2007,2.174697235,9507.646411,858.0481287,64.268,148.6656011,22.8,78.41430804,17.39513625,46.24011299,0.7768894525522576,9.159851639210533,6.754660191970694,4.163061840181089,5.001699495837479,3.8338476679165,83.90288205234789
Panama,PAN,2008,2.07261627,10288.15499,806.6720892,64.56,164.5862861,23.4,76.52364119,19.44227763,47.08969599,0.7288117077805923,9.238748511488339,6.6929172526087894,4.1675950239616935,5.103434968247046,3.852054208299181,85.354474058528
Panama,PAN,2009,2.43326962,10267.06332,871.5268138,64.851,137.0460216,20.4,81.52183528,18.84512932,47.94701372,0.8892358755817964,9.236696314612177,6.770246631899275,4.172092330844025,4.920316793505853,3.87009652034936,85.31655880837016
Panama,PAN,2010,2.529285235,10698.07176,948.3048377,65.14,145.4487188,20.6,85.31701352,18.77406211,48.80999462,0.9279367470140427,9.277818794864547,6.85467600932136,4.176538799848087,4.979823576377149,3.887935099675735,86.07792159034184
Panama,PAN,2011,2.70623703,11761.49885,1037.631565,65.437,158.2083953,19.7,84.43139513,19.37558397,49.68395211,0.9955591201474786,9.372586666562437,6.944696053703745,4.181087847722863,5.06391312156142,3.9056819857896867,87.84538082222399
Panama,PAN,2012,2.778741325,12668.29455,1052.699259,65.741,153.2086204,21.2,82.29633028,20.98124689,50.56841539,1.0219980643840636,9.44685765888806,6.959112867352785,4.1857227795593825,5.031800524652958,3.9233271796197267,89.243119627292
Panama,PAN,2013,2.682017677,13236.83068,1002.335964,66.052,133.0715689,20.7,82.77091278,24.41550784,51.45721012,0.9865693758146493,9.490758426213965,6.910088518859709,4.190442310600742,4.890887095521469,3.9407505908483755,90.07449550475138
Panama,PAN,2014,2.766937446,13611.54908,1035.012938,66.371,114.9706049,19.8,84.40999387,25.77790375,52.5108068,1.017741093393479,9.518673908419144,6.942169206104431,4.195260214092692,4.74467648612434,3.961018992224172,90.60515297481939
Panama,PAN,2015,2.683966177,14082.65485,1024.977599,66.696,96.57915734,22.0,83.07738093,26.5789491,53.42734754,0.9872956173161731,9.552699166625333,6.932426036699546,4.200144981108313,4.57036295541251,3.9783227410915014,91.25406136804432
Panama,PAN,2016,2.646183278,14474.12436,1045.765829,67.027,84.39597187,22.1,0.0,27.41582125,54.35895845,0.9731183293559614,9.580117807347156,6.952504746712653,4.205095523288915,4.43551967380419,3.9956094288712745,91.77865720265008
Panama,PAN,2017,2.475341614,15045.54564,1035.95086,67.365,84.04753724,23.6,0.0,28.25456213,55.29825958,0.9063784123545471,9.61883725560491,6.943074989262042,4.210125595207811,4.431382558295058,4.012741435700295,92.522030149813
Panama,PAN,2018,2.381150039,15375.64351,1026.389906,67.709,86.13096151,24.5,0.0,28.32646061,56.18576436,0.867583580639054,9.640539946107795,6.933802978880505,4.215219110521265,4.45586894621259,4.028663421610124,92.94001045250009
Panama,PAN,2019,3.094268779,15602.54209,1162.836084,68.059,80.42865056,19.0,0.0,28.41593273,57.08681585,1.129551619418528,9.655189134449168,7.058617200194982,4.220374976046804,4.387370462956007,4.044573194204578,93.22267722198528
Panama,PAN,2020,2.233011224,12647.08266,936.0654494,68.414,68.70042351,28.5,0.0,23.43878089,57.87626045,0.8033509992672425,9.445181847795993,6.841685398605633,4.22557748204732,4.229755363838123,4.058307291002936,89.21146013793494
Panama,PAN,2021,2.501953213,14552.94016,1033.317593,68.775,80.13346352,28.0,0.0,26.3633167,58.57919925,0.9170717120297474,9.585548325037903,6.940529869108466,4.230840306810638,4.383693538617247,4.070379671965089,91.88273669163695
Paraguay,PRY,2000,0.713368784,4074.489533,756.7129745,55.331,78.64472976,70.4,28.13686806,35.563533,12.83883212,-0.3377567636729526,8.312500749852815,6.628984019714444,4.0133333301246115,4.364940618486053,2.5524743377387393,69.0976687163036
Paraguay,PRY,2001,0.72774216,3972.884279,756.5211312,55.966,72.60569901,69.8,28.75042168,38.56191185,13.05735968,-0.31780846934469736,8.287247628534123,6.628730465686941,4.024744363492146,4.285043417510215,2.5693519349561957,68.67847325664445
Paraguay,PRY,2002,0.75117917,3916.440223,740.2399309,56.6,79.44156565,67.7,30.44559843,42.17102755,13.24270828,-0.28611108043952493,8.272938413828566,6.606974364592667,4.036008985209137,4.375021728127801,2.583447082460867,68.4415099990003
Paraguay,PRY,2003,0.765671455,4035.718339,747.2134677,56.977,81.12736377,67.0,30.86124918,40.27338267,13.40658445,-0.267002111171387,8.302939591872752,6.616350910975967,4.04264767763105,4.3960203119803545,2.5957459631364586,68.93880586628806
Paraguay,PRY,2004,0.765639572,4151.345848,745.1413054,57.305,80.10444662,66.8,31.02453221,38.40528806,13.56198087,-0.2670437526138405,8.331187861373522,6.613573872072013,4.048387879948662,4.383331365891806,2.607270353701741,69.40869118149752
Paraguay,PRY,2005,0.697986838,4193.280865,727.7261145,57.633,85.02196365,68.8,28.9710569,39.28938865,13.71280393,-0.3595550331310793,8.341238729186898,6.589924761063408,4.054095320314415,4.442909618994203,2.618329989804217,69.57626353728746
Paraguay,PRY,2006,0.744375991,4349.311971,742.1378108,57.96,84.7335313,66.5,30.06528952,38.30579032,13.8564007,-0.29520900755523877,8.377772943986711,6.609534954762885,4.059753117452481,4.439511406433846,2.628747270281844,70.18707950099576
Paraguay,PRY,2007,0.700041335,4540.382359,748.8087329,58.286,79.00113742,68.4,30.73234623,37.10112364,13.99291719,-0.356615895682115,8.420766507533138,6.618483587622085,4.0653619272976185,4.3694622500848945,2.6385512865970857,70.90930857439184
Paraguay,PRY,2008,0.810018715,4788.663188,795.139781,58.612,80.77757466,65.8,29.80585521,36.76884845,14.12930783,-0.21069792664429599,8.474006567528951,6.678517924356133,4.070939453775779,4.391699385668692,2.648251209650872,71.8087873065238
Paraguay,PRY,2009,0.827121284,4727.596858,803.8424032,58.937,70.84198186,65.4,30.24521928,37.38083932,14.27444249,-0.18980393933040007,8.46117228853003,6.689403234044937,4.076469076794594,4.260451789090207,2.6584706997881646,71.59143649618849
Paraguay,PRY,2010,0.909851235,5191.050143,845.8134559,59.261,81.25752337,63.6,32.27525896,34.60391551,14.44241379,-0.0944741708572077,8.554691295383735,6.740298833992001,4.081951416792107,4.397623412246242,2.670169279467308,73.18274315931426
Paraguay,PRY,2011,0.933250049,5342.190157,846.3780699,59.584,78.49212385,62.5,33.32572752,34.03456239,14.63535364,-0.06908210868275733,8.583390989629399,6.740966150914872,4.087387081654602,4.36299828663364,2.6834400838423385,73.67460088085114
Paraguay,PRY,2012,0.913429319,5230.262449,838.7258519,59.907,74.76495746,63.4,34.16597665,34.51409814,14.84270828,-0.09054927999447644,8.562216737253076,6.731883897290213,4.092793359729364,4.314349292052833,2.6975087197406724,73.3115554556967
Paraguay,PRY,2013,0.938378874,5583.122745,834.8644123,60.197,73.36987138,62.5,33.25253542,33.23292499,15.05775233,-0.06360149468401177,8.627503530560354,6.727269331186676,4.097622517185983,4.2955133796917915,2.711892963557242,74.43381716983137
Paraguay,PRY,2014,0.976982644,5794.476444,859.8641315,60.474,69.08372496,62.5,33.37231262,33.60807585,15.27765165,-0.02328639168261213,8.664660405531908,6.756774390138444,4.102213520600796,4.235319174233519,2.726391084099965,75.07633994319237
Paraguay,PRY,2015,1.078111537,5879.337923,925.1934116,60.75,66.91506553,60.5,33.52560195,34.58225375,15.50239869,0.07521093373932924,8.679199436423776,6.830002809277023,4.1067670822206574,4.203424136549958,2.7409947661455543,75.3285028572188
Paraguay,PRY,2016,1.198855648,6041.958794,1072.606284,61.026,67.75931523,62.5,0.0,34.49678032,15.72898565,0.1813674751360942,8.706483541996185,6.97784674519286,4.1113000028715145,4.215961944478095,2.7555052299305416,75.80285566705044
Paraguay,PRY,2017,1.332631818,6243.133631,1116.339463,61.3,71.0801344,60.1,0.0,34.39375891,15.95434181,0.2871557974934052,8.739237519766187,7.017810275003824,4.115779842942166,4.2638078941119,2.7697310059805047,76.37427242688905
Paraguay,PRY,2018,1.35663323,6354.239201,1130.483678,61.585,72.06922363,59.2,0.0,33.55617521,16.17765417,0.3050060642910253,8.756877459855849,7.030400853754443,4.120418334393448,4.277627096434869,2.7836309178065175,76.68290284693143
Paraguay,PRY,2019,1.304194069,6243.536209,1105.562537,61.879,71.22216173,60.1,0.0,33.48931143,16.39833375,0.265585278351228,8.739302001009833,7.008109567670852,4.125180865264008,4.265804030239316,2.797179729058705,76.37539946485447
Paraguay,PRY,2020,1.202349154,6109.196081,1056.54063,62.183,62.76021747,61.5,0.0,34.20429922,16.62154291,0.18427727147002165,8.717550469204564,6.962755293486554,4.130081650491524,4.139321392963991,2.810699619655146,75.99568618312871
Paraguay,PRY,2021,1.340403358,6278.110067,1094.065945,62.496,69.74227302,58.8,0.0,34.67968973,16.82401712,0.292970582100202,8.744824269424065,6.997656259958652,4.135102554694268,4.24480663348953,2.8228074559937943,76.47195150310813
Peru,PER,2000,1.089696192,3286.273085,506.0079249,73.042,35.53803216,38.6,63.48240144,29.0341337,20.77994609,0.08589893445481578,8.097509400743647,6.2265523310225275,4.291034618168124,3.570603451469291,3.033988391346253,65.56965849513173
Peru,PER,2001,0.998950439,3261.664251,483.0985507,73.448,35.06440143,41.2,61.16301008,29.03515644,21.06609453,-0.0010501121748411656,8.089992850538389,6.180220671555861,4.296577672841399,3.5571864115451564,3.0476648537298305,65.44798432176225
Peru,PER,2002,1.029704506,3398.749914,478.0853677,73.85,35.24918133,40.2,61.34544946,29.44403216,21.31891953,0.029271873702847298,8.13116297064326,6.169789310060177,4.302036008977389,3.5624423043077296,3.059594919307994,66.11581125516012
Peru,PER,2003,0.998894508,3502.791657,464.5807894,74.249,37.62461033,40.9,60.44216727,29.88934946,21.54725781,-0.001106103506999958,8.161315545836395,6.141135470794386,4.307424309578646,3.6276583663376685,3.0702485606572454,66.60707143871082
Peru,PER,2004,1.142351822,3640.602999,499.9050305,74.644,41.93607827,37.8,64.49599827,32.65009762,21.75952344,0.13308913909484532,8.199904605976773,6.214418141381495,4.3127301456712255,3.7361465129947993,3.080051521012623,67.2384355471191
Peru,PER,2005,1.132899046,3835.132193,525.1295262,75.034,47.35731748,38.4,66.16631589,34.35666742,21.95404688,0.12477987481027102,8.25195918335069,6.263644948733524,4.317941344145133,3.8577213479242882,3.0889514906368087,68.09483036368579
Peru,PER,2006,1.111596321,4091.362686,503.2432233,75.421,51.78505603,38.7,64.08541948,37.45775499,22.12850859,0.10579710923697792,8.316633368607487,6.221073598557402,4.323085750824782,3.947101614013801,3.0968667586604433,69.16639058783552
Peru,PER,2007,1.20469884,4407.791217,531.6589446,75.803,55.68811328,36.0,66.48933404,37.69897996,22.28960859,0.1862296103948798,8.391128985146585,6.276002202182035,4.328137869701556,4.019766718054786,3.1041205873512725,70.41104564536715
Peru,PER,2008,1.357601042,4778.526422,581.604189,76.052,58.43376739,33.7,68.92451085,36.32693447,22.43675078,0.3057192024685219,8.471887498041163,6.365790128738076,4.3314173168473395,4.067893931468797,3.110700274270379,71.77287777946616
Peru,PER,2009,1.4523921,4801.171537,583.138421,76.241,48.11192962,32.9,68.66360071,33.55168254,22.57563359,0.37321192127032315,8.476615237324028,6.368424586985198,4.333899375734219,3.8735301634083887,3.116871164911421,71.85300588163389
Peru,PER,2010,1.576063056,5167.392593,603.4554325,76.43,51.67280894,32.2,72.59481349,35.7720066,22.72345234,0.45493000078758683,8.550123506240732,6.4026721894262355,4.336375289254793,3.944931703894825,3.1233975338939852,73.10461197197031
Peru,PER,2011,1.678015141,5453.457187,688.0598342,76.617,55.98828028,30.6,69.60970428,37.23610028,22.89381719,0.5176116312462599,8.604005032783292,6.533875802465772,4.33881898423814,4.025142388118599,3.1308668824028154,74.02890260416021
Peru,PER,2012,1.662026792,5740.043463,731.9756083,76.804,52.61989526,30.8,72.46540168,35.53355336,23.08622344,0.5080378166402687,8.655222061236165,6.595747191411586,4.34125672213067,3.963094285112256,3.13923605173897,74.9128689293092
Peru,PER,2013,1.687431641,6021.461428,698.0538205,76.989,49.78714245,28.4,74.615671,33.85943675,23.29524922,0.5232076339069976,8.703085270967156,6.548296206523325,4.343662554505773,3.907756766960509,3.1482494436446724,75.74369323372545
Peru,PER,2014,1.767954165,6103.918647,728.635674,77.173,46.85312109,28.6,86.2064667,31.70140393,23.52798906,0.5698230391056432,8.716686245057652,6.591173845769476,4.346049654924465,3.8470176252488497,3.158190736273687,75.98061909477727
Peru,PER,2015,1.802252968,6231.711503,743.0112092,77.357,45.16276869,27.4,32.85508565,30.33787987,23.795,0.5890375311315458,8.73740629363565,6.6107111310104205,4.348431070661959,3.8102730458609875,3.169475474573074,76.34226874006386
Peru,PER,2016,1.862576294,6392.254749,764.054758,77.539,45.3888412,27.2,0.0,30.55655058,24.11444844,0.6219606336540842,8.762842341001134,6.638639459373019,4.350781035590109,3.8152662862900915,3.1828111811880406,76.78740589324224
Peru,PER,2017,1.762385946,6457.419403,762.0427562,77.72,47.51355036,27.6,0.0,31.29788412,24.47237266,0.5666685421210462,8.772985043746152,6.6360026646111985,4.353112624509239,3.861014941095478,3.197544834748349,76.96526657779367
Peru,PER,2018,1.73484299,6593.144375,783.8902058,77.907,48.63147017,27.9,0.0,31.6240835,24.9199875,0.5509169136266082,8.793785657098928,6.664268966920935,4.355515807632968,3.8842708557086727,3.2156701923139903,77.33066618299883
Peru,PER,2019,1.792318929,6626.260835,798.439604,78.099,46.94350538,27.1,0.0,30.44919578,25.35101797,0.5835102724896071,8.798795947463855,6.682659327975423,4.357977252666356,3.8489448655212866,3.2328188858384324,77.41881012510636
Peru,PER,2020,1.447017546,5831.830248,666.6663633,78.297,44.2459672,31.6,0.0,30.31928571,25.65513984,0.36950457335330084,8.671086166268992,6.502289715823869,4.360509288086505,3.789764230577571,3.2447439351683927,75.18773530286148
Peru,PER,2021,1.606613873,6547.847182,775.1346287,78.5,55.42724937,30.6,0.0,35.73833431,25.90303281,0.4741287797258955,8.786891600100178,6.653036728718352,4.363098624788363,4.0150713387113415,3.254360058761381,77.20946399191106
Philippines,PHL,2000,0.932441191,1793.347611,487.4027795,46.135,85.15336846,33.9,54.68270537,34.97528477,267.0469766,-0.06994919540464982,7.491839325980191,6.189090843883093,3.831571881030519,4.444453965457201,5.587424585246311,56.12765648630332
Philippines,PHL,2001,0.880483905,1807.708925,454.033055,46.05,84.90038862,32.9,56.26234469,34.89761526,273.0036154,-0.1272836305996584,7.499815535181654,6.118170003760992,3.829727762701316,4.441478670691985,5.609485038320712,56.24723306175207
Philippines,PHL,2002,0.877841282,1837.254293,451.2844687,45.965,83.84480409,31.8,57.85055719,34.78343526,278.5957306,-0.13028947389785286,7.516027504050692,6.1120978916606585,3.827880237315718,4.428967519622904,5.629761736748744,56.490669441646475
Philippines,PHL,2003,0.882266978,1892.82162,442.5687891,45.88,87.57464436,30.9,59.37318543,34.54056403,284.1729047,-0.12526057263345644,7.545823915390503,6.092595907959236,3.82602929226117,4.472491508098998,5.64958287227208,56.93945856207927
Philippines,PHL,2004,0.875840435,1978.344891,430.0749233,45.795,87.12528482,30.2,58.86146098,33.61869621,289.7491498,-0.13257135646388843,7.590015860481593,6.0639594337421,3.824174914854951,4.467347138171471,5.669015547961889,57.60834076236213
Philippines,PHL,2005,0.896020429,2037.877661,434.4700891,45.71,83.84567457,31.3,58.73980152,33.81367631,295.1871818,-0.10979206604391342,7.61966418303091,6.074127102519998,3.822317092343653,4.428977901607701,5.687609669696831,58.0592822621641
Philippines,PHL,2006,0.792682424,2110.420448,423.3560124,45.625,80.85053867,33.3,57.18345196,33.46258533,300.194473,-0.23233261170727873,7.654642471074564,6.048213461947992,3.8204558119026557,4.392602248585955,5.704430507970582,58.59355135997851
Philippines,PHL,2007,0.844793242,2209.346511,425.6250193,45.54,73.64497999,32.4,57.10188904,33.00086093,305.4471744,-0.1686633655886515,7.700452054404914,6.053558722248857,3.8185910606355935,4.299255980232596,5.7217768484391405,59.29696184218886
Philippines,PHL,2008,0.838628468,2264.946291,439.081887,45.455,67.68107077,33.9,56.78385765,32.76528841,310.8934333,-0.17598749776704814,7.7253063250532055,6.084685926432182,3.8167228255738217,4.214806536242556,5.739450195259142,59.680357815907065
Philippines,PHL,2009,0.833016102,2256.725548,420.717035,45.371,60.88659079,34.1,54.1057885,31.52254268,316.5450917,-0.18270230687006617,7.72167016906916,6.041960481813776,3.8148731344292264,4.10901296639953,5.757465701262594,59.62419019989255
Philippines,PHL,2010,0.881750416,2373.143121,431.460692,45.332,66.10427851,32.7,58.42124914,32.33955605,323.0946272,-0.12584623807703108,7.77197056688001,6.0671764101978445,3.814013184870702,4.191233472599496,5.777945243784732,60.40352649244919
Philippines,PHL,2011,0.860716468,2416.752121,428.3297866,45.522,60.7958367,33.8,57.86598906,31.33868278,329.5053627,-0.14999013424612417,7.790179818969239,6.059893428315644,3.8181957255839927,4.1075213112986315,5.797592629075675,60.68690161187561
Philippines,PHL,2012,0.893216298,2533.74142,437.4664062,45.712,57.84200551,34.1,58.71187661,31.39949336,335.9677768,-0.11292651242935745,7.837452311475325,6.080999917020915,3.8223608454884173,4.057715250658806,5.817015252983325,61.42565873464992
Philippines,PHL,2013,0.954798182,2654.415069,443.2697193,45.903,55.82478123,33.1,60.79785164,30.77544663,342.3427441,-0.04625528858295302,7.883979596409216,6.09417843195122,3.826530474407786,4.022217878864983,5.835812410950763,62.15713427659683
Philippines,PHL,2014,1.002138153,2776.920059,465.6258864,46.093,57.46817209,32.4,61.60337208,31.04744448,348.0133146,0.0021358704039881977,7.929097700072141,6.143382492809864,3.830661094655376,4.051231265680078,5.852240739387393,62.87059033728932
Philippines,PHL,2015,1.074529342,2909.85818,499.0707763,46.284,59.14159211,30.8,43.30260342,30.48195098,353.1978133,0.07188274431250595,7.975859623582742,6.21274792196625,3.834796329014091,4.079934435096799,5.867028277600787,63.61433673509743
Philippines,PHL,2016,1.136202587,3076.337419,520.9808508,46.475,61.77606577,28.6,0.0,30.28591717,357.969343,0.12769163802616929,8.031495018692803,6.255713286375401,3.838914533607508,4.123516004174253,5.8804473486556805,64.5049122352873
Philippines,PHL,2017,1.254372781,3247.450388,544.4751998,46.682,68.16836974,27.8,0.0,30.12655058,362.6109032,0.22663567155843053,8.085625471445766,6.299822394595602,3.8433586514019953,4.221980670463533,5.893330367366742,65.37733926449258
Philippines,PHL,2018,1.290932531,3410.93648,554.4982835,46.907,72.1633983,27.6,0.0,30.56374015,367.1237448,0.2553648494608947,8.134742160140297,6.318063711204025,3.848166918046347,4.278932968603354,5.905698970513961,66.17403001196402
Philippines,PHL,2019,1.334754958,3575.881709,551.8665498,47.149,68.84184226,26.9,0.0,30.32750788,371.6157997,0.28874772294454676,8.181967056607576,6.313306259440318,3.853312799946813,4.231811732461143,5.917860524065958,66.94458491541164
Philippines,PHL,2020,1.211622667,3198.6669,518.1567758,47.408,58.1695603,29.1,0.0,28.39991759,375.8971862,0.19196050831552425,8.070489408238535,6.250277852452956,3.8587909908312095,4.063362199014954,5.929315665040653,65.13279928849038
Philippines,PHL,2021,1.287227915,3350.975876,530.9879807,47.684,63.48460981,28.0,0.0,28.88980912,379.3170004,0.2524910030674732,8.117006888666335,6.274739385769186,3.864595911855755,4.150797511326605,5.938372268149187,65.88580083065673
Poland,POL,2000,8.18162355,7401.576976,2321.776433,61.716,60.61072094,6.9,96.1618343,28.77183973,124.9098208,2.1018906089156144,8.90944836135351,7.75008787553801,4.122543216580779,4.104471790629294,4.827592043343853,79.37827010362474
Poland,POL,2001,8.098441344,7494.960895,2338.142938,61.761,57.87853127,7.3,95.9112339,27.35051986,124.8753665,2.09167161649534,8.921986193044768,7.75711227703235,4.123272097295281,4.058346526009394,4.827316171899346,79.60183762888147
Poland,POL,2002,7.912642422,7640.993078,2312.594785,61.787,60.79679906,7.5,95.93668257,26.65472041,124.8175389,2.0684617869291566,8.941282857744788,7.746125456654699,4.123692986348666,4.107537140546744,4.826852982118753,79.9465391422008
Poland,POL,2003,8.252764002,7915.554244,2375.411538,61.676,69.21344798,7.3,96.23133226,27.5111441,124.7536899,2.110548174781843,8.976584994373933,7.772925980615537,4.121894876309106,4.237195178714128,4.826341312550911,80.57907816121927
Poland,POL,2004,8.314749204,8323.387738,2383.780411,61.564,70.98157657,7.3,95.94957642,29.18527875,124.6440832,2.118030950313885,9.026824630988031,7.776442914463036,4.120077284117707,4.262420358439699,4.825462341534495,81.48356291861221
Poland,POL,2005,8.307991692,8598.576812,2414.282372,61.452,70.31147909,7.2,95.98914543,29.05889803,124.5893154,2.117217906013366,9.059351981570375,7.789157367476195,4.118256382268414,4.25293507268444,4.825022851472656,82.07185832598307
Poland,POL,2006,8.671182842,9137.658508,2538.761124,61.341,77.70080354,7.2,95.75304,29.20218936,124.5144522,2.160005210783245,9.120159450884321,7.8394314945688945,4.116448461129027,4.352865598890269,4.824421791095488,83.1773084095546
Poland,POL,2007,8.664067369,9760.70426,2529.619078,61.229,80.74539906,7.3,95.12885856,29.27545127,124.446853,2.1591842854071475,9.186119834590775,7.835824008330626,4.114620933493031,4.391300982894342,4.823878741229912,84.38479761546205
Poland,POL,2008,8.512780034,10187.20179,2563.585185,61.116,80.57468156,8.0,94.15759267,28.81653168,124.4719523,2.1415685677333682,9.228887484973441,7.8491620206306925,4.112773697690468,4.38918447559937,4.824080407793872,85.1723642102994
Poland,POL,2009,8.160671519,10446.52891,2463.270434,61.004,74.96859653,8.8,93.27710018,29.96131267,124.5644606,2.0993264595851486,9.254025040492545,7.80924519071268,4.110939435793937,4.31706931291824,4.824823337738756,85.63697945006305
Poland,POL,2010,8.657718463,10808.39757,2642.068812,60.892,82.22585232,9.5,92.3871757,29.69749939,124.2092007,2.1584512309350643,9.288078663752536,7.879317530163231,4.1091018031970075,4.409469757725258,4.821967246465757,86.26840526405509
Poland,POL,2011,8.588679555,11370.31343,2652.990806,60.78,86.92368928,10.4,92.12947592,30.394166,124.2962969,2.1504450053210706,9.33876115276745,7.883442888620992,4.107260787488647,4.465030599034194,4.82266820643974,87.21245986843843
Poland,POL,2012,8.39923607,11542.23534,2563.690892,60.654,88.82990331,10.9,91.08084359,30.22816571,124.3000588,2.1281407576659883,9.353768224943478,7.84920325383071,4.105185585399975,4.486723342297397,4.822698471565628,87.49298000596225
Poland,POL,2013,8.282530931,11628.22868,2567.182085,60.529,90.41750724,11.4,91.09273684,28.67683335,124.2291107,2.1141485896853935,9.361190927808057,7.850564111351229,4.103122589033607,4.5044379128069405,4.822127527703626,87.63189558687587
Poland,POL,2014,7.959281522,12093.16228,2473.797707,60.403,92.03401971,11.6,90.07373172,29.93512398,124.1442732,2.0743387347272413,9.400395471028736,7.81350978202642,4.101038772581484,4.522158288153988,4.821444382819362,88.36743501173757
Poland,POL,2015,8.048854417,12637.52203,2498.774066,60.278,92.25542727,11.9,89.98178978,30.99393003,124.0615696,2.085529772856459,9.444425606551738,7.823555516983838,4.098967194707544,4.524561113385213,4.820777971407545,89.19717503769016
Poland,POL,2016,8.340905303,13026.1859,2614.971605,60.178,96.86590281,11.3,0.0,30.67348711,124.008253,2.121171759999966,9.474716910461597,7.869008517931465,4.097306837017213,4.573327576786602,4.820348119841867,89.77026053338695
Poland,POL,2017,8.695218248,13695.64528,2734.427276,60.105,100.5658952,11.1,0.0,28.80907596,124.0237304,2.162773247893767,9.524833198513415,7.913677287443231,4.096093032756218,4.610813186270929,4.82047292148888,90.72244745950329
Poland,POL,2018,8.678514013,14551.08503,2865.526831,60.058,102.4424622,15.1,0.0,28.86146172,124.0315838,2.160850317357452,9.585420842327839,7.9605074974098295,4.095310761967426,4.629301296575471,4.820536241236961,91.88029272453294
Poland,POL,2019,8.220176358,15221.30906,2761.072462,60.037,101.5810338,15.6,0.0,28.83152422,124.0255954,2.1065916635824644,9.63045163691552,7.923374456424591,4.094961038828011,4.6208568425215475,4.820487958820621,92.74559873096882
Poland,POL,2020,7.913532738,15090.22284,2710.956062,60.043,99.25909123,16.1,0.0,28.56694862,122.5484206,2.068574298763752,9.621802319048484,7.905056642063748,4.095060972205842,4.597733514667051,4.808506222090176,92.57907986684678
Poland,POL,2021,8.75705916,16368.62397,2920.113525,60.075,110.874283,15.2,0.0,28.48599934,120.8152859,2.1698601362555343,9.703121608799119,7.9793777729312385,4.095593781622533,4.708396973867008,4.794262816402627,94.15056895514441
Portugal,PRT,2000,6.259702477,18822.09331,2390.188701,54.399,67.45299799,20.1,84.03297743,24.4615744,112.4579016,1.8341326563467506,9.84278663490299,7.779127596202128,3.9963457713399984,4.211431029256808,4.72257894361119,96.88044874022495
Portugal,PRT,2001,6.143366579,19053.08995,2391.321137,55.044,65.09195518,20.8,83.38213442,24.14388424,113.2537923,1.8153728946647416,9.854984569501246,7.779601269188085,4.008132865403035,4.175800965234252,4.7296312498952116,97.12072086510766
Portugal,PRT,2002,6.516372797,19095.11025,2477.602758,55.666,62.30825942,18.3,85.25284402,23.49698865,113.8757486,1.874317901656937,9.857187573405714,7.815046741832413,4.019369547629028,4.132093991965996,4.7351079294333775,97.16414685730402
Portugal,PRT,2003,6.020038014,18846.54119,2400.861398,56.287,61.13894749,22.1,81.77021159,22.62971502,114.3040546,1.7950935739187328,9.844084684792895,7.7835828677744905,4.030463602621325,4.113149101561487,4.738862043487437,96.90600328137403
Portugal,PRT,2004,6.1734031,19137.83709,2463.102488,56.907,63.20459367,19.9,82.75214557,22.23695662,114.5777158,1.8202502417819608,9.859422653919239,7.809177008298265,4.041418356412695,4.146376983163309,4.741253333365416,97.20821506861589
Portugal,PRT,2005,6.472785298,19251.71451,2519.139019,57.522,62.94450456,18.1,84.11764961,21.38330861,114.8281404,1.8676065101580297,9.865355401204384,7.831672462999708,4.052167483322915,4.142253458188756,4.743436579282675,97.32523719207252
Portugal,PRT,2006,5.99647149,19529.31221,2390.463746,58.137,68.54705312,22.3,80.81174575,21.14765296,115.0353996,1.7911712112382463,9.879671806148693,7.779242662086273,4.062802294212222,4.227520416316957,4.745239903604287,97.60791499720938
Portugal,PRT,2007,5.83221189,19979.57062,2402.510665,58.749,69.94611758,23.1,79.23773811,21.15335285,115.2614409,1.7633963263508816,9.90246556148113,7.7842695799605055,4.073274131602809,4.247725196783448,4.747202947231785,98.05882419631978
Portugal,PRT,2008,5.626804703,20014.47493,2337.492531,59.359,72.07574292,23.2,78.62915491,20.38627976,115.4277577,1.7275417327224807,9.90421103725793,7.756834065863619,4.083603752356037,4.277717551067597,4.74864485981222,98.0933962705418
Portugal,PRT,2009,5.548517176,19371.13188,2304.178484,59.964,61.49269353,24.9,78.08251226,19.85719046,115.3864723,1.7135307165651164,9.871539189386626,7.742479485829256,4.093744382150068,4.118918363364427,4.7482871227659365,97.44728596759596
Portugal,PRT,2010,5.050165041,19698.68367,2222.628335,60.567,67.68924019,27.8,75.12563051,19.9335311,115.4394585,1.6194209241393822,9.88830709371188,7.706445709253025,4.103750190296196,4.214927233608943,4.748746223706173,97.7786171795527
Portugal,PRT,2011,4.882273935,19389.63959,2164.032199,61.167,73.00757567,27.2,75.65478978,19.3319728,115.2697893,1.5856110816215,9.872494160647756,7.679728519245693,4.113607828402947,4.290563212065373,4.747275374728887,97.46614095202405
Portugal,PRT,2012,4.748363361,18679.76268,2039.169997,61.763,75.94110672,25.5,75.80654224,19.08675839,114.8034065,1.5578000030946904,9.835196007205342,7.620298139830873,4.123304479666321,4.329958128308207,4.7432211567901685,96.7310805001479
Portugal,PRT,2013,4.618154121,18597.72146,2055.588166,62.352,78.03050569,30.2,73.43074253,18.88309738,114.1561287,1.5299950843468213,9.830794350046753,7.628317298144897,4.132795748596354,4.357099848820217,4.737567061416289,96.64451755291117
Portugal,PRT,2014,4.597847797,18836.8968,2035.411425,62.936,80.22066907,30.5,72.78057369,18.98504401,113.5417704,1.5255883237922365,9.84357282118782,7.61845325188937,4.142118337026941,4.384781200745919,4.732170790363661,96.89592588602754
Portugal,PRT,2015,5.008304631,19215.7813,2121.087266,63.514,80.63467563,27.2,77.40885043,19.59384983,113.0725196,1.6110974608215984,9.863487163114282,7.659684097518394,4.151260354039114,4.389928775729529,4.7280293792400485,97.28837901692023
Portugal,PRT,2016,4.908259706,19662.82312,2111.097113,64.086,79.52234648,29.0,0.0,19.44817809,112.7163842,1.5909194402816504,9.886484980543651,7.654963050106164,4.160225931335614,4.376038069961254,4.724874789361232,97.74258527051519
Portugal,PRT,2017,5.369125171,20364.19637,2209.981351,64.652,84.80779231,24.4,0.0,19.24938331,112.4418158,1.6806649848211228,9.921533557973179,7.700739356014656,4.169019040547562,4.440387429024302,4.722435894965211,98.43682814198793
Portugal,PRT,2018,4.985568595,20997.77449,2140.975589,65.211,86.73569549,27.5,0.0,19.38204354,112.261936,1.6065474580928703,9.95217173442297,7.669016886843226,4.177628166358838,4.462865511743511,4.7208348550450205,99.04572223144751
Portugal,PRT,2019,4.537857918,21569.18746,2115.185705,65.764,86.77098891,28.2,0.0,18.88608319,112.2885828,1.5124550764801057,9.979021068761758,7.656897891408358,4.18607257614863,4.463272336651829,4.721072189612471,99.58086149079107
Portugal,PRT,2020,3.974553565,19778.71385,1957.305502,66.31,76.50864072,31.3,0.0,19.39453334,112.406676,1.3799124311071533,9.892361580312379,7.579324062519701,4.194340715380776,4.337403685042288,4.72212333071357,97.85881763564042
Portugal,PRT,2021,3.779515416,20747.69916,1943.292697,66.849,85.87354521,32.3,0.0,19.31283696,113.1135105,1.3295958045881842,9.940190635655354,7.57213907982315,4.202436344572941,4.452875809612991,4.728391832221169,98.80738987317038
Romania,ROU,2000,4.340673078,4569.309148,1615.334882,53.004,48.52132539,16.4,84.75752616,30.26346214,97.70132341,1.4680294231843272,8.427117301344772,7.387297571436751,3.9703673824023897,3.88200340006715,4.581915104606944,71.01630601062439
Romania,ROU,2001,4.717280025,4875.303106,1666.724008,52.852,51.92859102,13.4,86.38033155,32.33720698,96.34743807,1.5512323676026287,8.49193755708887,7.418615306956296,3.9674955545519706,3.9498695251946683,4.56796080467811,72.11300347349648
Romania,ROU,2002,4.758262306,5248.549946,1755.331086,52.78,53.71024781,14.4,86.73481121,33.32698502,94.53384957,1.559882539827355,8.565707116673309,7.470412771098681,3.966132331075178,3.983603817758893,4.54895796687058,73.37133840862778
Romania,ROU,2003,4.994821159,5410.308358,1841.574339,52.912,56.17952705,15.7,86.42422176,32.04849373,93.82181344,1.608401607455534,8.5960613679981,7.518376103791477,3.968630156239437,4.028552403164336,4.541397381641245,73.89227104238937
Romania,ROU,2004,4.921403142,6008.640485,1807.04208,53.043,60.62647867,17.3,84.31277686,31.83478736,93.26846957,1.5935936813082763,8.700953793121544,7.499446577537467,3.971102905364062,4.104731739393195,4.535482104005458,75.70659691003618
Romania,ROU,2005,4.900775973,6328.090223,1808.187618,53.174,59.36054945,18.5,83.96592483,32.26587428,92.70234368,1.5893935544154036,8.752753767089212,7.500080306585981,3.9735695550796617,4.08362985504944,4.529393754668612,76.61069850729439
Romania,ROU,2006,5.229586444,6876.778414,1881.717665,53.305,61.68362593,17.4,85.18667012,32.97827709,92.15479607,1.654332201145362,8.835905567483284,7.539940290294172,3.9760301354024383,4.122018513681581,4.523469729098962,78.0732271974821
Romania,ROU,2007,5.127687224,7483.973758,1900.483214,53.436,63.50515667,18.2,83.33764289,34.28218255,90.83901866,1.6346547239984235,8.92051918097415,7.549863455977775,3.978484676127566,4.1511211100030785,4.509088914228763,79.57566245812772
Romania,ROU,2008,5.130116918,8318.003428,1925.093595,53.567,65.175201,20.4,80.00378556,36.77437066,89.33394954,1.635128449956105,9.02617753242107,7.562729866319153,3.9809332068313537,4.177079043819413,4.492381589654778,81.47188084678291
Romania,ROU,2009,4.206940208,7924.870581,1707.812283,53.698,58.47005837,22.1,76.80634907,36.42314204,88.53119621,1.436735592004414,8.977761268138952,7.442968463741821,3.9833757568733876,4.068514800476802,4.483354989448537,80.60019738769593
Romania,ROU,2010,4.116023656,7660.706676,1724.698487,53.829,69.95493549,24.1,75.30552674,38.30732865,88.01074114,1.41488756528279,8.943859513831853,7.452807524042955,3.9858123553986395,4.247851256020575,4.477458865438776,79.99262300316056
Romania,ROU,2011,4.457703198,8044.571949,1771.703586,53.96,76.27135644,21.1,77.8886269,40.20991596,87.53324934,1.4946336553583408,8.99275285092579,7.479696840649046,3.988243031339555,4.334297460730208,4.472018713641862,80.86960383783392
Romania,ROU,2012,4.368663231,8234.285534,1736.576205,53.974,76.59432399,21.5,76.65369549,34.42764635,87.20126511,1.4744570655151918,9.016061879163628,7.459670755471171,3.9885024491333647,4.338522974653795,4.468218838951894,81.28937180890756
Romania,ROU,2013,3.979224461,8287.958441,1590.193813,53.937,81.39761317,23.1,73.76161681,32.0726085,86.87429031,1.3810869412636297,9.022558950128584,7.3716111827542425,3.9878166988122676,4.399345950342717,4.4644621347580635,81.40657000854542
Romania,ROU,2014,3.967009057,8661.473973,1579.406598,53.9,83.37514296,24.3,73.08670188,32.57002115,86.53068063,1.3780124246150418,9.066640191807709,7.364804484590528,3.9871304779149512,4.423350218896987,4.460499040414593,82.20396436770292
Romania,ROU,2015,4.051925512,8977.017482,1598.691798,53.887,83.5205767,23.7,39.00551001,30.81180708,86.12489569,1.3991922031967368,9.10242297717598,7.376940947539221,3.9868892614405524,4.42509302904344,4.4557985181865,82.85410405542123
Romania,ROU,2016,3.99419011,9286.876782,1604.62335,53.9,85.89252829,24.4,0.0,30.12138475,85.63224531,1.3848408327591795,9.1363575838943,7.380644335126927,3.9871304779149512,4.453096843716995,4.450061909761717,83.47302990078289
Romania,ROU,2017,4.175138594,10106.22696,1693.373642,53.936,87.15606457,23.4,0.0,29.11309332,85.13871262,1.4291475539195029,9.220907043545452,7.434478055951808,3.987798158491705,4.467700357267234,4.44428183954338,85.02512670570613
Romania,ROU,2018,4.261570702,10788.01509,1717.11748,53.998,86.49119902,23.0,0.0,28.911866,84.63999478,1.4496378017143472,9.28619108303506,7.448402280222516,3.9889470088413495,4.46004266332789,4.438406906437019,86.23334483063987
Romania,ROU,2019,4.189240895,11270.4758,1705.257776,54.084,84.36771216,23.5,0.0,27.62803765,84.19527121,1.4325195468762713,9.32994182442127,7.441471566559617,3.9905383934965117,4.435184771062211,4.433138758269745,87.0478144470853
Romania,ROU,2020,3.929562295,10916.31261,1669.638229,54.194,77.92364346,24.1,0.0,26.48734225,83.73283206,1.3685280443604124,9.298013519197582,7.420362252601959,3.9925702012107696,4.355729417224685,4.427631159363429,86.453055403181
Romania,ROU,2021,4.204955125,11607.97712,1787.095642,54.329,86.61334943,23.6,0.0,26.07985944,83.11047896,1.4362636215487044,9.359447823507637,7.488347034712122,3.995058154356858,4.461453954150322,4.420170794513075,87.59926356096183
Russian Federation,RUS,2000,11.46780222,5323.666504,4224.989519,73.35,68.09390704,3.5,91.11102053,33.91897032,8.949015709,2.439543301621969,8.579917537432818,8.348772059078138,4.295242504588991,4.220887738374451,2.191543549590844,73.61498494914724
Russian Federation,RUS,2001,11.53790307,5618.955566,4287.908295,73.346,61.11085866,3.6,90.89618296,31.83735412,8.911633753,2.4456375348633723,8.633901083268153,8.363554316094707,4.295187970041341,4.112689569863583,2.187357586402406,74.54424791565899
Russian Federation,RUS,2002,11.52928902,5910.171875,4289.439573,73.341,59.64544573,3.5,90.72643378,29.05639281,8.870461463,2.44489066889314,8.684430192041567,8.363911367724146,4.295119797674302,4.088417795754858,2.182726820109152,75.41932776044314
Russian Federation,RUS,2003,12.01005529,6370.453613,4461.83176,73.373,59.12826901,3.3,90.90480708,28.65313499,8.830278652,2.485744239744909,8.759425956862863,8.40331466921663,4.295556020536571,4.079709135093397,2.1781865715358375,76.72754309376288
Russian Federation,RUS,2004,12.06970358,6856.678223,4494.501528,73.418,56.5818524,3.5,90.67398898,31.70222243,8.794658032,2.4906984763985984,8.832978379393127,8.410610045984471,4.296169137163743,4.035688304821413,2.1741444953414955,78.02150705082644
Russian Federation,RUS,2005,12.1188174,7323.385254,4541.208635,73.463,56.71324849,3.6,90.68245447,32.62923207,8.761088894,2.494759401623065,8.898827966444175,8.420948474768355,4.296781878109243,4.038007842875218,2.170320200191363,79.18913917636897
Russian Federation,RUS,2006,12.4164803,7949.896973,4689.151084,73.508,54.73340187,3.5,90.60676978,31.78026059,8.734394184,2.5190246466488437,8.980914248193335,8.453006839513135,4.297394243833178,4.002474160541882,2.167268586172264,80.65682073340204
Russian Federation,RUS,2007,12.45756927,8640.40625,4710.474521,73.553,51.70612275,3.7,90.5376491,31.2220408,8.71946398,2.5223284116636826,9.064204880368637,8.457543929494156,4.298006234794813,3.945576202935559,2.1655577658480327,82.15981011329862
Russian Federation,RUS,2008,12.36010057,9093.700195,4822.381363,73.598,53.38246604,3.3,90.96162445,30.7868817,8.716095689,2.5144735887278333,9.115337166500417,8.481023143751516,4.29861785145257,3.977482340736193,2.165171395567314,83.08937165898385
Russian Federation,RUS,2009,11.64024617,8381.868164,4529.203199,73.642,48.43506103,3.6,90.20404927,29.32693903,8.718720244,2.4544685907050923,9.033826099895563,8.418301308745384,4.299215515148709,3.8802239529167823,2.165472466141263,81.61001400315429
Russian Federation,RUS,2010,12.22859367,8755.120117,4853.36753,73.687,50.35550549,3.3,89.88945166,29.99958822,8.722635522,2.5037769528991403,9.077393964443084,8.487428079074228,4.299826392863203,3.9191079575761845,2.1659214310174226,82.39908118570773
Russian Federation,RUS,2011,12.81348852,9120.820313,5004.234393,73.732,48.03539941,3.2,91.69254756,29.41358884,8.732938284,2.550498406702992,9.118315025624302,8.518039711616888,4.300436897633928,3.871938226805794,2.167101886419335,83.14366890652592
Russian Federation,RUS,2012,12.69193619,9464.010742,5056.083234,73.791,47.15139039,3.2,92.74488819,29.10286807,8.754935894,2.5409668461318846,9.155251540695618,8.528347398112075,4.30123677295026,3.853363497297919,2.169617643495131,83.81863077340948
Russian Federation,RUS,2013,12.26790427,9601.537109,4896.950298,73.863,46.2871494,3.6,92.63988784,28.19128918,8.781020915,2.5069864429936497,9.16967848015964,8.496367902171539,4.302212025983794,3.8348643718119093,2.172592678222192,84.0830034295028
Russian Federation,RUS,2014,12.13378879,9493.8125,4894.425521,73.95,47.80134126,3.3,92.7856117,27.93152706,8.807374242,2.4959940229074284,9.158395549600886,8.495852187709621,4.303389189156809,3.8670536989363766,2.1755893526186854,83.87620904294931
Russian Federation,RUS,2015,12.14773716,9277.713867,4785.195725,74.05,49.35934931,3.2,50.13906251,29.79405999,8.832012222,2.4971429104660583,9.135370444892175,8.473282206916762,4.304740540713808,3.899127196973775,2.1783828733653037,83.45499316540945
Russian Federation,RUS,2016,11.96120883,9269.319336,4917.540839,74.164,46.51811984,3.4,0.0,29.17390507,8.854894739,2.481668816157455,9.134465229326825,8.500563855058418,4.306278857235607,3.839841910668618,2.180970383981761,83.43845502578075
Russian Federation,RUS,2017,12.13513139,9418.914063,4999.079908,74.292,46.87652434,3.2,0.0,30.67329689,8.871857687,2.4961046664788284,9.15047508098886,8.517009156082775,4.308003274325095,3.847517003015169,2.182884209229602,83.73119420779808
Russian Federation,RUS,2018,12.66482591,9674.787109,5259.908376,74.433,51.58090037,3.2,0.0,32.55429805,8.878259765,2.5388285376031443,9.177278513418159,8.567868886568636,4.309899391887635,3.9431514560976684,2.1836055653890667,84.22244091284661
Russian Federation,RUS,2019,13.13010236,9882.024414,5065.148209,74.587,49.22875366,3.2,0.0,32.15049584,8.881629457,2.574907484171598,9.198472669955164,8.530138677656455,4.311966229289617,3.896477876772814,2.183985037580398,84.61189945991208
Russian Federation,RUS,2020,12.59110356,9632.325195,5044.853669,74.754,45.9669082,3.7,0.0,29.71712458,8.868919885,2.532990497908303,9.17287992891805,8.526123927213435,4.314202722544781,3.8279217506496113,2.182553017204345,84.14172619034761
Russian Federation,RUS,2021,13.52657132,10231.31836,5681.39248,74.934,50.58619546,3.5,0.0,31.78599915,8.838487574,2.6046559969122076,9.233208722587655,8.644951636599215,4.3166077261090035,3.923678722076046,2.179115773098147,85.25214331486876
Rwanda,RWA,2000,0.082834881,333.3550904,405.776824,14.926,27.48486383,86.8,0.0,16.81998942,332.9522092,-2.490906038183481,5.809208259383955,6.005803313882996,2.703104658709196,3.3136354469616207,5.807998963765134,33.74690060089476
Rwanda,RWA,2001,0.08392568,358.4460589,406.22364,15.829,29.19890944,86.9,0.0,16.4383278,335.917876,-2.4778236336764174,5.881778185399548,6.006903845384904,2.761843700703601,3.3741313606315786,5.816866713421916,34.595314622242
Rwanda,RWA,2002,0.097426484,400.2704215,407.8291595,16.777,27.60943812,87.1,0.0,16.39183842,340.5018241,-2.328657195643453,5.99214037243659,6.010848359997964,2.8200089007882636,3.3181576751373774,5.830420482697098,35.90574624298451
Rwanda,RWA,2003,0.082486353,400.1916209,396.4949668,16.904,29.31062424,87.3,0.0,14.28732208,348.0695176,-2.4951224175064164,5.991943484649085,5.982663346921192,2.8275502803137558,3.377950052346568,5.8524022230428505,35.90338672322862
Rwanda,RWA,2004,0.077862328,418.7809976,387.0661458,16.908,33.4616731,87.6,0.0,14.58501397,357.3913255,-2.552813037426628,6.03734810451903,5.958595597804574,2.8277868827045434,3.510400697297213,5.878831331305989,36.44957213513952
Rwanda,RWA,2005,0.081914817,446.0298099,352.1360283,16.912,34.21653834,89.2,0.0,14.94982027,367.0258614,-2.5020753887354785,6.100385788127289,5.864017544981924,2.8280234291278816,3.5327091043757717,5.905432312601858,37.214706763985404
Rwanda,RWA,2006,0.080038747,474.3645998,350.9033447,16.917,33.22143707,90.6,0.0,15.83299216,376.9455209,-2.5252444240618037,6.16197622390429,5.860510814319177,2.828319033493155,3.5031953624307137,5.932100670109332,37.96995098396177
Rwanda,RWA,2007,0.070921964,497.1716225,347.6270101,16.921,35.9709732,90.3,0.0,16.73348218,387.1071342,-2.6461751049841697,6.208935283389878,5.85113009491785,2.8285554540864895,3.5827123132214287,5.958701487276859,38.55087735332375
Rwanda,RWA,2008,0.069092352,538.3253724,347.0089122,16.925,37.60451085,90.6,0.0,16.26383853,397.4166599,-2.6723112345076765,6.288463158767847,5.849350463190529,2.8287918187983387,3.6271240126149875,5.984985251483594,39.54476889918049
Rwanda,RWA,2009,0.0691024,557.3978052,350.122128,16.93,36.80562801,90.5,0.0,15.68858119,407.8002432,-2.6721658165395947,6.323279177472819,5.8582820307619095,2.829087196145044,3.6056507685358596,6.010777454510947,39.98385955626133
Rwanda,RWA,2010,0.070772595,583.3714168,349.0569874,16.934,37.27887909,90.5,0.0,16.32898192,418.2226591,-2.6482834294870066,6.368824062061273,5.855235196551528,2.8293234352200853,3.618426922037033,6.036013967975307,40.56191993349065
Rwanda,RWA,2011,0.072027542,614.5396505,350.4441629,16.938,39.71610248,89.7,0.0,18.16784485,428.6069315,-2.6307067053334015,6.420873451741377,5.859201386793924,2.8295596184994074,3.6817567094882926,6.060540255330543,41.227615883277224
Rwanda,RWA,2012,0.078135525,651.8528191,354.1656092,16.943,40.540863,88.8,0.0,18.22550342,438.9907175,-2.5493104599994956,6.479818798867404,5.869764626337769,2.8298547691759692,3.702310428414444,6.084478268204696,41.98805166615541
Rwanda,RWA,2013,0.084834685,666.4087892,354.8861776,16.947,42.69349243,88.5,0.0,17.61685598,449.6692339,-2.4670507985842436,6.501903279841288,5.8717971115848835,2.830090827011235,3.754046506512469,6.108512276715343,42.2747462604109
Rwanda,RWA,2014,0.084207696,690.6103954,352.1586412,16.967,43.90273369,88.0,0.0,17.55138349,460.671139,-2.4744689604855337,6.537575837550391,5.864081759297286,2.8312702810608026,3.7819765889852017,6.132684424006012,42.7398978317227
Rwanda,RWA,2015,0.094888137,733.9986304,350.1691732,17.004,45.20197562,86.3,0.0,17.44666319,471.8290231,-2.3550565864487685,6.59850716267272,5.85841638970651,2.8334486104965437,3.8111407942900803,6.156616680766175,43.540296775843196
Rwanda,RWA,2016,0.101382788,759.6062887,347.7429843,17.056,49.48490711,85.5,0.0,16.83699129,483.1448318,-2.2888519458228713,6.632800257866473,5.8514636560493605,2.836502047983434,3.9016677162124074,6.18031646750308,43.994039260753546
Rwanda,RWA,2017,0.107301554,771.069238,352.1579669,17.125,53.67526742,84.5,0.0,17.28422325,494.6112687,-2.2321121466917377,6.647778172384732,5.864079844533408,2.840539384148289,3.982952325960165,6.2037721382891595,44.19295462923489
Rwanda,RWA,2018,0.116672042,817.5784379,355.6984201,17.211,55.78412637,82.8,0.0,17.34997975,506.2017025,-2.14838833994246,6.706346846670175,5.874083237280222,2.8455487142878435,4.021489355261045,6.226935211400508,44.97508802784299
Rwanda,RWA,2019,0.118001553,874.6396595,357.419085,17.313,57.97566286,81.8,0.0,18.86474597,517.8801378,-2.1370574935861284,6.773811983823126,5.8789090008519445,2.851457664396939,4.060023316625176,6.249743821275218,45.8845287921858
Rwanda,RWA,2020,0.11083867,826.3913083,358.132557,17.432,55.18795155,81.7,0.0,18.63827504,529.6245237,-2.19967955833759,6.717068400204137,5.88090318881705,2.8583075976423187,4.010744660437161,6.272168309630765,45.119007893020964
Rwanda,RWA,2021,0.125890473,896.2710342,365.5084799,17.568,54.29383185,79.4,0.0,20.45229327,541.3563032,-2.0723430119626363,6.798242860759774,5.901289479741492,2.86607906532712,3.9944106265649597,6.294077663173005,46.21610599387123
Rwanda,RWA,2022,0.118833524,948.4136876,372.9914024,17.721,61.1450795,79.9,0.0,21.26953123,553.3453587,-2.130031723309105,6.854790786394149,5.921555369512212,2.874750376993208,4.113249392828566,6.315982325036692,46.98815672523412
Saudi Arabia,SAU,2000,16.39519458,22247.8567,6516.007556,79.848,68.1664488,0.0,92.82661374,53.45028219,7.525606948,2.7969882784787004,10.01000095486465,8.782017129328384,4.380124827384285,4.22195249072162,2.018311464923823,100.20011911639119
Saudi Arabia,SAU,2001,16.18336807,21193.09229,6348.589354,80.077,63.56058368,0.0,92.84140289,50.78129978,7.92737418,2.7839840525138824,9.961430572186865,8.75598791823162,4.382988671767764,4.151993524760397,2.0703218559704504,99.23009904449913
Saudi Arabia,SAU,2002,16.3989211,20025.432,6826.995732,80.304,64.59279741,0.0,90.97810756,51.00264127,8.331857151,2.7972155460807544,9.904758344737573,8.828639992253297,4.3858194329125775,4.168102909371266,2.1200863786286153,98.10423786764858
Saudi Arabia,SAU,2003,16.41172214,20765.93877,6631.815857,80.53,69.83117071,0.0,90.35104688,53.96396051,8.739291247,2.7979958441417145,9.941069364289275,8.799633930597325,4.388629785807454,4.246080481861331,2.1678290933586326,98.82486010561077
Saudi Arabia,SAU,2004,16.62551323,21545.89499,6375.54473,80.754,75.08283666,0.0,95.52935614,56.70562094,9.149914639,2.8109384570428624,9.97794058968379,8.760224814219304,4.3914074964796335,4.318591992837304,2.213744550172876,99.5592984112593
Saudi Arabia,SAU,2005,16.84734208,21838.19153,6447.071902,80.979,81.95407594,0.0,92.44985975,61.73723625,9.564118547,2.824192904296752,9.991415621027354,8.771381338032668,4.3941898617996875,4.406159040865751,2.258018444646821,99.82838611210943
Saudi Arabia,SAU,2006,17.09010387,21616.33558,6605.441017,81.204,89.94460468,0.0,95.79707624,62.53699103,9.982436537,2.8384995749323183,9.981204584690873,8.795648984901508,4.3969645070380885,4.499193977274634,2.300827202509536,99.62444496145412
Saudi Arabia,SAU,2007,17.34038235,21196.7926,6696.947473,81.427,94.8633171,0.0,93.66879432,62.69342268,10.40536682,2.8530380212823045,9.961605156761417,8.80940710051659,4.399706913341455,4.5524370882125025,2.342321713428892,99.23357729921565
Saudi Arabia,SAU,2008,18.05610705,21629.84057,6980.05897,81.649,96.10263087,0.0,96.29866083,66.42934316,10.83313268,2.8934839682747975,9.981829148138617,8.8508126441448,4.4024295719440465,4.5654166919802925,2.382609278649897,99.63691314262971
Saudi Arabia,SAU,2009,18.33435229,20577.54534,7125.053005,81.867,84.85834156,0.0,96.5720623,54.64500095,11.26564947,2.908776474474426,9.931955728221848,8.871372444407426,4.405095979257826,4.440983296335505,2.4217582260172317,98.64374458735877
Saudi Arabia,SAU,2010,20.3045213,21830.14243,7965.261219,82.084,82.54968502,0.0,97.11416053,58.03144017,11.15439296,3.010843585386334,9.991046974030263,8.98284501766325,4.407743113178518,4.413400354731965,2.4118334077574004,99.82101963727928
Saudi Arabia,SAU,2011,20.29380277,23314.56514,7979.379966,82.302,84.35943424,0.0,88.25599358,63.08038698,11.6723188,3.0103155571736147,10.056833557556578,8.98461598892893,4.410395408724325,4.435086649092115,2.4572201240757234,101.1399012043961
Saudi Arabia,SAU,2012,20.60987293,23643.02861,7862.423541,82.52,81.74067855,0.0,96.89822988,61.94289828,12.17331848,3.025770229429698,10.070823577104349,8.96985017644631,4.413040688203051,4.403551779422938,2.499246546904573,101.42148752116084
Saudi Arabia,SAU,2013,19.80851147,23057.35629,7401.171303,82.74,80.25150143,0.0,93.59544212,58.97025688,12.85022678,2.986111717554118,10.04574014241128,8.90939355085583,4.4157031610332655,4.385165471243206,2.5533614594345275,100.9168950088534
Saudi Arabia,SAU,2014,20.69713694,23404.7306,7959.813517,82.96,78.00011112,0.0,94.68128951,56.16534048,13.16900251,3.029995378628031,10.060693443306892,8.982160851051438,4.418358563921272,4.356710251303961,2.5778657733271992,101.21755256019829
Saudi Arabia,SAU,2015,20.50686431,23256.15496,7786.916517,83.18,67.10526923,0.0,7.126577878,44.60116971,13.87008452,3.020759674486735,10.054325105443207,8.960200234702771,4.421006934314765,4.206262568912357,2.629734328035643,101.08945332594554
Saudi Arabia,SAU,2016,19.69041808,22783.03896,7521.589116,83.401,57.92166351,0.0,0.0,42.5305962,14.39937758,2.98013212553887,10.033771632844553,8.925532713236272,4.42366029970049,4.059091468486849,2.6671849820366766,100.67657318007606
Saudi Arabia,SAU,2017,19.47617865,23035.12,7707.05633,83.622,59.53197916,0.0,0.0,44.88993247,14.41014984,2.9691921111064805,10.044775286820308,8.949891594691207,4.426306643365428,4.08651363304302,2.6679328082918583,100.897510562716
Saudi Arabia,SAU,2018,19.20884231,24393.51883,7650.663725,83.844,59.10291047,0.0,0.0,49.01474395,14.04680721,2.955370709998296,10.102072754276284,8.942547684494935,4.4289579293583135,4.079280169730785,2.6423951251158764,102.05187393269122
Saudi Arabia,SAU,2019,19.30951241,24905.66345,7668.221659,84.065,56.79382049,0.0,0.0,45.72344599,13.98517879,2.960597845474287,10.122850504381637,8.944840010763906,4.4315903091308915,4.039427525618447,2.637998110984073,102.47210233405956
Saudi Arabia,SAU,2020,18.09340366,22827.67194,7170.886949,84.287,47.53315923,0.1,0.0,38.30045451,14.67770237,2.8955474331738347,10.035728760605377,8.877784628732508,4.434227641965395,3.8614275565424045,2.6863294966315503,100.71585175644194
Saudi Arabia,SAU,2021,18.98716957,24922.67169,7465.875732,84.508,50.88392634,0.1,0.0,45.9573311,14.32038247,2.94376346526882,10.123533177828893,8.918098014814175,4.436846204437988,3.9295470846865963,2.6616838699747087,102.48592400260236
Senegal,SEN,2000,0.400250395,1048.374741,240.5696251,40.32,48.68008972,47.5,50.29743679,24.0081947,51.77509998,-0.915664940222602,6.954996378255541,5.483009549103657,3.696847623763113,3.8852701111743246,3.946909338327586,48.37197462154769
Senegal,SEN,2001,0.4418903,1067.368866,253.7912846,40.464,49.72057806,45.8,53.2521839,23.88434803,53.04597725,-0.816693617753934,6.972951895402497,5.5365122150531585,3.7004126899276093,3.9064188928822463,3.971159032778577,48.62205813559728
Senegal,SEN,2002,0.447353742,1042.255099,249.8862118,40.607,53.14429946,43.8,52.60253461,24.78379293,54.36147094,-0.8044056282084951,6.94914200904925,5.521005661448769,3.7039404655392407,3.973010845225884,3.9956556481515797,48.29057466193305
Senegal,SEN,2003,0.423778138,1074.385785,235.8144014,40.898,50.82121989,43.7,51.76912482,24.20861612,55.68574248,-0.8585452201321341,6.979504414481145,5.463045060877816,3.711081162097623,3.9283139817361548,4.019724144328948,48.713481871761786
Senegal,SEN,2004,0.471641728,1098.200645,247.0171883,41.306,53.65920313,39.9,55.07748826,25.06737096,57.00775983,-0.7515356324689947,7.001428342169313,5.509457922465936,3.721007767865458,3.982652994533129,4.043187395937121,49.01999883053173
Senegal,SEN,2005,0.511620696,1119.050531,246.4356688,41.714,54.90324357,40.3,55.61944844,23.68185823,58.35699372,-0.6701717566163886,7.020235864575654,5.507100980922944,3.730836803874443,4.0055724281910114,4.066579209647843,49.28371159427428
Senegal,SEN,2006,0.488187314,1118.783043,241.5896112,42.124,54.13623781,43.4,55.16975176,23.41521669,59.73143926,-0.7170561066128458,7.019996804795355,5.487240465136133,3.740617649518351,3.9915037917457523,4.089858502553021,49.28035513933699
Senegal,SEN,2007,0.528353292,1123.998622,253.7435197,42.535,59.27130435,40.0,53.90614236,23.63528656,61.13511661,-0.6379901053962341,7.024647804474237,5.536323991901814,3.7503272664278477,4.082125282475094,4.113086441012343,49.345676776904725
Senegal,SEN,2008,0.534784789,1138.668839,259.2346121,42.947,62.76176982,39.8,53.67168652,22.08172609,62.58224173,-0.6258908765672188,7.037615174025416,5.557733489899624,3.7599667973294992,4.13934612727602,4.13648155942721,49.52802733767279
Senegal,SEN,2009,0.534326996,1142.653172,304.7362269,43.359,52.30729088,51.3,44.51917808,22.00072917,64.08034592,-0.626747275373036,7.041108181178191,5.719446572590273,3.7695142941348148,3.9571357663262265,4.160137700997718,49.57720441905445
Senegal,SEN,2010,0.552209888,1153.534311,313.396782,43.773,52.4578552,49.5,44.58357515,21.77617631,65.62828131,-0.5938270730908076,7.050585822294968,5.747470061841125,3.7790171889499953,3.9600100891195185,4.184006720576069,49.71076043754681
Senegal,SEN,2011,0.577070718,1139.744479,317.4911824,44.188,57.5768786,48.0,46.83465861,23.30613296,67.30845583,-0.5497904584589577,7.038559375037072,5.760450045978594,3.7884532590100286,4.0531210739195584,4.209285872591738,49.541318075922256
Senegal,SEN,2012,0.553187541,1154.05678,302.4186215,44.603,61.975304,49.6,45.76915964,23.11179753,69.13465434,-0.5920582011371249,7.051038648630592,5.711812221443858,3.7978011213378493,4.126735983112935,4.2360561150450495,49.717146024482325
Senegal,SEN,2013,0.571817252,1147.385922,271.0654672,45.019,60.62676636,42.7,52.10551222,24.29421252,71.21409131,-0.5589358281604754,7.045241522613678,5.602360368088589,3.807084622881822,4.104736484668258,4.265690710493305,49.635428111959904
Senegal,SEN,2014,0.592286573,1180.798711,284.8459819,45.436,58.44252898,42.5,52.92707385,23.15260328,73.50595751,-0.5237646852116139,7.073946362212821,5.651948619806201,3.816304742369175,4.068043860757943,4.297366457491871,50.040717135464
Senegal,SEN,2015,0.631630983,1218.006136,296.7756213,45.862,58.11033767,39.1,29.7446178,23.59660851,75.79769906,-0.4594499430222892,7.1049704860239835,5.6929763694425874,3.8256368874687965,4.0623435769460565,4.32806793677862,50.48060560727188
Senegal,SEN,2016,0.684837249,1257.409069,287.0420224,46.296,54.10816921,36.7,0.0,23.34405351,78.08923804,-0.378574061650259,7.136808588424939,5.659628624553526,3.8350555642715376,3.9909851764860482,4.357852250167638,50.93403682781597
Senegal,SEN,2017,0.659302015,1312.109328,278.0196746,46.74,57.70527985,36.8,0.0,23.27769428,80.37709448,-0.4165735565957501,7.179391295300636,5.627691883128867,3.844600329110712,4.055348674527015,4.386729241067402,51.54365937103855
Senegal,SEN,2018,0.674554736,1355.096109,274.3790327,47.192,61.78983948,34.2,0.0,24.01344539,82.65983483,-0.39370245614501026,7.211627659949739,5.614510481489078,3.854224386700774,4.123738941238149,4.414733810896252,52.007573505752156
Senegal,SEN,2019,0.674399352,1379.608752,298.5595251,47.653,64.23625061,36.2,0.0,23.57280962,84.93700722,-0.3939328331490455,7.229555224910351,5.698969327022666,3.863945587194972,4.1625677025864904,4.441909890216828,52.26646875002856
Senegal,SEN,2020,0.644121683,1361.791437,280.6079033,48.122,60.04687161,38.7,0.0,23.20904116,87.20313198,-0.4398676219685878,7.2165563450279215,5.636958332988036,3.8737394530025377,4.0951254507492765,4.468240247471761,52.078685480962754
Senegal,SEN,2021,0.709801661,1414.539511,294.1734274,48.6,69.37599399,35.4,0.0,23.91248636,89.44510985,-0.3427696986766774,7.254559323189966,5.684169482538135,3.883623530906448,4.23954089974774,4.493625139371442,52.628630973682455
Singapore,SGP,2000,11.301037,34890.08114,4634.813683,100.0,364.3645205,0.3,98.91593477,32.4585045,6011.771642,2.4248944914191988,10.459957859772842,8.441351279349497,4.605170185988092,5.8981547964853425,8.701474766452199,109.41071842822366
Singapore,SGP,2001,11.09387793,33597.86908,5146.023239,100.0,349.2921057,0.6,98.16558983,30.37966108,6176.137313,2.4063934183275095,10.422217923702052,8.5459795087662,4.605170185988092,5.85590855121385,8.728448324779995,108.6226264491363
Singapore,SGP,2002,10.82800321,34598.82675,5066.196035,100.0,349.746014,0.6,98.15102109,30.74567542,6186.592593,2.3821356682056494,10.451575051511357,8.53034552602297,4.605170185988092,5.85720721676871,8.730139744486179,109.23542105737462
Singapore,SGP,2003,10.31455522,36709.7965,6217.058806,100.0,377.2185643,0.6,98.39918937,30.22480292,5989.557496,2.3335560258649823,10.510798933026864,8.735052213127611,4.605170185988092,5.932824765613979,8.697772814591042,110.47689421051867
Singapore,SGP,2004,10.68552684,39856.63562,7371.027933,100.0,401.5237125,0.5,98.70871637,31.88589386,6047.407837,2.3688901940600307,10.59304418528728,8.905312450762898,4.605170185988092,5.995266591418697,8.707385002516876,112.21258511144865
Singapore,SGP,2009,8.774287614,43331.87466,5321.08305,100.0,358.1928118,0.5,78.36301907,27.01631937,7125.104286,2.17182558246662,10.676643778510735,8.579432142442993,4.605170185988092,5.881071421865233,8.871379641661315,113.990722373212
Singapore,SGP,2012,8.623928841813333,51679.35272,4787.023088,100.0,369.2129658,0.5,98.56892364,25.02220216,7524.6983,2.1545407629514,10.852813613610246,8.473664012443338,4.605170185988092,5.9113736206469385,8.925945995790073,117.7835633317639
Singapore,SGP,2013,8.725151050980001,53298.97286,5273.752922,100.0,367.04178,0.6,86.99463597,23.44272863,7636.721358,2.1662097803718705,10.883672339048925,8.57049751750334,4.605170185988092,5.905475683536919,8.94072364842991,118.45432358377869
Singapore,SGP,2014,8.634833067823333,54681.93365,4986.327797,100.0,360.4673192,0.6,93.03986515,24.16851925,7714.702398,2.155804379370471,10.909288653233844,8.514455005404244,4.605170185988092,5.887401298524134,8.95088318958792,119.0125789195767
Singapore,SGP,2015,8.5581617676,55645.60686,5242.650433,100.0,329.4713989,0.7,-48.63606997,24.28802291,7806.77292,2.1468854203165595,10.926758411269523,8.564582457261857,4.605170185988092,5.797489548657642,8.962746958980215,119.39404937824926
Singapore,SGP,2016,7.937262306959999,56986.78531,5449.41985,100.0,302.839656,0.7,0.0,23.20295249,7908.720733,2.07156841819059,10.950574683271746,8.603264432449851,4.605170185988092,5.713203477321107,8.975721319869452,119.9150858939121
Singapore,SGP,2017,8.330141446233332,59485.30159,5799.395295,100.0,316.7944093,0.7,0.0,23.49663529,7882.377809,2.119880436374723,10.993484528915426,8.665508931616355,4.605170185988092,5.758253012372937,8.97238488974499,120.85670208750282
Singapore,SGP,2018,7.725379267633334,61250.34767,5692.665647,100.0,326.5965873,0.8,0.0,25.38042067,7897.305322,2.0445109177123983,11.02272480463576,8.64693389668009,4.605170185988092,5.788725731308471,8.974276881786782,121.50046211873247
Singapore,SGP,2019,7.69402176071,61345.52918,5565.915193,100.0,324.3949851,0.9,0.0,24.07072941,7965.878492,2.0404436325961846,11.024277573481989,8.624416705354594,4.605170185988092,5.781961863120533,8.982922510298618,121.53469601717792
Singapore,SGP,2020,7.2650132752,59189.70386,5538.123716,100.0,332.0408055,0.9,0.0,23.24167197,7918.951253,1.9830701243020634,10.988502884462253,8.619411042954118,4.605170185988092,5.805257869496433,8.977014058489988,120.74719564183526
Singapore,SGP,2021,7.641662205283334,67731.26107,5966.327635,100.0,329.1613837,1.1,0.0,24.6140716,7595.495822,2.0336151456509115,11.123303111111358,8.693886880596645,4.605170185988092,5.796548158459385,8.935310695585029,123.72787210165963
Slovak Republic,SVK,2000,7.734972313,8997.211996,3292.778556,56.233,108.939263,3.7,72.51211854,29.5100486,112.0316008,2.045751904574538,9.10467003010495,8.099487033227854,4.029503773183968,4.690790506740796,4.718780981498269,82.89501635709128
Slovak Republic,SVK,2001,7.802553958,9277.358089,3456.890281,56.163,121.9311312,6.0,73.0742775,29.9245858,111.8267568,2.0544511106146945,9.135332096563385,8.148124701205633,4.028258177094241,4.803456386983415,4.716950859457076,83.45429251450116
Slovak Republic,SVK,2002,7.793897315,9690.684683,3484.031086,56.013,120.599168,5.5,72.43785299,29.31774601,111.7861123,2.0533410319516165,9.178920361108933,8.155945260435459,4.0255838066513085,4.79247238543015,4.716587333863838,84.25257899558014
Slovak Republic,SVK,2003,7.885436599,10168.02257,3468.936285,55.863,125.9985062,5.3,72.17786439,30.77797117,111.6893369,2.065017589712785,9.227003032575716,8.151603279836532,4.022902264767735,4.836270051325645,4.715721239566717,85.13758496316146
Slovak Republic,SVK,2004,7.78163089,10718.21019,3416.398661,55.713,140.22246,6.2,72.21295727,32.17088404,111.6898129,2.0517659421858583,9.27969946079738,8.136342252138887,4.0202135128790255,4.943230161484579,4.71572550137898,86.11282208272318
Slovak Republic,SVK,2005,7.858108434,11412.15936,3504.643761,55.563,148.7054612,6.3,72.10647148,32.05631581,111.7007692,2.0615459202266035,9.342434676484052,8.161844156928083,4.017517512108775,5.001967579086268,4.715823592354041,87.28108568437167
Slovak Republic,SVK,2006,7.857430802,12430.20155,3469.449605,55.412,164.9922057,6.6,70.88872993,34.22533047,111.7059044,2.061459683032926,9.427884399176195,8.151751245086396,4.014796176795633,5.105898234603004,4.715869564123086,88.88500424422988
Slovak Republic,SVK,2007,7.689657059,13770.96027,3321.106913,55.261,166.5800252,8.2,70.91520899,33.4007648,111.7385031,2.0398761868144217,9.530317325674675,8.108053413872716,4.012067415603703,5.115475825785848,4.7161613476642,90.82694832805488
Slovak Republic,SVK,2008,7.648469587,14497.11144,3406.383722,55.111,162.464473,7.6,70.32371021,32.91638907,111.8343659,2.0345055738380484,9.581704697529029,8.133406515475848,4.009349333257643,5.090459350174966,4.71701890078595,91.80906491064985
Slovak Republic,SVK,2009,6.909393759,13680.75371,3107.879884,54.96,136.7143521,10.0,70.00154119,29.28718243,112.006779,1.9328819000667727,9.523745285419059,8.041696063379062,4.006605647914094,4.917893727977461,4.718559396249137,90.70172426154176
Slovak Republic,SVK,2010,7.400006084,14596.14778,3441.256476,54.685,155.1084977,10.3,67.49356232,29.956655,112.1088769,2.0014808223719482,9.58851292219678,8.143591938329365,4.001589448787189,5.0441248572051895,4.719470514275701,91.93958005913466
Slovak Republic,SVK,2011,7.017748274,14950.87352,3339.087389,54.42,169.1780763,10.4,65.94379064,29.92955852,112.2605224,1.9484424078941893,9.612525006543338,8.113452811808417,3.9967317333551002,5.13095186608182,4.7208222629862115,92.400637001421
Slovak Republic,SVK,2012,6.675371733,15159.65704,3220.505526,54.28,176.9689582,10.5,63.93210301,30.07110484,112.4517343,1.8984248930727428,9.626393036249173,8.0772936218681,3.9941558349666684,5.175974339792284,4.722524101140996,92.66744288834657
Slovak Republic,SVK,2013,6.718688261,15249.88245,3260.444397,54.14,180.9031365,10.7,63.78575831,27.95627316,112.5726377,1.9048929362252514,9.632327073809128,8.089618783168445,3.9915732841861553,5.197961730559401,4.72359868173473,92.78172485683632
Slovak Republic,SVK,2014,6.271637081,15647.64918,3013.302939,54.0,176.7563161,12.2,62.45819247,29.89481377,112.7006864,1.8360374180129884,9.65807597254475,8.010792078052198,3.9889840465642745,5.17477203879168,4.724735511532951,93.27843149144623
Slovak Republic,SVK,2015,6.362991563,16442.07609,3131.862829,53.889,179.4260229,13.4,61.46799561,29.93189523,112.8031488,1.8504986383028956,9.707598943483879,8.049383259536013,3.9869263754548085,5.189762994289156,4.725644253567962,94.23747724752931
Slovak Republic,SVK,2016,6.527014999,16740.7414,3159.568047,53.806,182.7573796,13.1,0.0,28.67045334,112.9533694,1.8759497176433924,9.72560063219057,8.058190603250141,3.98538498511295,5.208159478662757,4.726975073367708,94.58730765686562
Slovak Republic,SVK,2017,6.934600326,17195.28887,3316.82597,53.751,186.6446874,12.4,0.0,28.07680098,113.1287854,1.9365234206712887,9.752390722376315,8.106763571486848,3.9843622714858706,5.229206742057044,4.728526863559694,95.10912480189162
Slovak Republic,SVK,2018,6.831625563,17869.01492,3269.57252,53.726,188.7329647,12.4,0.0,28.59301653,113.2855865,1.9215626486318866,9.790823481843896,8.092414527516926,3.9838970556638644,5.240333130811032,4.729911944583942,95.86022445262583
Slovak Republic,SVK,2019,6.376854163,18250.98025,3128.363379,53.729,183.7226086,17.6,0.0,29.14678406,113.4389975,1.8526748978541296,9.81197406989695,8.04826526467505,3.983952892991132,5.213427058137544,4.731265225473964,96.27483514833011
Slovak Republic,SVK,2020,5.975129822,17763.85638,3032.642695,53.76,167.5341733,17.6,0.0,28.53772755,113.5363353,1.7876058251129159,9.78492113148852,8.017189694946097,3.984529696214894,5.121187350157425,4.732122920491007,95.74468154945059
Slovak Republic,SVK,2021,6.722368198,18816.23938,3305.899128,53.82,181.9046654,17.9,0.0,27.41593162,113.2954867,1.905440502869759,9.842475572768787,8.103463766118741,3.9856451452987596,5.203482733353497,4.729999332289071,96.87432540055026
Slovenia,SVN,2000,7.560566638,16146.12168,3281.078593,50.754,104.6203486,18.0,68.92618127,30.44540549,98.75496524,2.022946139499074,9.689435156158448,8.095927486651656,3.9269904325499323,4.650338069995794,4.592641683428581,93.88515364539928
Slovenia,SVN,2001,8.48157184,16576.71588,3484.359323,50.78,105.5832235,18.7,68.30792265,30.59804856,98.91062562,2.1378957911176153,9.71575433186796,8.156039467843764,3.9275025762765323,4.659499490280033,4.5942166708758165,94.39588223721101
Slovenia,SVN,2002,8.626543597,17099.65821,3484.570905,50.857,104.8804583,16.3,68.65715461,30.0414822,99.03326713,2.154843914672719,9.746813754571695,8.156100189358584,3.929017772804008,4.652821209201808,4.595455825304772,95.00037836630798
Slovenia,SVN,2003,8.545231251,17635.36086,3539.509124,51.082,103.2800271,16.9,68.24916338,30.29333026,99.09299901,2.145373378928106,9.777661305176983,8.171743330976142,3.9334321846656453,4.637444008931846,4.596058793129014,95.60266059875525
Slovenia,SVN,2004,8.712366275,18425.26012,3638.843808,51.308,112.3999335,17.8,68.00766456,30.26349153,99.15650447,2.164743427331835,9.821477834732645,8.199421275009218,3.9378466854376044,4.722063345822405,4.596699455133784,96.46142685814465
Slovenia,SVN,2005,8.815960617,19102.27766,3763.904458,51.533,121.1272842,18.6,66.42045587,29.81140145,99.32840119,2.1765637851818873,9.857562856139758,8.233212117280033,3.9422223791589883,4.796841928237451,4.598431544154907,97.17154546274622
Slovenia,SVN,2006,8.941644393,20166.53234,3735.024313,51.758,130.5179131,17.4,67.87937717,30.11340673,99.64587885,2.1907195088483458,9.911779694502194,8.225509607050416,3.9465790095697537,4.871510482476851,4.601622689556747,98.243376712346
Slovenia,SVN,2007,8.880632588,21485.78099,3757.027129,51.983,137.6630944,18.4,66.98538408,30.59831939,100.2046673,2.183872791854204,9.97514664602551,8.231383266468846,3.950916742053505,4.9248093552879695,4.607214767406277,99.50355060971397
Slovenia,SVN,2008,9.34445678,22175.23696,3952.122097,52.209,135.3870937,17.6,67.47600111,29.75536785,100.3323704,2.2347833097369363,10.006731493028239,8.282007953380397,3.955254893820147,4.908138036141749,4.608488378692519,100.13467517356317
Slovenia,SVN,2009,8.280853413,20307.61883,3514.075272,52.433,114.482301,19.6,67.08099328,27.38243772,101.2453712,2.1139460322888017,9.918751406440673,8.164531689120926,3.9595361640968303,4.740420234626915,4.617546988398406,98.38162946276884
Slovenia,SVN,2010,8.377839707,20444.12013,3589.608695,52.658,128.6065754,20.1,66.48349726,26.3518668,101.6858266,2.1255900897325977,9.925450595922559,8.185798476934302,3.9638181738558496,4.8567579411340285,4.621887928543912,98.51456953209949
Slovenia,SVN,2011,7.834159748,20535.41558,3580.693649,52.883,140.3323558,19.1,64.70476935,26.54872343,101.8982925,2.0584936266619778,9.92990626382893,8.183311817330251,3.9680819261581224,4.944013579194286,4.623975183464144,98.603038408429
Slovenia,SVN,2012,7.544044967,19894.8698,3428.897862,53.108,143.6564486,20.2,64.98981735,27.07243904,102.1140492,2.020758505944357,9.898217178481735,8.13999416549261,3.9723275760336554,4.967424675472372,4.6260903180549215,97.97470331239091
Slovenia,SVN,2013,7.531191246,19704.2186,3334.759013,53.332,145.1687894,22.5,63.67726698,27.13635733,102.2816783,2.0190532292995016,9.888588033932907,8.112155695768832,3.976536526253212,4.977897130250028,4.627730559165952,97.78417330484106
Slovenia,SVN,2014,6.85273378,20228.7082,3236.590207,53.557,146.4717051,22.9,59.65667808,27.77362038,102.3823237,1.9246476646289183,9.914858072463021,8.08227564937222,3.980746507305028,4.9868322705541885,4.628714077587652,98.30441059708514
Slovenia,SVN,2015,6.929433093,20697.27485,3195.475123,53.781,147.2183677,21.4,60.72017119,27.62721233,102.4461092,1.935778005093715,9.937757320828416,8.069491064049863,3.984920244940811,4.9919169790809805,4.629336896413719,98.75902056767877
Slovenia,SVN,2016,7.275977922,21309.71221,3296.735004,54.02,148.2384481,21.0,0.0,27.59979562,102.5241783,1.984578226291734,9.966918220074206,8.100687864955237,3.98935434836447,4.998822113087983,4.630098656615428,99.33945880564717
Slovenia,SVN,2017,7.427549908,22397.7635,3390.662816,54.273,158.7021358,19.7,0.0,28.03117422,102.6108719,2.005196047685804,10.016716389108412,8.12878070220672,3.9940268657072338,5.0670290855388425,4.630943891060509,100.33460721983306
Slovenia,SVN,2018,7.398304831,23293.96667,3341.099715,54.541,162.613494,20.6,0.0,28.07187297,102.9922926,2.001250897076113,10.055949664821014,8.114055287765913,3.998952712416205,5.091376182600209,4.634654156303584,101.12212366141387
Slovenia,SVN,2019,7.045444207,23943.18009,3267.296719,54.822,160.0442757,20.9,0.0,28.5562741,103.7119346,1.9523811961663058,10.083438806129664,8.091718230556182,4.004091573244539,5.075450500078045,4.6416171963665285,101.67573815696161
Slovenia,SVN,2020,6.383741776,22811.80505,3068.819396,55.118,147.5490086,22.7,0.0,28.94488141,104.4088814,1.8537544107078863,10.03503344629918,8.029048205054965,4.0094763415768595,4.994160382288097,4.648314742711442,100.70189626834318
Slovenia,SVN,2021,6.527649106,24659.24994,3144.093516,55.427,162.0827284,23.4,0.0,28.17353619,104.6899644,1.8760468640724999,10.112907360197363,8.053280897381555,4.015066839650613,5.0881068740210775,4.651003262279625,102.27089527593401
South Africa,ZAF,2000,7.3642784,4700.875555,2269.370635,56.891,46.22072174,16.2,85.8322835,28.22975551,38.87569677,1.996641068196687,8.455504058646511,7.727257818729681,4.041137156389753,3.833428220042361,3.6603692936828285,71.49554888578763
South Africa,ZAF,2001,7.513709142,4786.48245,2180.265934,57.368,49.17094519,15.0,92.65391626,28.53161312,39.21127039,2.016729237592351,8.47355106781748,7.687202136416589,4.049486656580274,3.895302904139233,3.6689642154223314,71.80106769891076
South Africa,ZAF,2002,7.72159136,4916.814981,2072.057663,57.898,53.46550163,13.3,93.88409628,28.50591602,39.58437956,2.0440204775088695,8.500416238272,7.636297432625342,4.058682841668015,3.979036616564306,3.6784345848868223,72.25707622387831
South Africa,ZAF,2003,8.115215998,5011.622232,2300.850526,58.446,45.72386257,11.8,90.69665796,26.89286806,39.98083242,2.0937408177410988,8.519514940469787,7.741034127473367,4.068103251016874,3.822620318516464,3.688400149765957,72.58213482088792
South Africa,ZAF,2004,8.690525633,5187.356834,2478.003786,58.993,45.64357522,11.0,92.05179402,26.30363667,40.3856441,2.1622334245596515,8.553979565893055,7.815208590032957,4.0774187927991585,3.820862857158083,3.698474377758038,73.17056641371595
South Africa,ZAF,2005,8.815496243,5406.075814,2374.435502,59.536,47.4277814,9.7,95.12238457,26.01507927,40.79667049,2.176511109557429,8.595278750785411,7.772515004849152,4.086581171604267,3.8592081624935264,3.70860047244294,73.87881680370322
South Africa,ZAF,2006,8.812379675,5650.988318,2397.990822,60.077,53.76814127,9.3,92.51082637,24.85911763,41.21563693,2.1761575141444625,8.63958573238297,7.782386508224005,4.09562707278706,3.9846811220634097,3.718817721485403,74.6424416271954
South Africa,ZAF,2007,9.103039579,5891.420694,2576.78504,60.616,57.12513914,8.7,91.85150196,25.29461831,41.65279081,2.208608377420983,8.681252451974785,7.854297792349717,4.104558884629072,4.045244284922562,3.729368372610531,75.36414413491822
South Africa,ZAF,2008,9.545388393,6009.719631,2738.084674,61.154,65.9745238,9.7,92.49512446,26.94155611,42.13586708,2.2560581470779955,8.701133376025115,7.915013930863272,4.113395272912901,4.189268664477776,3.740899327628932,75.70972202737822
South Africa,ZAF,2009,8.833346389,5847.058111,2735.006185,61.687,49.58753533,9.2,89.217174,25.74307619,42.64194413,2.1785339223229747,8.673693926727275,7.913888976279485,4.122073211791044,3.9037394983181377,3.752838372861364,75.23296633454561
South Africa,ZAF,2010,8.870813228,5953.945065,2518.441903,62.218,50.40608716,9.4,94.0613354,25.3034631,43.14935495,2.1827664750951854,8.691809314962784,7.831395696823543,4.130644346947719,3.920111944768497,3.7646674684026356,75.54754916767382
South Africa,ZAF,2011,8.390151524,6067.124827,2536.414176,62.746,54.63635044,9.0,91.48160128,24.83949115,43.68612799,2.1270585803875472,8.71064010247928,7.838506620834071,4.139094830960173,4.0006994202060255,3.777030614407889,75.87525099492024
South Africa,ZAF,2012,8.56950729,6121.557839,2394.397987,63.272,55.58261719,8.3,94.27928466,24.46860024,44.33518288,2.148210238541534,8.719571891970517,7.780887115826475,4.147442893217116,4.0178705119066915,3.791778557781171,76.0309339792423
South Africa,ZAF,2013,8.645864171,6170.876709,2341.179232,63.793,58.87502763,7.8,94.50592037,24.55174177,45.0739772,2.1570810760827115,8.727596199025712,7.758410026713105,4.15564346646296,4.075417021635834,3.8083050777614966,76.17093541324805
South Africa,ZAF,2014,8.706711224,6155.005895,2438.678917,64.312,59.49957406,7.6,94.11882039,24.30528201,45.82911243,2.1640941333380517,8.725020996376015,7.799211744203458,4.163746239025659,4.085969153870499,3.8249195317613838,76.12599138720232
South Africa,ZAF,2015,8.110416316,6112.273825,2257.194676,64.828,56.72667614,7.6,80.10185131,23.73230797,46.75954546,2.09314920047194,8.718054131053545,7.721878027417739,4.1717376087958735,4.038244578752935,3.8450184158551672,76.00446783197978
South Africa,ZAF,2016,8.042260059,6095.29506,2311.769019,65.341,55.8612575,7.8,0.0,23.7825373,47.20140385,2.0847101455548196,8.71527245091591,7.745768319524587,4.17961971061657,4.022871071899881,3.8544236347339536,75.95597389369381
South Africa,ZAF,2017,8.151473574,6125.692051,2283.458154,65.85,53.53593183,7.9,0.0,23.6105565,47.51103545,2.09819871753499,8.72024701694864,7.733446307079432,4.18737942818929,3.980353051454828,3.860962009320419,76.04270803660167
South Africa,ZAF,2018,8.081821301,6117.270141,2184.877776,66.355,54.48554513,8.0,0.0,23.53706084,48.31710838,2.08961725567192,8.718871220601915,7.689315168207679,4.195019115889212,3.9979354395178275,3.877785708706749,76.01871536144033
South Africa,ZAF,2019,8.031639317,6032.829726,2231.910747,66.856,53.89799641,8.7,0.0,23.62201528,49.12074537,2.0833886561890878,8.704971454273196,7.710613334798438,4.202541052699135,3.987093304867827,3.89428145819444,75.7765280197112
South Africa,ZAF,2020,6.914741347,5569.584833,2037.461942,67.354,50.75965908,9.8,0.0,23.33943841,49.92406252,1.9336555597895297,8.625075793877656,7.619460166167561,4.209962292332575,3.9271019265115754,3.9105031013589246,74.39193245013428
South Africa,ZAF,2021,6.967724602,5756.195494,2124.622974,67.847,56.03471384,9.7,0.0,24.86916504,50.6991262,1.9412887155199985,8.658032030946842,7.661349641617018,4.2172551701228125,4.025971388682707,3.925908675734614,74.9615186489015
Spain,ESP,2000,7.721380154,24106.88185,2991.493065,76.262,60.1216241,7.9,80.96563991,28.02064336,81.29832465,2.0439931244829546,10.090252632657888,8.0035278945924,4.334174780154233,4.096369578824618,4.398125409330367,101.81319819085945
Spain,ESP,2001,7.68451246,24878.37845,3048.843845,76.343,58.01388956,8.9,80.16527338,27.98855281,81.94337639,2.0392069345096826,10.121754369889915,8.022517730524205,4.3352363444228565,4.060682457049231,4.406028476908068,102.4499115243856
Spain,ESP,2002,7.99691385,25205.31548,3095.996868,76.533,55.10214153,7.4,81.77304432,27.76441025,83.02251924,2.07905569850193,10.134810183002573,8.0378652230812,4.33772202036712,4.00918858164679,4.419111887141607,102.71437744549264
Spain,ESP,2003,8.052867137,25481.16537,3145.402393,76.778,53.43578972,8.9,81.12687027,27.41443384,84.50881393,2.086028194105344,10.145694845296411,8.053697107849876,4.340918140783268,3.9784807409450345,4.436855835787451,102.93512389387418
Spain,ESP,2004,8.281144157,25825.31065,3226.289429,77.022,54.47951827,8.0,82.14179823,26.96745223,85.98480508,2.113981142063308,10.159110322957117,8.079087972267715,4.344091095330844,3.9978248194747037,4.454170595526575,103.20752255401386
Spain,ESP,2005,8.4857051,26294.44738,3239.544365,77.263,54.6991667,7.3,83.77219879,27.13177793,87.4654972,2.1383829948211175,10.177113069639834,8.083187970810899,4.347215186409202,4.001848475308241,4.47124439788561,103.57363043223393
Spain,ESP,2006,8.142867816,26899.09215,3190.726277,77.502,56.08392638,8.5,82.59634554,26.8985528,88.97614934,2.09714242951522,10.199847815949786,8.06800384290607,4.350303742477934,4.026849254184177,4.488368348873938,104.03689546853562
Spain,ESP,2007,8.284620516,27338.79542,3168.95971,77.74,57.62694877,9.0,83.47690494,26.26693555,90.61490052,2.114400846087801,10.216062050053463,8.06115864582026,4.353369925424077,4.053990318879483,4.5066186644267265,104.36792381054256
Spain,ESP,2008,7.465994442,27112.52629,3015.00799,77.976,55.82813152,9.7,82.11575197,26.18694896,92.12932237,2.010358636050647,10.207751124798099,8.011357759240694,4.356401087034909,4.022277891450745,4.52319326794346,104.19818302581686
Spain,ESP,2009,6.552124621,25860.81426,2749.855489,78.21,46.83669,12.2,79.93735324,24.78215081,92.97506517,1.87978936666903,10.160484139069116,7.9193036398253005,4.35939751661352,3.8466668701351976,4.532331340752001,103.23543794027506
Spain,ESP,2010,6.252951973,25766.25158,2735.182573,78.442,52.69336997,14.4,76.21466875,22.98594897,93.15193096,1.8330536679223686,10.15682083633392,7.913953466924274,4.362359498198406,3.9644896406120766,4.534231826408695,103.16100950138686
Spain,ESP,2011,6.271820387,25510.55797,2684.343189,78.673,58.51182289,14.7,76.65230406,21.88717027,93.50783588,1.8360666453612664,10.146847683495636,7.89519135467167,4.365300021591444,4.069228834501979,4.538045238986307,102.95851791206076
Spain,ESP,2012,6.144501359,24763.56827,2677.180386,78.902,60.5540347,15.8,75.18150863,20.79927488,93.50683713,1.8155575939158977,10.117128830712318,7.892519424888579,4.368206576073018,4.103536101965765,4.538034558006211,102.35629577723039
Spain,ESP,2013,5.591723853,24498.55595,2506.255405,79.133,61.66877264,16.9,72.74544099,20.0279432,93.16926291,1.7212876212014232,10.106369453979413,7.826545047661033,4.371129981198671,4.121777686746005,4.534417870193517,102.13870354032814
Spain,ESP,2014,5.553410016,24947.85125,2458.571777,79.366,63.39926214,17.3,71.73880987,19.86959899,92.88245537,1.7144121563786132,10.124542975226442,7.807335881870192,4.374070064957425,4.149452223205109,4.531334772979059,102.50637045720708
Spain,ESP,2015,5.925569871,25982.44162,2552.401252,79.602,63.58204122,16.3,73.53257023,19.92306221,92.90759735,1.779276863155616,10.165176266563103,7.844789862512799,4.377039218162834,4.152331059717231,4.53160542234683,103.33080853029779
Spain,ESP,2016,5.737016285,26719.24423,2563.007044,79.84,63.18867785,16.7,0.0,19.79372502,92.99737171,1.7469392642073036,10.19313934244517,7.848936474702081,4.380024632003209,4.1461251371608645,4.532571231571105,103.90008965450355
Spain,ESP,2017,6.048699764,27426.28102,2690.497333,80.08,66.16744614,15.2,0.0,19.9047199,93.22686228,1.7998433339038808,10.219256993988745,7.897481337663419,4.383026135006965,4.192188591843147,4.535035902052009,104.43321350918788
Spain,ESP,2018,5.881108873,27956.72255,2666.260797,80.321,67.0094104,16.9,0.0,19.73857438,93.63828109,1.7717453279743751,10.23841297023526,7.888432319285097,4.386031106065119,4.204833063259607,4.539439285875841,104.82510014908159
Spain,ESP,2019,5.469738946,28301.43939,2573.904425,80.565,66.36622504,16.7,0.0,19.97790558,94.31810878,1.6992308906149578,10.250667944175365,7.853179256542071,4.389064312025532,4.19518826803535,4.54667320492546,105.07619330174441
Spain,ESP,2020,4.618810398,25077.01988,2303.513116,80.81,59.44612801,19.3,0.0,20.11939278,94.80291069,1.5301371823271164,10.129707163125255,7.74219067830376,4.392100720245356,4.085070490822288,4.551800112270646,102.6109672106711
Spain,ESP,2021,5.007752221,26705.36291,2422.467047,81.056,66.52458894,19.0,0.0,20.31657485,94.93829272,1.610987155936408,10.192619682271497,7.792541740782824,4.395140273819265,4.197571637814223,4.553227130235549,103.8894959874283
Sri Lanka,LKA,2000,0.594244955,1956.933104,431.6211696,18.38,88.6364417,64.2,43.02041566,27.3180768,307.6551427,-0.5204636624707617,7.579133783878766,6.067548281300666,2.911263116927541,4.484543078917038,5.728979489120247,57.443268913932464
Sri Lanka,LKA,2001,0.580208672,1896.482517,410.7183986,18.365,80.89860153,62.9,43.3523925,26.82059442,312.5556052,-0.544367460836384,7.547756142525956,6.017907818108607,2.9104466792716304,4.393196537512067,5.74478238998761,56.9686227870383
Sri Lanka,LKA,2002,0.600679035,1951.225228,413.944441,18.349,76.33513178,62.1,44.58360063,28.01061345,315.8308404,-0.5096945386839666,7.57621277629742,6.025731764336532,2.9095750771028164,4.335133275045268,5.755206755064708,57.399000031732264
Sri Lanka,LKA,2003,0.644427059,2052.030451,435.1907361,18.334,75.33624733,61.3,46.36772048,28.42457042,318.1553341,-0.4393936375615359,7.626585045849169,6.075784408780245,2.9087572595395836,4.321961391227752,5.762539735529138,58.164799461570176
Sri Lanka,LKA,2004,0.660944896,2149.106286,438.0223576,18.319,79.4829449,61.6,45.79271941,28.61810152,320.3253867,-0.4140848072045645,7.672807353772209,6.082269953822566,2.907938772603322,4.37554246908578,5.769337312606337,58.87197268810088
Sri Lanka,LKA,2005,0.713678573,2268.688013,445.2536373,18.303,73.60397296,60.1,45.28964812,30.18808846,322.3811832,-0.33732259587418023,7.7269569755462415,6.098644091254877,2.9070649808378253,4.298699004712722,5.775734644164916,59.70586410194272
Sri Lanka,LKA,2006,0.648203301,2426.348733,446.3037435,18.288,71.26117849,62.2,43.43587845,30.64229518,324.5480944,-0.43355089572363364,7.794142827318316,6.100999759455749,2.9062451070524546,4.26635169793036,5.782433735947835,60.74866241263755
Sri Lanka,LKA,2007,0.689148176,2573.543622,451.9326244,18.272,68.60651166,60.2,45.38409138,29.91981978,326.78273,-0.37229897158392794,7.853039069405728,6.11353310765958,2.9053698334736,4.228387452384451,5.789295515812227,61.67022262561279
Sri Lanka,LKA,2008,0.644866753,2708.585942,437.1798996,18.257,63.36904361,61.6,45.3393793,29.37119475,328.9647265,-0.43871156802400496,7.904181985072677,6.08034477994814,2.904548568131373,4.148975471064365,5.795950530731795,62.47609285314745
Sri Lanka,LKA,2009,0.61551514,2787.27351,441.0006726,18.242,49.14914153,63.5,43.04692391,29.67143873,330.9908308,-0.485295735772256,7.932819160449313,6.089046400615751,2.9037266277579667,3.894859380113069,5.802090673482795,62.92961983239174
Sri Lanka,LKA,2015,0.939833095,4057.715835,501.472735,18.256,46.91797081,51.3,41.05261438,29.53541787,338.8105278,-0.06205297799410432,8.30837549205902,6.217549239024755,2.9044937931197197,3.848400774981346,5.825441036084966,69.02910331704695
Sri Lanka,LKA,2016,1.107261068,4214.74118,542.5323335,18.311,46.47153703,45.1,0.0,30.48271773,342.6720308,0.10188945970708857,8.346343464042912,6.29624768456021,2.9075019721595767,3.8388400182976907,5.8367738113100796,69.66144921977182
Sri Lanka,LKA,2017,1.091124784,4436.007899,514.1916948,18.384,47.1404098,45.8,0.0,31.12827865,346.6143183,0.08720907611253693,8.397510129126923,6.242596143009401,2.9114807211064,3.8531305907243354,5.848212687161074,70.51817636878927
Sri Lanka,LKA,2018,1.014300877,4493.035754,508.4992767,18.476,49.80939675,47.9,0.0,30.05681953,350.284495,0.014199584035148441,8.410283866750493,6.231463793068724,2.916472592568359,3.9082036559899698,5.858745667162757,70.73287471932363
Sri Lanka,LKA,2019,1.099454204,4455.781896,523.4233935,18.585,49.42552389,46.1,0.0,29.19100987,352.4316946,0.09481387848537891,8.401957834269183,6.260390684358992,2.9223548037492155,3.900466968697014,5.864856829291283,70.5928954488373
Sri Lanka,LKA,2020,1.010967654,4227.233153,511.0663638,18.713,37.08911886,49.3,0.0,28.23583288,354.3323634,0.010907945461231545,8.349302957077343,6.2364994522213655,2.9292184694956513,3.613323634411537,5.870235352322961,69.71085986906047
Sri Lanka,LKA,2021,1.025595775,4357.972258,527.1168098,18.86,41.22884633,48.8,0.0,29.95400977,358.1635952,0.025273687636001612,8.379762149720191,6.267422174454908,2.937043277205311,3.7191381650030455,5.880989851854186,70.22041368588316
Sudan,SDN,2012,0.474552868,1288.258545,390.6631411,33.346,21.85617452,63.7,32.59246387,17.61752668,19.76615525,-0.7453822488036266,7.161046620215639,5.967845656940073,3.5069378251382672,3.084483468349179,2.983971144319585,51.28058869690182
Sudan,SDN,2013,0.466412704,1283.459229,474.3979115,33.507,26.8585245,64.3,25.46168257,20.23674556,20.22797056,-0.7626844058948581,7.157314234321659,6.16204644527079,3.511754372226799,3.2905832566003674,3.0070663278083325,51.22714704882344
Sudan,SDN,2014,0.476932446,1307.389648,475.6619858,33.689,20.845109,63.7,25.74899843,18.10049606,20.78336081,-0.7403804207647385,7.175787793142081,6.1647074881155985,3.5171713745795925,3.0371193403908086,3.034152705509989,51.491930452206894
Sudan,SDN,2015,0.538705972,1292.379639,463.3616592,33.894,18.37827285,61.9,2.332966542,16.07121074,21.42635493,-0.6185853634094458,7.164240479415842,6.138507870551991,3.52323800757118,2.9111691435241487,3.0646217030910083,51.32634164690053
Sudan,SDN,2016,0.580280239,1297.154541,448.4566317,34.121,15.28166989,58.9,0.0,17.35460571,22.08773662,-0.5442441214413888,7.167928329878314,6.10581198050239,3.529913030517562,2.7266540637618597,3.0950225504350652,51.37919654227211
Sudan,SDN,2017,0.554132847,1261.873535,443.0935964,34.37,17.83138983,59.4,0.0,16.61740797,22.86633084,-0.5903508249524447,7.140352828095651,6.09378102628427,3.5371840908617425,2.8809603777996093,3.129665559658509,50.98463850969356
Sudan,SDN,2018,0.539979158,1185.944458,435.1494357,34.642,21.86791873,59.8,0.0,20.7757619,23.67804925,-0.6162247364649696,7.0782947470951125,6.075689502440473,3.5450668187480883,3.0850206646366023,3.1645484269771456,50.10225652675426
Sudan,SDN,2019,0.515394964,1126.552979,435.3975955,34.936,26.11962046,59.4,0.0,21.73630133,24.38339133,-0.6628217518632199,7.026917788504563,6.076259626277159,3.55351781618326,3.262686773674788,3.193902217332447,49.37757360640186
Sudan,SDN,2020,0.456248148,1056.864746,422.2210431,35.253,9.955145076,62.6,0.0,23.32818616,25.0477682,-0.7847184332717564,6.963062017417724,6.045528975716463,3.5625506320199136,2.298089510589279,3.220784729749409,48.48423265840538
Sudan,SDN,2021,0.478809503,1009.548889,426.1140367,35.593,4.127548638,61.0,0.0,7.368743673,25.73175803,-0.7364524579597732,6.9172588655054605,6.054707002230355,3.5721489893104437,1.417683680631269,3.24772595003804,47.84847021241389
Sweden,SWE,2000,6.535334496,41561.09672,5375.751512,84.026,81.47161023,39.8,34.72807064,25.99919462,21.78061456,1.8772235310761318,10.634919833700403,8.589653659408539,4.431126274760225,4.400254618825893,3.081020333819311,113.10151986923421
Sweden,SWE,2001,6.526153445,42013.70043,5701.682068,84.071,80.56870032,37.4,33.86031269,25.68018432,21.83916765,1.8758177107662963,10.645751044787906,8.648516509938426,4.431661679925992,4.389110240592844,3.0837050388867153,113.33201530760279
Sweden,SWE,2002,6.653958484,42831.01886,5826.341893,84.133,77.08490417,35.9,37.29051046,25.45581021,21.91035639,1.895211938322237,10.665017858792504,8.670144619800288,4.432398880025965,4.34490746593841,3.0869594195636276,113.74260592836306
Sweden,SWE,2003,6.659329651,43474.57921,5676.548345,84.196,75.32781797,34.6,36.35382175,24.89480544,21.99203515,1.8960188264834414,10.679931660279726,8.644098641259944,4.433147414181596,4.321849495136378,3.090680349170143,114.06094026824526
Sweden,SWE,2004,6.456196126,45113.83085,5872.975544,84.258,78.73551972,35.5,34.67999329,24.74661173,22.07869992,1.865040309378586,10.71694414920862,8.678116691372866,4.433883520214098,4.366094384226945,3.094613339240591,114.85289189725688
Sweden,SWE,2005,6.039178823,46188.84111,5711.642142,84.319,84.16752046,39.3,33.80846133,24.5821093,22.16717889,1.7982680462468532,10.74049351348011,8.65026185184673,4.4346072251401845,4.432809104075062,3.098612766546266,115.35820091310833
Sweden,SWE,2006,6.067514968,48077.44087,5532.762657,84.43,88.32983589,40.1,33.39033211,24.84277537,22.29221704,1.802949125529462,10.780568341295005,8.618442546080711,4.435922788681409,4.481077942836148,3.1042376058881365,116.22065376133214
Sweden,SWE,2007,5.776166221,49261.23995,5464.456137,84.588,89.5464307,41.8,32.49807773,25.02473468,22.45813998,1.7537401790504112,10.804892842896505,8.606019878183607,4.437792412579739,4.494757269532575,3.1116531310991293,116.74570934647612
Sweden,SWE,2008,5.608669842,48427.75638,5383.764797,84.746,92.80790144,43.2,33.08923328,24.14566043,22.63377962,1.7243135866079806,10.787828407254144,8.591143184820545,4.439658547506598,4.530531780995126,3.119443463817016,116.3772417443595
Sweden,SWE,2009,5.045816456,45973.55377,4891.392192,84.902,81.9578894,45.7,31.93043116,22.33499621,22.82742144,1.6185594753995616,10.735821592099006,8.49523224378953,4.441497650165868,4.406205571452982,3.1279625080392885,115.25786525737924
Sweden,SWE,2010,5.35685221095,48204.65808,5443.323668,85.056,85.09104947,44.7,34.32587144,23.85911879,23.02286274,1.6783765284932526,10.783210936033184,8.602145121667146,4.44330986309078,4.443721853432134,3.1364877543802385,116.27763809098565
Sweden,SWE,2011,4.778033877846666,49355.68995,5281.400963,85.297,86.39032508,45.4,34.1704113,23.73387749,23.19737801,1.5640291392607888,10.806808336087679,8.571946675407007,4.446139283890878,4.458875691299238,3.1440392554750387,116.78710641293415
Sweden,SWE,2012,4.387233796406666,48788.86712,5295.928066,85.62,85.29767121,48.3,30.84437992,23.10520143,23.36962,1.4786989137676263,10.79525743302811,8.574693514820671,4.4499189007168,4.446147152952617,3.1514368882559674,116.53758304534867
Sweden,SWE,2013,4.098770371500001,48927.59731,5178.934938,85.936,81.63981336,47.3,29.82822422,21.98489669,23.5684835,1.4106870193382033,10.798096878438216,8.552354703688097,4.453602833163104,4.402317051804783,3.15991037461507,116.59889619613713
Sweden,SWE,2014,3.867605840689999,49556.7005,4997.879904,86.247,83.82264677,48.6,29.58742051,21.6085141,23.80349865,1.3526356697848696,10.810872757659173,8.516769082294676,4.4572152726978445,4.428703218829693,3.1698325719745193,116.87496978229724
Sweden,SWE,2015,3.757561172633334,51197.95293,4573.58908,86.553,84.15717393,51.9,28.02332122,22.28366785,24.05826177,1.323770122654411,10.843454828392368,8.42805353233103,4.460756943066564,4.432686168696501,3.180478462300781,117.58051261538574
Sweden,SWE,2016,3.60866766708,51746.69696,4858.899405,86.852,83.26380075,50.9,0.0,21.9558674,24.36244975,1.2833386369318367,10.854115882230692,8.488567231372086,4.464205520631525,4.422013889896208,3.1930430022353486,117.81183158489256
Sweden,SWE,2017,3.4213665325066662,51985.93247,4926.811175,87.146,85.92125042,51.8,0.0,22.16370526,24.69294198,1.2300400421756987,10.858728431540802,8.502447237271301,4.467584873035467,4.453431183960057,3.206517453002108,117.91198314995258
Sweden,SWE,2018,3.11286501394,52363.38291,4966.261118,87.431,90.12969572,51.6,0.0,22.18511636,24.98145887,1.1355435284698403,10.865962826607527,8.510422545837605,4.470849910848996,4.501249696550193,3.2181339045133464,118.06914814921664
Sweden,SWE,2019,2.9891118561399996,53156.86131,4781.875683,87.708,92.52108348,52.9,0.0,22.29257389,25.23788794,1.0949763051977788,10.881002468759059,8.472588150817108,4.474013115286255,4.527436548059908,3.2283463550908986,118.39621472514074
Sweden,SWE,2020,2.7986248437666665,51715.78104,4284.998056,87.977,84.33078177,57.8,0.0,21.81236405,25.42094382,1.0291281693124894,10.853518256472682,8.362875377356165,4.477075416680415,4.434746943909999,3.235573394104301,117.79885854358582
Sweden,SWE,2021,2.8652720370516667,54458.35356,4558.744207,88.238,90.27798618,57.9,0.0,23.0555277,25.57407926,1.0526632975095558,10.9051915336738,8.424802471379007,4.4800377092305395,4.502893645320393,3.241579309625591,118.92320238611075
Switzerland,CHE,2000,6.235849254,73749.93895,3466.506132,73.383,97.93685621,18.2,54.58004884,25.46819598,181.7712317,1.8303147773946866,11.208435446405113,8.150902487312178,4.295692301165853,4.584322946616651,5.202748927747728,125.6290251562306
Switzerland,CHE,2001,6.393420946,74439.46376,3658.066499,73.375,96.03983789,18.7,56.2522317,26.24425789,182.9307258,1.8552694844471973,11.21774150707629,8.20469000784517,4.295583278148261,4.564763083409104,5.20910753363323,125.83772451958224
Switzerland,CHE,2002,6.122088148,73824.38492,3537.537503,73.401,91.78185086,18.2,54.70125511,26.43397651,184.3254821,1.8119032389821237,11.209444374982427,8.171186143450067,4.295937559505866,4.5194145750305115,5.21670311936124,125.65164319582517
Switzerland,CHE,2003,6.252581244,73254.95299,3524.60536,73.427,90.33549631,18.0,54.042508,26.00642138,185.7038566,1.832994377527681,11.201701142204268,8.167523754369055,4.296291715392642,4.503530476316072,5.224153236048234,125.4781084792604
Switzerland,CHE,2004,6.283052252,74718.68363,3513.042268,73.452,95.51709446,18.1,54.23494517,25.55151011,186.9906177,1.8378558897955874,11.221485455376015,8.164237684075028,4.296632131656933,4.559305231049323,5.231058442868621,125.92173582521546
Switzerland,CHE,2005,6.32796454,76282.98407,3469.416643,73.478,102.2611721,18.7,55.76133929,25.82707424,188.1981564,1.844978626783407,11.242205178901996,8.151741744398871,4.296986041685809,4.627530051545876,5.237495431141555,126.38717728453085
Switzerland,CHE,2006,6.230519938,78893.80782,3600.205991,73.504,106.2451548,18.1,54.12136723,26.00279319,189.3887944,1.8294597864598652,11.27585802238532,8.188746342529438,4.297339826506688,4.665749204882376,5.243802015326976,127.14497414099138
Switzerland,CHE,2007,5.912714635,81254.1701,3391.34093,73.53,113.3318578,19.3,51.78668213,25.93094508,191.0948546,1.7771050550619016,11.305337423182628,8.128980676735681,4.297693486208131,4.730320309445579,5.25276992571367,127.81065425201363
Switzerland,CHE,2008,6.017240534,82481.06806,3480.202559,73.556,116.7780001,19.6,52.80675592,25.94630114,193.5413607,1.7946287711746225,11.320324067928047,8.154845777683777,4.298047020878607,4.760274697344818,5.2654912400160745,128.149737002911
Switzerland,CHE,2009,5.76638359,79585.5217,3460.611444,73.581,109.7759848,20.0,53.56485559,24.74278723,195.9777672,1.7520451231914405,11.284587467097856,8.149200570358072,4.298386840233909,4.698441787484745,5.278001220143486,127.341914302582
Switzerland,CHE,2010,5.6254008833,81315.42283,3323.412185,73.607,120.0651238,20.6,51.92904197,24.69452591,198.0326587,1.7272922136932527,11.306090980250646,8.10874730068634,4.298740129907937,4.788034293907896,5.288431960022239,127.82769325370502
Switzerland,CHE,2011,4.98056286663,81874.33624,3181.066878,73.631,125.5562732,20.6,50.77308473,25.03152647,200.2498644,1.60554291007738,11.312940865912324,8.064971915734363,4.299066132709015,4.832754050106044,5.299565908794682,127.98263103562908
Switzerland,CHE,2012,4.980648448833334,81964.88649,3175.970902,73.653,126.4538605,21.9,51.34729823,24.60389113,202.390548,1.605560093168999,11.314046221000206,8.063368660486265,4.299364875276622,4.8398775025036445,5.310199236718107,128.00764189092905
Switzerland,CHE,2013,4.9363738425,82479.92157,3274.499481,73.674,133.6937084,21.8,52.57682327,24.70221273,204.7343366,1.5966310216808184,11.320310167793203,8.093920306160616,4.299649955406431,4.895551425409031,5.321713219684795,128.14942229504217
Switzerland,CHE,2014,4.379742047293333,83394.37129,3031.174477,73.696,120.2134232,22.2,49.20436267,24.32391504,207.2507514,1.4769898293420511,11.331336095541673,8.016705439571291,4.299948523638275,4.789268689742916,5.333929419581811,128.3991777101256
Switzerland,CHE,2015,4.169484893408333,83806.4476,2927.960153,73.718,117.1384824,23.9,50.71845977,24.20112582,209.6266208,1.4277925014200599,11.336265223844547,7.982061266040512,4.3002470027537365,4.763356845139776,5.345327952015689,128.51090922534726
Switzerland,CHE,2016,4.0919580693599995,84611.09987,2819.830959,73.739,123.5659245,24.1,0.0,24.08997921,211.9315721,1.409023601057407,11.345820741124921,7.944432218518448,4.30053183155321,4.816774815266061,5.3562634494563515,128.72764828974044
Switzerland,CHE,2017,3.869926883931666,84967.58865,2809.479457,73.761,123.6218074,25.0,0.0,24.21769429,213.9184801,1.3532356138223016,11.35002515275531,7.9407544985483005,4.300830136640167,4.817226964735799,5.365595008335872,128.82307096817817
Switzerland,CHE,2018,3.6326265600533336,86756.60223,2806.499156,73.797,124.4285043,24.2,0.0,24.42395718,215.5000945,1.2899559568886307,11.370861801310856,7.939693133651762,4.301318080373672,4.82373128830221,5.372961348058787,129.29649810451036
Switzerland,CHE,2019,3.51331641649,87123.66042,2857.158192,73.849,124.1276122,24.8,0.0,24.72115913,217.0427817,1.2565604393927172,11.375083772564421,7.957582770666411,4.302022467924301,4.8213101670582965,5.38009448480006,129.39253083285843
Switzerland,CHE,2020,3.1850754138666666,84637.01329,2690.390233,73.915,121.7859781,26.4,0.0,24.82791568,218.6344696,1.1584759665669406,11.346126959253072,7.897441530104276,4.302915784353053,4.802265226317021,5.387401246751784,128.73459697548935
Switzerland,CHE,2021,3.230698993551667,88661.20298,2619.805561,73.996,130.0162613,27.7,0.0,25.63559372,220.314541,1.1726985204943616,11.392577676670788,7.870855380642416,4.3040110376891425,4.867659529555943,5.395056257077151,129.79082611897758
Syrian Arab Republic,SYR,2000,2.758793664,1248.384883,928.4331814,51.947,65.28498612,2.0,98.12707222,33.31907325,90.53154859,1.0147935059216442,7.129605901223661,6.8334984141752235,3.9502239680433098,4.178762088253714,4.505698393162321,50.83128030676325
Syrian Arab Republic,SYR,2001,2.698445131,1230.872,929.3738106,52.314,67.3681325,2.1,98.07666003,30.12398255,92.78124932,0.9926757297217941,7.11547814027445,6.834511037428799,3.957264021673733,4.210172094534925,4.530244564634966,50.63002916472355
Syrian Arab Republic,SYR,2002,2.62341018,1249.006214,942.4826529,52.682,71.64430768,1.6,98.66486135,29.14387237,95.05023398,0.9644750668518505,7.130103485293346,6.848517513741643,3.964273841226559,4.271713704921375,4.55440553058317,50.838375710992324
Syrian Arab Republic,SYR,2003,2.570268836,1307.481459,924.928081,53.049,61.54699054,1.9,98.64063837,28.26116707,97.44156,0.9440104988838309,7.175858015341402,6.829715984219446,3.97121601474095,4.119800956877814,4.579252813685647,51.49293825633944
Syrian Arab Republic,SYR,2004,2.619317632,1363.619467,943.0406779,53.417,78.11492859,2.6,98.1443196,30.02349847,99.8903688,0.962913838049581,7.217897816342543,6.849109418394508,3.9781290473628093,4.358181185698435,4.6040732725985105,52.09804888716245
Syrian Arab Republic,SYR,2005,3.125742296,1411.631849,1105.305011,53.782,80.13300249,2.1,98.442836,31.18721116,102.4900093,1.1396717897014599,7.252501653887196,7.007876603917417,3.9849388386951694,4.383687785323854,4.629765323584028,52.598780239636504
Syrian Arab Republic,SYR,2006,3.135256456,1420.722931,1101.638215,54.146,74.20522659,1.8,98.70004051,34.98300514,106.937984,1.1427109748858377,7.2589211273826715,7.004553637262999,3.9916841018358262,4.306834586910938,4.672249077650353,52.69193593356251
Syrian Arab Republic,SYR,2007,3.113436641,1411.689914,1084.273137,54.511,76.37935352,1.5,98.48430366,34.05780176,113.7231812,1.1357271453561673,7.252542786287171,6.988665121662343,3.9984025161656684,4.33571241776574,4.733767260362692,52.599376866926086
Syrian Arab Republic,SYR,2008,3.081732386,1423.595594,1066.137193,54.875,74.2279601,1.2,99.06238131,34.22428372,117.8205402,1.1254919018494798,7.260941058660751,6.971797295319097,4.005057871395335,4.307140899948942,4.769162621043139,52.721265057345505
Syrian Arab Republic,SYR,2009,2.8396773,1484.405237,977.7284738,55.237,59.94382524,0.9,99.27118418,27.29728389,119.6741941,1.043690418956542,7.30276945720501,6.885231997335993,4.011633018594211,4.093407877670065,4.784773001184456,53.33044174508636
Syrian Arab Republic,SYR,2010,2.788400769,1526.368944,963.5884194,55.6,64.01016469,1.4,99.06351374,30.42652417,122.433268,1.0254682304154652,7.330646954575092,6.870664252611213,4.018183201256536,4.15904189402984,4.807566130533629,53.73838477262107
Syrian Arab Republic,SYR,2012,2.0266907,1142.290802,703.5690517,53.555,35.36869033,2.0,93.71586964,25.04881247,123.9435985,0.7064042657922854,7.040791000532047,6.556166026250754,3.980709163216593,3.56582697482475,4.819826611322578,49.572737913173064
Syrian Arab Republic,SYR,2013,1.439637213,884.3298133,559.3382913,52.529,44.70525478,3.1,94.21776178,23.19360902,117.9922507,0.3643911464301842,6.784830085024467,6.326754462384119,3.961365398043759,3.80009105130984,4.770618950275264,46.033919282653116
Syrian Arab Republic,SYR,2014,1.331052278,847.6598772,618.1905604,51.5,54.26442252,2.7,84.28859782,19.49522803,110.4049393,0.28596981587680576,6.742479467126967,6.4267967600893625,3.9415818076696905,3.9938688099911737,4.704154872878421,45.46102936462874
Syrian Arab Republic,SYR,2015,1.318414602,847.7316319,560.5826509,52.168,51.08620782,0.6,40.44836068,15.49133603,105.7812885,0.27642995565785333,6.7425641138880925,6.328976690873999,3.954469280090901,3.93351455510342,4.661373646505224,45.46217082989152
Syrian Arab Republic,SYR,2016,1.284542734,802.9694983,530.4094733,52.835,67.11193653,1.3,0.0,16.23677963,104.5245004,0.2504028059906564,6.688316728542884,6.273649299383345,3.967173849892994,4.206361919811039,4.649421497513435,44.73358066130659
Syrian Arab Republic,SYR,2017,1.394614461,795.883217,596.4032232,53.5,61.05085217,1.1,0.0,17.20686491,104.6924141,0.3326180050325271,6.679452462769521,6.390916987302539,3.979681653901961,4.111707159017852,4.651026661574424,44.615085202397815
Syrian Arab Republic,SYR,2018,1.463271366,792.4138117,556.8869512,54.162,50.65909911,0.9,0.0,18.49595161,106.6157218,0.38067459082528493,6.675083744884506,6.322362259184461,3.9919795555440727,3.9251188613518475,4.669230984909573,44.55674300122136
Syrian Arab Republic,SYR,2019,1.329999989,771.5186953,553.8349892,54.821,41.99947112,1.0,0.0,15.91604685,110.8399172,0.2851789339629857,6.648360903914022,6.316866788950538,4.00407333222596,3.737657025823131,4.708086972971763,44.200702708692475
Syrian Arab Republic,SYR,2020,1.214574514,740.811397,509.5736722,55.475,44.8183353,1.1,0.0,21.09040434,114.6295758,0.19439382122150697,6.607746067932848,6.23357443926557,4.015932468818658,3.8026173257820663,4.741705849518135,43.66230809828202
Syrian Arab Republic,SYR,2021,1.172846125,734.3342363,492.1461358,56.124,61.2204851,1.1,0.0,18.66893565,117.7848881,0.15943338033323062,6.5989642877748755,6.198775696373158,4.02756352853175,4.1144818573669575,4.7688599786080355,43.546329671328174
Tajikistan,TJK,2000,0.443057663,429.537301,341.8737675,26.501,175.3512061,62.4,38.53110779,35.27732692,44.90379394,-0.814055352622149,6.062708585150374,5.834441568050917,3.277182468129254,5.166790854806045,3.804522288728603,36.756435388456055
Tajikistan,TJK,2001,0.427897406,461.6811958,330.9761282,26.503,146.6573056,64.1,36.92536068,36.18456978,45.78005859,-0.848871817741798,6.134874600505057,5.8020462525345815,3.2772579341318555,4.98809861075272,3.8238485943401157,37.63668636392209
Tajikistan,TJK,2002,0.421837053,501.8085665,325.6798851,26.505,138.6839688,64.2,35.52379667,35.1405801,46.66811232,-0.8631361698453911,6.218218705329052,5.785914951394366,3.2773333944397693,4.932197738809401,3.8430611117470916,38.66624386730412
Tajikistan,TJK,2003,0.422943347,546.3914798,325.5814743,26.507,137.669593,64.6,35.16974733,33.11631033,47.57484281,-0.8605170403475558,6.3033357147967894,5.785612735396661,3.277408849053855,4.924856560725599,3.862304109130512,39.73204113343275
Tajikistan,TJK,2004,0.493612665,590.9571114,345.2610403,26.508,128.3381707,61.4,38.76534917,30.91628427,48.51776936,-0.706004148292254,6.381743445229654,5.8443007694754465,3.2774465742259804,4.8546687386755165,3.881930109399904,40.72664940073166
Tajikistan,TJK,2005,0.460798415,618.3337026,337.9159373,26.51,126.9946993,63.7,36.72841133,27.36658063,49.47642183,-0.7747946092765101,6.427028283570013,5.822797158337482,3.277522020300934,4.84414534779227,3.9014962294283944,41.3066925578089
Tajikistan,TJK,2006,0.494433917,649.1633288,341.8637118,26.512,141.1539121,61.6,38.30510018,27.36417002,50.42559303,-0.7043417728454111,6.475684347292073,5.8344121541302085,3.2775974606842073,4.9498508702204855,3.9204988444057256,41.934487765763556
Tajikistan,TJK,2007,0.562959615,686.4809019,358.4276832,26.514,145.5280997,53.8,42.58898352,26.42841523,51.40380823,-0.5745473852092557,6.531578405301755,5.881726919189266,3.277672895376658,4.980369193051209,3.939712259794406,42.66151646460422
Tajikistan,TJK,2008,0.516542904,726.1854913,334.3626373,26.516,114.4801491,54.6,41.55752855,24.55751963,52.4321449,-0.6605969270765585,6.58780547984923,5.812226144406021,3.277748324379145,4.740401437658249,3.9595198555321334,43.39918104033154
Tajikistan,TJK,2009,0.407183758,739.2128785,284.6515615,26.518,85.97813704,60.6,35.64570051,24.50881063,53.51693341,-0.8984907015747318,6.605585942388913,5.651265841066218,3.277823747692527,4.454093043468891,3.9799981161589466,43.63376564228603
Tajikistan,TJK,2010,0.401312522,770.6041054,284.3312494,26.52,73.49304451,61.8,34.60937553,24.97662615,54.67377108,-0.9130147986077499,6.64717475971485,5.65013992960562,3.277899165317662,4.297190769223845,4.0013840894926656,44.18493228619017
Tajikistan,TJK,2011,0.393902197,809.3682292,278.854523,26.521,79.78424467,60.0,36.25808672,22.46874906,55.90729494,-0.9316526314630755,6.69625397938573,5.630690222894083,3.2779368719974045,4.379326049749833,4.023694871467802,44.83981735643923
Tajikistan,TJK,2012,0.436980695,849.5190808,294.8556558,26.545,83.17594454,55.8,42.03981563,22.04263462,57.25981709,-0.8278662610637171,6.744670402072216,5.686485934219469,3.278841406035635,4.420958177896568,4.047599105288339,45.49057883258898
Tajikistan,TJK,2013,0.437376258,889.8823831,288.3949606,26.589,71.74374289,55.1,37.25641364,23.11516465,58.70765933,-0.826961452048064,6.791089300172875,5.664330931610417,3.2804975964243703,4.273100643728956,4.072570200945443,46.118893882922514
Tajikistan,TJK,2014,0.56590951,925.9709615,301.6149649,26.655,54.60715961,45.9,50.75162006,22.60474151,60.70894759,-0.5693210898856245,6.830842875083199,5.709151253271551,3.2829767502747242,4.000165002542562,4.106091093956675,46.66041438407491
Tajikistan,TJK,2015,0.589043758,956.9163109,318.6982774,26.742,49.93781607,48.1,48.56346049,30.2202135,62.27999135,-0.5292548060696923,6.863715938203743,5.764244816325533,3.286235363192474,3.910778552818103,4.131640208076899,47.11059648035209
Tajikistan,TJK,2016,0.644658006,997.3526146,326.5692188,26.851,55.72464469,43.7,0.0,32.21336623,63.87802435,-0.4390353260602372,6.905104383060237,5.788641928697372,3.2903030642091937,4.02042250311881,4.156975395348195,47.6804665409577
Tajikistan,TJK,2017,0.76312362,1042.263918,328.7817689,26.982,53.78610461,44.2,0.0,31.84685796,65.46542258,-0.27033524247261137,6.949150470473616,5.795394214260334,3.2951699770166254,3.9850151551835356,4.181522103711201,48.29069226128368
Tajikistan,TJK,2018,0.881455515,1094.800202,347.7114616,27.134,55.84611141,41.6,0.0,34.3983608,67.06054471,-0.12618074353389808,6.998327161675093,5.851373002519981,3.300787554063117,4.022599897486938,4.20559586373101,48.97658306183936
Tajikistan,TJK,2019,0.948586805,1148.346767,370.7788757,27.309,56.04501591,40.1,0.0,33.06214906,68.66464443,-0.05278197560799144,7.046078593114707,5.915605862543525,3.3072163181912613,4.026155223352044,4.229234429639266,49.64722354034933
Tajikistan,TJK,2020,0.96276557,1171.901275,375.3673792,27.506,55.74910402,38.8,0.0,33.79653947,70.24504647,-0.0379453339951437,7.066382730240755,5.927905224265907,3.314404162692516,4.020861338820947,4.2519897928451424,49.93376489024479
Tajikistan,TJK,2021,0.940953804,1254.069996,367.7690419,27.726,71.82593744,34.9,0.0,35.1776826,71.81286836,-0.060861233056666755,7.134149537816907,5.907455137610785,3.322370601116184,4.274245656503118,4.274063685064922,50.89608962793319
Tanzania,TZA,2000,0.090834424,555.3480835,393.7155759,22.309,23.98911515,93.6,6.04522271,19.21152666,38.67705916,-2.398716946279586,6.319595094630313,5.975628760032228,3.1049901844905126,3.1776001920529846,3.655246637705009,39.93728216007551
Tanzania,TZA,2001,0.093385195,573.4001465,397.137814,22.674,28.03014323,93.1,6.433209153,19.38051488,39.73616956,-2.3710224580889614,6.3515838089427845,5.984283358987591,3.121218893595407,3.3332804750459104,3.6822618449592226,40.34261688202413
Tanzania,TZA,2002,0.103523394,598.4215698,405.8124328,23.044,27.49921727,92.4,7.054479083,21.49452941,40.77817114,-2.2679576628319085,6.394295471799404,6.005891064674976,3.1374054318701368,3.3141575413583584,3.7081469171568373,40.88701458067436
Tanzania,TZA,2003,0.106641883,621.7207031,410.8649491,23.611,30.44883582,92.4,7.122412089,23.24515173,41.87125198,-2.2382789457281915,6.432490961508995,6.018264569500817,3.1617127051348266,3.4160477609127096,3.734599481184199,41.37693996989491
Tanzania,TZA,2004,0.14283777,650.5165405,414.6560078,24.223,33.60978674,91.3,9.558900758,23.10549978,43.02288101,-1.9460457682511807,6.477766724992857,6.027449279638265,3.1873025950290947,3.514817296581507,3.761732090681402,41.96146174342468
Tanzania,TZA,2005,0.157543975,680.0512085,426.1625033,24.845,36.95927329,90.3,10.39577262,22.93951558,44.23354708,-1.8480506533380818,6.522168101952398,6.0548207366763425,3.212656525054284,3.6098165845130827,3.7894834849115795,42.53867675012535
Tanzania,TZA,2006,0.16387681,704.5027466,429.3137252,25.478,42.76816647,89.9,10.7801338,22.84522244,45.48984195,-1.8086402919554547,6.557492229982661,6.06218794583522,3.2378153346875953,3.755794051785172,3.817489047185901,43.00070434628297
Tanzania,TZA,2007,0.150653382,731.5200195,419.1657664,26.121,48.05839478,90.6,10.49624861,23.19719007,46.77750282,-1.8927735642718164,6.595124587823215,6.038266465549999,3.262739588514588,3.872416829417602,3.845402378371642,43.495668328910334
Tanzania,TZA,2008,0.147505112,752.5404663,414.8985808,26.776,49.02654455,90.3,10.60795655,23.73753919,48.05907428,-1.9138924461757056,6.623454770991117,6.028034106749699,3.2875059639090254,3.8923618769405377,3.8724309683666744,43.87015310336499
Tanzania,TZA,2009,0.139276768,772.9295654,414.9321041,27.439,43.53260065,91.0,10.08383809,21.67690864,49.25940619,-1.9712921888460113,6.650187925936526,6.0281149022676965,3.3119653590449287,3.773510097634426,3.897100338011533,44.22499945027196
Tanzania,TZA,2010,0.163841549,801.2993164,420.6663376,28.114,47.64043943,89.4,11.64386382,23.55617366,50.52888688,-1.808855482829983,6.68623455566997,6.041839972182347,3.336267672909574,3.8636819684160115,3.922545190167451,44.7057325334352
Tanzania,TZA,2011,0.193059357,838.9992676,432.7482231,28.798,56.16612418,87.6,13.79754259,26.38208409,51.96361142,-1.6447575881380214,6.732209833522845,6.070156087982031,3.3603059402860787,4.0283138025613425,3.950543693236233,45.32264924258169
Tanzania,TZA,2012,0.223794525,851.9107056,424.8115193,29.493,54.36894908,85.2,17.17049662,25.39949872,53.48189207,-1.4970269472105264,6.747481715703019,6.051645586556304,3.384152947052897,3.99579320192927,3.979343130628114,45.528509503746555
Tanzania,TZA,2013,0.237456366,882.8115234,432.0064421,30.196,48.63162753,84.5,16.9463197,25.44674503,55.11868142,-1.4377713944916777,6.78311172753708,6.068440500401442,3.4077094652773785,3.884274091468251,4.009488704430879,46.01060470825107
Tanzania,TZA,2014,0.223568261,913.8112183,414.5912948,30.904,45.35602234,84.7,17.10760203,25.14150348,56.84298036,-1.4980384932146829,6.817624005591351,6.0272932031579955,3.43088562536398,3.8145429646573157,4.040292736055542,46.47999708161546
Tanzania,TZA,2015,0.253809224,939.1273193,419.7195943,31.617,40.75768088,82.8,18.21869769,24.48735011,58.72766087,-1.3711723807846414,6.844951060325567,6.039586855692464,3.4536949506199095,3.707644309778029,4.0729108402038765,46.8533550182521
Tanzania,TZA,2016,0.262646711,970.1561279,416.3156991,32.333,35.4204704,81.7,0.0,24.85839937,60.76316663,-1.3369454540287427,6.877457015143243,6.031443864515589,3.4760883805037817,3.5672899128989117,4.106983793387302,47.299414995143
Tanzania,TZA,2017,0.255109842,1001.887451,406.252983,33.053,33.11259199,82.0,0.0,25.04215119,62.82782795,-1.3660610736299494,6.90964095098466,6.00697607638622,3.4981123337364517,3.4999136326992746,4.14039809554831,47.7431380715242
Tanzania,TZA,2018,0.260129573,1024.015259,402.9248621,33.776,32.6426099,81.3,0.0,27.00776551,64.84211447,-1.3465754144132542,6.931486706855616,5.998750098161406,3.519750491105965,3.485618487070831,4.171955306915651,48.04550796731612
Tanzania,TZA,2019,0.287343157,1051.766602,414.545617,34.5,33.01858925,80.4,0.0,28.67183336,66.80389591,-1.2470781084758598,6.958226507466085,6.027183021595949,3.5409593240373143,3.497070713472679,4.201761400847926,48.41691612920367
Tanzania,TZA,2020,0.275490064,1041.259644,405.6856415,35.227,27.9630152,80.8,0.0,27.08445029,68.83359449,-1.289203716375291,6.948186455382939,6.005578577670884,3.561812834029578,3.330882751322421,4.231691917769364,48.277295018766935
Tanzania,TZA,2021,0.30711083,1054.317261,404.4687893,35.954,29.91518401,78.3,0.0,27.29614189,70.93069767,-1.1805465867713016,6.960648690449264,6.0025745748071975,3.5822403436242243,3.3983661779178456,4.26170331120115,48.45063019185305
Thailand,THA,2000,2.774582804,3514.71663,1153.045522,31.386,121.2979554,21.8,78.34727235,36.66940838,123.3295132,1.020500394995171,8.164714183640815,7.050162000842683,3.446361933616529,4.7982499600783495,4.814859742436401,66.66255770054549
Thailand,THA,2001,2.882773146,3599.025249,1174.202792,32.548,120.2679663,19.9,80.81288376,36.32100349,124.5887393,1.0587527287756984,8.1884183236143,7.068344721416391,3.482715922834411,4.78972230572583,4.825018227469947,67.05019464250243
Thailand,THA,2002,3.034655554,3783.754221,1286.144037,33.734,114.969743,19.9,81.53637104,36.89443145,125.7931003,1.1100979268023066,8.238471975895267,7.159403902413622,3.518506230835823,4.744668989397403,4.834638496180335,67.87242049761167
Thailand,THA,2003,3.127484751,4018.155382,1379.291757,34.941,116.6928197,20.2,81.7005471,37.91817489,126.9709057,1.140229087567666,8.298578216105504,7.229325426843795,3.5536609247886246,4.759545009550409,4.843957971237326,68.86640040882081
Thailand,THA,2004,3.377601009,4232.771573,1477.384809,36.169,127.4118737,19.9,81.71554991,37.9023025,128.113776,1.2171656968447027,8.350612275681904,7.298028782789169,3.5882023983603606,4.847424938952184,4.852918744104178,69.7327253787693
Thailand,THA,2005,3.471456473,4372.257302,1508.580261,37.411,137.8538668,20.1,81.33098441,38.50521071,129.2204193,1.244574238748601,8.383034699806242,7.318924263017345,3.621964778823429,4.926194187856223,4.861519622978492,70.27527077815553
Thailand,THA,2006,3.497249349,4551.525002,1525.126558,38.673,134.0869462,20.5,81.10510472,39.14685588,130.2974946,1.251976759228128,8.423217621064389,7.329832674450587,3.6551416821290776,4.8984884417761165,4.8698202560104065,70.95059509180962
Thailand,THA,2007,3.543681318,4760.667085,1569.872373,39.95,129.873227,21.6,81.06937528,39.43137188,131.3441132,1.2651661071420868,8.468143081313789,7.358749603955252,3.6876286722122837,4.866558797738143,4.877820697464474,71.70944724560259
Thailand,THA,2008,3.532948841,4805.76394,1596.828355,41.242,140.4370115,22.6,80.66348553,39.47961297,132.3569261,1.2621328879438343,8.477571297320642,7.375774662789318,3.7194571545780746,4.9447590715238325,4.8855022590001145,71.8692151011548
Thailand,THA,2009,3.404862342,4737.456798,1578.761073,42.543,119.2694189,22.8,80.24858319,38.60859889,133.3380571,1.2252045105904017,8.46325573019343,7.364395687416827,3.7505153291473188,4.781384958439864,4.8928876860623065,71.62669755465191
Thailand,THA,2010,3.591217351,5059.357478,1718.621184,43.856,127.2505226,22.8,79.97812842,39.9217257,134.2352502,1.278491240006549,8.528994773586376,7.449277611115269,3.78091153956043,4.846157762298427,4.899593859196601,72.74375184786372
Thailand,THA,2011,3.574268647,5070.237402,1704.823341,44.698,139.6754072,23.0,80.23184807,37.98139827,135.0725362,1.2737605809520673,8.53114292034105,7.441216772032774,3.799928757889231,4.939321210680143,4.905811939326869,72.78039952728523
Thailand,THA,2012,3.812528463,5403.87846,1818.192043,45.445,137.6749385,23.6,80.12928528,37.34369414,135.9120319,1.3382926076105799,8.594872208079574,7.505597903371945,3.816502803570734,4.92489538844425,4.912007852190281,73.87182827321864
Thailand,THA,2013,3.950864766,5516.611642,1943.92304,46.193,132.4622742,23.2,80.63290979,36.89858846,136.712627,1.3739344830530367,8.615519117827537,7.572463395759374,3.8328282714565978,4.886297881866114,4.917881109617665,74.22716966965179
Thailand,THA,2014,3.878392056,5541.465994,1926.225826,46.943,130.9054954,24.4,79.54588029,36.76304037,137.4393059,1.3554206491833791,8.620014364591267,7.563317836782701,3.8489340997568573,4.874475653700042,4.923182408019468,74.30464764575979
Thailand,THA,2015,3.965614507,5688.853354,1932.67391,47.694,124.8396622,22.6,28.54777596,36.17917733,138.0743311,1.377660825928147,8.646263987304684,7.566659768650552,3.864805603819031,4.827030211535413,4.927792171306931,74.75788093816189
Thailand,THA,2016,3.895124461,5857.780529,1985.005309,48.448,120.5752273,22.4,0.0,35.58676541,138.6988217,1.3597256328558378,8.675526061510013,7.593376867676908,3.8804910578149836,4.792273851086993,4.932304831971074,75.26475244393943
Thailand,THA,2017,3.891777294,6076.743077,1988.137815,49.2,120.8914274,22.2,0.0,35.01875953,139.2867095,1.3588659412065884,8.712224153308428,7.594953708254405,3.8958936234982624,4.794892848572434,4.936534467045212,75.90284969749075
Thailand,THA,2018,3.847028358,6314.199484,1951.855636,49.949,120.8418647,23.7,0.0,34.74248967,139.7092897,1.3473009952012682,8.750556262537136,7.576535807270873,3.9110024848741394,4.794482787548039,4.939563761546687,76.5722349038279
Thailand,THA,2019,3.976937477,6434.537705,1989.812342,50.692,109.6895147,23.9,0.0,33.59391051,139.9954413,1.380512044955382,8.769435276734718,7.595795612769454,3.9257681072198176,4.69765378112683,4.941609859936289,76.90299507283933
Thailand,THA,2020,3.83072746,6035.186277,1884.350737,51.43,97.80074325,20.9,0.0,33.29072297,140.2287851,1.343054722493557,8.705361999169616,7.541338603945425,3.940221659786825,4.582932176705145,4.943275268076984,75.78332753658641
Thailand,THA,2021,3.729278541,6121.526965,1848.063361,52.163,117.2529446,19.0,0.0,35.03171197,140.3968212,1.3162147943041074,8.719566848470372,7.52189353786928,3.9543734313018772,4.764333520870316,4.944472850309758,76.03084602494353
Togo,TGO,2000,0.243344552,679.5333677,410.709756,32.907,48.80800411,77.1,14.85630458,30.30282777,94.5033462,-1.4132769304609827,6.521406338640125,6.017886775245754,3.4936854010973066,3.8878943180570547,4.548635243396604,42.528740633655595
Togo,TGO,2001,0.213363368,667.2982818,399.0750457,33.356,51.39415207,82.0,12.60194655,29.37861583,97.02853466,-1.5447586137061593,6.503237145052357,5.989149483665352,3.507237666224739,3.939524393031287,4.575005106995934,42.292093364788734
Togo,TGO,2002,0.221418683,675.4407444,403.0039216,33.809,51.60956528,78.7,13.41171325,30.21987224,99.52700864,-1.507699876540685,6.515365432457048,5.998946292916707,3.5207270392341745,3.943707028951357,4.600429050948484,42.449986718456216
Togo,TGO,2003,0.258817863,702.7992002,414.9306408,34.265,55.38997842,74.8,15.83117744,31.07418651,102.0806582,-1.3516306963262004,6.555071218292944,6.028111375660413,3.534124425037787,4.014398682443925,4.625763267459705,42.968958676892534
Togo,TGO,2004,0.241797255,678.2875462,408.6810444,34.724,57.87109387,76.1,14.73178356,28.03859935,104.7344732,-1.4196556932232034,6.519571307470935,6.012935009264638,3.5474310905295616,4.0582180176016776,4.651428320607872,42.504810033198275
Togo,TGO,2005,0.224308429,630.2486283,405.9778411,35.185,61.45428001,77.2,13.79186135,24.42971431,107.4578231,-1.4947332590269655,6.4461143896277395,6.0062985795408395,3.5606198554185124,4.118293483871359,4.677098427325151,41.552390724165804
Togo,TGO,2006,0.203205368,629.0798559,394.055905,35.649,61.61286046,79.7,12.01048299,25.0511548,110.510535,-1.5935381463039069,6.444258205557833,5.976492790095322,3.573721095975999,4.1208706224505764,4.7051108557798145,41.52846381989946
Togo,TGO,2007,0.196757,603.8378964,397.6555397,36.116,60.92747833,79.9,12.76947586,26.20517466,113.7772385,-1.6257858141726578,6.403305778469825,5.985586152401292,3.5867359804452326,4.109684277058979,4.734242488505907,41.00232489258505
Togo,TGO,2008,0.249465677,610.4056557,402.3785226,36.587,61.44248006,76.5,14.28820519,23.7868088,117.0952749,-1.3884339403880583,6.414123745490887,5.997393244100689,3.5996929860551345,4.118101453584646,4.762987918807482,41.14098342247004
Togo,TGO,2009,0.413714263,625.7118367,475.8096401,37.058,61.33340732,63.4,24.08754853,20.597459,120.4608384,-0.8825797294351597,6.438889940357748,6.165017858487485,3.612484252860223,4.116324675244496,4.791324707578072,41.4593036640402
Togo,TGO,2010,0.375011697,644.5637303,462.9805727,37.533,65.85679206,65.8,22.02284711,20.27238167,123.7835999,-0.9807980614981866,6.468573700811012,6.137685093594674,3.625220546003373,4.187482567289405,4.818534878938886,41.842445722823875
Togo,TGO,2011,0.334982825,663.9637781,453.3651618,38.032,76.65527426,69.1,19.89320779,21.69524115,127.164442,-1.0936760171280695,6.498227596934254,6.116697897450333,3.638427910617838,4.33931841260482,4.84548106780115,42.22696190155793
Togo,TGO,2012,0.311559252,687.4957957,440.167543,38.546,74.6110977,72.7,17.2042449,19.95209222,130.5522339,-1.1661657437549429,6.533055714176573,6.087155433979628,3.6518523332768598,4.312289258880221,4.87177340645029,42.680816964535175
Togo,TGO,2013,0.260972498,709.0923042,416.7042513,39.061,80.99058865,76.2,18.36505336,22.12824212,133.948189,-1.3433402488589352,6.563985707338915,6.0323767406801805,3.6651245267593215,4.394332958415743,4.897453075929084,43.08590836614956
Togo,TGO,2014,0.231998876,730.2915254,423.5743368,39.579,69.92374668,81.4,18.56617279,23.77218538,137.3864681,-1.4610227521551495,6.593443804286517,6.048729028322588,3.6782986745697492,4.247405315151917,4.92279788949428,43.47350120028426
Togo,TGO,2015,0.201586936,751.0524051,400.7291446,40.1,68.20008842,81.0,20.11683626,22.79404267,140.8934547,-1.6015345464719386,6.621475429755693,5.993285749212218,3.6913763343125234,4.222445861329515,4.948003964312507,43.843936866858336
Togo,TGO,2016,0.266521122,763.2765491,422.806733,40.628,65.52875221,80.7,0.0,20.88353749,144.4804008,-1.3223017814812634,6.637620415287788,6.046915178656418,3.704457484077255,4.182489011362407,4.973143863751206,44.05800477744523
Togo,TGO,2017,0.22593625,774.2769091,403.9143871,41.162,57.60198442,78.4,0.0,20.40173636,148.1364221,-1.4875023991478153,6.651929573302647,6.00120294238558,3.7175155006502685,4.05355701884451,4.9981336201401065,44.24816704817834
Togo,TGO,2018,0.241391644,791.5935324,411.0463574,41.702,57.35580371,76.7,0.0,21.02960762,151.8436845,-1.4213345856651176,6.6740480434070095,6.0187059998632195,3.730549089285329,4.0492740365371525,5.022851600241605,44.54291728570493
Togo,TGO,2019,0.233697756,810.5141328,414.0300943,42.248,56.1423934,78.6,0.0,19.34441434,155.5997058,-1.45372663953734,6.697668778161275,6.025938662729305,3.743557015404632,4.027891202728943,5.047286720997002,44.85876706195635
Togo,TGO,2020,0.255533051,806.9564904,424.6222126,42.8,55.54853856,76.2,0.0,20.1584693,159.3991543,-1.3644035195830875,6.693269751574834,6.0511998620788665,3.756538102587751,4.017257207188708,5.071411460821338,44.79985996734664
Togo,TGO,2021,0.277077606,835.1990513,422.5331213,43.358,57.5850135,75.1,0.0,20.16934607,163.2355028,-1.283457645969,6.7276700812321355,6.046267837334078,3.769491230606324,4.053262351556894,5.095193960537916,45.261544721906006
Tunisia,TUN,2000,2.163803446,2864.550756,748.2738312,63.432,82.63911067,14.2,87.10638748,26.80662105,62.85359809,0.7718675278386972,7.960166812665296,6.617768995473877,4.1499684659700975,4.414483063257834,4.140808182244063,63.36425568545798
Tunisia,TUN,2001,2.230143904,2941.742756,781.4001218,63.818,89.55220119,14.2,87.30674745,26.43669833,63.52778708,0.8020661143316998,7.98675745886119,6.66108733849503,4.156035282220533,4.494821708774138,4.151477401994295,63.78829470667485
Tunisia,TUN,2002,2.183820613,2950.20794,783.697922,64.202,85.34217597,14.6,87.06186634,26.5762343,64.18328399,0.7810759176044764,7.9896309349852865,6.664023642530485,4.162034362858657,4.4466687750912275,4.161742802805184,63.83420247727386
Tunisia,TUN,2003,2.141043279,3058.232929,797.1583346,64.585,82.39034071,14.1,86.79403488,25.561442,64.8277034,0.7612932237890387,8.025592553960985,6.681053322296426,4.167982185683979,4.411468205650906,4.1717330336018446,64.41013584219401
Tunisia,TUN,2004,2.244091502,3218.727387,832.5546718,64.95,86.9253447,13.9,87.03210989,25.57977265,65.43616761,0.8083007631214545,8.07674133898931,6.72449889153013,4.173617743116608,4.465049643373551,4.181075127162718,65.23375065693882
Tunisia,TUN,2005,2.286164888,3301.942459,810.8369297,65.237,90.25124788,14.2,86.31231655,26.43356977,66.01101957,0.8268756922552273,8.102266198222846,6.698066960777898,4.178026792636654,4.502597424042607,4.189821691271443,65.6467175468645
Tunisia,TUN,2006,2.342513007,3444.555825,845.9856047,65.524,93.94093041,14.3,86.57402631,27.18473125,66.59635685,0.8512242877297523,8.14455024189858,6.740502343740414,4.182416487742385,4.542666184850419,4.1986498740981855,66.33369864281022
Tunisia,TUN,2007,2.392445216,3642.124503,865.7644565,65.809,104.059401,14.3,86.58154702,28.90834161,67.20971936,0.8723159458591885,8.200322445040975,6.763612881381639,4.1867566070935,4.644961899551144,4.207817870404045,67.24528820264278
Tunisia,TUN,2008,2.411702577,3760.123167,894.3041608,66.093,114.3436602,14.6,86.68686432,31.44941852,67.85939109,0.8803329615601801,8.232206993028287,6.796045941918747,4.191062841098538,4.739208476867983,4.217437786283112,67.76923197606382
Tunisia,TUN,2009,2.38140641,3835.255099,859.9629254,66.376,93.01687879,16.1,85.94935055,28.04121533,68.55484681,0.8676912417252766,8.251991230233157,6.75688927831829,4.195335545361984,4.5327809690511005,4.227634108249926,68.09535926384494
Tunisia,TUN,2010,2.575576027,3906.911331,955.7070474,66.657,100.1510098,12.6,87.62350335,29.52355177,69.29698764,0.9460732089044539,8.27050239989096,6.862451430316307,4.19956006736641,4.606679144936682,4.238401436852811,68.40120994660212
Tunisia,TUN,2011,2.412411865,3784.746204,902.9030411,66.938,100.1063793,13.2,87.93239403,30.54812597,70.06974125,0.8806270209211837,8.23873411051903,6.805615173454843,4.203766817834598,4.606233413561281,4.249491049639789,67.87673974382979
Tunisia,TUN,2012,2.56498687,3900.051265,930.1686346,67.218,101.5507239,13.0,88.29311184,30.12153682,70.86539006,0.941953359701249,8.26874497690314,6.8353658972363345,4.207941068804641,4.62055841650911,4.2607821628724,68.3721434930609
Tunisia,TUN,2013,2.532805462,3947.592761,935.7970997,67.495,98.95495669,13.2,88.1163344,29.13794673,71.71318872,0.9293275666489182,8.280861244523752,6.841398679153964,4.21205352106079,4.594664763669158,4.272674673786352,68.57266295105546
Tunisia,TUN,2014,2.678803309,4021.604769,939.769133,67.772,96.10710386,12.9,88.20139712,27.12888364,72.56879506,0.9853701683075868,8.29943629822409,6.845634241907157,4.21614913029586,4.5654632347842465,4.2845350093214165,68.8806428682796
Tunisia,TUN,2015,2.694026379,4014.947737,952.9839551,68.056,87.24853066,12.5,74.58716858,24.89649474,73.39253347,0.9910368696996987,8.297779609359653,6.859598067311003,4.220330895673583,4.4687607203676665,4.295822206604287,68.85314644550483
Tunisia,TUN,2016,2.589924912,4015.296641,955.1764939,68.346,87.09266436,12.4,0.0,24.00728747,74.20619207,0.951628883785393,8.297866506839679,6.86189613377189,4.22458303914583,4.466972659416156,4.3068475977696545,68.85458856533172
Tunisia,TUN,2017,2.600172113,4062.226775,973.9534815,68.642,95.80880587,11.8,0.0,23.62390515,74.99033213,0.9555776401441837,8.309486568991632,6.881363542235037,4.228904592284355,4.562354600063559,4.317359200294022,69.04756704025233
Tunisia,TUN,2018,2.565514775,4128.103938,973.0743413,68.945,103.8717358,11.9,0.0,23.68631373,75.73065139,0.9421591504945832,8.325573485623488,6.880460483481124,4.233309085293705,4.643156828373796,4.327182984567677,69.31517386451684
Tunisia,TUN,2019,2.546609998,4154.958616,950.6142637,69.254,102.3320455,12.2,0.0,23.23514894,76.43589727,0.9347630621684971,8.332057747191811,6.8571083690115815,4.237780905132155,4.628222874149346,4.336452445378012,69.42318630253908
Tunisia,TUN,2020,2.398084459,3749.267224,896.515594,69.568,84.33826686,12.9,0.0,21.51167218,77.07297245,0.8746702765855922,8.229315692936702,6.798515687205119,4.242304691498744,4.434835698664539,4.344752667230936,67.72163677401426
Tunisia,TUN,2021,2.574078596,3902.542583,964.474883,69.888,93.63896352,11.6,0.0,23.2780365,77.55292225,0.9454916432842988,8.269383564053308,6.871583790534434,4.246893960682385,4.539446573787423,4.3509605710531485,68.382704529435
Turkiye,TUR,2000,3.47027994,6325.096088,1166.01412,64.741,42.35443704,17.3,85.8741209,26.79741217,85.0096293,1.2442352650563524,8.752280505258984,7.061346476614131,4.170394694779793,3.7460731863301837,4.442764535956308,76.60241404273646
Turkiye,TUR,2001,3.120552503,5887.685766,1060.57072,65.34,49.87147514,18.1,86.04907646,25.50362309,86.073994,1.1380100704386897,8.680618290438366,6.9665624573070515,4.179604406172924,3.909449198827799,4.4552073216744414,75.3531339042931
Turkiye,TUR,2002,3.241916577,6192.18555,1107.27991,65.974,47.98239405,17.5,86.04889567,24.59171985,87.11821914,1.1761646910268289,8.73104338090586,7.009661755308189,4.189260725017979,3.870834152998756,4.467266036955721,76.23111851926002
Turkiye,TUR,2003,3.386052516,6473.462738,1159.996658,66.602,46.22509763,16.3,86.14887429,24.79368756,88.13550667,1.2196647933366818,8.775466443399646,7.056172403061778,4.198734607125481,3.8335228893315314,4.478875478649855,77.00881129923323
Turkiye,TUR,2004,3.438657254,7028.755564,1176.754302,67.225,48.82583815,16.8,86.71121737,25.10695716,89.12414667,1.2350810620459627,8.857764951212003,7.070515336106309,4.208045202154929,3.8882596430260516,4.49003030415847,78.45999993091978
Turkiye,TUR,2005,3.549305818,7579.372032,1211.465616,67.84,46.14235705,15.3,88.29150177,25.23728328,90.08167171,1.2667520401407075,8.933185629821963,7.099586158508383,4.2171519914836475,3.8317313361829157,4.500716722278685,79.80180549685763
Turkiye,TUR,2006,3.911451708,8023.150993,1328.692301,68.45,48.76287107,14.2,89.08381634,26.03384574,91.01171862,1.363908585908021,8.990086515594012,7.191950505194985,4.226103551734458,3.8869691845449132,4.5109882742698835,80.82165555786528
Turkiye,TUR,2007,4.28042733,8414.253504,1429.923006,69.053,47.85081675,12.5,90.20789773,26.37394825,91.15823448,1.4540528480676231,9.037682392529499,7.26537587984638,4.234874325689215,3.8680881867188073,4.512596836923591,81.67970302823772
Turkiye,TUR,2008,4.21561191,8376.149246,1385.178015,69.651,50.5482539,12.5,90.83125521,26.14778198,92.3192677,1.4387947552942628,9.033143570681982,7.233583941047999,4.243497057624541,3.922928402832304,4.525252870535955,81.59768276855324
Turkiye,TUR,2009,4.183302631,7862.870765,1364.097304,70.241,46.78706695,13.1,89.46063685,24.0238464,93.60238816,1.4311010376795639,8.969907056017707,7.218248173102429,4.251932186127568,3.845606817510449,4.5390558976879705,80.45923259359624
Turkiye,TUR,2010,4.267659619,8396.92342,1445.410164,70.825,46.69446523,14.2,89.9149991,24.49015183,95.03547159,1.4510655783847428,9.035620658218194,7.276148410787627,4.26021204571658,3.8436256400922044,4.554250207067545,81.64244067921939
Turkiye,TUR,2011,4.482810993,9201.337261,1515.880336,71.402,53.30417564,12.7,90.76247065,26.83751694,96.44066499,1.5002503034547083,9.127104106930718,7.323751629049923,4.268325880157714,3.9760146703170913,4.568927948664561,83.30402937875158
Turkiye,TUR,2012,4.577613759,9519.815089,1567.316061,71.974,52.83080266,13.0,89.7131432,26.64934736,97.67788028,1.5211778490327148,9.161130704172404,7.357119920167014,4.276304942688626,3.9670944043222125,4.581675128911786,83.92631577893036
Turkiye,TUR,2013,4.384122346,10195.84758,1510.79119,72.531,52.5272988,13.8,89.60891068,27.67999217,98.94056105,1.4779894566468212,9.229735816384661,7.320388759473669,4.284014056678593,3.9613330115991654,4.594519276391934,85.18802324025383
Turkiye,TUR,2014,4.604101139,10556.11704,1543.090957,73.077,53.76630117,11.5,91.3802711,28.11666119,100.2844016,1.5269474582551887,9.264460785094904,7.341542798778735,4.2915136797640745,3.984646898609818,4.6080101654261405,85.8302336385613
Turkiye,TUR,2015,4.702266072,11049.99511,1646.836311,73.611,51.0885436,13.3,87.42797662,27.83434929,101.6312761,1.5480445355011567,9.310185264411864,7.40661133908186,4.298794471089057,3.933560276379331,4.621351323402637,86.6795496576718
Turkiye,TUR,2016,4.934894769,11264.61457,1724.54364,74.134,48.32818623,13.2,0.0,28.08295977,103.0078895,1.5963313492538425,9.329421637456326,7.452717737942471,4.305874266473638,3.8780149562887076,4.634805582383607,87.03810808943827
Turkiye,TUR,2017,5.393643979,11953.66642,1828.029868,74.644,55.76216875,11.4,0.0,29.13172126,104.3523485,1.6852212193875844,9.388793323691175,7.510994091049103,4.3127301456712255,4.021095660064625,4.647773139259412,88.14944007498798
Turkiye,TUR,2018,5.268730271,12148.29313,1771.337429,75.143,62.61421854,11.8,0.0,29.43859753,105.7744683,1.6617893982295824,9.404943955772444,7.47949014984318,4.319392964821274,4.136992385542044,4.661309169885863,88.45297081122062
Turkiye,TUR,2019,5.008961068,12073.86907,1774.196257,75.63,63.1932929,14.1,0.0,27.33170283,107.2975846,1.6112285219356117,9.398798815335342,7.481102786401023,4.325853029867938,4.1461981705211555,4.675606138665668,88.33741917114902
Turkiye,TUR,2020,5.070409816,12179.66265,1762.010622,76.105,61.34375577,13.7,0.0,28.02576653,108.3438535,1.6234216458945827,9.407522843835983,7.474210834854799,4.33211396573163,4.116493385536843,4.685309998177601,88.50148605729585
Turkiye,TUR,2021,5.474391947,13449.92913,1894.627193,76.569,71.08244396,12.0,0.0,31.13280073,109.3347687,1.7000812096262805,9.506729115871122,7.5467773662361415,4.338192295094602,4.2638403859255245,4.694414447983516,90.37789848255173
Uganda,UGA,2000,0.058837132,509.1975532,386.5845954,14.786,32.74903334,95.3,0.0,21.4381816,120.1148591,-2.8329821267889885,6.232836061487103,5.957350719627524,2.6936807871349084,3.488873445309767,4.788448444163969,38.84824536937406
Uganda,UGA,2001,0.058038423,519.4565479,386.0926038,15.201,35.32997678,95.5,0.0,21.16865431,123.8460337,-2.8466500222518953,6.252783164885162,5.956077246909553,2.7213612151618825,3.5647318041390235,4.8190391303922775,39.09729730707131
Uganda,UGA,2002,0.064109518,547.4053389,387.3246481,15.626,36.27779416,95.6,0.0,22.92010212,127.7857465,-2.7471624393391076,6.305189549755948,5.959263225342602,2.7489361935745524,3.5912058229575,4.850355005989572,39.75541525835161
Uganda,UGA,2003,0.065630383,564.7205392,388.3892264,16.061,36.58572646,95.6,0.0,22.67670777,131.8859116,-2.7237165347676857,6.336330987896224,5.962007997618446,2.77639397308076,3.599658176910751,4.881937242797923,40.14909038817393
Uganda,UGA,2004,0.066673995,585.3394891,388.6498072,16.507,35.46008625,95.3,0.0,20.86400881,135.9016816,-2.7079402821435203,6.372192002157302,5.962678699599945,2.803784533365404,3.5684077329612087,4.911931694884811,40.604830912357485
Uganda,UGA,2005,0.079382651,604.4048131,392.2966793,16.96,38.99428548,94.5,0.0,23.51010649,139.9493969,-2.533475435863371,6.404244193801688,5.972018388484295,2.830857630363757,3.6634151092397946,4.941280906555964,41.01434369384263
Uganda,UGA,2006,0.089476965,650.2705409,393.8708942,17.425,43.63328579,94.2,0.0,22.76616115,144.1069166,-2.4137740611294527,6.477388493064741,5.97602317590378,2.8579059566465874,3.775820294636761,4.970555500465655,41.95656169008752
Uganda,UGA,2007,0.104777086,684.5422418,396.66305,17.899,46.77741665,94.1,0.0,25.07733143,148.4081377,-2.255920176039674,6.528750354730904,5.983087179748841,2.884744845364363,3.845400536245103,4.999966165483197,42.6245811943989
Uganda,UGA,2008,0.109903377,722.565167,402.6989809,18.384,56.25826821,94.1,0.0,25.76811004,152.8429658,-2.208153690110169,6.582807612458916,5.998189337186215,2.9114807211064,4.029953020682499,5.029411026996557,43.333356062647056
Uganda,UGA,2009,0.117782653,749.3428655,414.7921715,18.878,47.06387807,94.3,0.0,27.28618529,157.40529,-2.1389142766727,6.619196643127552,6.027777603226456,2.937997222902753,3.8515057868312788,5.058823944058952,43.81376420039105
Uganda,UGA,2010,0.1128592,768.6240917,421.1429505,19.383,38.26924904,93.6,0.0,27.59183362,161.5340215,-2.181614254894407,6.644602022552331,6.042972325929601,2.964396393244138,3.6446466765641325,5.084715779919851,44.15073603810652
Uganda,UGA,2011,0.122678941,816.5163666,429.2711411,19.898,39.75522556,93.3,0.0,27.55829568,166.3402304,-2.098184571987234,6.7050469570350995,6.062088749816966,2.990619224167168,3.6827412930890806,5.114035271554407,44.957654696045644
Uganda,UGA,2012,0.12097874,823.5804683,436.1210481,20.424,43.50213714,93.4,0.0,27.17860734,171.2419609,-2.1121404513022237,6.71366125984086,6.077919838072934,3.0167106799391825,3.7728100665429887,5.143077532390812,45.07324751188796
Uganda,UGA,2013,0.119195036,828.9886697,449.3821704,20.958,43.10915487,93.1,0.0,25.46466468,176.2270197,-2.1269941695133374,6.7202064876112555,6.107873684731876,3.04252043505275,3.763735384530695,5.171773048510706,45.16117523613241
Uganda,UGA,2014,0.127326044,845.9786648,456.0376408,21.504,36.01440108,92.4,0.0,25.22268201,181.50578,-2.061004206755589,6.7404941403756915,6.12257535172172,3.0682389643407393,3.5839188884654414,5.201287498927869,45.43426125643903
Uganda,UGA,2015,0.143205247,862.9346104,470.5604719,22.06,37.68929833,91.7,0.0,27.10988488,187.1705865,-1.9434763840654066,6.760338918108441,6.153924477652853,3.0937660138253564,3.6293761902312456,5.232020428300881,45.702182287691606
Uganda,UGA,2016,0.148732632,874.6483706,473.6042134,22.624,31.20936202,91.4,0.0,26.16646039,193.492679,-1.9056050010372036,6.7738219434179445,6.160371980067384,3.1190112897141624,3.440718114548605,5.265239677128766,45.88466372113046
Uganda,UGA,2017,0.149352666,871.09388,468.5530194,23.196,36.83705293,91.3,0.0,26.03099481,200.3659884,-1.9014448837930324,6.76974975520035,6.149649263685234,3.143979850014194,3.6065042117159907,5.30014563624401,45.8295117480352
Uganda,UGA,2018,0.158849224,895.0751279,468.5026763,23.774,36.6384056,90.5,0.0,26.23601165,207.2902005,-1.8397998033902847,6.79690765653965,6.1495418141488205,3.1685925465584326,3.601097023575269,5.33411974625491,46.19795369152732
Uganda,UGA,2019,0.157915287,920.9391015,455.4213139,24.361,39.36105396,90.5,0.0,26.6204367,214.4406393,-1.8456965479672374,6.825393911919304,6.12122295512556,3.192983492902251,3.672776849264568,5.3680329602083905,46.5860020528651
Uganda,UGA,2020,0.15280556,917.0350318,475.325187,24.954,37.00069239,91.6,0.0,26.49052459,221.7093158,-1.8785890154771685,6.8211456741439935,6.163999174010605,3.2170341299888294,3.610936625712377,5.401367135586097,46.528028307893315
Uganda,UGA,2021,0.165023884,919.4016752,483.4250191,25.553,41.71363074,91.0,0.0,27.14944169,228.9593557,-1.8016650640418945,6.823723105428331,6.180896223446403,3.2407547265866428,3.730827951651343,5.43354450177553,46.56319701955647
Uganda,UGA,2022,0.152622807,933.0940564,482.8216215,26.159,34.50530193,90.9,0.0,26.76614863,235.9501247,-1.8797857152048654,6.8385060064843985,6.17964727177489,3.26419329955866,3.541112991360321,5.463620446674058,46.765164400723194
Ukraine,UKR,2000,7.264858043,1409.222656,2700.10061,67.145,115.7357149,1.2,84.17171471,31.65027707,85.53837922,1.9830487569827517,7.250793523544772,7.901044314261137,4.206854460033139,4.7513092719593555,4.448965154992413,52.57400672107881
Ukraine,UKR,2001,7.311881406,1547.27832,2730.984993,67.183,99.92612762,1.2,84.34872872,29.90789629,84.76198326,1.9895006149284142,7.344252743893555,7.912417626401852,4.207420239334754,4.604431189197213,4.439847131663402,53.938048366188006
Ukraine,UKR,2002,7.388393366,1644.28125,2786.004987,67.283,95.99466981,1.0,84.28025041,30.21551393,84.02195775,1.9999103048286286,7.405058637626521,7.932363944359685,4.2089076044446765,4.564292667113888,4.431078166469534,54.834893426687145
Ukraine,UKR,2003,8.113813443,1814.258545,2914.066963,67.427,102.5901823,1.0,87.09655827,30.42670945,83.39685849,2.093567972530781,7.503432148082389,7.977304966244037,4.211045531173928,4.630742239074356,4.423610640669633,56.301494000876296
Ukraine,UKR,2004,7.66588327,2042.444946,2957.984993,67.597,109.9817085,1.2,84.69523018,29.37176963,82.81752857,2.036779739866173,7.62190287214812,7.992263569897497,4.21356360336593,4.7003140656016695,4.416639736691731,58.09340339245976
Ukraine,UKR,2005,7.48273909,2122.601563,2964.777016,67.79,94.64757011,1.3,84.3391171,30.18619144,82.13185819,2.0125989134584135,7.660397767688518,7.994557103207468,4.216414691442874,4.550160204953895,4.40832598248094,58.68169395920722
Ukraine,UKR,2006,7.515197015,2298.132324,2866.623473,67.969,89.18105264,1.8,83.09494442,30.54345171,81.60503659,2.0169272390954966,7.739852038996338,7.960890125901833,4.219051718877213,4.490668602673065,4.401890982981947,59.90530958555576
Ukraine,UKR,2007,7.783519373,2498.352051,2961.883517,68.147,88.04656067,2.4,81.3592553,30.65852223,81.23659745,2.0520085974737747,7.8233866139018975,7.993580668261082,4.221667136630689,4.477865773077664,4.397365853141825,61.205378110579396
Ukraine,UKR,2008,7.489089673,2567.694092,2875.896578,68.325,94.17189214,2.7,80.84764455,28.08343401,80.81746703,2.0134472511573533,7.850763534661178,7.9641197578327345,4.2242757318141315,4.545121752130988,4.392193118278222,61.63448807716568
Ukraine,UKR,2009,6.23415788,2188.170166,2453.439574,68.502,87.47616262,3.0,79.07268797,24.75983114,80.48009908,1.830043506658079,7.690820932912637,7.8052462267367595,4.226862941922245,4.471366329048538,4.388009937463991,59.14872662212721
Ukraine,UKR,2010,6.766214907,2285.933838,2848.781601,68.596,95.72973045,2.9,80.50574998,25.6492814,80.19057343,1.911941832638601,7.734529901678703,7.954646673433866,4.2282342239939,4.561528913222552,4.384405969685003,59.82295279996196
Ukraine,UKR,2011,7.195809747,2418.12085,2732.88427,68.689,104.8050739,2.7,79.55574582,24.83912427,79.93484257,1.9734988770228243,7.790746009247567,7.9131128396234995,4.22958906995997,4.652102185791306,4.381211834939717,60.695723380606886
Ukraine,UKR,2012,7.02924489,2426.929443,2650.998616,68.782,102.6227884,2.9,79.26347754,24.26605241,79.76602914,1.950079287535655,7.794382133610563,7.8826916842217445,4.23094208280177,4.631060017235875,4.379097713819795,60.752392844747554
Ukraine,UKR,2013,6.833021259,2432.41626,2517.911323,68.875,94.00166945,3.5,78.22992078,22.43026499,79.62226403,1.9217669270187392,7.796640387979409,7.83118499674825,4.232293267473079,4.543312542218678,4.377293752611248,60.787601339471706
Ukraine,UKR,2014,5.856825337,2308.643555,2298.607786,68.968,100.6917825,3.5,75.3571271,22.81899157,79.35987157,1.7676077054234407,7.744415425415387,7.740058908208135,4.233642628907624,4.612064192621163,4.373992844653735,59.9759702814118
Ukraine,UKR,2015,4.936916314,2094.473877,2027.641682,69.061,107.8066163,4.2,65.68814694,21.72795774,79.03622711,1.596740908353234,7.647057668120245,7.614628663696029,4.234990172019188,4.680339032287218,4.369906318368126,58.477490979556634
Ukraine,UKR,2016,4.980389695,2156.083008,2007.977942,69.154,105.5212049,5.5,0.0,23.17836207,78.74610644,1.605508139983065,7.6760484322153895,7.6048834956915226,4.236335901701714,4.658911927032267,4.366228834451699,58.92171953371634
Ukraine,UKR,2017,4.523703991,2217.75293,1967.835352,69.246,104.0349829,6.5,0.0,23.28880022,78.43266183,1.5093311252997454,7.704249768558656,7.584689411510662,4.237665381666322,4.6447272166187705,4.362240445575094,59.3554644963361
Ukraine,UKR,2018,4.829840279,2308.666992,2068.756084,69.352,99.19981507,6.9,0.0,23.29333298,78.02710908,1.5748133985876847,7.744425577212526,7.634702780027393,4.239194985566339,4.59713615007538,4.357056318614971,59.976127520983574
Ukraine,UKR,2019,4.623106137,2398.078369,1987.624733,69.473,90.51123429,7.4,0.0,22.58041968,77.59312737,1.5310668032110737,7.782423016037601,7.5946956033013775,4.240938187880631,4.505473978802774,4.35147885844749,60.56610800055179
Ukraine,UKR,2020,4.446227345,2324.107422,1932.921823,69.608,79.15645238,8.7,0.0,20.79994297,77.11428029,1.4920559489625145,7.751091339795123,7.566788035038174,4.242879503263723,4.3714263039140375,4.345288481187722,60.07941695784696
Ukraine,UKR,2021,4.380606267,2426.612305,2096.062176,69.757,82.69796136,8.9,0.0,23.15371422,76.45605799,1.4771871319328764,7.794251450485984,7.6478157091230985,4.245017774088844,4.415194950697993,4.336716170439054,60.75035567340286
United Arab Emirates,ARE,2001,27.19399827,54574.81417,11703.2751,80.655,89.86457993,0.1,92.21394346,49.67634129,52.43016052,3.302996297116518,10.90732777637341,9.367624004691615,4.390180798929751,4.498303869736944,3.9594820081857054,118.96979922124693
United Arab Emirates,ARE,2002,26.16197932,52607.66151,10866.25188,81.067,93.07165881,0.1,92.70304075,47.54574758,55.71424951,3.264307185806278,10.870617044202634,9.293417107406029,4.3952759732575535,4.533369721290103,4.020235940247655,118.17031492170881
United Arab Emirates,ARE,2003,25.95604439,54020.47357,10102.21686,81.472,102.3001695,0.1,92.58788365,49.12101292,59.03206139,3.2564045069593397,10.897118393876118,9.220510169833815,4.4002594029349416,4.627911329847704,4.078080709699962,118.74718929015323
United Arab Emirates,ARE,2005,26.25239293,55777.90183,9535.234232,82.262,119.5528716,0.1,99.97775782,55.6434763,65.68276542,3.267757144120977,10.929133045378999,9.162749083228336,4.409909275660134,4.783758713691139,4.184836568703603,119.44594912359523
United Arab Emirates,ARE,2006,25.39330419,57053.78956,9239.480124,82.648,119.4706696,0.1,99.74936651,57.90311172,70.53083638,3.2344855247051343,10.95174977832518,9.13124089941651,4.414590625547144,4.7830708985677575,4.256050009649705,119.94082320704563
United Arab Emirates,ARE,2007,24.3827555,52428.06807,8929.912913,83.023,136.7981529,0.1,99.7510493,54.84022859,79.197902,3.193876140636158,10.86719737709062,9.09716192163934,4.419117677842882,4.918506502904312,4.371949808570527,118.09597883264523
United Arab Emirates,ARE,2008,26.0607102,48281.3478,9426.222525,83.387,148.513544,0.1,99.7729277,58.01797844,88.74491692,3.2604288238196006,10.784800591143274,9.151250714779815,4.423492421915124,5.000676159471001,4.485766152574453,116.31192379072431
United Arab Emirates,ARE,2009,24.65118089,42991.55352,9485.646966,83.742,153.4619444,0.1,95.14325169,52.044956,94.4390031,3.204824805629262,10.668758945613405,9.157535089426197,4.4277406437545626,5.033452617071961,4.547954156253085,113.82241743960606
United Arab Emirates,ARE,2011,23.24590647015,43800.1593,8558.245294,84.423,147.392662,0.1,97.00346115,57.07712068,100.0357364,3.146129050731963,10.687392733344225,9.054650459103975,4.435839876325644,4.993100195612363,4.605527486148786,114.22036343673895
United Arab Emirates,ARE,2012,22.86233432446667,42868.0975,8614.168814,84.749,159.9704706,0.1,96.78246763,56.56806174,104.0755843,3.1294907670845675,10.665883180254115,9.061163663053787,4.439693946780917,5.074989239450765,4.6451174072857935,113.76106401482762
United Arab Emirates,ARE,2013,22.6771703475,43269.84047,8858.222426,85.066,161.1004825,0.1,96.09041167,54.20381498,108.322036,3.121358706856272,10.675211146362123,9.089101394350774,4.44342742578122,5.0820282852125835,4.685108605146847,113.96013301941412
United Arab Emirates,ARE,2014,21.5269579919,43023.19042,9633.422121,85.375,163.687585,0.1,78.17856737,51.98971367,113.4812729,3.069306009795903,10.669494561392222,9.172993802102743,4.447053317890954,5.097959641549965,4.73163782683227,113.8381141955782
United Arab Emirates,ARE,2015,20.851671058333334,43534.99727,10146.37679,85.674,169.4762367,0.1,22.15196571,43.35424493,119.7583357,3.0374340917158906,10.681320428554548,9.224871954239763,4.450549395676213,5.132712720531885,4.785475843054221,114.09060609745671
United Arab Emirates,ARE,2016,19.9510523352,43745.28817,10355.54761,85.965,170.9768292,0.1,0.0,41.02857173,125.8109687,2.9932818905762915,10.686139187014382,9.245277656062491,4.45394023667181,5.141528045567082,4.834780532039303,114.1935707242444
United Arab Emirates,ARE,2017,18.196670902566662,42690.21478,8521.136772,86.248,170.9208069,0.2,0.0,42.52803476,129.8679949,2.901238659909922,10.66172501089419,9.05030503486684,4.457226867236817,5.14120033168675,4.8665185107173725,113.6723802079267
United Arab Emirates,ARE,2018,16.077107670333334,42679.75191,8482.303172,86.522,159.6427773,0.3,0.0,46.91895759,131.6066038,2.7773963763241203,10.661479892605918,9.045737292380915,4.46039871686022,5.072938677298057,4.879817198483264,113.66715350044029
United Arab Emirates,ARE,2019,16.425231520849998,42700.12979,8816.509436,86.789,170.0681188,0.7,0.0,44.52451604,133.0017601,2.7988186599090787,10.661957238790551,9.084381315113385,4.46347988552502,5.136199055615457,4.890362361968774,113.67733216179823
United Arab Emirates,ARE,2020,15.9425328,40776.63087,8154.352941,87.048,185.2805524,0.9,0.0,42.17404307,132.3716981,2.768990556598932,10.615864423501135,9.00630716684275,4.466459690648711,5.221871175813692,4.885613860078842,112.69657745815708
United Arab Emirates,ARE,2021,15.734296770283333,41778.58388,8674.226414,87.299,186.1089326,1.0,0.0,47.13932402,134.8233174,2.755842837447954,10.640139139849666,9.068111426660133,4.469339008026227,5.2263321614216025,4.903965161264089,113.21256091536078
United Kingdom,GBR,2000,9.367569196,38921.89657,3786.402811,78.651,52.5217306,1.0,88.39519397,22.62298865,243.4279089,2.2372536384745425,10.569312265071565,8.239171720985594,4.365020343981627,3.9612270001483787,5.494820836675315,111.7103617565922
United Kingdom,GBR,2001,9.521509025,39769.87198,3785.660124,78.751,52.82161351,0.8,87.81199381,21.71471947,244.366854,2.25355334727114,10.590864919187252,8.238975555948732,4.366290976037817,3.9669204537329827,5.498670596168695,112.16641973647121
United Kingdom,GBR,2002,9.211748148,40312.98241,3716.623373,79.047,51.37963421,1.0,87.80183391,21.29231962,245.4035423,2.2204796420276067,10.604428840226218,8.220570839632131,4.3700426122712,3.939241872349272,5.502903966972957,112.45391102742157
United Kingdom,GBR,2003,9.395637311,41390.60621,3764.061917,79.339,50.23952305,0.9,88.05916997,20.84065121,246.5489067,2.240245465689797,10.630809230926896,8.233253950357435,4.373729811023894,3.916802028683352,5.507560378265657,113.01410490436051
United Kingdom,GBR,2004,9.350849976,42167.35573,3697.503818,79.629,50.45171124,1.1,88.54722498,20.24213749,247.9556277,2.235467245692912,10.649401639771007,8.21541322717401,4.377378348109375,3.9210166657486454,5.513249809592272,113.40975528515742
United Kingdom,GBR,2005,9.26021742,43023.22771,3689.550517,79.915,52.68071684,1.4,88.08121183,20.26675265,249.6639772,2.2257275278640907,10.669495428133704,8.213259918503885,4.380963569820617,3.964249484223654,5.520115922561449,113.838132690966
United Kingdom,GBR,2006,9.19944214,43724.89574,3601.050908,80.199,56.91442748,1.6,88.55078107,20.13127379,251.5058901,2.219142845259978,10.685672915435704,8.188981000733062,4.384511045966802,4.041548867515481,5.527466409146268,114.18360565567619
United Kingdom,GBR,2007,8.972710375,44524.5707,3443.58716,80.479,52.96435344,1.8,89.56908565,19.73771184,253.4719258,2.194187790407276,10.703796466337096,8.14426898612079,4.387996280826917,3.9696191106672374,5.5352530705473235,114.5712587927705
United Kingdom,GBR,2008,8.635719954,44065.61567,3370.158112,80.757,56.69860693,2.4,89.95987937,19.99353665,255.4747034,2.155907084382444,10.693435067295908,8.122714939753234,4.3914446456521405,4.037749641296077,5.543123396522944,114.34955353847386
United Kingdom,GBR,2009,7.761566324,41712.83192,3144.002013,81.031,55.00438403,3.0,87.41174292,18.55479267,257.4144174,2.049184159703278,10.63856408035491,8.053251793816068,4.394831797504715,4.00741289169219,5.550687305248443,113.17904569181773
United Kingdom,GBR,2010,7.5772601293,42311.43298,3235.053838,81.302,59.27277497,3.2,88.04715647,18.58801047,259.4401893,2.02515167379717,10.652812611729571,8.081800849145823,4.398170616497186,4.082150093836548,5.55852619164727,113.4824165406246
United Kingdom,GBR,2011,6.760342330213334,42459.96302,2973.831206,81.57,63.56540097,4.0,85.51490219,18.32544404,261.4756748,1.9110735293367853,10.656316864319516,7.99760636885256,4.401461547312489,4.15206931241334,5.566341257380858,113.55708911278052
United Kingdom,GBR,2012,6.8981316674799995,42794.77526,3028.772233,81.837,62.22598273,4.2,85.52134098,18.30170127,263.3447691,1.9312506021086469,10.664171300753843,8.015912612755876,4.404729464079995,4.1307726412988925,5.57346408281206,113.7245495318219
United Kingdom,GBR,2013,6.56080950732,43274.33775,2962.2976,82.102,61.99911191,5.2,84.26220699,18.62171677,265.1138759,1.8811139958488792,10.67531507663442,7.993720462434317,4.4079623766976015,4.127120060910244,5.5801594540602215,113.96235198541814
United Kingdom,GBR,2014,5.84032294456,44324.39232,2767.961884,82.365,59.09480412,6.6,82.97322714,18.22874888,267.1020543,1.7647860940372448,10.699290421203761,7.925866546411536,4.411160589398945,4.079143003795879,5.587630811213257,114.47481551726256
United Kingdom,GBR,2015,5.48400729275,44983.88552,2774.796828,82.626,57.20354969,7.7,80.08878901,18.09412294,269.0364982,1.7018360915223056,10.714059605063945,7.928332808365041,4.414324400973044,4.046615953977747,5.594847051438891,114.79107322086297
United Kingdom,GBR,2016,5.03618327352,45485.651,2696.97999,82.886,59.70039841,7.7,0.0,17.59394872,271.1817468,1.6166485081966309,10.725152192564426,7.899887903757367,4.4174661697132604,4.089338693910626,5.602789248491402,115.02888955366952
United Kingdom,GBR,2017,4.749257248763333,46439.86168,2658.995773,83.143,63.12165003,8.8,0.0,17.80509988,272.6656471,1.5579882371382894,10.745913457340553,7.8857038015463825,4.420562016887707,4.1450638173556404,5.608246308685593,115.47465603265279
United Kingdom,GBR,2018,4.522929420393334,46862.96736,2632.150672,83.398,64.54264825,10.2,0.0,17.90035237,274.000744,1.5091598857737616,10.754983034000572,7.875556537007315,4.423624328261809,4.167326218474901,5.613130821712851,115.66966006164016
United Kingdom,GBR,2019,4.209843631265,47379.80148,2515.973446,83.652,64.66513364,11.4,0.0,17.75886435,275.4143761,1.4374255047871611,10.76595128775043,7.830415063710583,4.426665336292262,4.169222163516275,5.618276785730979,115.90570713021516
United Kingdom,GBR,2020,3.664418324933333,42429.1858,2317.408539,83.903,58.7811376,13.6,0.0,17.41133528,275.8814533,1.2986696119469074,10.655591748759367,7.748204831289064,4.429661369687296,4.0738210143251,5.619971256419304,113.5416355162287
United Kingdom,GBR,2021,3.7927811042983337,45902.8332,2377.263689,84.152,58.58453662,12.2,0.0,16.73409469,276.8734758,1.3330995506007264,10.734282119633892,7.773705394737184,4.432624687436973,4.070470781555682,5.623560635772961,115.22481262389189
United States,USA,2000,21.01261815,48616.25463,8055.145489,79.057,25.10298556,5.4,85.89915104,22.45310484,30.79730133,3.0451231215624714,10.791713211377582,8.99406635739706,4.370169111284676,3.2229867856776964,3.4274270669849023,116.46107403662144
United States,USA,2001,20.62631384,48597.42461,7824.243939,79.234,22.96718302,4.7,86.38617718,21.40536947,31.10362839,3.0265676315252343,10.791325816920697,8.964982389526167,4.372405499629827,3.1340663718273625,3.437324480868696,116.45271288693915
United States,USA,2002,19.91117273,48967.36612,7840.460959,79.409,22.28638421,4.8,86.28080862,20.60381323,31.39354993,2.991281017898483,10.798909357666856,8.967052907406865,4.374611711955395,3.103975918447538,3.4466024555713637,116.61644331510479
United States,USA,2003,19.96875246,49905.52331,7791.303915,79.583,22.62729729,5.3,86.31084917,20.70565489,31.66453462,2.994168674770289,10.817886963189343,8.96076350804136,4.376800502202283,3.119157022110947,3.4551972728763403,117.02667834834195
United States,USA,2004,20.08219708,51348.34734,7878.537171,79.757,24.44805666,5.5,86.15756074,20.93730018,31.95894507,2.999833705172659,10.84638803061288,8.971897527421053,4.378984512107687,3.196550730553414,3.464452112531026,117.64413331062235
United States,USA,2005,19.9254743,52649.57131,7843.391057,79.928,25.63855734,5.8,86.05262777,21.2237226,32.2548766,2.991999028658959,10.871413375268764,8.967426552609727,4.381126229430717,3.2440973644788396,3.4736692442134394,118.18762877597258
United States,USA,2006,19.40547459,53596.31524,7694.406579,80.099,26.97528581,6.4,85.66259483,21.64491357,32.56739985,2.9655552216204857,10.889235599173423,8.948248925560463,4.383263369601876,3.2949211064541477,3.4833117834332454,118.57545193430578
United States,USA,2007,19.49649028,54152.82927,7756.014189,80.269,28.01201556,6.3,85.63845777,21.46921411,32.87861136,2.9702344637293163,10.899565499817681,8.956223845783251,4.385383494111481,3.3326335452693416,3.4928223357194743,118.80052808481587
United States,USA,2008,18.70975171,53703.9629,7484.832689,80.438,29.86778753,6.8,85.00510714,20.87379693,33.24368685,2.929044869754332,10.891242074794574,8.920633943764889,4.387486701343242,3.3967805595148333,3.5038648799014975,118.61915393177561
United States,USA,2009,17.18972167,51863.61834,7053.358467,80.606,24.75952764,7.3,84.19511992,19.3014095,33.53639923,2.8443116278733327,10.856372827966117,8.861259160672068,4.389573088429283,3.2092103700899903,3.512631393148234,117.86083097980104
United States,USA,2010,16.9555576395,52812.68299,7162.55933,80.772,28.21988294,7.4,84.12338681,19.26721767,33.8213646,2.8305956644204207,10.874506648992936,8.87662264440928,4.391630370816577,3.340026798294165,3.521092691562412,118.25489485899158
United States,USA,2011,15.858182864333331,53215.53623,7009.64608,80.944,30.84247858,8.4,83.88767368,19.4538919,34.09042779,2.7636856361453894,10.882105667094487,8.855042490879615,4.393757557549581,3.428892914467011,3.529016634912378,118.42022374980996
United States,USA,2012,14.783569104066666,54000.84108,6820.460621,81.119,30.68183958,8.5,83.94460296,19.17945585,34.36368932,2.6935163683751857,10.89675490098067,8.827682288292873,4.395917212350716,3.423670934936193,3.537000463878231,118.73926737204623
United States,USA,2013,14.76477240695,54728.86018,6888.381437,81.299,29.94130628,8.9,82.9728877,19.1998037,34.62465723,2.6922441007154174,10.910146457683199,8.837591421606836,4.398133716355116,3.3992390079662442,3.5445660649639175,119.03129572809726
United States,USA,2014,14.399981183833331,55665.24112,6915.641653,81.483,29.90656934,9.0,83.40198975,19.17876836,34.90137766,2.6672268999028605,10.92711119378012,8.841541031261821,4.400394409532059,3.3980781666317457,3.5525263029278515,119.40175904123481
United States,USA,2015,13.6911344565,56849.46979,6789.647333,81.671,27.68821393,8.9,82.32581628,18.30668227,35.18097136,2.6167485033980777,10.948162172662016,8.823154280028598,4.40269898169341,3.321006832755087,3.560505350070926,119.86225495890749
United States,USA,2016,13.0244733864,57430.84993,6663.496329,81.862,26.45259779,9.3,0.0,17.69363676,35.45845058,2.566830155835512,10.958336893156806,8.804399600107947,4.405034902722801,3.2753543686043924,3.568361604823957,120.08514746392157
United States,USA,2017,12.477544618733331,58435.97075,6590.835097,82.058,27.12533822,9.7,0.0,18.00393961,35.70499758,2.5239305982905837,10.975686916704671,8.793435341319308,4.407426314306597,3.300468280722979,3.575290667223449,120.46570329352208
United States,USA,2018,12.515013902266666,59817.65568,6738.272724,82.256,27.44535913,9.9,0.0,18.32233955,35.91499866,2.526929035731436,10.999056141847301,8.815558898659408,4.409836335313149,3.3121970873598534,3.5811549982164483,120.97923601150885
United States,USA,2019,11.8072285518,61047.96482,6700.93034,82.459,26.25848062,10.2,0.0,17.86150982,36.10047718,2.4687119330510803,11.019415142701448,8.810001652455774,4.412301200113297,3.267989008099453,3.586306083534023,121.42751008719796
United States,USA,2020,10.326285336333331,59484.03355,6141.531258,82.664,23.07977787,11.0,0.0,17.1157864,36.248223,2.3346926188796036,10.99346321182563,8.72282938060228,4.414784198912054,3.1389568172434976,3.5903903594094753,120.85623338976347
United States,USA,2021,10.715040998649998,62986.65631,6445.834092,82.873,25.21365603,10.9,0.0,17.49538061,36.30529264,2.371648455203801,11.050678178336732,8.771189323911976,4.417309315484813,3.227385753691752,3.5919635333974376,122.11748820116763
Uruguay,URY,2000,1.704301566,11096.33096,948.5957013,92.028,36.71373815,38.7,65.03780026,22.04520372,18.6619015,0.5331553881009464,9.314369788514524,6.85498268180766,4.522092878570723,3.603151021526354,2.9264840926926605,86.7574845571921
Uruguay,URY,2001,1.530915009,10643.5574,831.8844845,92.303,36.30951264,41.6,58.6231301,21.93513374,18.70786767,0.4258656017446803,9.272710049121033,6.723693590436747,4.525076643689164,3.5920797631384245,2.928944166394107,85.98315165507019
Uruguay,URY,2002,1.403777585,9806.771306,772.0083483,92.569,40.02906731,43.2,55.93943418,21.86232885,18.7342418,0.3391668778124344,9.19082837565473,6.64899536382641,4.527954312384928,3.68960587295787,2.930352961717629,84.47132623074016
Uruguay,URY,2003,1.397970124,9878.756843,774.9713272,92.828,51.75919958,43.8,55.20021872,23.09379441,18.74749172,0.33502127305393786,9.19814195721792,6.652826031507645,4.530748318420512,3.9466021860081604,2.931059968534422,84.60581546513272
Uruguay,URY,2004,1.749875424,10366.90674,884.9703634,93.078,61.47668809,39.3,62.45710105,22.43480581,18.75870186,0.5595445991158445,9.246373967430426,6.785554156763589,4.533437851310249,4.118658047505642,2.931657743955695,85.49543154557507
Uruguay,URY,2005,1.691444717,11131.39849,916.6986128,93.319,58.87769633,41.3,62.12389304,23.77533687,18.77368872,0.5255830258786367,9.317525086870388,6.820778751712521,4.536023731279269,4.075462348825061,2.9324563534002266,86.81627374445904
Uruguay,URY,2006,1.969444652,11574.47054,990.4880243,93.553,61.97157452,37.6,66.13597141,22.8965222,18.79502914,0.6777516004698365,9.356557136223588,6.898197775505191,4.5385281206185315,4.126675804429201,2.9335924274272833,87.54516144341655
Uruguay,URY,2007,1.851841174,12310.48274,985.9057325,93.779,59.21044784,43.2,60.29128054,23.64404864,18.82729402,0.6161803733671933,9.418206433681737,6.893560744048319,4.540940950350162,4.081098010102313,2.93530762655376,88.70261242744407
Uruguay,URY,2008,2.392906255,13165.83628,1274.169495,93.998,65.20809501,44.1,63.87490894,22.76735131,18.86742658,0.87250863348275,9.485380592890502,7.150049868884116,4.543273505447909,4.177583617820907,2.9374369738217596,89.97244499198378
Uruguay,URY,2009,2.361838391,13691.71421,1254.736289,94.209,53.39441927,44.6,60.31028939,24.07940704,18.91264427,0.8594402950279526,9.524546126659814,7.13468070119899,4.545515718419803,3.9777062324523675,2.9398307073735483,90.71697891887047
Uruguay,URY,2010,1.941041048,14722.37801,1226.984085,94.414,51.6990372,53.3,50.21804802,24.52885572,18.9611473,0.6632244518251872,9.597123928827529,7.112314473966645,4.547689367240089,3.945439158516992,2.942392006599498,92.10478770527394
Uruguay,URY,2011,2.334989066,15443.99619,1327.778788,94.612,53.24703401,49.7,56.0681619,22.70512024,19.0082562,0.8480072084546507,9.64497561068635,7.191262740859968,4.549784317907357,3.9749421036955455,2.944873421624753,93.02555453073452
Uruguay,URY,2012,2.655033083,15949.3177,1407.517573,94.739,55.06115416,47.9,57.69389312,22.86222893,19.05725631,0.9764571152565704,9.677171329868543,7.249582845193454,4.5511257422361835,4.008444461354554,2.94744793770684,93.6476449476297
Uruguay,URY,2013,2.283178048,16639.40548,1378.790927,94.843,49.71784647,51.9,52.79896544,23.66924034,19.11402697,0.8255683531181809,9.719528985371541,7.228962254261327,4.552222892919607,3.9063639525508083,2.9504224618506307,94.46924369747754
Uruguay,URY,2014,1.998638991,17122.03646,1397.557776,94.945,49.08762406,56.7,46.49126211,24.70064115,19.17685979,0.6924664444116603,9.748121594724296,7.242481546571819,4.55329777657738,3.8936069472245913,2.9537043329020807,95.02587462553015
Uruguay,URY,2015,2.04265596,17125.90168,1491.048972,95.045,45.32824081,59.4,5.862567417,25.44175805,19.24361216,0.7142509022420833,9.74834731459103,7.307235159295773,4.554350463658117,3.813930255684356,2.957179169819941,95.03027536589414
Uruguay,URY,2016,2.016581624,17357.235,1550.982996,95.144,48.47055838,60.3,0.0,18.86731445,19.30798194,0.7014038125681091,9.761764701335311,7.346644199866925,4.555391533424944,3.880956569906464,2.9605185824342293,95.29205008423608
Uruguay,URY,2017,1.886090287,17611.60367,1512.838188,95.24,46.3780042,60.8,0.0,18.03190372,19.36029025,0.6345060552817586,9.776313263215672,7.321742760283178,4.556400021618662,3.836825299422419,2.963224073988114,95.57630102052666
Uruguay,URY,2018,2.018804348,17608.94412,1560.978979,95.334,47.79131048,60.8,0.0,18.33338867,19.39512056,0.7025054292363568,9.776162240578493,7.353068454057047,4.557386515134285,3.8668438338504263,2.9650215169076715,95.57334815411271
Uruguay,URY,2019,2.101138406,17758.43844,1540.782512,95.426,49.74483412,59.3,0.0,17.56016942,19.41038738,0.7424792959425236,9.784616087004796,7.340045691031371,4.558351078010495,3.90690662142927,2.9658083547355005,95.73871197007304
Uruguay,URY,2020,2.028762848,16443.3635,1531.600556,95.515,47.73187332,61.2,0.0,16.95559097,19.42045481,0.7074261727902583,9.70767724014141,7.334068582622138,4.559283303215615,3.865599378519139,2.9663268822593856,94.23899739875952
Uruguay,URY,2021,2.512471682,17416.00522,1644.696939,95.603,58.31504102,57.8,0.0,17.7321589,19.40746772,0.9212670024759066,9.76514490263873,7.405311414615802,4.560204200318128,4.065860053563841,2.965657926021808,95.35805496953115
Viet Nam,VNM,2000,0.732528345,1212.196578,372.4867382,24.374,111.4170944,57.7,46.26898397,36.73077533,248.0357841,-0.31125324259386133,7.100189346546693,5.920201435038192,3.1935169904013105,4.7132807663492065,5.513573026481883,50.41268875681516
Viet Nam,VNM,2001,0.796089633,1273.805269,393.0816273,24.937,111.955938,56.1,47.90945937,38.12942166,250.6328104,-0.2280434952057823,7.149763974370852,5.974017293355404,3.2163526443237624,4.718105383174511,5.523988961266029,51.11912488921128
Viet Nam,VNM,2002,0.927432238,1340.516705,424.5724495,25.511,116.6968687,52.2,52.26660463,38.48667879,253.6539172,-0.0753355459295759,7.200810419366364,6.0510826613891355,3.2391097316990103,4.759579706884538,5.535970807220871,51.85167069565519
Viet Nam,VNM,2003,0.975515529,1418.743375,441.3315012,26.092,124.3279544,50.8,53.51007401,39.47000781,256.5994034,-0.024789200029788003,7.257526811615286,6.08979629646071,3.2616287539338495,4.822922867841479,5.547516127159348,52.67169542131473
Viet Nam,VNM,2004,1.143802302,1510.94449,485.4327054,26.683,133.0164979,45.8,58.21631453,40.20874953,259.0994646,0.13435806508666717,7.320490224337817,6.185040669267436,3.284026658504206,4.890473164889791,5.557212021182294,53.58957712462554
Viet Nam,VNM,2005,1.239502911,1609.962683,509.2451266,27.281,130.714846,44.1,60.47116742,38.1311399,259.203077,0.21471042101798246,7.383966279449019,6.232929485301675,3.3061904891949094,4.87301820254982,5.557611835549634,54.522958016040185
Viet Nam,VNM,2006,1.254923197,1699.676203,515.0750425,27.888,138.3136219,44.2,60.65040891,38.58473103,262.6892917,0.22707437310153541,7.438193043079288,6.244312603640775,3.328196488777665,4.929523729120441,5.570971933393991,55.326715746113116
Viet Nam,VNM,2007,1.366235668,1788.948503,544.6731834,28.504,154.605384,41.9,62.63628262,38.51162485,267.5771377,0.3120592704261432,7.489383297739466,6.300185951306946,3.350044428303535,5.04087596090269,5.589407890000444,56.09086218045888
Viet Nam,VNM,2008,1.476183584,1856.005199,572.0995423,29.128,154.3174796,39.3,64.4393628,37.07769638,272.3080769,0.38946009784759805,7.526181714527567,6.349313001239204,3.3716999108731325,5.039012036167573,5.606934061009919,56.64341120008911
Viet Nam,VNM,2009,1.628072758,1927.134271,615.1421471,29.762,134.7063177,37.0,66.6432095,37.38818638,276.4402901,0.48739695822789836,7.5637893447622115,6.421853374595222,3.3932324120078587,4.903096984320908,5.6219948486366205,57.21090925193837
Viet Nam,VNM,2010,1.792016781,2027.581844,670.1080291,30.417,113.9776875,34.6,70.69722807,33.02287714,279.1472291,0.5833416789062145,7.614599152129221,6.507438936850336,3.4150016626385526,4.736002705553905,5.631739345502555,57.98212024760706
Viet Nam,VNM,2011,1.771157298,2132.904538,663.5744401,31.08,125.2605779,36.3,68.7056259,34.58040878,282.3901444,0.5716331736030161,7.665239962664386,6.497641040546159,3.436564525499447,4.830396190690329,5.64328960557666,58.75590368522712
Viet Nam,VNM,2012,1.74437693,2224.114043,664.3473126,31.752,123.2241167,37.9,67.49737663,35.86023239,285.5586444,0.5563974317213094,7.707113932383122,6.498805073872215,3.457955715480764,4.8140047843774765,5.654447417459524,59.399605166734034
Viet Nam,VNM,2013,1.800403131,2320.084314,674.6781651,32.429,130.8463549,37.4,68.47347061,35.57515044,289.3641628,0.5880106014931155,7.749358806241371,6.514235784726425,3.4790530841977914,4.8740237714998695,5.667685973772045,60.05256190787069
Viet Nam,VNM,2014,1.950599075,2439.286557,745.6335318,33.115,135.4105215,36.7,69.45218879,35.29856849,292.5592285,0.6681365433426025,7.79946088085946,6.614234235267856,3.499986351936943,4.908311064253841,5.678667136771748,60.83159003205702
Viet Nam,VNM,2015,2.162230813,2577.568853,679.445924,33.809,144.9142282,27.8,72.54715573,34.26654664,296.1974772,0.7711404725381044,7.85460192862841,6.521277648378757,3.5207270392341745,4.9761420377427115,5.691026384579331,61.69477145721314
Viet Nam,VNM,2016,2.387814049,2715.578874,738.8795334,34.51,145.409508,26.8,0.0,34.11522886,299.9489992,0.8703783235704402,7.906760422900987,6.605134894669613,3.541249137109912,4.979553954983462,5.703612457537443,62.5168603851534
Viet Nam,VNM,2017,2.420792373,2868.1368,757.4799799,35.213,160.9800837,28.3,0.0,35.39036407,303.6887873,0.8840949134356231,7.961417899326732,6.62999710785935,3.5614153326046964,5.081280653605818,5.71600345105403,63.38417496772008
Viet Nam,VNM,2018,2.949586532,3048.283276,885.6468418,35.919,164.6639368,24.3,0.0,36.54243341,307.0466326,1.08166500188452,8.022333850808248,6.78631827272375,3.5812664034028163,5.103906650244742,5.726999633771777,64.3578404138239
Viet Nam,VNM,2019,3.488039818,3241.07649,987.2714724,36.628,164.704215,20.4,0.0,36.8031369,310.0344129,1.2493399216925836,8.083660803603566,6.894945049639024,3.6008129752454856,5.104151228841554,5.736683300672948,65.34557198771665
Viet Nam,VNM,2020,3.589588132,3303.169498,991.2812325,37.34,163.2458628,18.9,0.0,36.74371329,312.9231533,1.278037469456208,8.102637740453199,6.898998280649407,3.6200651381135764,5.095257425109527,5.745957643782597,65.65273835301652
Viet Nam,VNM,2021,3.447766333,3358.217348,962.1995249,38.052,186.6758328,24.2,0.0,37.39151925,315.6539376,1.2377265816535261,8.11916556097469,6.869221835500941,3.6389536453442104,5.2293735981412235,5.754646479312099,65.92084940651745
"Yemen, Rep.",YEM,2000,0.802287346,2114.652609,241.8845024,26.267,75.43883864,0.9,98.37016562,48.78357907,37.16904559,-0.22028844850196277,7.656645826925866,5.488460349420624,3.2683133984705317,4.323322243721022,3.615476307089539,58.624225318981274
"Yemen, Rep.",YEM,2001,0.829100075,2129.752498,260.2912469,26.787,70.89239798,0.9,98.49007183,44.90835457,38.30927325,-0.18741441340043363,7.66376105382988,5.561801184466239,3.287916695203189,4.261163206068689,3.645691988289864,58.73323349019967
"Yemen, Rep.",YEM,2002,0.807080902,2148.868234,244.7658801,27.315,74.73045586,0.9,98.39896717,45.15362295,39.46263235,-0.21433136542712536,7.6726965797324205,5.50030216224759,3.307436001847681,4.313887718017264,3.675354207695401,58.87027280463759
"Yemen, Rep.",YEM,2003,0.910447191,2164.840308,264.0705544,27.849,74.3826166,0.8,98.52020951,45.91411101,40.6393905,-0.0938193814965394,7.680101876977103,5.576216318956143,3.326797059085905,4.309222266689672,3.704737805618392,58.98396484074722
"Yemen, Rep.",YEM,2004,0.92507108,2185.769271,279.8913321,28.39,71.84667401,0.8,98.6076277,47.80155215,41.849285,-0.07788470117875934,7.6897231146754566,5.634401428196235,3.34603697048488,4.274534320708978,3.7340747119627746,59.13184158037401
"Yemen, Rep.",YEM,2005,0.966288629,2237.616415,289.0307537,28.936,76.77328568,0.7,98.65548857,51.52338326,43.16549236,-0.034292701613120743,7.713166477845825,5.666533096637695,3.365086494649797,4.340856736933985,3.765041388086003,59.492937114964576
"Yemen, Rep.",YEM,2006,0.974579243,2234.721484,299.5429249,29.49,82.07616266,0.8,98.70642622,51.95881062,44.59170597,-0.0257494467679335,7.711871883622537,5.702257729155689,3.3840512228271846,4.407647629111263,3.797547876934215,59.472967949407824
"Yemen, Rep.",YEM,2007,1.000194012,2235.729565,283.812949,30.051,79.12342059,0.8,98.63728664,52.30363645,46.05959051,0.00019399318210573034,7.712322881074937,5.6483153908873085,3.402895938297737,4.3710089193172506,3.82993600399262,59.47992422195202
"Yemen, Rep.",YEM,2008,1.005338456,2244.023644,289.8115287,30.619,81.24471885,0.7,98.67945076,52.57152771,47.56319677,0.005324256955334206,7.716025803128967,5.669230810668815,3.4216207313030336,4.3974658203281045,3.862059285080961,59.53705419455202
"Yemen, Rep.",YEM,2009,1.065816652,2257.447621,311.0805626,31.194,68.07139101,0.7,98.75855694,52.78566606,49.10832812,0.06374131470294724,7.7219900828071255,5.7400519223631035,3.4402257686296336,4.220557022244457,3.894028635896011,59.6291308389716
"Yemen, Rep.",YEM,2010,0.984657208,2356.199604,291.862,31.776,64.38563678,0.8,98.62025137,52.96074775,50.67406671,-0.015461710563082157,7.764805262744778,5.676281087816682,3.458711287862762,4.164890576868654,3.9254142750002368,60.292200768349
"Yemen, Rep.",YEM,2011,0.833853674,1994.836633,240.1924286,32.364,63.05945796,0.9,98.28673901,53.10656509,52.2433036,-0.18169734285601788,7.598317437750389,5.481440387916773,3.477046693945593,4.144078058456756,3.9559117218660775,57.73442788482163
"Yemen, Rep.",YEM,2012,0.773794512,1981.458,210.8277592,32.958,61.36163718,1.1,98.03664895,39.74845544,53.85466409,-0.25644892901277955,7.591588216342262,5.351041493006985,3.495234023588538,4.116784838254554,3.98628901247941,57.63221164650669
"Yemen, Rep.",YEM,2013,0.982040294,2014.728906,281.9531823,33.559,52.51187814,0.8,98.4968312,38.99441415,55.5201091,-0.018122938882926636,7.608239927364479,5.6417410369424665,3.5133050837772237,3.9610393942925564,4.016745281254255,57.885314792343046
"Yemen, Rep.",YEM,2014,0.938063592,1950.162545,259.8159427,34.165,48.24304051,0.8,95.02005383,39.88825801,57.25005019,-0.06393753696474204,7.575668004494096,5.559973467634713,3.5312017282327415,3.8762515792469596,4.047428519115187,57.39074571431556
"Yemen, Rep.",YEM,2015,0.457351862,1362.173812,119.9940934,34.777,30.36765908,2.0,60.07962518,33.86615935,59.01732864,-0.7823022456078501,7.216837093838981,4.787442519903953,3.5489562487365984,3.4133781960736695,4.077831106545338,52.08273763901027
"Yemen, Rep.",YEM,2016,0.331022352,1197.958659,83.36953259,35.394,31.08154429,2.6,0.0,25.90226807,60.81597439,-1.1055693771841277,7.088374269732722,4.423282925953646,3.566542314248993,3.436614211845497,4.107852491140516,50.2450497878089
"Yemen, Rep.",YEM,2017,0.314049887,1103.456349,71.96503016,36.016,42.96990467,3.0,0.0,25.92404097,62.67575999,-1.158203429897128,7.006202668049876,4.27618030880716,3.5839632841643763,3.7604999792598908,4.137974769858354,49.0868758257892
"Yemen, Rep.",YEM,2018,0.356586038,1079.329384,93.94087949,36.642,56.07782272,2.9,0.0,25.44299784,64.55893706,-1.0311797274323315,6.984095186513981,4.542665642807525,3.601195123469053,4.026740417436266,4.167578559451929,48.77758557428776
Zambia,ZMB,2000,0.194666783,804.4846342,595.5678963,34.802,60.38746899,90.0,9.265510823,23.24389415,13.47560634,-1.6364659872194585,6.690201866436485,6.389515397913197,3.5496748563933864,4.100781616363523,2.6008811131853053,44.75880101367023
Zambia,ZMB,2001,0.190340415,822.0209353,596.3499279,35.002,64.66828271,89.8,9.457072687,23.36061169,13.88932458,-1.6589411520313957,6.711765863466651,6.390827622122516,3.5554052027139655,4.169270860443789,2.631120529234061,45.047801005996234
Zambia,ZMB,2002,0.194018585,833.0211775,603.8177904,35.475,64.916497,89.6,9.742836818,23.87555244,14.32350314,-1.639801325538165,6.725059065012947,6.403272480899629,3.5688282230461064,4.173101782472144,2.6619017642963683,45.22641942791281
Zambia,ZMB,2003,0.203740214,863.6501907,611.0866218,35.951,62.31284468,89.3,10.03649031,24.13497304,14.77501043,-1.5909095574624685,6.761167814946309,6.415238719663201,3.5821569001918694,4.132167579181182,2.6929372692140787,45.71339022186584
Zambia,ZMB,2004,0.202889383,895.4752585,611.6290424,36.43,70.81307493,89.4,9.931185638,25.69612518,15.25201846,-1.595094359788533,6.797354592420036,6.416125958866008,3.5953926110204724,4.260043657802044,2.724711852327656,46.20402945509375
Zambia,ZMB,2005,0.210806225,929.0792559,607.9424094,36.911,62.20028219,88.9,10.3694966,26.84962403,15.76402561,-1.556815932390411,6.834194048307281,6.410080156098235,3.608509609603646,4.130359536551563,2.7577304839191057,46.70620828991866
Zambia,ZMB,2006,0.198333772,968.563565,604.4421953,37.395,57.85681887,89.7,9.536345395,30.39611732,16.31654044,-1.6178039503423571,6.8758141131146076,6.404306041495817,3.621537005643631,4.057971318257769,2.792179344221285,47.27681971810602
Zambia,ZMB,2007,0.175772786,1013.085674,597.3996344,37.881,65.77145869,90.7,6.72215088,31.90968043,16.90241327,-1.7385631066240832,6.920756075203555,6.392586293796553,3.634449667124653,4.186185985720198,2.827456408775921,47.89686465246692
Zambia,ZMB,2008,0.181325647,1053.586123,616.7852414,38.371,59.45488912,89.8,7.079199127,30.99061557,17.51614092,-1.7074607095603422,6.959954979309683,6.424520894271538,3.647301965946878,4.085217858947932,2.8631227941225923,48.44097331401765
Zambia,ZMB,2009,0.196376843,1110.719181,619.9899505,38.861,56.12138096,89.2,7.179540613,30.22446888,18.14712197,-1.627719797345363,7.012762995313599,6.429703269036804,3.659991177020151,4.027516862201642,2.898511978991438,49.178844828439765
Zambia,ZMB,2010,0.209178356,1183.417124,629.0829008,39.355,65.01470252,89.2,7.260415576,32.23891476,18.78636247,-1.5645680129468664,7.076161400308597,6.444263045790121,3.6726230315944135,4.174613436933329,2.9331312060737167,50.07206016321732
Zambia,ZMB,2011,0.227687107,1208.464246,646.0791731,39.851,72.79543244,87.9,7.970049783,34.44428192,19.42156338,-1.479782930264803,7.097105614269388,6.470922055251192,3.685147499024258,4.287653212025537,2.966383963227469,50.36890810009407
Zambia,ZMB,2012,0.291699626,1258.789386,662.3309907,40.354,75.36770986,85.4,9.866175441,32.01065039,20.06164866,-1.2320306842484674,7.137905733314856,6.495765416937341,3.6976905223924863,4.322378932094545,2.998809965597347,50.94969825768909
Zambia,ZMB,2013,0.29729209,1280.770122,671.7125307,40.865,80.45624102,85.3,9.831695372,32.55644911,20.71456032,-1.2130401554537966,7.155216833802667,6.509830467302028,3.710273950968093,4.387713446812347,3.0308368501049765,51.19712793873307
Zambia,ZMB,2014,0.315174628,1299.012418,682.7416277,41.382,76.19349973,84.6,10.42717468,32.94414802,21.38220181,-1.154628419162161,7.169359576286184,6.5261164976642005,3.7228460036772093,4.333276153673312,3.0625588848593672,51.39971673408641
Zambia,ZMB,2015,0.324408264,1295.877887,686.589018,41.907,79.86526876,84.0,4.526124327,33.65724912,22.05987301,-1.1257524823427898,7.166943649479128,6.531735886138902,3.7354528774135236,4.380341074414997,3.0937602572358047,51.36508127480921
Zambia,ZMB,2016,0.343079986,1303.575139,683.7142301,42.438,73.95856125,84.0,0.0,34.87716661,22.75309461,-1.069791663666726,7.172865875747492,6.52754003807159,3.748044187281908,4.303504953246963,3.1247011629593384,51.45000487146284
Zambia,ZMB,2017,0.40577204,1308.768292,702.7248419,42.976,71.58569465,83.5,0.0,37.30404492,23.46187062,-0.9019637549006231,7.176841738782393,6.554965409643867,3.760641820340827,4.2708952586137805,3.1553765766194277,51.507057343529084
Zambia,ZMB,2018,0.448224835,1321.250457,726.4802243,43.521,74.88836953,83.8,0.0,34.48532158,24.17784608,-0.8024603086194043,7.186333883068967,6.588211262130562,3.7732435802248747,4.315998598492693,3.1854367626415776,51.64339467894509
Zambia,ZMB,2019,0.379537707,1301.18133,741.6168948,44.072,68.79120494,86.1,0.0,34.94198122,24.90461131,-0.9688013273985044,7.171027846202376,6.608832795545548,3.7858246601704155,4.231075901593267,3.215052979497214,51.42364037100989
Zambia,ZMB,2020,0.392310459,1228.735001,759.0227185,44.629,79.20684941,85.4,0.0,40.19768966,25.6384872,-0.9357017654031832,7.113740464672733,6.6320317090952345,3.7983838719370917,4.372062777530484,3.2440946287517463,50.605303398722235
Zambia,ZMB,2021,0.39608017,1269.108218,769.932819,45.192,86.20851119,83.0,0.0,41.83193847,26.37055516,-0.9261386387228405,7.1460697422502,6.6463032629894485,3.810920080022961,4.456768910498417,3.2722480528550046,51.06631276110384
Zimbabwe,ZWE,2004,0.83229715,1164.950291,449.2720215,34.294,76.0396086,81.8,46.44636527,24.38274924,31.96560941,-0.18356575048201543,7.060433696419939,6.107628542826248,3.5349704117566594,4.331254370316081,3.4646606189517075,49.84972398154213
Zimbabwe,ZWE,2005,0.91612627,1088.076995,479.1905984,34.11,76.04370728,80.3,48.71913487,26.47797949,32.26943777,-0.08760107446337649,6.992167192375224,6.172098427243168,3.5295905964305545,4.331308270771595,3.474120583228487,48.89040204612843
Zimbabwe,ZWE,2006,0.842096017,1037.69395,494.3837663,33.926,82.82064878,78.7,44.99087643,30.6507756,32.6649735,-0.17186123679943777,6.94475617439283,6.203312070450674,3.524181682073531,4.416677411701808,3.486303357026504,48.22963832176733
Zimbabwe,ZWE,2007,0.818740434,986.6958163,472.9664564,33.743,84.17290443,78.0,44.61557305,32.46205969,33.09824997,-0.1999881757650521,6.894361801760891,6.159024469275322,3.5187729883992405,4.432873069340747,3.4994804099883177,47.53222465357968
Zimbabwe,ZWE,2008,0.634570989,802.6350294,416.0614874,33.56,109.5216372,81.6,39.36579425,30.48296185,33.4991573,-0.45480611628930584,6.687900101784467,6.030833055588996,3.5133348815990053,4.6961221297362465,3.5115202832907424,44.72800777144869
Zimbabwe,ZWE,2009,0.604163956,896.457891,417.9933583,33.378,61.77649097,82.6,39.80155865,21.45424397,33.97386584,-0.5039096675521716,6.79845132150144,6.035465543164071,3.5078970003212113,4.123522887075121,3.525591577287221,46.21894037082467
Zimbabwe,ZWE,2010,0.753562972,1055.669926,420.0285765,33.196,83.12340479,81.2,41.90789211,20.69381092,34.52642626,-0.28294269174667147,6.961930845330241,6.040322748248561,3.5024293867362015,4.420326308295637,3.5417250093761883,48.46848109516065
Zimbabwe,ZWE,2011,1.165517162,1184.32961,444.8069627,33.015,89.46594372,77.2,48.30200318,21.72047793,35.14391625,0.15316490439598787,7.0769321635258535,6.097640396366016,3.4969620036465345,4.493858035770837,3.5594515236180553,50.08296884714672
Zimbabwe,ZWE,2012,0.921993355,1359.458296,454.7080202,32.834,74.16270038,77.0,49.65501095,25.33074282,35.71897893,-0.08121726260986631,7.21484158761819,6.1196554991183385,3.4914645638723267,4.306261333485713,3.57568217021339,52.05393913442497
Zimbabwe,ZWE,2013,0.907383632,1367.120401,462.8652831,32.654,58.65607371,79.3,50.62370098,23.79963687,36.22543105,-0.09718995026629997,7.220461909655949,6.1374360465208575,3.485967359703973,4.071691128305441,3.5897613873768064,52.13507018879243
Zimbabwe,ZWE,2014,0.886702448,1380.549271,460.3320171,32.504,54.67175925,80.8,50.21143228,23.71851575,36.72575675,-0.12024581180152052,7.23023672142509,6.131948005432243,3.4813631586854257,4.001347291829439,3.603478327701966,52.27632304784383
Zimbabwe,ZWE,2015,0.881275682,1386.418559,453.579543,32.385,56.74965266,80.8,51.17646581,22.35846276,37.22117875,-0.12638478258526334,7.23447912478035,6.117170652190193,3.47769535263488,4.038649535814147,3.6168779205138093,52.33768820688266
Zimbabwe,ZWE,2016,0.771648845,1377.639277,423.1855089,32.296,51.21903766,81.7,0.0,22.114973,37.74148636,-0.2592256964290041,7.228126644445892,6.04781063822815,3.47494338355064,3.9361112922309553,3.630759923372604,52.24581478814863
Zimbabwe,ZWE,2017,0.714627029,1422.19346,416.1962328,32.237,55.02831783,82.0,0.0,32.01558416,38.28998837,-0.3359945101506768,7.259955648929493,6.031156862500982,3.4731148611996305,4.007847922368941,3.6451884617545005,52.706956024423256
Zimbabwe,ZWE,2018,0.816125523,1471.39489,445.1750952,32.209,54.55031659,79.7,0.0,31.03791073,38.86377666,-0.2031871086423392,7.293966134609165,6.098467677135842,3.472245916602237,3.9991235159286,3.660062625536841,53.20194197282536
Zimbabwe,ZWE,2019,0.73138176,1356.838211,412.1654195,32.21,55.79598437,81.0,0.0,32.02594288,39.47620008,-0.3128197120519843,7.212912427229524,6.021424772409285,3.4722769633431074,4.0217019021023415,3.675697960692904,52.026105682882104
Zimbabwe,ZWE,2020,0.584283212,1230.191557,373.5572462,32.242,47.31338201,84.1,0.0,32.76751828,40.13671449,-0.5373694616503603,7.114925173639028,5.923071262440065,3.4732699504538065,3.85679317324319,3.692291488747641,50.62216022648235
Zimbabwe,ZWE,2021,0.672479507,1311.531,405.5185636,32.303,50.84712332,82.4,0.0,28.80558596,40.83549179,-0.39678364083290346,7.178950436084382,6.005166652039059,3.4751601051725656,3.928823549016247,3.709551600082888,51.53732936375614
