Country Name,Country Code,Series Name,Series Code,2000 [YR2000],2001 [YR2001],2002 [YR2002],2003 [YR2003],2004 [YR2004],2005 [YR2005],2006 [YR2006],2007 [YR2007],2008 [YR2008],2009 [YR2009],2010 [YR2010],2011 [YR2011],2012 [YR2012],2013 [YR2013],2014 [YR2014],2015 [YR2015],2016 [YR2016],2017 [YR2017],2018 [YR2018],2019 [YR2019],2020 [YR2020],2021 [YR2021],2022 [YR2022]
Afghanistan,AFG,Carbon dioxide (CO2) emissions excluding LULUCF per capita (t CO2e/capita),EN.GHG.CO2.PC.CE.AR5,0.05047608,0.046572949,0.044077783,0.044340731,0.037897929,0.051887829,0.055392338,0.07756123,0.144751528,0.221465726,0.275380975,0.388742453,0.319626608,0.262469648,0.238642815,0.246706025,0.216929892,0.226011227,0.215877625,0.191490829,0.180555013,0.198267958,0.20355189
Afghanistan,AFG,GDP per capita (constant 2015 US$),NY.GDP.PCAP.KD,308.3182697,277.1180514,338.1399736,346.0716271,338.6372739,363.6401414,367.7583117,410.7577289,417.6472826,488.8306525,542.8710305,525.4269828,568.9290215,580.6038333,575.1462458,565.5697304,563.8723367,562.7695741,553.1251517,557.8615332,527.8345545,408.6258552,377.6656271
Afghanistan,AFG,Energy use (kg of oil equivalent per capita),EG.USE.PCAP.KG.OE,..,..,..,..,..,..,..,..,..,..,..,..,..,..,..,..,..,..,..,..,..,..,..
Afghanistan,AFG,Urban population (% of total population),SP.URB.TOTL.IN.ZS,22.078,22.169,22.261,22.353,22.5,22.703,22.907,23.113,23.32,23.528,23.737,23.948,24.16,24.373,24.587,24.803,25.02,25.25,25.495,25.754,26.026,26.314,26.616
Afghanistan,AFG,Trade (% of GDP),NE.TRD.GNFS.ZS,..,..,..,..,..,..,..,..,..,..,..,..,..,..,..,..,..,..,..,..,46.70989455,51.41171637,72.88546961
Afghanistan,AFG,Renewable energy consumption (% of total final energy consumption),EG.FEC.RNEW.ZS,45,45.6,37.8,36.7,44.2,33.9,31.9,28.8,21.2,16.5,15.2,12.6,15.4,16.9,19.1,17.7,20.2,19.5,18.3,18.9,18.2,20,20
Afghanistan,AFG,"Industry (including construction), value added (% of GDP)",NV.IND.TOTL.ZS,..,..,23.81012701,22.71086418,26.22678975,26.81209923,28.21076807,26.88224161,26.915628,21.89712221,21.1514207,22.74025248,21.15780715,20.44460531,21.22966322,22.12404249,10.46680769,10.051874,13.38724696,14.05811237,12.9525996,14.27365702,16.05036772
Afghanistan,AFG,Fossil fuel energy consumption (% of total),EG.USE.COMM.FO.ZS,..,..,..,..,..,..,..,..,..,..,..,..,..,..,..,..,..,..,..,..,..,..,..
Afghanistan,AFG,Population density (people per sq. km of land area),EN.POP.DNST,30.86384711,31.09992947,32.77696058,34.85434433,36.12322954,37.41711819,38.9802585,39.72502338,40.60319519,42.11106665,43.36520706,44.99594928,46.8546893,48.48397651,50.27754473,51.87091057,53.20302961,54.71832789,56.3344817,58.04106067,59.90061635,61.3286908,62.21554053
Albania,ALB,Carbon dioxide (CO2) emissions excluding LULUCF per capita (t CO2e/capita),EN.GHG.CO2.PC.CE.AR5,1.046446017,1.123890708,1.313138928,1.385438161,1.458238835,1.377558661,1.381665852,1.429082729,1.423194135,1.460144238,1.564321026,1.716993179,1.562852861,1.647374246,1.763799434,1.688303168,1.575153307,1.858910713,1.850978378,1.73551805,1.607132726,1.792282583,1.659293031
Albania,ALB,GDP per capita (constant 2015 US$),NY.GDP.PCAP.KD,1991.914359,2188.918545,2297.108535,2428.689347,2567.297637,2712.869838,2894.360326,3105.879676,3345.981618,3459.246956,3579.824132,3677.894579,3720.228765,3790.680163,3883.632628,3981.726623,4143.989883,4283.982627,4452.237147,4563.467363,4437.653469,4880.723462,5178.884315
Albania,ALB,Energy use (kg of oil equivalent per capita),EG.USE.PCAP.KG.OE,581.374749,598.2283171,661.1179516,649.3578811,716.6231459,721.0774074,707.8906065,680.9481662,712.287869,734.0578099,731.0533975,766.8946175,689.8727501,803.7094643,810.8728839,762.2879863,786.0710452,824.3735504,823.101982,817.1765484,761.9572681,810.0063372,780.7386239
Albania,ALB,Urban population (% of total population),SP.URB.TOTL.IN.ZS,41.741,42.435,43.501,44.573,45.651,46.731,47.815,48.902,49.991,51.076,52.163,53.247,54.33,55.387,56.423,57.434,58.421,59.383,60.319,61.229,62.112,62.969,63.799
Albania,ALB,Trade (% of GDP),NE.TRD.GNFS.ZS,61.60926104,64.24744626,65.99146503,64.8232151,65.03793832,69.11629266,72.20190895,79.91190089,75.24854728,73.32135756,75.53253297,80.69899853,76.96835832,75.75061856,75.02120231,71.27944766,74.01445045,76.78738179,75.69407837,75.38212893,59.52071189,75.59032173,84.6980571
Albania,ALB,Renewable energy consumption (% of total final energy consumption),EG.FEC.RNEW.ZS,41.4,39,35.8,33.7,35.8,36.8,31.6,32,35.8,37.1,37,35.8,39.9,41.1,38.6,38.5,39.4,36.9,37.8,40.1,44.4,41.9,..
Albania,ALB,"Industry (including construction), value added (% of GDP)",NV.IND.TOTL.ZS,21.71218531,24.38664986,26.23832657,27.08468776,27.72997522,28.13721316,28.42842552,28.57725457,28.56164972,27.5678723,27.47491428,26.9409865,25.4077242,25.50680361,23.82866906,24.48140915,23.86701789,22.95333271,23.75358863,22.96552109,23.46872133,22.43411679,23.02505572
Albania,ALB,Fossil fuel energy consumption (% of total),EG.USE.COMM.FO.ZS,58.62622522,60.85769743,63.13079253,64.41016812,65.46766838,66.34901632,64.36209553,65.01849464,63.7091916,63.27129499,63.07473062,61.34830548,57.58861587,56.22837288,61.23871571,47.35338698,0,0,0,0,0,0,0
Albania,ALB,Population density (people per sq. km of land area),EN.POP.DNST,112.7382117,111.685146,111.3507299,110.9348905,110.4722263,109.9082847,109.2170438,108.394781,107.5662044,106.8437591,106.314635,106.0290146,105.8540511,105.660292,105.4417518,105.135146,104.9671898,104.8706934,104.6122628,104.1675547,103.5711314,102.6155474,101.3755109
Algeria,DZA,Carbon dioxide (CO2) emissions excluding LULUCF per capita (t CO2e/capita),EN.GHG.CO2.PC.CE.AR5,2.845473222,2.739130403,2.824621778,2.999221341,2.961289477,3.062497733,3.137715621,3.185550171,3.265718682,3.270894462,3.277714338,3.381668929,3.725741952,3.792954428,3.953849699,4.119541237,3.940941459,3.995063577,4.113293872,4.195662428,3.90292777,4.015587285,4.104114245
Algeria,DZA,GDP per capita (constant 2015 US$),NY.GDP.PCAP.KD,3553.324205,3610.006056,3754.660815,3945.898161,4066.282048,4223.602521,4279.615471,4339.250558,4367.56538,4336.100541,4456.610274,4501.354301,4518.43979,4543.23444,4634.101492,4685.059027,4768.731401,4742.900755,4717.003589,4672.664087,4363.685338,4456.746876,4544.466881
Algeria,DZA,Energy use (kg of oil equivalent per capita),EG.USE.PCAP.KG.OE,873.6577871,863.4983253,911.4405576,955.8484835,954.2984093,979.3264578,1032.638668,1077.661892,1070.72807,1147.306006,1151.138897,1174.268065,1258.837185,1273.722427,1358.047878,1414.497021,1371.202077,1380.346818,1442.302112,1463.509857,1373.678321,1451.445177,1499.51
Algeria,DZA,Urban population (% of total population),SP.URB.TOTL.IN.ZS,59.919,60.712,61.501,62.284,63.061,63.83,64.593,65.348,66.097,66.826,67.54,68.236,68.915,69.576,70.221,70.848,71.459,72.052,72.629,73.189,73.733,74.261,74.772
Algeria,DZA,Trade (% of GDP),NE.TRD.GNFS.ZS,62.85834364,54.52964912,56.58960528,57.7691353,61.35799757,66.84046022,65.91529197,67.54547339,71.02849225,64.28475472,63.49121599,62.22008996,60.75763933,59.15100816,56.92354197,53.20462259,49.76093279,49.82081617,52.43616768,46.50684261,40.38975656,46.83705926,51.20237574
Algeria,DZA,Renewable energy consumption (% of total final energy consumption),EG.FEC.RNEW.ZS,0.4,0.4,0.5,0.5,0.4,0.6,0.4,0.4,0.3,0.3,0.3,0.2,0.2,0.1,0.1,0.1,0.1,0.1,0.2,0.2,0.1,0.1,..
Algeria,DZA,"Industry (including construction), value added (% of GDP)",NV.IND.TOTL.ZS,53.33096965,40.81459026,39.76671454,42.04010158,44.98146332,48.50683601,50.8913842,50.37171688,51.61617121,42.01288021,45.24319464,44.9869856,43.19505491,39.74385437,38.56141383,32.75650093,32.20516405,33.47669495,35.34325861,33.57432118,30.02358038,36.32148125,43.04805748
Algeria,DZA,Fossil fuel energy consumption (% of total),EG.USE.COMM.FO.ZS,99.79732988,99.75778533,99.72289035,99.71349619,99.72057009,99.59232535,99.72238806,99.73486301,99.80396338,99.92099472,96.08237707,96.39108909,96.85594378,97.15503409,97.03029003,21.62619444,0,0,0,0,0,0,0
Algeria,DZA,Population density (people per sq. km of land area),EN.POP.DNST,12.97534282,13.15476122,13.33094082,13.50937466,13.69934838,13.90128603,14.11720255,14.35480615,14.61828789,14.90105763,15.19403293,15.49429241,15.80616104,16.12861647,16.46066783,16.80263681,17.15162186,17.503708,17.84620368,18.17769614,18.49156121,18.79344471,19.09418702
American Samoa,ASM,Carbon dioxide (CO2) emissions excluding LULUCF per capita (t CO2e/capita),EN.GHG.CO2.PC.CE.AR5,0.00175886,0.001752756,0.00175248,0.001755279,0.001760006,0.001766254,0.001773867,0.001782118,0.001791216,0.001800893,0.001810676,0.00182166,0.001835233,0.001851646,0.001870348,0.001891146,0.001914059,0.00193851,0.001964328,0.001991675,0.002009606,0.002031488,0.002068595
American Samoa,ASM,GDP per capita (constant 2015 US$),NY.GDP.PCAP.KD,..,..,13054.63643,13201.73475,13291.53566,13284.27911,12794.7565,13092.31114,12809.46331,12342.05754,12446.30863,12521.80951,12068.26674,11871.79372,12203.08947,12727.41027,12665.28299,11930.77712,12412.60241,12524.01603,13194.27474,13233.57848,13709.09749
American Samoa,ASM,Energy use (kg of oil equivalent per capita),EG.USE.PCAP.KG.OE,..,..,..,..,..,..,..,..,..,..,..,..,..,..,..,..,..,..,..,..,..,..,..
American Samoa,ASM,Urban population (% of total population),SP.URB.TOTL.IN.ZS,88.587,88.491,88.394,88.297,88.198,88.1,88,87.9,87.799,87.697,87.594,87.502,87.42,87.348,87.288,87.238,87.198,87.17,87.153,87.147,87.153,87.169,87.196
American Samoa,ASM,Trade (% of GDP),NE.TRD.GNFS.ZS,..,..,210.9375,207.4427481,202.3575639,223.2,229.8174442,218.1467181,249.8214286,161.3333333,157.9406632,157.5438596,176.40625,173.8244514,174.8055988,162.4071322,159.1654247,161.4379085,171.8309859,156.568779,154.368932,136.8,124.684271
American Samoa,ASM,Renewable energy consumption (% of total final energy consumption),EG.FEC.RNEW.ZS,0,0,0,0,0,0,0,0,0,0,0,0,0.1,0.2,0.2,0.2,0.2,0.3,0.3,0.4,0.4,0.4,0.4
American Samoa,ASM,"Industry (including construction), value added (% of GDP)",NV.IND.TOTL.ZS,..,..,..,..,..,..,..,..,..,..,..,..,..,..,..,..,..,..,..,..,..,..,..
American Samoa,ASM,Fossil fuel energy consumption (% of total),EG.USE.COMM.FO.ZS,..,..,..,..,..,..,..,..,..,..,..,..,..,..,..,..,..,..,..,..,..,..,..
American Samoa,ASM,Population density (people per sq. km of land area),EN.POP.DNST,284.275,285.265,285.31,284.855,284.09,283.085,281.87,280.565,279.14,277.64,276.14,274.475,272.445,270.03,267.33,264.39,261.225,257.93,254.54,251.045,248.805,246.125,241.71
Andorra,AND,Carbon dioxide (CO2) emissions excluding LULUCF per capita (t CO2e/capita),EN.GHG.CO2.PC.CE.AR5,..,..,..,..,..,..,..,..,..,..,..,..,..,..,..,..,..,..,..,..,..,..,..
Andorra,AND,GDP per capita (constant 2015 US$),NY.GDP.PCAP.KD,34113.81738,36790.10371,38084.48431,39620.32016,40054.32115,40528.17486,41322.05292,40789.15897,37775.12614,35604.38401,36277.26444,37637.48683,36206.97843,35684.16943,37300.62442,38654.93472,40085.0206,39361.06226,39242.1449,39346.27503,34536.64992,36929.01915,39780.39661
Andorra,AND,Energy use (kg of oil equivalent per capita),EG.USE.PCAP.KG.OE,..,..,..,..,..,..,..,..,..,..,..,..,..,..,..,..,..,..,..,..,..,..,..
Andorra,AND,Urban population (% of total population),SP.URB.TOTL.IN.ZS,92.395,92.056,91.641,91.207,90.751,90.285,89.807,89.308,89.004,88.912,88.819,88.726,88.631,88.537,88.441,88.345,88.248,88.15,88.062,87.984,87.916,87.858,87.811
Andorra,AND,Trade (% of GDP),NE.TRD.GNFS.ZS,..,..,..,..,..,..,..,..,..,..,..,..,..,..,..,..,..,..,..,..,..,..,..
Andorra,AND,Renewable energy consumption (% of total final energy consumption),EG.FEC.RNEW.ZS,14.5,15.4,15.8,16.5,16.6,16.6,17.6,16.6,17,17.1,18.7,18.6,18.8,19.1,19.4,19,18.9,18,17.6,17.2,20.9,18.4,18.7
Andorra,AND,"Industry (including construction), value added (% of GDP)",NV.IND.TOTL.ZS,14.84375504,14.92401761,15.06728909,15.49493665,15.78035401,16.03578288,16.16729519,15.47353148,15.43276711,14.76648871,13.12564606,11.90885311,11.07157967,10.61824715,10.1535313,9.981268716,10.14077941,10.39551767,11.07633372,11.69981763,12.66015827,12.36263639,11.1453411
Andorra,AND,Fossil fuel energy consumption (% of total),EG.USE.COMM.FO.ZS,..,..,..,..,..,..,..,..,..,..,..,..,..,..,..,..,..,..,..,..,..,..,..
Andorra,AND,Population density (people per sq. km of land area),EN.POP.DNST,139.7553191,140.1106383,141.5021277,147.8425532,158.1382979,164.7255319,169.3297872,174.206383,177.6489362,178.4851064,171.7148936,165.4957447,163.4765957,159.987234,156.887234,153.5617021,153.5765957,156.9425532,159.9191489,162.7106383,164.6382979,166.7319149,169.5851064
Angola,AGO,Carbon dioxide (CO2) emissions excluding LULUCF per capita (t CO2e/capita),EN.GHG.CO2.PC.CE.AR5,1.019576015,0.966865641,0.918494718,0.965775643,0.951069769,0.810676973,0.815387085,0.820836438,0.88603298,0.940848252,0.976178185,0.976532177,0.981682219,1.090522602,1.137202706,1.175429272,1.072053077,0.924168969,0.839018754,0.851665228,0.619138988,0.73156742,0.767587421
Angola,AGO,GDP per capita (constant 2015 US$),NY.GDP.PCAP.KD,1932.988479,1947.85673,2139.872597,2128.195793,2277.866965,2526.410579,2716.253026,2983.041873,3193.287723,3100.609274,3114.696086,3099.94229,3236.574945,3268.638907,3300.73511,3213.902611,3020.983328,2911.600842,2775.746423,2664.43851,2433.376373,2385.448818,2382.02264
Angola,AGO,Energy use (kg of oil equivalent per capita),EG.USE.PCAP.KG.OE,428.2226693,428.5994809,429.4242074,446.1341321,433.5570801,392.5578024,422.9094587,446.7900057,472.064397,504.9241668,487.2810743,486.2353657,531.2433226,512.0218026,447.1603254,517.5252094,462.934994,456.6922175,405.1797531,416.9965072,397.6331866,418.358996,423.1225176
Angola,AGO,Urban population (% of total population),SP.URB.TOTL.IN.ZS,50.087,51.274,52.461,53.645,54.827,56,56.764,57.524,58.282,59.034,59.783,60.528,61.268,62.002,62.731,63.446,64.149,64.839,65.514,66.177,66.825,67.46,68.081
Angola,AGO,Trade (% of GDP),NE.TRD.GNFS.ZS,..,..,105.3017426,103.9012296,103.5799471,106.5909621,94.62515933,108.0600679,121.3647085,122.4461441,104.1236353,99.98250633,91.80009734,86.81193276,79.33292278,62.88851609,53.37015807,52.25682223,66.37801333,57.82953812,65.94202893,74.46449859,69.69107051
Angola,AGO,Renewable energy consumption (% of total final energy consumption),EG.FEC.RNEW.ZS,73.8,72.8,70.8,65.6,62.3,68.9,62.6,58.9,55.4,53,53.1,51.7,49,46.8,47.5,47.1,48.1,52.5,52.5,51,60.1,52.9,..
Angola,AGO,"Industry (including construction), value added (% of GDP)",NV.IND.TOTL.ZS,72.12295494,64.88381154,56.07579654,53.11699779,54.62993328,60.40199346,58.10933117,61.88353785,60.2548204,44.05637413,52.36843758,56.02651389,56.91821896,53.36285218,46.20332557,41.93309219,42.64356787,42.16795377,47.93154185,49.76092161,45.67824234,47.52440955,45.1800529
Angola,AGO,Fossil fuel energy consumption (% of total),EG.USE.COMM.FO.ZS,26.14821019,27.90128648,29.70765734,33.5802556,34.12351494,30.13437752,34.59345302,36.90286418,39.77661737,42.84076311,46.08538727,47.05982562,49.78104288,48.20555082,58.35840758,27.66971958,0,0,0,0,0,0,0
Angola,AGO,Population density (people per sq. km of land area),EN.POP.DNST,12.9901893,13.43323013,13.89885217,14.39296703,14.91972648,15.47377958,16.05460736,16.66684928,17.30861875,17.97928371,18.6851889,19.42596615,20.19523061,20.98790407,21.78613058,22.58586508,23.40825379,24.25189621,25.10399856,25.96906393,26.8317414,27.69906874,28.5834836
Antigua and Barbuda,ATG,Carbon dioxide (CO2) emissions excluding LULUCF per capita (t CO2e/capita),EN.GHG.CO2.PC.CE.AR5,1.807454079,1.739210454,1.943348219,2.096707925,2.107496284,2.160505458,2.429159843,2.622882601,2.782468159,3.162534304,3.264181903,2.457953019,2.591107036,2.944449491,3.148763589,3.252468991,3.497871489,3.061856126,3.243296747,3.724661792,3.00394138,3.304854411,3.301378716
Antigua and Barbuda,ATG,GDP per capita (constant 2015 US$),NY.GDP.PCAP.KD,15961.09184,15003.43892,14968.0703,15703.93471,16433.41305,17301.21343,19259.64865,20770.26897,20464.78631,17746.70086,16135.39738,15633.90911,15989.39002,15748.1952,15967.285,16077.63408,16635.89523,16992.93275,18042.15964,18525.25889,14950.89424,16084.72144,17456.87222
Antigua and Barbuda,ATG,Energy use (kg of oil equivalent per capita),EG.USE.PCAP.KG.OE,..,..,..,..,1714.96081,1720.867719,1774.105503,1786.938216,..,..,..,..,..,..,..,..,..,..,..,..,..,..,..
Antigua and Barbuda,ATG,Urban population (% of total population),SP.URB.TOTL.IN.ZS,32.127,31.74,31.098,30.464,29.837,29.218,28.606,28.002,27.405,26.818,26.238,25.703,25.526,25.35,25.175,25,24.846,24.713,24.599,24.506,24.433,24.38,24.346
Antigua and Barbuda,ATG,Trade (% of GDP),NE.TRD.GNFS.ZS,..,..,..,..,..,..,..,..,..,..,..,..,..,..,141.5461611,130.0715499,132.0259179,127.6643236,130.6551527,137.5377836,94.28952989,101.0749606,117.7035278
Antigua and Barbuda,ATG,Renewable energy consumption (% of total final energy consumption),EG.FEC.RNEW.ZS,0,0,0,0,0,0,0,0,0,0,0,0.1,0.1,0.1,0.1,0.4,0.4,0.4,0.7,0.7,0.9,0.9,0.9
Antigua and Barbuda,ATG,"Industry (including construction), value added (% of GDP)",NV.IND.TOTL.ZS,13.09897193,12.05785678,12.19126956,12.48305578,12.15839255,13.51423983,17.12340053,16.31975657,17.60996569,18.04573138,14.83794223,13.22747974,13.07462881,14.75981044,15.36678209,15.92802245,17.76410828,18.80452015,20.6520988,21.08074595,21.12099952,20.48320056,19.65819597
Antigua and Barbuda,ATG,Fossil fuel energy consumption (% of total),EG.USE.COMM.FO.ZS,..,..,..,..,0,0,0,0,..,..,..,..,..,..,..,..,..,..,..,..,..,..,..
Antigua and Barbuda,ATG,Population density (people per sq. km of land area),EN.POP.DNST,170.2545455,172.8840909,175.0727273,177.0090909,178.9068182,180.9340909,183.1909091,185.6909091,188.4363636,191.3022727,193.9090909,196.2090909,198.3181818,200.1454545,201.7386364,203.2022727,204.475,205.6090909,206.65,207.6454545,208.7409091,209.8840909,211
Argentina,ARG,Carbon dioxide (CO2) emissions excluding LULUCF per capita (t CO2e/capita),EN.GHG.CO2.PC.CE.AR5,3.675005611,3.490969061,3.262085817,3.51976128,3.857510409,3.918724707,4.104215537,4.327089125,4.435786748,4.036599735,4.296677439,4.430183946,4.479556231,4.538012193,4.418040775,4.513930258,4.422979854,4.321155547,4.251246258,4.075445377,3.76439263,4.20773344,4.26096743
Argentina,ARG,GDP per capita (constant 2015 US$),NY.GDP.PCAP.KD,10631.65036,10051.94485,8861.561993,9545.531941,10302.44653,11099.75092,11870.27916,12811.90212,13197.35703,12285.37847,13387.15537,14040.61891,13754.42542,13946.09508,13456.13192,13679.6265,13265.88606,13520.11298,13058.32854,12706.39781,11393.0506,12549.28117,13182.7934
Argentina,ARG,Energy use (kg of oil equivalent per capita),EG.USE.PCAP.KG.OE,1643.32132,1518.567373,1484.257019,1590.617211,1740.908903,1712.432035,1784.016698,1845.914228,1889.409238,1722.744029,1826.051124,1865.257361,1897.609839,1928.549229,1911.617277,1919.758592,1889.870189,1874.829637,1806.776235,1777.415077,1623.924508,1741.513772,1808.760213
Argentina,ARG,Urban population (% of total population),SP.URB.TOTL.IN.ZS,89.142,89.329,89.51,89.686,89.86,90.031,90.2,90.366,90.53,90.691,90.849,90.99,91.121,91.249,91.377,91.503,91.627,91.749,91.87,91.991,92.111,92.229,92.347
Argentina,ARG,Trade (% of GDP),NE.TRD.GNFS.ZS,22.62244478,21.85225545,41.75272436,40.64474803,40.69264611,40.55127097,40.43347987,40.94517062,40.40267338,34.05712691,34.97101326,35.206155,30.52654237,29.333929,28.40679365,22.48622609,26.09388785,25.28960114,30.76253595,32.63061505,30.20369881,33.07868957,31.54770801
Argentina,ARG,Renewable energy consumption (% of total final energy consumption),EG.FEC.RNEW.ZS,9.8,11.5,11.6,10.8,9.3,9.6,9.2,7.7,7.7,8.6,8.8,8.8,8.6,8.9,9.8,9.4,9.4,10.4,10.5,10.7,9.8,9.2,..
Argentina,ARG,"Industry (including construction), value added (% of GDP)",NV.IND.TOTL.ZS,25.99083601,25.24343398,30.55773709,32.6450991,28.81692201,28.62631404,29.20327967,27.41523613,26.27245994,25.2842048,25.25877626,25.21269761,24.42905706,24.00588144,24.27739449,23.15305614,22.05410721,21.78212322,23.71959233,23.15784774,22.40887637,23.49946443,24.00755278
Argentina,ARG,Fossil fuel energy consumption (% of total),EG.USE.COMM.FO.ZS,88.96886145,88.13234976,86.51165221,85.69969422,87.93356138,88.74292969,91.31115775,89.08220821,92.17482841,96.14567343,93.38688311,91.94288413,89.94028741,89.93210415,92.38366222,56.28773765,0,0,0,0,0,0,0
Argentina,ARG,Population density (people per sq. km of land area),EN.POP.DNST,13.59817298,13.7482963,13.89611136,14.04042182,14.18352682,14.33000778,14.4781159,14.62232222,14.77118271,14.92855639,15.08709207,15.24858862,15.40610044,15.55983871,15.72120737,15.88671424,16.04139051,16.18337992,16.31711374,16.43352554,16.51336651,16.55733057,16.59227169
Armenia,ARM,Carbon dioxide (CO2) emissions excluding LULUCF per capita (t CO2e/capita),EN.GHG.CO2.PC.CE.AR5,1.108192853,1.131234822,0.969216826,1.090557738,1.187715252,1.418287567,1.421604682,1.658621355,1.829613553,1.468297456,1.411849711,1.619505268,1.874673457,1.817471873,1.911307983,1.869333688,1.796043177,1.909310599,2.004344897,2.168472574,2.334560189,2.534922189,2.454971036
Armenia,ARM,GDP per capita (constant 2015 US$),NY.GDP.PCAP.KD,1229.215104,1351.120727,1535.204529,1759.646848,1955.222625,2240.092732,2551.435464,2919.373494,3141.331935,2716.974363,2796.081434,2943.836871,3159.758608,3266.29883,3393.092523,3512.393503,3533.885036,3815.374743,4027.83393,4343.458396,4032.090435,4264.799615,4791.004817
Armenia,ARM,Energy use (kg of oil equivalent per capita),EG.USE.PCAP.KG.OE,625.5032273,624.5554713,586.4406484,622.5828814,661.9296799,798.5441805,818.2749974,918.1816125,973.2171452,851.3383877,815.627987,896.9480238,982.4424153,959.8016823,1045.975114,1084.520629,1043.097972,1105.96697,1072.336825,1163.092847,1233.304559,1271.528056,1347.590557
Armenia,ARM,Urban population (% of total population),SP.URB.TOTL.IN.ZS,64.666,64.385,64.236,64.137,64.038,63.938,63.839,63.739,63.64,63.54,63.44,63.34,63.24,63.164,63.112,63.085,63.082,63.103,63.149,63.219,63.313,63.431,63.573
Armenia,ARM,Trade (% of GDP),NE.TRD.GNFS.ZS,72.23333023,69.86426639,73.98450184,80.0513676,73.07063399,70.13973858,61.03013798,56.97504709,54.54232796,57.27423574,64.64297597,69.43557366,75.96167596,77.55504816,75.77886696,71.68207434,76.07796746,87.20237654,92.47310702,96.11415413,69.48880754,79.66988882,101.4107783
Armenia,ARM,Renewable energy consumption (% of total final energy consumption),EG.FEC.RNEW.ZS,7.2,5.4,8.9,9.8,8.7,6.5,7.7,7,6.4,7.8,9.4,8,6.6,6.8,7.1,10.7,13.2,12.6,11.1,10.3,8.4,9.1,..
Armenia,ARM,"Industry (including construction), value added (% of GDP)",NV.IND.TOTL.ZS,..,..,..,..,..,..,..,..,..,..,..,..,27.82709461,26.70904814,25.27053295,25.70869944,25.57713304,25.80953238,24.75655785,24.97160846,26.8172957,26.36434041,25.43709664
Armenia,ARM,Fossil fuel energy consumption (% of total),EG.USE.COMM.FO.ZS,70.04174531,71.16956794,61.8023159,65.70554651,66.89547996,68.09214588,67.48953711,70.54486021,73.27760399,68.19935696,67.39505361,71.54200207,77.32224246,75.48868767,69.98220831,63.48193418,0,0,0,0,0,0,0
Armenia,ARM,Population density (people per sq. km of land area),EN.POP.DNST,113.1401475,112.8134879,112.3919916,111.7843344,111.1661398,110.516333,109.8384264,109.14647,108.4334387,107.6923077,106.9476642,106.3540569,106.2205831,106.1468212,105.8587987,105.5356516,105.1036178,104.6505093,104.2852125,104.056902,105.0273766,105.0569403,105.2970532
Aruba,ABW,Carbon dioxide (CO2) emissions excluding LULUCF per capita (t CO2e/capita),EN.GHG.CO2.PC.CE.AR5,2.965072637,2.969192576,3.22132198,3.671291126,3.667304337,3.941209607,4.262361048,4.568147778,4.498746495,4.849218535,4.734971229,2.828708171,3.600998943,3.901585048,4.126134055,4.281504272,4.459793795,4.291166598,4.27792265,5.108834006,4.168086419,4.648096565,4.684558755
Aruba,ABW,GDP per capita (constant 2015 US$),NY.GDP.PCAP.KD,30199.66128,31169.79691,30662.32171,30651.94576,32192.79195,31249.27804,31038.88987,31759.8232,32097.04022,28157.14899,27324.55543,28037.86979,27341.22743,28668.72042,27914.84334,27458.22533,27719.50073,29671.13583,30334.11622,29576.80971,21947.99533,27469.00562,29917.12803
Aruba,ABW,Energy use (kg of oil equivalent per capita),EG.USE.PCAP.KG.OE,..,..,..,..,..,..,..,..,..,..,..,..,..,..,..,..,..,..,..,..,..,..,..
Aruba,ABW,Urban population (% of total population),SP.URB.TOTL.IN.ZS,46.717,46.339,45.972,45.606,45.24,44.875,44.511,44.147,43.783,43.421,43.059,42.94,42.957,42.99,43.041,43.108,43.192,43.293,43.411,43.546,43.697,43.866,44.052
Aruba,ABW,Trade (% of GDP),NE.TRD.GNFS.ZS,145.0728795,140.3911086,133.2307714,132.7942913,132.4309298,145.0502801,141.0426267,139.9723095,139.1101498,137.5565759,135.4646547,154.4377869,156.6451972,161.8912803,162.8820521,145.8336633,142.2397634,143.8042955,145.2135524,145.3435727,124.1372672,147.0155771,172.8841717
Aruba,ABW,Renewable energy consumption (% of total final energy consumption),EG.FEC.RNEW.ZS,0.2,0.2,0.2,0.2,0.2,0.2,0.2,0.2,0.2,0.3,5.5,5.7,6.9,6.9,6.9,6.7,7,6.8,8.6,8.3,9.1,8.8,8.8
Aruba,ABW,"Industry (including construction), value added (% of GDP)",NV.IND.TOTL.ZS,13.17595453,13.05406907,13.24162087,14.89220981,15.59650825,16.29746113,17.65586324,17.47955029,16.18234888,13.04303599,11.546062,12.36644833,10.07606346,10.74966244,10.7994982,12.46882309,12.71382235,12.39482333,11.35816806,11.37203709,..,..,..
Aruba,ABW,Fossil fuel energy consumption (% of total),EG.USE.COMM.FO.ZS,..,..,..,..,..,..,..,..,..,..,..,..,..,..,..,..,..,..,..,..,..,..,..
Aruba,ABW,Population density (people per sq. km of land area),EN.POP.DNST,503.2666667,507.9944444,511.5222222,517.3777778,528.5444444,542.4166667,552.25,556.3888889,560.65,564.4666667,565.7666667,569.95,578.3888889,587.0833333,593.3722222,599.4777778,604.0388889,604.0833333,605.0444444,606.6833333,603.2611111,598.3333333,596.1666667
Australia,AUS,Carbon dioxide (CO2) emissions excluding LULUCF per capita (t CO2e/capita),EN.GHG.CO2.PC.CE.AR5,18.59653067,18.69850536,18.90828055,18.66639163,19.16155756,19.03596519,19.07740202,19.23720817,19.02589834,18.91323819,17.906405305499998,17.0155967605,16.211476892166665,15.127687537875,14.066237866666665,13.524643698083334,13.087240898749998,12.459689225125002,11.747857655999999,11.067927798125,10.074697220416667,9.422705454125,8.646253944
Australia,AUS,GDP per capita (constant 2015 US$),NY.GDP.PCAP.KD,45859.51621,46191.31424,47486.27832,48394.12695,49902.0187,50853.19767,51553.9686,52531.76112,53336.10122,53237.00776,53578.8125,54111.35724,55257.57393,55728.0174,56327.85331,56739.02653,57401.06623,57750.64822,58530.78217,58924.73365,58132.79852,59276.50311,61009.80771
Australia,AUS,Energy use (kg of oil equivalent per capita),EG.USE.PCAP.KG.OE,5681.228859,5486.394559,5480.234643,5615.576756,5652.130379,5624.495613,5775.116752,5853.764132,5951.192915,5843.933129,5762.943566,5698.655973,5533.722338,5533.381464,5407.438226,5318.666793,5216.988672,5162.458943,5086.373785,5231.57466,5159.036384,5006.443065,4942.984807
Australia,AUS,Urban population (% of total population),SP.URB.TOTL.IN.ZS,84.235,84.1,84.222,84.343,84.463,84.582,84.7,84.822,84.943,85.063,85.182,85.3,85.402,85.502,85.602,85.701,85.8,85.904,86.012,86.124,86.241,86.362,86.488
Australia,AUS,Trade (% of GDP),NE.TRD.GNFS.ZS,40.93521098,44.2187045,41.4490922,40.20156691,37.00961359,39.16074697,41.55944717,42.00802003,42.8467764,45.74086303,40.52158899,41.85113203,43.1642965,41.27287902,42.48402303,41.66393193,40.97407948,42.20373168,43.73606508,46.18750189,44.66445607,40.30248027,45.82177023
Australia,AUS,Renewable energy consumption (% of total final energy consumption),EG.FEC.RNEW.ZS,8.4,8.4,8.7,7.2,6.7,6.7,6.8,7,6.8,7.1,8.2,8.3,8.3,9.2,9.3,9.4,9.6,9.9,9.8,10.3,11.2,12.3,..
Australia,AUS,"Industry (including construction), value added (% of GDP)",NV.IND.TOTL.ZS,24.55053314,23.63352097,23.6117317,24.04209646,23.93491874,24.61850662,25.61483015,25.66594094,25.60457568,27.04597361,25.17307843,26.52184365,26.37902152,25.18645053,25.56515748,23.6809068,22.31997558,23.47406061,24.12405777,25.2720792,25.38645572,25.42086525,27.48251427
Australia,AUS,Fossil fuel energy consumption (% of total),EG.USE.COMM.FO.ZS,89.32304262,98.04703948,98.23537742,93.9279843,94.07874686,94.21076669,94.33483755,94.52790817,94.56509429,95.81456189,94.91911226,95.1933823,95.08588829,92.60743883,92.130325,92.40859026,0,0,0,0,0,0,0
Australia,AUS,Population density (people per sq. km of land area),EN.POP.DNST,2.476966794,2.508975307,2.53767882,2.567035523,2.594629473,2.626406675,2.662088958,2.711118025,2.765994429,2.823588378,2.867858584,2.90798641,2.95920037,3.010573526,3.055814795,3.100112596,3.144935531,3.197156014,3.245344916,3.293650563,3.334526951,3.339228447,3.381998357
Austria,AUT,Carbon dioxide (CO2) emissions excluding LULUCF per capita (t CO2e/capita),EN.GHG.CO2.PC.CE.AR5,8.324302639,8.875080776,9.059191975,9.62461874,9.741242193,9.772930381,9.46564254,9.093884422,9.041270945,8.156977741,8.3824732133,7.922082272704167,7.3012135085333325,7.0804489371375,6.4285683083333325,6.268410432933333,6.0127542332249995,5.943418374891667,5.446572662216667,5.3059684095,4.621752109408334,4.64897684865,4.062688049399999
Austria,AUT,GDP per capita (constant 2015 US$),NY.GDP.PCAP.KD,38571.08588,38929.7538,39313.72251,39569.28856,40333.33072,40989.01318,42120.1557,43568.83022,44063.8642,42372.47583,43035.40735,44146.19568,44221.45995,43851.36755,43838.83459,43915.22802,44362.67028,45056.63859,45951.58192,46550.56225,43428.69831,45313.3989,47250.9696
Austria,AUT,Energy use (kg of oil equivalent per capita),EG.USE.PCAP.KG.OE,3570.948532,3758.793163,3771.719492,3956.938946,3974.506368,4084.352619,4105.07525,4010.095149,4027.905566,3819.499869,4065.041896,3927.582565,3899.164842,3924.821354,3750.344801,3795.510374,3797.168022,3839.948052,3717.625321,3765.980119,3546.504499,3728.133989,3486.729433
Austria,AUT,Urban population (% of total population),SP.URB.TOTL.IN.ZS,60.213,59.934,59.655,59.375,59.094,58.813,58.532,58.249,57.966,57.683,57.399,57.115,57.147,57.336,57.526,57.715,57.905,58.094,58.297,58.515,58.748,58.995,59.256
Austria,AUT,Trade (% of GDP),NE.TRD.GNFS.ZS,85.84260773,87.99625672,87.58449371,86.88222632,91.47422019,94.67475478,98.78572532,101.3649584,102.7437044,87.6004931,99.64488255,105.7750984,105.8407914,104.985374,104.49674,103.1175817,101.5734946,105.5560668,108.37797,108.2072849,99.94821411,111.0322687,124.3834515
Austria,AUT,Renewable energy consumption (% of total final energy consumption),EG.FEC.RNEW.ZS,26.4,25.5,24.7,22.6,23.2,24.4,26.6,29,29.7,31.3,31.1,31.6,34.4,34.6,35.7,34.8,34.6,34,34.1,34,35.8,36,..
Austria,AUT,"Industry (including construction), value added (% of GDP)",NV.IND.TOTL.ZS,28.61155232,28.43989192,27.66834343,27.69793593,27.61478885,27.41820506,27.59090688,27.76672985,27.41220245,26.27770174,26.03964197,25.8570854,26.00980494,25.96977309,25.7857017,25.51524022,25.91246918,25.8023213,25.71909264,25.5363771,25.65448678,25.72803214,25.20554006
Austria,AUT,Fossil fuel energy consumption (% of total),EG.USE.COMM.FO.ZS,76.52565381,76.88952354,77.35048021,78.473944,78.34566661,77.0533448,74.22043699,72.80174984,71.63023658,69.44616376,70.0277215,69.05413775,67.08852338,66.15628469,65.03752938,65.74467186,0,0,0,0,0,0,0
Austria,AUT,Population density (people per sq. km of land area),EN.POP.DNST,97.08635482,97.45871304,97.93937227,98.41763209,99.03012603,99.70708919,100.2016602,100.5269874,100.8421716,101.1066772,101.3500242,101.6922322,102.1569438,102.7608216,103.5670868,104.7345977,105.8733398,106.6113185,107.1318589,107.6093068,108.0570044,108.5288051,109.5716311
Azerbaijan,AZE,Carbon dioxide (CO2) emissions excluding LULUCF per capita (t CO2e/capita),EN.GHG.CO2.PC.CE.AR5,3.577566285,3.417126936,3.363493413,3.616096477,3.551543972,3.72018089,3.764407069,3.370211973,3.677864756,3.127466193,2.94177417,3.212518977,3.472606506,3.526813405,3.641721269,3.577695099,3.526907467,3.47367418,3.497253609,3.689171585,3.507735615,3.692594511,3.887571344
Azerbaijan,AZE,GDP per capita (constant 2015 US$),NY.GDP.PCAP.KD,1504.731067,1640.936642,1782.47319,1949.606092,2111.453383,2674.368856,3556.83212,4412.203257,4778.124516,5118.433951,5300.110494,5149.206652,5193.175009,5425.995589,5508.602659,5500.503646,5272.71817,5229.252597,5261.929382,5346.953193,5087.500227,5349.58226,5599.585251
Azerbaijan,AZE,Energy use (kg of oil equivalent per capita),EG.USE.PCAP.KG.OE,1403.598747,1411.214349,1414.776025,1476.841024,1539.500039,1600.227803,1559.849176,1459.388982,1587.24837,1391.330992,1305.912093,1396.044781,1497.294867,1497.902575,1526.158779,1510.918569,1480.934283,1478.784184,1471.370276,1587.784776,1536.830563,1623.829324,1714.03726
Azerbaijan,AZE,Urban population (% of total population),SP.URB.TOTL.IN.ZS,51.386,51.587,51.787,51.988,52.189,52.389,52.589,52.79,52.99,53.19,53.406,53.637,53.883,54.145,54.422,54.714,55.021,55.343,55.68,56.031,56.397,56.776,57.17
Azerbaijan,AZE,Trade (% of GDP),NE.TRD.GNFS.ZS,78.54856828,78.81518549,92.81814433,107.5519485,121.5071159,115.8418846,105.2623998,96.64180815,89.24289686,74.74404168,74.98598846,80.50804501,78.26306954,74.67584476,69.4832252,72.60150791,90.07731873,90.40231568,91.67257654,85.81814541,72.01786765,76.28686569,86.98227325
Azerbaijan,AZE,Renewable energy consumption (% of total final energy consumption),EG.FEC.RNEW.ZS,2.1,1.8,2.4,2.9,3.1,3.4,2.9,3.8,3.1,3.3,4.4,3.5,2.8,2.5,2.1,2.3,1.9,1.9,1.9,1.7,1.3,1.3,..
Azerbaijan,AZE,"Industry (including construction), value added (% of GDP)",NV.IND.TOTL.ZS,42.53830991,43.46263827,46.1542268,48.53984468,50.76903238,58.78778199,64.95823153,66.16032863,65.51852147,56.26195525,59.99481926,61.73399639,59.51735085,57.05441545,53.58685467,44.89132034,47.55780701,49.7017251,52.25091145,48.82326653,41.95632016,48.81817362,56.14673736
Azerbaijan,AZE,Fossil fuel energy consumption (% of total),EG.USE.COMM.FO.ZS,98.27631417,98.37476502,97.29762139,96.93281524,97.11796846,97.10033202,97.58807306,94.56044929,94.15705003,93.89349072,94.97593429,95.99134066,96.87208581,96.64426553,96.81391491,50.90975651,0,0,0,0,0,0,0
Azerbaijan,AZE,Population density (people per sq. km of land area),EN.POP.DNST,97.43477998,98.19379207,98.9124646,99.62372356,100.4753726,101.5225018,102.6725317,103.8533687,106.0597625,108.2912905,109.5423442,110.9763362,112.4607902,113.9234808,115.3488139,116.7310768,118.033289,119.2087416,120.2575919,121.2800711,122.1247368,122.6588022,122.7072716
"Bahamas, The",BHS,Carbon dioxide (CO2) emissions excluding LULUCF per capita (t CO2e/capita),EN.GHG.CO2.PC.CE.AR5,3.078110766,3.025903196,3.275796559,2.410776538,2.571060268,2.501061374,3.143164693,3.716879779,3.801239808,3.120917285,3.491093344,2.297641561,2.708346095,2.878984993,2.972027057,2.906997867,3.209081187,3.517676735,3.928019413,4.489516691,3.631054178,4.011625413,4.01672293
"Bahamas, The",BHS,GDP per capita (constant 2015 US$),NY.GDP.PCAP.KD,32424.83303,32870.19914,33374.71164,32559.41785,32444.17988,33144.89609,33541.96025,33549.44553,32331.93017,30581.43406,30657.53199,30492.7734,31553.62069,30368.36227,30658.73564,30719.40542,30152.23546,30974.77462,31537.44375,31117.68254,24791.65381,29114.22794,32186.51398
"Bahamas, The",BHS,Energy use (kg of oil equivalent per capita),EG.USE.PCAP.KG.OE,..,..,..,..,1954.19416,2023.879451,2026.551848,2006.599988,..,..,..,..,..,..,..,..,..,..,..,..,..,..,..
"Bahamas, The",BHS,Urban population (% of total population),SP.URB.TOTL.IN.ZS,82.007,82.049,82.092,82.134,82.176,82.218,82.26,82.302,82.343,82.385,82.427,82.476,82.532,82.596,82.668,82.746,82.832,82.925,83.025,83.132,83.245,83.365,83.492
"Bahamas, The",BHS,Trade (% of GDP),NE.TRD.GNFS.ZS,79.64494389,72.50088064,70.27798171,71.06354051,76.00198337,81.39627092,87.5507143,88.01281556,87.42922288,76.52104396,78.67560243,88.33368916,84.25152047,84.54841389,80.53702723,69.67797527,67.21292158,68.33428404,72.1542686,68.78662348,53.42075807,65.93254133,75.98296011
"Bahamas, The",BHS,Renewable energy consumption (% of total final energy consumption),EG.FEC.RNEW.ZS,0,0.4,0.4,1.5,1.6,1.7,2,3.5,2,1.5,1.3,1.4,1.4,1.4,1.4,1.4,1.2,1.1,1.1,1.1,1.4,1.1,1.1
"Bahamas, The",BHS,"Industry (including construction), value added (% of GDP)",NV.IND.TOTL.ZS,12.14887197,9.536141037,10.61685636,10.8702392,10.3431254,10.80905228,11.73375298,9.259451101,10.38951169,10.01005814,11.49987718,12.04514197,13.03402858,12.93996353,13.18418903,11.15344327,13.18418638,12.9253067,12.26207564,12.98938013,12.11691369,11.85012877,9.504346324
"Bahamas, The",BHS,Fossil fuel energy consumption (% of total),EG.USE.COMM.FO.ZS,..,..,..,..,0,0,0,0,..,..,..,..,..,..,..,..,..,..,..,..,..,..,..
"Bahamas, The",BHS,Population density (people per sq. km of land area),EN.POP.DNST,32.35114885,32.75084915,33.12827173,33.52827173,33.94425574,34.35504496,34.8026973,35.2981019,35.77622378,36.24475524,36.71108891,37.13576424,37.50939061,37.85744256,38.19160839,38.4961039,38.76673327,39.00949051,39.23246753,39.42807193,39.54675325,39.5977023,39.71408591
Bahrain,BHR,Carbon dioxide (CO2) emissions excluding LULUCF per capita (t CO2e/capita),EN.GHG.CO2.PC.CE.AR5,27.87327748,27.82709023,27.05906526,26.02440495,24.18308667,26.29345358,26.49767186,24.87445817,25.07385618,23.46847248,23.47113613,24.2703051,24.99354819,25.63918828,25.33330493,24.42892984,23.5029774,22.48720285,22.50296223,24.83380017,25.0267626,24.77829516,23.80092255
Bahrain,BHR,GDP per capita (constant 2015 US$),NY.GDP.PCAP.KD,25407.96941,25106.28697,24149.0156,23857.64036,23688.11211,23439.67044,23095.01813,23112.48881,23127.2148,22206.9372,22224.07362,23288.04494,23894.88044,24271.62788,24135.49913,23734.05511,23715.27913,23606.88675,24059.78386,24873.66401,23586.93096,24086.78478,25234.40256
Bahrain,BHR,Energy use (kg of oil equivalent per capita),EG.USE.PCAP.KG.OE,12833.27212,12648.08851,12214.68658,11894.94847,11271.21389,11975.42824,11582.02057,11533.99347,11593.79717,10432.89675,10317.976,10624.38722,9996.521962,11219.43393,10257.02534,10405.63907,9878.66505,9444.423939,9533.855383,10388.18902,10832.91852,10666.05741,10701.79276
Bahrain,BHR,Urban population (% of total population),SP.URB.TOTL.IN.ZS,88.372,88.369,88.373,88.383,88.399,88.422,88.452,88.488,88.53,88.579,88.634,88.695,88.762,88.835,88.915,88.999,89.09,89.186,89.287,89.394,89.506,89.622,89.743
Bahrain,BHR,Trade (% of GDP),NE.TRD.GNFS.ZS,135.8091353,127.0262663,131.1336342,128.0915822,140.73731,148.3135251,147.1041811,137.7850506,145.8825111,117.9637254,115.5614864,167.529641,178.8240208,184.5895088,168.5758581,147.9160602,132.8229979,136.4292398,144.0753726,135.4175434,135.460985,153.7993165,167.1412412
Bahrain,BHR,Renewable energy consumption (% of total final energy consumption),EG.FEC.RNEW.ZS,0,0,0,0,0,0,0,0,0,0,0,0,0,0,0,0,0,0,0,0,0,0,..
Bahrain,BHR,"Industry (including construction), value added (% of GDP)",NV.IND.TOTL.ZS,..,..,..,..,..,..,45.283488,45.91786529,50.40766295,43.09970005,43.92685819,48.29479584,46.33973028,46.69712846,45.31357676,39.09079907,38.20333986,39.9934663,41.47588718,40.61776696,39.10010798,44.21643249,46.38962737
Bahrain,BHR,Fossil fuel energy consumption (% of total),EG.USE.COMM.FO.ZS,97.44811068,97.84589857,97.90490408,98.11197061,97.38849256,98.02726794,..,94.97699503,99.57592595,99.44518086,..,98.58043345,..,98.83971877,..,1.883193534,0,0,0,0,0,0,0
Bahrain,BHR,Population density (people per sq. km of land area),EN.POP.DNST,898.0028169,931.4309859,1000.778873,1061.829167,1128.412329,1201.110811,1297.87027,1385.726667,1451.968421,1550.546053,1612.261155,1558.044329,1570.083117,1627.520779,1705.009079,1761.339332,1827.632863,1924.507692,1931.993573,1902.251282,1875.419108,1904.259494,1929.991139
Bangladesh,BGD,Carbon dioxide (CO2) emissions excluding LULUCF per capita (t CO2e/capita),EN.GHG.CO2.PC.CE.AR5,0.20048266,0.238508145,0.247169768,0.255250836,0.265234027,0.27899306,0.296997446,0.312232079,0.343315957,0.365306179,0.399174831,0.425099568,0.450489808,0.460371266,0.485151359,0.53600763,0.584386984,0.622894753,0.645077045,0.655345934,0.616107742,0.695944755,0.732520444
Bangladesh,BGD,GDP per capita (constant 2015 US$),NY.GDP.PCAP.KD,620.5604728,641.2889229,655.6721394,676.826252,702.6563571,739.2037184,779.4195704,825.50823,866.4581576,901.7296263,943.6642286,995.5799472,1050.391404,1103.156959,1159.407535,1224.386477,1299.830914,1373.753637,1462.250503,1564.208024,1604.665923,1702.080284,1804.349346
Bangladesh,BGD,Energy use (kg of oil equivalent per capita),EG.USE.PCAP.KG.OE,135.945727,148.2553733,147.9796437,153.143094,154.2428953,159.8255997,168.3246725,174.0115194,180.3964522,187.6593575,195.5901166,200.2996269,208.0405396,218.9350592,224.1071499,237.7131636,255.9235488,260.8802861,257.8738895,273.3400233,272.0765721,292.4872195,297.1183563
Bangladesh,BGD,Urban population (% of total population),SP.URB.TOTL.IN.ZS,23.59,24.096,24.756,25.429,26.114,26.809,27.517,28.237,28.968,29.709,30.462,31.225,31.993,32.762,33.535,34.308,35.083,35.858,36.632,37.405,38.177,38.946,39.711
Bangladesh,BGD,Trade (% of GDP),NE.TRD.GNFS.ZS,29.32171436,32.09801707,28.96738072,27.6578849,26.85823415,34.39693486,38.11192443,39.94238265,42.62091403,40.09279622,37.80284267,47.42084984,48.11092275,46.29640272,44.5140802,42.08599631,31.33415013,29.99973067,32.51463172,31.57805449,26.27144738,27.7240047,33.77996727
Bangladesh,BGD,Renewable energy consumption (% of total final energy consumption),EG.FEC.RNEW.ZS,60.2,55.9,54.4,52.6,52,50.6,48.6,47.2,45.2,43.1,40.3,38.4,37.3,37,35.4,33.1,30.2,28.1,27,26.1,27.2,25,..
Bangladesh,BGD,"Industry (including construction), value added (% of GDP)",NV.IND.TOTL.ZS,22.27938268,22.58381187,22.83925437,22.47414879,22.77972001,23.29984422,24.09532051,24.50054101,24.7270013,25.29557218,24.95647673,25.0452996,25.30995939,26.30707016,26.31104678,26.83139483,31.06915138,31.24829196,31.98281359,32.8525492,32.91156508,33.31609439,33.9200805
Bangladesh,BGD,Fossil fuel energy consumption (% of total),EG.USE.COMM.FO.ZS,57.85174741,59.80760044,60.73275689,62.28984165,62.22853374,62.42177644,64.7431179,65.80617767,67.11799889,68.66795544,72.74228956,73.7224795,74.83824794,72.1218809,73.81503999,71.13170687,0,0,0,0,0,0,0
Bangladesh,BGD,Population density (people per sq. km of land area),EN.POP.DNST,1033.604548,1050.978029,1067.324714,1082.971122,1097.817131,1111.744534,1124.728993,1136.892356,1148.300407,1159.051348,1169.255443,1179.926834,1191.289091,1202.520865,1213.527917,1224.423285,1235.399339,1245.956419,1256.227264,1266.905239,1277.544934,1287.999186,1300.360026
Barbados,BRB,Carbon dioxide (CO2) emissions excluding LULUCF per capita (t CO2e/capita),EN.GHG.CO2.PC.CE.AR5,2.245643223,2.155282462,2.29681845,2.401270243,2.363654049,2.405975304,2.588499344,2.475966501,2.904141335,2.913290749,2.980275611,2.459992975,2.323624782,2.631948571,2.399514277,2.581812968,2.76682952,2.435655368,2.632957027,2.966497989,2.384113483,2.683707429,2.691291381
Barbados,BRB,GDP per capita (constant 2015 US$),NY.GDP.PCAP.KD,19351.46384,18867.64903,18892.17321,19184.92804,19344.96079,20004.76674,21117.31411,21454.19711,21477.20806,20294.78267,19763.95236,19555.73211,19438.21791,19191.43755,19160.1223,18954.29137,19251.98342,19237.28749,18974.85718,19064.99759,16166.65595,16099.77497,18959.33516
Barbados,BRB,Energy use (kg of oil equivalent per capita),EG.USE.PCAP.KG.OE,..,..,..,..,1402.928567,1451.400415,1474.063155,1478.133939,..,..,..,..,..,..,..,..,..,..,..,..,..,..,..
Barbados,BRB,Urban population (% of total population),SP.URB.TOTL.IN.ZS,33.827,33.629,33.431,33.234,33.037,32.841,32.646,32.451,32.256,32.063,31.87,31.7,31.553,31.429,31.328,31.249,31.193,31.159,31.147,31.158,31.191,31.246,31.324
Barbados,BRB,Trade (% of GDP),NE.TRD.GNFS.ZS,..,..,..,..,..,..,..,..,..,..,..,..,..,..,..,..,..,..,..,..,..,..,..
Barbados,BRB,Renewable energy consumption (% of total final energy consumption),EG.FEC.RNEW.ZS,11.9,10.8,9.8,8.6,8.7,8.7,8.8,8.6,7.6,8.5,8.2,4.1,3.8,3.1,3,3,2.8,4.3,4.9,3.4,4.7,5.5,5.5
Barbados,BRB,"Industry (including construction), value added (% of GDP)",NV.IND.TOTL.ZS,15.30642262,14.69143886,14.41976501,15.70493846,15.08782116,14.94567352,16.22328394,14.72340602,15.12451522,15.40802858,14.51182229,15.11480661,14.69673508,14.64033701,14.35159698,14.42717792,13.89043854,13.83679704,13.53228402,13.23890933,13.49905771,13.94657047,13.9791701
Barbados,BRB,Fossil fuel energy consumption (% of total),EG.USE.COMM.FO.ZS,..,..,..,..,0,0,0,0,..,..,..,..,..,..,..,..,..,..,..,..,..,..,..
Barbados,BRB,Population density (people per sq. km of land area),EN.POP.DNST,609.4488372,610.2906977,614.2976744,618.0837209,621.6232558,624.8976744,627.9116279,630.9023256,634.2186047,637.4953488,640.1,642.1837209,644.0418605,645.7325581,647.3209302,648.8139535,650.227907,651.5604651,652.8162791,653.9697674,655.1116279,656.155814,656.5534884
Belarus,BLR,Carbon dioxide (CO2) emissions excluding LULUCF per capita (t CO2e/capita),EN.GHG.CO2.PC.CE.AR5,5.637284423,5.53815064,5.594093709,5.698798652,6.082724761,6.210433349,6.502945781,6.385859234,6.796946049,6.483535364,6.971619923,6.654615906,6.802944393,6.822615739,6.770249081,6.253707295,6.237135508,6.366536635,6.733822203,6.515507086,6.201055187,6.303376965,6.158015039
Belarus,BLR,GDP per capita (constant 2015 US$),NY.GDP.PCAP.KD,2615.36377,2753.033698,2910.399375,3137.262616,3520.404526,3877.717389,4291.686471,4682.206766,5177.645348,5200.774185,5616.094117,5941.689991,6052.637372,6115.432881,6212.916674,5967.055951,5811.201592,5964.896689,6165.913202,6267.735089,6251.988989,6457.730538,6206.619097
Belarus,BLR,Energy use (kg of oil equivalent per capita),EG.USE.PCAP.KG.OE,2471.644249,2496.018115,2560.501258,2652.439814,2760.116261,2776.998471,2974.245534,2925.852884,2939.405974,2789.003141,2895.61081,3081.680181,3219.426534,2870.325803,2923.576821,2660.140268,2639.094863,2692.583449,2849.294773,2748.968837,2673.865486,2929.275337,2862.487035
Belarus,BLR,Urban population (% of total population),SP.URB.TOTL.IN.ZS,69.973,70.458,70.939,71.415,71.887,72.354,72.816,73.273,73.726,74.172,74.672,75.188,75.697,76.199,76.693,77.181,77.661,78.134,78.595,79.044,79.483,79.91,80.326
Belarus,BLR,Trade (% of GDP),NE.TRD.GNFS.ZS,141.609166,137.0449305,131.0020583,134.1418523,142.1365104,118.8843517,124.2951039,128.153878,129.5994785,108.6356448,115.917973,157.9742551,153.0852693,119.8159652,110.6514244,115.9148262,125.2093229,133.3677547,139.3937363,130.8504061,118.9341761,136.0141679,120.0242076
Belarus,BLR,Renewable energy consumption (% of total final energy consumption),EG.FEC.RNEW.ZS,5.7,6.3,6.5,6.2,6.3,6.8,7.2,7.3,7.1,7.4,7.3,7.5,7.2,7,6.7,6.8,6.7,7.3,7.2,7.8,8.4,8.2,..
Belarus,BLR,"Industry (including construction), value added (% of GDP)",NV.IND.TOTL.ZS,33.47894633,32.46395547,31.81538203,32.7410515,35.01894311,37.83878489,37.20703445,37.04727922,38.8242464,36.11396335,35.3917912,36.08807304,36.28065032,35.90370194,35.37904972,32.69230577,30.95840925,31.55448509,31.26560971,31.73712872,31.3515557,32.14429073,33.02909555
Belarus,BLR,Fossil fuel energy consumption (% of total),EG.USE.COMM.FO.ZS,91.28018047,90.84827306,91.65450263,91.88664691,93.33619704,92.39976633,92.30789944,92.09102557,92.95525733,91.83747403,92.20187465,91.97821816,91.30310995,91.24489901,92.85144409,-1.227132018,0,0,0,0,0,0,0
Belarus,BLR,Population density (people per sq. km of land area),EN.POP.DNST,49.19747791,48.9467226,48.639731,48.30124836,47.97547519,47.64468799,47.33728266,47.12127096,46.95855635,46.84414336,46.74096855,46.62975211,46.5593029,46.53937252,46.55060033,46.61133719,46.64994482,46.59875953,46.50105922,46.41075062,46.21121293,45.83683173,45.46071728
Belgium,BEL,Carbon dioxide (CO2) emissions excluding LULUCF per capita (t CO2e/capita),EN.GHG.CO2.PC.CE.AR5,12.19066943,12.24256482,11.46771175,11.88994012,11.70516231,11.37026957,11.01552547,10.63679569,10.67992422,9.948026642,10.0249908525,8.723640216308333,8.275788264741667,8.070716145712499,7.2652929975,7.3025038402625,6.925633429225,6.537041653725,6.277818557916667,5.976963903625,5.264279948291667,5.226730676691667,4.609812666
Belgium,BEL,GDP per capita (constant 2015 US$),NY.GDP.PCAP.KD,35878.31536,36148.28809,36600.86259,36826.26993,37976.6973,38645.26052,39371.08583,40520.08432,40380.9075,39293.63755,39991.56462,40236.95963,40074.4928,40007.89979,40533.9135,40893.80454,41172.88628,41619.32863,42208.36257,43006.40423,40769.02181,43121.94297,44596.786
Belgium,BEL,Energy use (kg of oil equivalent per capita),EG.USE.PCAP.KG.OE,5662.981747,5606.172983,5397.648178,5609.482714,5615.40613,5549.637609,5445.565471,5302.04533,5425.006832,5161.342273,5510.368422,5063.167396,4822.688802,5000.346171,4701.257716,4661.663762,4904.157708,4863.632802,4660.206929,4775.957475,4386.430508,4823.583422,4368.445626
Belgium,BEL,Urban population (% of total population),SP.URB.TOTL.IN.ZS,97.129,97.186,97.241,97.296,97.35,97.403,97.454,97.505,97.555,97.603,97.651,97.698,97.744,97.789,97.833,97.876,97.919,97.961,98.001,98.041,98.079,98.117,98.153
Belgium,BEL,Trade (% of GDP),NE.TRD.GNFS.ZS,142.2301351,139.5768398,136.0851495,132.7155528,136.9184053,144.5290507,149.5675093,152.4684469,161.0884478,135.1384057,150.1625636,160.7655169,160.3833014,157.5736228,158.571611,155.068682,159.0576966,166.9040782,168.2776929,165.4654789,156.9501213,177.3818924,191.9394441
Belgium,BEL,Renewable energy consumption (% of total final energy consumption),EG.FEC.RNEW.ZS,1.4,1.6,1.7,1.9,2,2.5,2.9,3.4,4,4.9,6.2,6.7,7.7,8.3,9.1,9.4,9.2,9.7,10.7,10.2,12.3,11.7,..
Belgium,BEL,"Industry (including construction), value added (% of GDP)",NV.IND.TOTL.ZS,24.94383258,24.31215099,23.78733634,23.22665489,22.95999895,22.57377815,22.13992554,22.28195248,21.5954485,20.48905646,20.6595926,20.75145995,19.99564875,19.91519357,19.61905707,19.47677469,19.09810578,19.15456041,18.96412515,19.24171057,19.08117052,17.99652285,19.51397038
Belgium,BEL,Fossil fuel energy consumption (% of total),EG.USE.COMM.FO.ZS,75.93949691,76.00659111,74.37459123,74.97189743,74.71997184,74.84448614,74.28097352,73.1451128,73.79489963,73.13598196,73.17808696,70.6589524,71.45191706,70.77947555,72.76011771,76.29595322,0,0,0,0,0,0,0
Belgium,BEL,Population density (people per sq. km of land area),EN.POP.DNST,337.9570105,339.1214189,340.6450071,342.0740777,343.5577424,345.4527083,347.7387004,350.3016517,353.079913,355.932252,359.1990901,363.9028121,366.1666172,367.8965813,369.5334125,371.6808756,373.5674678,375.0093298,374.7435149,376.761986,378.3893225,379.9499902,383.0330557
Belize,BLZ,Carbon dioxide (CO2) emissions excluding LULUCF per capita (t CO2e/capita),EN.GHG.CO2.PC.CE.AR5,0.574337933,0.5660704,0.548808831,0.56183183,0.500574188,0.535514476,0.603033229,0.566024992,0.531605561,0.626651398,0.726006651,0.455548155,0.485027541,0.598606082,0.583223233,0.690365473,0.711259785,0.75937428,0.648561645,0.695904144,0.560371739,0.621227988,0.649810172
Belize,BLZ,GDP per capita (constant 2015 US$),NY.GDP.PCAP.KD,5662.33419,5763.677213,5893.70035,6273.010586,6381.595978,6335.677777,6434.118644,6465.219364,6183.938918,5997.243308,5919.556621,5777.831129,5866.25149,5998.178309,6109.477784,6154.495935,6016.49647,5772.92692,5729.210452,5886.962235,5003.877848,5824.303943,6269.379974
Belize,BLZ,Energy use (kg of oil equivalent per capita),EG.USE.PCAP.KG.OE,..,..,..,..,570.5073467,575.5529419,597.4753194,601.1482607,..,..,..,..,..,..,..,..,..,..,..,..,..,..,..
Belize,BLZ,Urban population (% of total population),SP.URB.TOTL.IN.ZS,45.398,45.381,45.364,45.347,45.33,45.313,45.296,45.279,45.262,45.245,45.228,45.228,45.246,45.282,45.335,45.406,45.495,45.601,45.724,45.866,46.025,46.201,46.396
Belize,BLZ,Trade (% of GDP),NE.TRD.GNFS.ZS,96.54052156,93.11050477,92.99803158,94.31583773,86.34043616,92.95230347,98.85931559,95.89362076,105.4402208,89.54693515,95.03351091,107.1946581,111.6319263,108.7935063,107.1203087,104.0787944,96.46460137,97.69227375,100.6649951,102.1228489,81.82196441,99.3162711,108.5291741
Belize,BLZ,Renewable energy consumption (% of total final energy consumption),EG.FEC.RNEW.ZS,34.5,23.9,25.7,24.4,26.3,25.6,32.7,28,29.8,25.1,29.4,42.2,47.9,38,37.4,30.3,33.3,37.2,35.5,30.4,31.4,26.6,30.8
Belize,BLZ,"Industry (including construction), value added (% of GDP)",NV.IND.TOTL.ZS,22.79831416,20.96691678,19.96545214,17.38482695,17.57147446,17.14634394,19.05540018,20.20092555,20.26856058,19.40775837,18.0615226,18.67217646,15.76935163,15.7053253,15.84005612,14.54367205,15.46067315,14.09345629,13.66401395,14.05183603,16.33012703,17.02505629,15.43014719
Belize,BLZ,Fossil fuel energy consumption (% of total),EG.USE.COMM.FO.ZS,..,..,..,..,0,0,0,0,..,..,..,..,..,..,..,..,..,..,..,..,..,..,..
Belize,BLZ,Population density (people per sq. km of land area),EN.POP.DNST,10.5567295,10.88903989,11.22354231,11.56422622,11.91091626,12.26352477,12.62069268,12.98114862,13.34331434,13.70512933,14.03967558,14.34888207,14.6608505,14.97707146,15.29693117,15.62178869,15.98882069,16.36133275,16.66926786,16.91490574,17.13336256,17.33213503,17.65598422
Benin,BEN,Carbon dioxide (CO2) emissions excluding LULUCF per capita (t CO2e/capita),EN.GHG.CO2.PC.CE.AR5,0.213927099,0.249328596,0.279072458,0.303194588,0.313478433,0.332405902,0.443804509,0.491044809,0.472895495,0.492353742,0.51841881,0.491280485,0.454246567,0.464018772,0.494850229,0.511298574,0.610839162,0.601464479,0.665910436,0.630789231,0.656051196,0.481443319,0.481049422
Benin,BEN,GDP per capita (constant 2015 US$),NY.GDP.PCAP.KD,861.213292,879.8544638,893.137101,896.1467632,907.6244312,893.9153687,900.6205358,926.7401138,943.2033803,936.5656511,928.2466553,927.7164128,943.9187715,982.3992063,1014.433006,1002.418869,1006.039266,1032.904712,1071.504522,1114.173045,1126.654041,1176.377276,1218.496689
Benin,BEN,Energy use (kg of oil equivalent per capita),EG.USE.PCAP.KG.OE,274.5814364,283.2302734,294.7241458,301.4991517,305.2795363,296.6474299,339.2709728,358.1233736,355.1915688,361.6537177,363.7435748,352.901249,346.2208221,366.7430878,367.294185,379.4920267,409.0388211,412.3043521,423.2833238,414.5436411,426.1854787,376.0552953,375.8209836
Benin,BEN,Urban population (% of total population),SP.URB.TOTL.IN.ZS,38.333,38.65,39.036,39.536,40.039,40.543,41.049,41.558,42.069,42.58,43.093,43.608,44.125,44.642,45.166,45.695,46.229,46.768,47.312,47.861,48.415,48.972,49.534
Benin,BEN,Trade (% of GDP),NE.TRD.GNFS.ZS,47.3481515,48.25717064,43.76842254,41.61623056,39.90297434,39.09593119,39.77469871,49.11378415,47.77535927,44.70262906,51.43085995,47.21702881,50.73673678,59.20019183,65.26827494,56.75631318,58.98692834,61.47659696,61.79519449,63.68133231,44.83323338,48.05486083,44.38159289
Benin,BEN,Renewable energy consumption (% of total final energy consumption),EG.FEC.RNEW.ZS,70.3,66.9,64,61.7,60.7,59.2,57.3,54.5,54.8,52.8,47.2,48.7,50.3,52,51,49.9,45.4,45.4,44,46.5,46.2,54.5,..
Benin,BEN,"Industry (including construction), value added (% of GDP)",NV.IND.TOTL.ZS,18.75634821,21.60630613,21.25606482,21.76533589,20.49942461,21.61359239,21.15701378,19.51117718,17.66062208,17.91950793,18.00905314,18.13744911,16.95668469,17.24370929,16.41157749,16.38509544,15.70206831,15.10758585,14.64195675,16.3125612,16.29054905,16.46740038,17.01782671
Benin,BEN,Fossil fuel energy consumption (% of total),EG.USE.COMM.FO.ZS,25.48294224,27.46173201,29.64356604,32.07373486,32.81843364,31.04592233,36.32131391,39.66512355,39.07161371,39.79761462,42.59879875,41.55329377,39.07338322,37.74701978,38.86574613,40.54839431,0,0,0,0,0,0,0
Benin,BEN,Population density (people per sq. km of land area),EN.POP.DNST,64.04415573,66.0304718,68.06869457,70.17621497,72.3580525,74.72635686,77.09508691,79.40731642,81.84166371,84.33330082,86.88793899,89.51421603,92.21050905,94.97014899,97.81841078,100.7509844,103.7410607,106.7735012,109.8203884,112.8658656,115.9113959,118.9554541,122.024663
Bermuda,BMU,Carbon dioxide (CO2) emissions excluding LULUCF per capita (t CO2e/capita),EN.GHG.CO2.PC.CE.AR5,2.441917141,2.401926714,2.663255125,2.740999583,2.763967708,2.964392212,3.685902537,4.397714648,4.404423381,3.848029576,4.6050215773000005,2.21492397945,2.488137510308333,2.6835262839749996,3.565300885833333,2.9207175193958337,3.80482749945,3.3456803714541667,3.5030001098333337,3.8435740248125003,3.2261216905750003,3.2223283522375,3.0802020108
Bermuda,BMU,GDP per capita (constant 2015 US$),NY.GDP.PCAP.KD,109502.7631,116809.9253,114574.4336,118018.8316,120432.1205,122143.7996,128662.9319,132595.4827,129525.1771,121727.5849,118382.909,113937.8357,108040.5757,107860.3948,103941.9826,104855.3668,104190.8767,107734.6084,106843.1637,106709.8812,98999.50766,103134.7295,109642.6719
Bermuda,BMU,Energy use (kg of oil equivalent per capita),EG.USE.PCAP.KG.OE,..,..,..,..,..,..,..,..,..,..,..,..,..,..,..,..,..,..,..,..,..,..,..
Bermuda,BMU,Urban population (% of total population),SP.URB.TOTL.IN.ZS,100,100,100,100,100,100,100,100,100,100,100,100,100,100,100,100,100,100,100,100,100,100,100
Bermuda,BMU,Trade (% of GDP),NE.TRD.GNFS.ZS,..,..,..,..,..,..,..,..,..,..,74.59508034,76.27043681,73.78230306,76.2701067,76.51674746,73.29549852,72.74990938,72.39242845,77.55527038,77.56010165,69.19370023,71.40816981,75.19722503
Bermuda,BMU,Renewable energy consumption (% of total final energy consumption),EG.FEC.RNEW.ZS,0.5,0.5,0.5,0.5,0.5,0.5,0.4,0.5,0.5,0.4,0.4,0.4,0.4,1.5,0.4,0.6,1.1,0.6,0.7,0.8,0.9,0.9,0.9
Bermuda,BMU,"Industry (including construction), value added (% of GDP)",NV.IND.TOTL.ZS,11.07301006,10.30851114,9.584027138,9.568245741,9.618362688,9.951118868,..,..,..,..,6.597532363,5.667424558,5.118742188,5.299009118,5.004639859,5.124380479,5.349793642,5.509305385,5.701235971,6.370650363,5.633998726,5.29810754,5.325904347
Bermuda,BMU,Fossil fuel energy consumption (% of total),EG.USE.COMM.FO.ZS,..,..,..,..,..,..,..,..,..,..,..,..,..,..,..,..,..,..,..,..,..,..,..
Bermuda,BMU,Population density (people per sq. km of land area),EN.POP.DNST,1139.814815,1145.685185,1150.777778,1155.296296,1158.425926,1161.314815,1163.592593,1166.851852,1172.222222,1177.12963,1180.092593,1180.240741,1178.62963,1177.296296,1176.462963,1175.259259,1174.981481,1177.37037,1182.055556,1187.166667,1192.259259,1197.185185,1199.055556
Bhutan,BTN,Carbon dioxide (CO2) emissions excluding LULUCF per capita (t CO2e/capita),EN.GHG.CO2.PC.CE.AR5,0.682233611,0.711696579,0.754313279,0.752905532,0.739381195,0.783392384,0.811718562,0.823262962,0.820425701,1.135610414,1.276737663,1.55079739,1.461356041,1.516118758,1.530814757,1.761636903,1.897799873,2.047366223,2.362459675,2.568041798,2.255696709,2.411914753,2.467237109
Bhutan,BTN,GDP per capita (constant 2015 US$),NY.GDP.PCAP.KD,1259.623765,1321.098782,1427.256933,1506.415275,1552.739152,1632.021695,1701.118782,1952.257346,2017.760189,2148.564804,2378.728108,2552.488711,2654.747989,2671.074602,2797.81884,2954.040819,3173.367732,3211.809033,3300.550065,3467.38599,3092.124284,3206.20367,3349.733096
Bhutan,BTN,Energy use (kg of oil equivalent per capita),EG.USE.PCAP.KG.OE,..,..,..,..,276.6915074,308.2199542,314.5502602,359.5420848,..,..,..,..,..,..,..,..,..,..,..,..,..,..,..
Bhutan,BTN,Urban population (% of total population),SP.URB.TOTL.IN.ZS,25.418,26.48,27.57,28.688,29.835,30.965,31.712,32.469,33.236,34.01,34.793,35.585,36.371,37.149,37.918,38.678,39.428,40.167,40.895,41.612,42.316,43.008,43.686
Bhutan,BTN,Trade (% of GDP),NE.TRD.GNFS.ZS,74.02649711,71.09457473,70.2833172,72.84990066,89.0605518,97.74341354,108.1577949,106.9290224,101.9542357,101.5594116,105.0106667,102.7956002,94.04502715,95.05253828,87.9342562,89.63916046,76.38475285,76.78840169,79.73972033,76.1235167,71.83035104,77.58244827,85.57121652
Bhutan,BTN,Renewable energy consumption (% of total final energy consumption),EG.FEC.RNEW.ZS,91.4,90.2,89.7,89.7,90.9,88.7,91.6,92,87.8,87.8,84.8,84.9,82.8,81.7,82.1,81.6,80.8,79.7,80,81,83.9,81.8,82.5
Bhutan,BTN,"Industry (including construction), value added (% of GDP)",NV.IND.TOTL.ZS,33.31831747,35.42498445,35.72958167,36.14458095,34.57451287,34.04279435,35.60005954,41.62187469,40.81562446,39.45891019,39.32493054,37.41788268,38.21269124,38.84448536,37.64495507,38.46809465,38.4489964,39.03887938,35.26521344,33.09390305,31.79097653,31.6232724,31.82484474
Bhutan,BTN,Fossil fuel energy consumption (% of total),EG.USE.COMM.FO.ZS,..,..,..,..,0,0,0,0,..,..,..,..,..,..,..,..,..,..,..,..,..,..,..
Bhutan,BTN,Population density (people per sq. km of land area),EN.POP.DNST,14.99655779,15.34658291,15.68866834,16.02168342,17.06703046,17.36403704,17.59842065,17.80415563,18.00642758,18.20678437,18.40732482,18.61051499,18.81782407,19.02754676,19.23391138,19.43012304,19.60638633,19.77598049,19.92026744,20.05306765,20.1889355,20.33146303,20.47493445
Bolivia,BOL,Carbon dioxide (CO2) emissions excluding LULUCF per capita (t CO2e/capita),EN.GHG.CO2.PC.CE.AR5,0.952868855,0.906196645,0.950860949,0.995922967,1.026163135,1.060737201,1.131416916,1.237533502,1.302800223,1.362592381,1.451384725,1.55374532,1.619038843,1.692742072,1.792340376,1.809835125,1.908994796,1.918051314,1.906404105,1.883109684,1.56940003,1.827095773,1.882678651
Bolivia,BOL,GDP per capita (constant 2015 US$),NY.GDP.PCAP.KD,2014.190247,2013.845811,2029.669936,2050.071334,2099.990811,2156.186703,2221.427226,2283.427336,2383.250326,2422.575794,2481.407009,2568.520517,2657.238849,2793.514571,2900.902416,2996.012898,3077.570576,3160.164212,3246.764348,3272.38171,2949.81955,3098.350624,3172.910467
Bolivia,BOL,Energy use (kg of oil equivalent per capita),EG.USE.PCAP.KG.OE,424.497393,444.5702114,520.021917,524.193208,523.1921786,567.4965362,568.3699583,570.3375549,572.2612931,586.2842861,625.4984284,660.3999336,703.7634018,699.3636753,757.5471325,748.8599455,778.9652301,800.8881837,803.1278906,795.5427455,657.7454692,757.8631665,798.2932201
Bolivia,BOL,Urban population (% of total population),SP.URB.TOTL.IN.ZS,61.787,62.306,62.783,63.248,63.711,64.17,64.628,65.082,65.535,65.984,66.43,66.874,67.315,67.699,68.047,68.393,68.738,69.08,69.425,69.773,70.123,70.475,70.83
Bolivia,BOL,Trade (% of GDP),NE.TRD.GNFS.ZS,45.59777502,45.22782243,49.35026037,51.96783644,57.46426609,67.64194136,74.53784843,76.06191145,82.8670209,68.62707391,75.51162625,82.48039542,84.94876117,81.23090753,85.26446956,67.93284519,56.4010345,56.70465276,57.10996461,56.39730673,45.50326262,59.02139656,67.75589877
Bolivia,BOL,Renewable energy consumption (% of total final energy consumption),EG.FEC.RNEW.ZS,29.2,29,28.1,27,25.8,24.6,23.7,22.1,21.3,20.6,19.9,18.1,17.4,16,15,14.2,13.6,14.3,14.3,13.5,16.9,12.8,..
Bolivia,BOL,"Industry (including construction), value added (% of GDP)",NV.IND.TOTL.ZS,25.73902218,25.42067648,25.47356924,25.59649049,26.83964948,26.26921942,27.65224746,28.28979041,29.73663978,29.22868449,30.14394175,30.36910664,29.33421963,28.5181929,27.62549988,25.20241628,25.32635898,26.36997443,26.24658947,25.21027455,23.49193201,26.36230038,26.20175888
Bolivia,BOL,Fossil fuel energy consumption (% of total),EG.USE.COMM.FO.ZS,..,75.71642909,79.93350296,82.20650643,80.7256447,81.42708647,..,78.66949954,82.5477819,80.89923078,82.62096553,81.97847283,87.5943149,87.92312124,85.30966074,43.45835528,0,0,0,0,0,0,0
Bolivia,BOL,Population density (people per sq. km of land area),EN.POP.DNST,7.944545371,8.079697221,8.215965107,8.354749377,8.496526355,8.640961876,8.789521831,8.941161267,9.093379489,9.246076802,9.399376904,9.553151482,9.707197452,9.861172344,10.0146663,10.16773285,10.32033601,10.47224868,10.6234358,10.77391858,10.90768854,11.0194406,11.14848518
Bosnia and Herzegovina,BIH,Carbon dioxide (CO2) emissions excluding LULUCF per capita (t CO2e/capita),EN.GHG.CO2.PC.CE.AR5,3.432929361,3.37265441,3.540399455,3.634705373,3.871492473,4.111785373,4.599298299,4.914207918,5.484397387,5.582177817,5.8285093,6.752261881,6.350867126,6.428054931,5.83253783,5.918703235,6.766967953,6.996011879,7.103513434,6.753333475,6.828892609,7.077182798,7.087083695
Bosnia and Herzegovina,BIH,GDP per capita (constant 2015 US$),NY.GDP.PCAP.KD,2566.587821,2616.414125,2742.333626,2854.845046,3062.93619,3216.868817,3418.755013,3663.94489,3927.879656,3876.39718,3980.041283,4093.051522,4138.702184,4305.467556,4411.381023,4662.258837,4876.534724,5099.816138,5360.174439,5583.29732,5490.753671,5995.448176,6327.062939
Bosnia and Herzegovina,BIH,Energy use (kg of oil equivalent per capita),EG.USE.PCAP.KG.OE,1044.830328,1004.95066,1052.107688,1052.768156,1161.362258,1230.3223,1304.394554,1321.601297,1510.20925,1602.531751,1700.483733,1909.670286,1821.212221,1787.392464,1682.312878,1755.043771,1945.254758,1966.742964,2205.400194,2157.71633,2152.730189,2267.260889,2270.726376
Bosnia and Herzegovina,BIH,Urban population (% of total population),SP.URB.TOTL.IN.ZS,42.384,42.698,43.014,43.33,43.648,43.965,44.282,44.601,44.92,45.239,45.558,45.878,46.199,46.519,46.84,47.173,47.518,47.876,48.245,48.626,49.02,49.425,49.841
Bosnia and Herzegovina,BIH,Trade (% of GDP),NE.TRD.GNFS.ZS,85.35774313,86.03573266,78.72747949,80.56945726,81.81268362,84.35546282,79.82994778,83.55185889,86.16287984,73.74749423,80.96821596,87.83634771,88.14510886,87.93124131,90.55228069,88.29198984,88.24403517,96.64587914,98.4320912,94.51612789,82.11126526,96.48590858,110.2059677
Bosnia and Herzegovina,BIH,Renewable energy consumption (% of total final energy consumption),EG.FEC.RNEW.ZS,19.4,20.3,21.2,20.1,20.1,19.7,18.1,14.8,14.3,17.4,19.6,14.2,15.3,19.5,23.6,25.2,23,18.5,35.4,36.8,37.7,36.6,..
Bosnia and Herzegovina,BIH,"Industry (including construction), value added (% of GDP)",NV.IND.TOTL.ZS,21.53739169,20.93761742,19.8153866,19.82008019,20.23349203,21.43283913,21.0300824,21.77243741,23.20141043,22.90764694,22.45400963,22.19325971,21.62320082,22.3236757,22.15636982,21.72645605,22.34435004,23.12107386,23.71135919,23.20379231,23.77756094,24.79938161,24.66324979
Bosnia and Herzegovina,BIH,Fossil fuel energy consumption (% of total),EG.USE.COMM.FO.ZS,87.89339537,87.29579545,87.74936372,88.87655876,89.00046678,88.50918811,90.49182222,91.07041299,92.31808369,92.60394715,91.65236474,93.9960055,91.94742299,92.50374181,..,85.32545627,0,0,0,0,0,0,0
Bosnia and Herzegovina,BIH,Population density (people per sq. km of land area),EN.POP.DNST,81.24552734,81.62964844,81.79691406,81.61177734,80.87865234,80.00962891,79.36078125,78.3871875,77.10046875,75.77722656,74.4428125,73.08199219,71.68189453,70.52458984,69.62556641,68.72150391,67.83208984,66.96644531,66.15234375,65.34244141,64.44041016,63.37708984,62.59378906
Botswana,BWA,Carbon dioxide (CO2) emissions excluding LULUCF per capita (t CO2e/capita),EN.GHG.CO2.PC.CE.AR5,2.443808268,2.309996064,2.392817821,2.328611911,2.242762898,2.38619212,2.212891221,2.313937676,2.312291984,2.071008146,1.659525722,1.931243022,1.665688933,2.57497377,3.285706919,3.216895954,3.020750178,3.283604213,3.569028607,3.146157319,2.573445809,2.746850745,2.984845231
Botswana,BWA,GDP per capita (constant 2015 US$),NY.GDP.PCAP.KD,5062.642892,4971.963718,5175.476553,5320.440295,5369.425168,5514.217427,5865.000265,6085.635448,6158.616294,5179.413861,5584.503433,5850.078585,5742.919243,6284.976778,6547.122539,6141.203947,6490.834636,6662.576448,6843.846121,6951.73189,6254.248064,6895.911849,7159.586062
Botswana,BWA,Energy use (kg of oil equivalent per capita),EG.USE.PCAP.KG.OE,1070.361197,1060.851327,1057.526048,1035.717682,1076.411444,1090.975601,1096.757744,1117.658743,1158.359177,1054.28611,1130.549924,1069.645258,1197.221546,1240.353338,1333.166362,1308.134452,1245.115705,1280.407473,1343.698473,1241.677932,1119.82959,1142.897986,1165.149687
Botswana,BWA,Urban population (% of total population),SP.URB.TOTL.IN.ZS,53.219,54.062,54.57,55.029,55.488,55.944,56.4,57.928,59.444,60.937,62.412,63.865,64.768,65.572,66.368,67.155,67.933,68.7,69.446,70.172,70.877,71.56,72.224
Botswana,BWA,Trade (% of GDP),NE.TRD.GNFS.ZS,91.92472969,87.52506557,91.83577406,85.83404252,90.99782289,88.50535206,86.61243391,98.49652494,99.00822201,88.48078863,94.63900209,98.96146778,111.8752806,125.7830399,119.4975418,112.900891,100.4646898,81.92395138,87.45510399,83.09298136,77.66341784,88.75874959,85.61170776
Botswana,BWA,Renewable energy consumption (% of total final energy consumption),EG.FEC.RNEW.ZS,38.5,37.5,36.1,36.2,34.3,33,31.8,29,27.8,28.9,29.9,28.9,27.8,26.7,25.8,26.1,26.7,26.7,25.6,26.2,27.7,27.4,..
Botswana,BWA,"Industry (including construction), value added (% of GDP)",NV.IND.TOTL.ZS,46.30053029,44.76779382,43.96509908,39.61641319,38.82195502,42.85495221,46.62434344,45.48442124,41.1096621,32.91486985,37.27893796,41.43221525,37.5753343,39.10622989,41.7777034,37.54399949,40.34516219,37.10100502,34.80032767,31.94710542,26.6905681,33.04003325,37.45712971
Botswana,BWA,Fossil fuel energy consumption (% of total),EG.USE.COMM.FO.ZS,65.11028193,64.7805329,65.37455263,64.1429374,61.07562551,62.1419463,62.70150824,61.59735812,62.25395731,59.11626281,60.75482513,58.08890245,61.15912812,64.33386082,70.06674741,70.64180217,0,0,0,0,0,0,0
Botswana,BWA,Population density (people per sq. km of land area),EN.POP.DNST,2.959755086,3.021287033,3.078649445,3.133301572,3.18872479,3.246478923,3.307599739,3.37233074,3.440738976,3.512559773,3.587441992,3.65877049,3.720672984,3.777251954,3.832590475,3.887694317,3.943281633,3.99969474,4.056854234,4.114980679,4.174640481,4.237363471,4.305210594
Brazil,BRA,Carbon dioxide (CO2) emissions excluding LULUCF per capita (t CO2e/capita),EN.GHG.CO2.PC.CE.AR5,2.007818926,1.992685212,1.968645049,1.918139431,1.999386419,1.998953901,2.001783994,2.084554568,2.167915896,2.006775293,2.270340839,2.373464072,2.528103067,2.636096755,2.729587192,2.566447178,2.373948318,2.415682843,2.284095173,2.256514253,2.144261931,2.414654212,2.277221548
Brazil,BRA,GDP per capita (constant 2015 US$),NY.GDP.PCAP.KD,6817.784241,6823.03397,6944.623375,6941.440457,7258.781852,7409.569132,7622.040071,8003.254131,8330.764598,8246.09707,8792.634361,9067.993163,9167.499239,9366.739324,9338.342783,8936.196617,8577.843767,8628.253089,8722.336303,8771.440513,8435.011433,8799.229458,9032.084816
Brazil,BRA,Energy use (kg of oil equivalent per capita),EG.USE.PCAP.KG.OE,1081.361934,1086.992993,1103.401279,1107.973916,1157.169056,1173.715857,1202.059339,1259.91136,1317.235784,1262.100438,1384.368967,1390.007836,1433.153064,1487.457458,1522.42189,1482.020579,1414.897931,1431.959497,1403.402325,1415.83477,1379.246499,1430.393466,1432.727411
Brazil,BRA,Urban population (% of total population),SP.URB.TOTL.IN.ZS,81.192,81.553,81.88,82.203,82.521,82.834,83.143,83.448,83.749,84.044,84.335,84.631,84.923,85.209,85.492,85.77,86.042,86.309,86.569,86.824,87.073,87.317,87.555
Brazil,BRA,Trade (% of GDP),NE.TRD.GNFS.ZS,22.63976136,26.93628502,27.6183574,28.14038472,29.67825248,27.0867952,26.04169989,25.29261138,27.25756942,22.10597561,22.77217811,23.93440518,25.11427361,25.78595733,24.68540581,26.95362594,24.53368208,24.31973437,28.87620338,28.89025787,32.30207854,37.65633076,38.81606598
Brazil,BRA,Renewable energy consumption (% of total final energy consumption),EG.FEC.RNEW.ZS,42.7,41.3,42.9,45.1,45.2,46.1,46.7,47.2,47,48.9,46.8,45.2,43.5,42.3,41.7,43.7,45.4,45.3,46.9,47.5,50,46.5,..
Brazil,BRA,"Industry (including construction), value added (% of GDP)",NV.IND.TOTL.ZS,23.00661863,22.63952791,22.49532782,23.08381782,24.30662329,24.17257828,23.54402167,23.12538041,23.08529375,21.87859263,23.26797736,23.10205097,22.13364737,21.22480995,20.47246275,19.36004398,18.35475828,18.18850231,18.74905145,18.75462757,19.50611839,22.1234752,22.81945685
Brazil,BRA,Fossil fuel energy consumption (% of total),EG.USE.COMM.FO.ZS,58.00456504,58.66471884,56.80512618,54.32769156,54.35038302,53.89205145,53.05367477,52.195246,52.11265151,50.90136502,53.03361943,54.28570306,56.4658179,57.72347267,58.84122016,20.80804683,0,0,0,0,0,0,0
Brazil,BRA,Population density (people per sq. km of land area),EN.POP.DNST,20.82021622,21.09335366,21.35684303,21.61039274,21.85595635,22.09679438,22.33189513,22.5591244,22.77627582,22.98118373,23.17524342,23.36461629,23.55501475,23.74670668,23.93895376,24.12923593,24.31379637,24.49150708,24.65946502,24.82076862,24.96498527,25.07140273,25.16186795
British Virgin Islands,VGB,Carbon dioxide (CO2) emissions excluding LULUCF per capita (t CO2e/capita),EN.GHG.CO2.PC.CE.AR5,1.368509461,1.327178304,1.441903873,1.554170055,1.551505616,1.576167336,1.829094027,1.915950485,2.088405356,2.329340877,2.547425474,1.922675026,1.878398418,2.062896256,2.123657545,2.078381355,2.27876498,2.052050521,2.493002857,2.178870724,1.731520129,1.880504642,1.86330541
British Virgin Islands,VGB,GDP per capita (constant 2015 US$),NY.GDP.PCAP.KD,..,..,..,..,..,..,..,..,..,..,..,..,..,..,..,..,..,..,..,..,..,..,..
British Virgin Islands,VGB,Energy use (kg of oil equivalent per capita),EG.USE.PCAP.KG.OE,..,..,..,..,..,..,..,..,..,..,..,..,..,..,..,..,..,..,..,..,..,..,..
British Virgin Islands,VGB,Urban population (% of total population),SP.URB.TOTL.IN.ZS,41.774,42.048,42.328,42.615,42.909,43.21,43.517,43.831,44.152,44.479,44.814,45.154,45.502,45.856,46.216,46.583,46.957,47.337,47.723,48.116,48.515,48.92,49.331
British Virgin Islands,VGB,Trade (% of GDP),NE.TRD.GNFS.ZS,..,..,..,..,..,..,..,..,..,..,..,..,..,..,..,..,..,..,..,..,..,..,..
British Virgin Islands,VGB,Renewable energy consumption (% of total final energy consumption),EG.FEC.RNEW.ZS,0.9,0.9,0.8,0.8,0.8,0.8,0.7,0.7,0.7,0.7,0.7,0.9,0.9,1,1,1,1,1.1,1.2,1.2,1.3,1.3,1.3
British Virgin Islands,VGB,"Industry (including construction), value added (% of GDP)",NV.IND.TOTL.ZS,..,..,..,..,..,..,..,..,..,..,..,..,..,..,..,..,..,..,..,..,..,..,..
British Virgin Islands,VGB,Fossil fuel energy consumption (% of total),EG.USE.COMM.FO.ZS,..,..,..,..,..,..,..,..,..,..,..,..,..,..,..,..,..,..,..,..,..,..,..
British Virgin Islands,VGB,Population density (people per sq. km of land area),EN.POP.DNST,134.94,138.64,142.8666667,147.56,152.54,157.7666667,163.2866667,169.1066667,175.2533333,181.4533333,184.5,191.4,202.3,211.3533333,219.7466667,229.9866667,225.8533333,217.9933333,231.0466667,242.6333333,247.5666667,252.06,255.46
Brunei Darussalam,BRN,Carbon dioxide (CO2) emissions excluding LULUCF per capita (t CO2e/capita),EN.GHG.CO2.PC.CE.AR5,18.60953851,17.58418455,16.3420063,18.61486223,17.76311875,16.74180031,23.62537466,22.06739234,23.57799112,20.83584447,17.868374231,18.124592606249998,16.758558806083332,16.337499572624996,16.20995800833333,14.027947851625001,14.318043617249998,13.565462873708332,13.144754573833335,11.808233373750001,14.572815250833333,13.574715735958334,12.44943672
Brunei Darussalam,BRN,GDP per capita (constant 2015 US$),NY.GDP.PCAP.KD,37509.59833,37269.30975,37976.26266,38595.16869,37948.65895,37312.2778,38229.3565,36174.51637,34126.69409,32855.60203,33121.31767,33754.36397,33544.53888,32381.07383,31148.72962,30625.12873,29492.41454,29524.65905,29200.19512,29996.24058,30015.95873,29256.18329,28549.17553
Brunei Darussalam,BRN,Energy use (kg of oil equivalent per capita),EG.USE.PCAP.KG.OE,7306.508055,6624.445702,6344.709536,7227.934615,6509.413757,6180.901861,8644.256134,8703.66547,9379.395471,7906.164503,8261.092769,9699.300252,9446.072907,7399.888507,8529.793038,6437.002474,7008.28172,8385.25859,8304.042428,9219.803393,9175.892572,8962.623256,9537.051561
Brunei Darussalam,BRN,Urban population (% of total population),SP.URB.TOTL.IN.ZS,71.164,71.652,72.046,72.421,72.794,73.163,73.529,73.892,74.252,74.608,74.961,75.31,75.656,75.997,76.332,76.663,76.99,77.312,77.629,77.942,78.25,78.554,78.854
Brunei Darussalam,BRN,Trade (% of GDP),NE.TRD.GNFS.ZS,87.05533336,91.09978792,93.21618142,89.08561606,84.88216641,81.62011408,81.57095457,81.01141457,89.74542548,90.28708811,95.37154607,99.53793086,105.6409021,110.9395996,102.421001,89.89618838,87.31980125,85.17686042,93.8980617,108.5096585,110.2910036,147.1231124,146.9739661
Brunei Darussalam,BRN,Renewable energy consumption (% of total final energy consumption),EG.FEC.RNEW.ZS,0,0,0,0,0,0,0,0,0,0,0,0,0,0,0,0,0,0,0,0,0,0,..
Brunei Darussalam,BRN,"Industry (including construction), value added (% of GDP)",NV.IND.TOTL.ZS,66.26658255,62.7475897,63.08118111,66.48449806,70.19104535,73.15300533,74.92626122,73.39510643,76.43208179,67.29548108,68.65335068,73.67241439,72.6556143,70.02244393,67.84963064,61.36277769,57.28936408,59.72058921,63.24481837,62.5153214,59.13363013,62.70156408,67.92558548
Brunei Darussalam,BRN,Fossil fuel energy consumption (% of total),EG.USE.COMM.FO.ZS,99.97855006,99.97836033,99.97936035,99.97866384,99.97676701,99.9768046,99.97717894,99.97774059,99.97750924,99.97733402,99.97670389,99.97217642,99.97269613,99.9716728,99.97189009,83.97586492,0,0,0,0,0,0,0
Brunei Darussalam,BRN,Population density (people per sq. km of land area),EN.POP.DNST,61.94003795,63.25332068,64.53491461,65.77552182,66.96603416,68.10550285,69.19601518,70.3743833,71.68747628,73.0459203,74.44629981,75.78538899,76.95578748,78.02694497,79.07969639,80.11612903,81.1316888,82.1199241,83.07590133,84,84.89639469,85.71555977,86.40796964
Bulgaria,BGR,Carbon dioxide (CO2) emissions excluding LULUCF per capita (t CO2e/capita),EN.GHG.CO2.PC.CE.AR5,5.896424212,6.295580725,6.072926153,6.875620794,6.66863206,6.853152094,7.108688805,7.638743288,7.281996103,6.250863899,6.694210976,7.455110877,6.832174268,6.208221922,6.688954322,7.138114823,6.835139239,7.243291216,6.889359507,6.736428258,6.028504452,7.036020003,7.744369497
Bulgaria,BGR,GDP per capita (constant 2015 US$),NY.GDP.PCAP.KD,3717.928915,3937.701654,4260.404827,4519.184447,4849.871444,5231.338176,5629.801318,6048.742343,6464.72203,6288.725489,6428.717474,6605.308579,6693.427761,6792.735514,6941.018547,7268.654455,7586.504149,7898.706946,8211.936404,8644.249519,8450.603888,9168.851764,9601.432713
Bulgaria,BGR,Energy use (kg of oil equivalent per capita),EG.USE.PCAP.KG.OE,2276.852166,2419.771111,2410.069245,2489.508188,2439.636737,2599.191734,2696.782642,2665.005118,2647.462081,2337.239452,2393.891423,2592.516177,2493.07808,2353.307613,2499.706975,2637.503535,2606.610534,2732.222441,2764.275131,2771.124203,2664.55153,2918.916414,2968.656634
Bulgaria,BGR,Urban population (% of total population),SP.URB.TOTL.IN.ZS,68.899,69.166,69.524,69.879,70.233,70.584,70.932,71.278,71.622,71.963,72.302,72.638,72.975,73.313,73.651,73.99,74.329,74.669,75.008,75.347,75.686,76.025,76.363
Bulgaria,BGR,Trade (% of GDP),NE.TRD.GNFS.ZS,77.74570416,79.08136875,75.26961101,79.01388537,93.06389796,99.71421121,111.0474628,123.5325577,124.6887475,92.6926456,103.3805223,117.4181039,123.9713227,129.688683,130.2483771,126.7366422,122.8055144,129.634429,128.8655653,125.0299631,110.3240811,121.1573546,138.8401468
Bulgaria,BGR,Renewable energy consumption (% of total final energy consumption),EG.FEC.RNEW.ZS,8,7.2,8.7,9.2,9.6,9.8,10,8.8,9.9,11.6,14.3,13.2,15.6,18.2,17.1,17.9,17.7,17.1,19.6,19.3,21.1,20.4,..
Bulgaria,BGR,"Industry (including construction), value added (% of GDP)",NV.IND.TOTL.ZS,22.67758298,23.98088173,24.00451182,24.31940238,23.13340524,24.23239858,25.37040252,26.2601834,24.99057855,26.56734051,23.75417724,25.03010121,25.3837647,23.50748126,23.44430188,24.03013949,24.4597737,23.98929513,22.18714704,21.52278598,21.82357861,20.74039058,25.30279143
Bulgaria,BGR,Fossil fuel energy consumption (% of total),EG.USE.COMM.FO.ZS,72.40143939,73.18700432,70.49287386,74.11763979,74.00911484,72.92488723,72.33620332,77.75292262,76.18254406,73.47421343,73.86176126,75.75637062,72.77414296,70.50703001,71.91611045,36.00445404,0,0,0,0,0,0,0
Bulgaria,BGR,Population density (people per sq. km of land area),EN.POP.DNST,73.85132423,72.3957516,72.03272978,71.48411327,70.95310776,70.4986377,69.97166529,69.47185342,68.98592211,68.57445652,68.12453021,67.68909359,67.2981577,65.95435704,65.15817981,64.33516028,63.50533346,62.67011791,61.81648858,60.94994473,60.34170965,59.94197679,59.55321481
Burkina Faso,BFA,Carbon dioxide (CO2) emissions excluding LULUCF per capita (t CO2e/capita),EN.GHG.CO2.PC.CE.AR5,0.073690546,0.08244001,0.084852042,0.091389037,0.079048731,0.081674559,0.080612468,0.109973423,0.12494353,0.117466088,0.121750703,0.134102289,0.152157951,0.173841701,0.15136487,0.207940498,0.201573779,0.224113239,0.243185731,0.263253155,0.256975635,0.269703772,0.27295258
Burkina Faso,BFA,GDP per capita (constant 2015 US$),NY.GDP.PCAP.KD,428.3097966,442.9141229,448.1288563,468.2630478,474.0864123,499.1927976,514.1131318,519.2610122,533.4712999,533.4700848,561.8472213,581.6036587,600.7313437,616.7413312,624.5768852,630.1247508,648.4204802,669.2763103,694.4928131,717.0215951,713.8421779,745.4725634,739.3630212
Burkina Faso,BFA,Energy use (kg of oil equivalent per capita),EG.USE.PCAP.KG.OE,122.8763316,138.8084043,140.3666602,145.4122029,149.2020255,152.4540653,160.0519471,167.380497,168.8003109,171.4498883,227.9390251,235.6749139,249.0690451,258.2297064,264.9499046,279.2199821,271.6155753,285.3137994,299.9134373,302.3306934,263.882988,303.1718535,312.9290858
Burkina Faso,BFA,Urban population (% of total population),SP.URB.TOTL.IN.ZS,17.844,18.54,19.258,19.996,20.757,21.537,22.339,22.996,23.534,24.079,24.633,25.196,25.767,26.346,26.934,27.53,28.134,28.743,29.358,29.98,30.607,31.24,31.877
Burkina Faso,BFA,Trade (% of GDP),NE.TRD.GNFS.ZS,35.12294197,31.65817081,31.31252285,30.36823641,35.4809436,34.17216977,35.10654236,33.77971729,35.38531698,40.29598367,49.07323854,57.4972531,61.23860798,64.0358513,58.82356249,59.08918131,57.8931728,59.2687802,60.59562562,60.40869288,60.73977864,62.42035866,64.84387392
Burkina Faso,BFA,Renewable energy consumption (% of total final energy consumption),EG.FEC.RNEW.ZS,83.9,81.7,81.8,80.8,82,85.4,84.8,82.9,83.5,83.3,82.1,81.4,79.2,78.7,78.9,78.8,77.1,74.6,73.7,72.7,73.1,71.2,71.4
Burkina Faso,BFA,"Industry (including construction), value added (% of GDP)",NV.IND.TOTL.ZS,21.87075455,20.63892465,20.63381451,22.62507399,22.65917572,20.16583243,20.50385279,22.5483344,20.5479237,22.95588049,26.05555203,28.37227091,26.86751038,24.09575158,24.92953925,24.36137578,24.88151737,25.15001589,25.58944338,27.42591338,29.46947678,28.5306243,28.73548466
Burkina Faso,BFA,Fossil fuel energy consumption (% of total),EG.USE.COMM.FO.ZS,0,0,0,0,0,0,0,0,0,0,0,0,0,0,0,0,0,0,0,0,0,0,0
Burkina Faso,BFA,Population density (people per sq. km of land area),EN.POP.DNST,43.58752193,44.93786915,46.34830775,47.81627193,49.34405336,50.92150219,52.5354788,54.15316886,55.76788377,57.41983187,59.12462719,60.89878655,62.76420687,64.67620249,66.62814693,68.63116594,70.66833333,72.71347588,74.70134503,76.61532164,78.50398392,80.39197003,82.26987573
Burundi,BDI,Carbon dioxide (CO2) emissions excluding LULUCF per capita (t CO2e/capita),EN.GHG.CO2.PC.CE.AR5,0.045547321,0.035331188,0.032443687,0.02603947,0.029887879,0.024237874,0.029533865,0.045565516,0.026029796,0.024900404,0.034256057,0.043105675,0.040125,0.043767131,0.037639638,0.039085483,0.042884657,0.046598687,0.060786988,0.064804425,0.069913409,0.068443276,0.063027842
Burundi,BDI,GDP per capita (constant 2015 US$),NY.GDP.PCAP.KD,302.2191638,300.7998828,305.4383585,292.3185951,295.2351195,287.030689,291.8663995,290.9791162,292.793765,288.9419178,289.8569506,290.9480321,293.2326205,296.8169006,299.0774794,280.9668313,274.5133634,269.4768896,265.6723943,261.7501802,255.0782184,255.9179507,253.6916416
Burundi,BDI,Energy use (kg of oil equivalent per capita),EG.USE.PCAP.KG.OE,..,..,..,..,..,..,..,..,..,..,..,..,..,..,..,..,..,..,..,..,..,..,..
Burundi,BDI,Urban population (% of total population),SP.URB.TOTL.IN.ZS,8.246,8.461,8.682,8.908,9.139,9.375,9.617,9.864,10.118,10.376,10.642,10.915,11.194,11.482,11.776,12.078,12.388,12.706,13.032,13.366,13.708,14.058,14.417
Burundi,BDI,Trade (% of GDP),NE.TRD.GNFS.ZS,22.55372449,20.96404561,21.67382941,27.37631208,31.57611818,35.09999884,42.4,38.79999877,47.19999958,35.80000356,39.5000054,43.00000284,43.70537319,46.60407909,42.99502581,22.83828342,23.04372526,22.2402931,26.59970246,29.02621,26.77333,28.81866,28.31532036
Burundi,BDI,Renewable energy consumption (% of total final energy consumption),EG.FEC.RNEW.ZS,93.2,94.7,94.6,95.8,96,96,95.3,95.3,95,94.6,93.2,92.1,91.7,90.8,91.3,91.2,89.6,88.2,85.7,84.8,83.4,83.1,83
Burundi,BDI,"Industry (including construction), value added (% of GDP)",NV.IND.TOTL.ZS,15.53957069,15.57319108,15.80400049,15.74171231,16.32301916,16.9330036,15.31529124,17.15619422,15.41520528,16.91952896,15.38615628,14.80968132,15.75081302,15.58480051,15.49821159,11.76642869,12.20736309,10.99313081,11.10721703,10.93598,10.74295,10.59939,10.63778814
Burundi,BDI,Fossil fuel energy consumption (% of total),EG.USE.COMM.FO.ZS,..,..,..,..,..,..,..,..,..,..,..,..,..,..,..,..,..,..,..,..,..,..,..
Burundi,BDI,Population density (people per sq. km of land area),EN.POP.DNST,251.954595,258.3475467,265.7372274,274.2661215,284.682866,295.4555685,306.290771,317.8299844,331.2163941,348.4285826,365.126324,378.4259346,392.1739875,406.5163941,420.5523754,430.2017134,437.6733255,448.0826324,461.816433,477.2327103,491.3176012,504.8863318,518.7343069
Cabo Verde,CPV,Carbon dioxide (CO2) emissions excluding LULUCF per capita (t CO2e/capita),EN.GHG.CO2.PC.CE.AR5,0.623404814,0.701292438,0.769089126,0.760906074,0.812107558,1.253311071,1.359612657,1.506479373,1.45346112,1.402968738,1.478076989,1.720412868,1.481770859,1.447215579,1.515246152,1.530267724,1.604513866,1.695285371,1.704469094,1.805276753,1.895939022,1.921420539,1.995416948
Cabo Verde,CPV,GDP per capita (constant 2015 US$),NY.GDP.PCAP.KD,2037.317209,2051.217339,2127.708723,2186.895004,2379.796362,2514.167793,2683.839439,3056.971029,3238.441593,3159.586987,3194.616677,3309.201216,3341.742105,3361.093877,3383.842281,3415.062667,3560.140073,3719.71306,3853.6794,4115.902835,3255.93629,3471.655342,3997.767633
Cabo Verde,CPV,Energy use (kg of oil equivalent per capita),EG.USE.PCAP.KG.OE,..,..,..,..,185.6603459,204.0753223,207.854453,207.5817731,..,..,..,..,..,..,..,..,..,..,..,..,..,..,..
Cabo Verde,CPV,Urban population (% of total population),SP.URB.TOTL.IN.ZS,53.435,54.291,55.146,55.997,56.846,57.689,58.529,59.363,60.194,61.016,61.821,62.322,62.821,63.317,63.81,64.3,64.784,65.261,65.732,66.195,66.652,67.102,67.545
Cabo Verde,CPV,Trade (% of GDP),NE.TRD.GNFS.ZS,87.52060836,92.1637225,101.0897023,98.76838081,101.56717,104.3438399,117.8166972,65.8209896,78.18411583,68.47957225,85.54844988,90.55645011,90.64991655,86.16986003,91.30385241,94.00848702,95.37813986,100.0521339,105.8675241,103.6026565,78.39345459,77.45505863,96.99413685
Cabo Verde,CPV,Renewable energy consumption (% of total final energy consumption),EG.FEC.RNEW.ZS,27.9,26,26,24.8,24.4,23.9,21.2,21,23.8,22.1,21.2,20.8,24.3,25.9,26.1,26.4,23.9,21.8,21.9,19.7,23.4,22.6,21.8
Cabo Verde,CPV,"Industry (including construction), value added (% of GDP)",NV.IND.TOTL.ZS,21.74719078,19.16407138,19.0535136,18.5259963,18.21808332,19.21107785,19.09227813,14.01154411,15.48151033,15.96945983,14.94145775,14.56997848,14.00680796,14.57827873,15.45569567,14.61589099,12.66684933,12.51880384,14.62868997,13.28519743,14.68663272,12.519147,11.07892384
Cabo Verde,CPV,Fossil fuel energy consumption (% of total),EG.USE.COMM.FO.ZS,..,..,..,..,0,0,0,0,..,..,..,..,..,..,..,..,..,..,..,..,..,..,..
Cabo Verde,CPV,Population density (people per sq. km of land area),EN.POP.DNST,112.4856079,114.2166253,115.8923077,117.4647643,118.9503722,120.3759305,121.7687345,123.1240695,124.4057072,125.5933002,126.4972705,126.9099256,127.0359801,127.1029777,127.1280397,127.1449132,127.1846154,127.2687345,127.398263,127.5692308,127.7119107,128.2007444,128.9679901
Cambodia,KHM,Carbon dioxide (CO2) emissions excluding LULUCF per capita (t CO2e/capita),EN.GHG.CO2.PC.CE.AR5,0.160555774,0.172785304,0.174831417,0.185242964,0.182646216,0.200964313,0.220492252,0.267053997,0.291507889,0.341364773,0.355699432,0.364290671,0.376732551,0.375176135,0.456504779,0.544957,0.668090053,0.737163303,0.757988468,0.962005191,0.992486072,0.988405711,1.008881435
Cambodia,KHM,GDP per capita (constant 2015 US$),NY.GDP.PCAP.KD,598.5619153,632.833574,662.1883413,719.3334942,775.847139,866.3402901,947.0652201,1030.231176,1090.574758,1117.258342,1155.852369,1221.388399,1295.252715,1376.295576,1464.531159,1547.320104,1645.466716,1753.935305,1884.283748,2008.32094,1908.634275,1938.764367,2011.274333
Cambodia,KHM,Energy use (kg of oil equivalent per capita),EG.USE.PCAP.KG.OE,273.1110601,276.1642071,272.095279,275.5985707,279.2723369,286.3903911,289.72636,298.2137717,296.3896161,311.4624062,323.2559707,325.063801,334.0259645,337.7788875,359.9495246,379.745574,412.7476524,418.9536163,440.9496259,489.367825,516.1167177,501.3309772,501.6441362
Cambodia,KHM,Urban population (% of total population),SP.URB.TOTL.IN.ZS,18.586,18.703,18.82,18.937,19.055,19.174,19.293,19.413,19.571,19.93,20.294,20.663,21.037,21.415,21.799,22.188,22.582,22.98,23.388,23.805,24.232,24.668,25.114
Cambodia,KHM,Trade (% of GDP),NE.TRD.GNFS.ZS,110.3971253,111.7717412,118.2695621,120.0749691,131.3514811,133.5519653,140.3487343,133.7000238,130.3935107,102.287949,109.9984006,109.7905052,116.7402334,124.8875528,124.4549085,122.1095968,122.7045556,121.1554513,118.4376554,115.7366791,122.1053963,146.1798465,145.8736328
Cambodia,KHM,Renewable energy consumption (% of total final energy consumption),EG.FEC.RNEW.ZS,81.6,80.5,81,79.9,80.7,79.2,78,74.8,74.1,68,64.8,64,64.4,65,63.7,60.6,58,56.3,58.1,53,51.4,52.4,..
Cambodia,KHM,"Industry (including construction), value added (% of GDP)",NV.IND.TOTL.ZS,21.64559865,23.26462579,25.37930584,26.34287454,27.68026858,27.41924702,29.07002258,28.14003508,26.04959669,25.56651629,26.00889851,26.66069267,27.61102977,28.9581198,29.91699165,31.46390517,33.05620946,34.29808092,36.87142375,39.04559465,37.45761228,40.32050857,40.86496262
Cambodia,KHM,Fossil fuel energy consumption (% of total),EG.USE.COMM.FO.ZS,20.38866594,21.23533129,21.26517483,22.3621472,22.38759943,24.28148617,25.53954327,27.77882192,27.41693424,31.92808874,33.98315227,33.57098105,33.60669863,33.30248622,35.18822842,42.38372088,0,0,0,0,0,0,0
Cambodia,KHM,Population density (people per sq. km of land area),EN.POP.DNST,70.60013596,71.71133016,72.82597439,73.93478359,75.03246658,76.13416044,77.2661908,78.41474054,79.61408906,80.87927714,82.14777929,83.40462271,84.66510877,85.94044867,87.22395196,88.50697371,89.80740426,91.05694539,92.19647632,93.36791298,94.75115568,96.16080331,97.44915024
Cameroon,CMR,Carbon dioxide (CO2) emissions excluding LULUCF per capita (t CO2e/capita),EN.GHG.CO2.PC.CE.AR5,0.383949687,0.372291957,0.357196273,0.354788327,0.339207393,0.320294585,0.317582379,0.373065861,0.380428486,0.40343782,0.397812373,0.366992311,0.360733777,0.381924885,0.401837851,0.40323477,0.413406389,0.408142188,0.423802213,0.401370731,0.396042694,0.380123049,0.391799288
Cameroon,CMR,GDP per capita (constant 2015 US$),NY.GDP.PCAP.KD,1151.276893,1169.926705,1189.967079,1221.094461,1271.743269,1264.743452,1277.329907,1295.730675,1295.022113,1290.899614,1290.901375,1297.306496,1319.669616,1347.213064,1381.819385,1415.000097,1435.618307,1444.906829,1461.0197,1470.317853,1434.519137,1443.576002,1458.661804
Cameroon,CMR,Energy use (kg of oil equivalent per capita),EG.USE.PCAP.KG.OE,425.8394733,419.6682483,429.5026481,435.1470806,437.0823655,428.5395941,385.0351531,352.8005789,345.8728652,363.5488409,356.1412559,363.1696927,368.6746183,375.3716159,395.0926566,402.9836077,400.0829701,392.7762927,392.392157,387.4194117,386.8838423,385.0816854,384.1048632
Cameroon,CMR,Urban population (% of total population),SP.URB.TOTL.IN.ZS,45.542,46.139,46.738,47.338,47.94,48.541,49.143,49.746,50.35,50.954,51.559,52.164,52.769,53.373,53.976,54.578,55.179,55.777,56.374,56.968,57.56,58.148,58.733
Cameroon,CMR,Trade (% of GDP),NE.TRD.GNFS.ZS,47.92794425,51.57226919,48.48172273,40.24319259,41.83774243,44.99768135,47.10443418,53.21569086,56.92441716,42.17610736,47.2385854,51.5219876,50.03601273,49.67453635,50.83238931,45.54014683,40.63863153,39.19902161,40.58760288,43.37851325,33.73883136,36.73083472,41.28660256
Cameroon,CMR,Renewable energy consumption (% of total final energy consumption),EG.FEC.RNEW.ZS,84.6,85.3,85.2,85.3,85.5,86.3,85.5,80.8,80.8,79.2,78.7,78.6,78.6,77.7,76.9,78.1,78.8,79.2,78.7,78.9,78.9,79.2,..
Cameroon,CMR,"Industry (including construction), value added (% of GDP)",NV.IND.TOTL.ZS,28.48270099,26.1843316,27.4755882,28.42339128,27.67688547,27.96574126,28.70456505,27.12517689,27.6000471,26.51125318,25.84451173,25.77675973,26.62487218,26.74194593,25.70780278,25.09148801,24.18214457,24.26219529,24.68223121,23.82687805,23.03806544,24.49255424,27.13035934
Cameroon,CMR,Fossil fuel energy consumption (% of total),EG.USE.COMM.FO.ZS,16.20269775,15.42417693,15.29926185,16.0987189,16.11994031,14.78368682,16.95520519,28.75680031,27.49680834,30.73799226,30.99574544,27.1756032,31.83446895,32.4081828,33.42592588,4.34350508,0,0,0,0,0,0,0
Cameroon,CMR,Population density (people per sq. km of land area),EN.POP.DNST,31.54710287,32.38664297,33.26675552,34.18658374,35.13885257,36.12065325,37.12721753,38.18386749,39.292708,40.43488397,41.60704449,42.80066849,44.02176599,45.27591124,46.6668634,48.15513528,49.61638425,51.04313638,52.47695839,53.95717247,55.44743712,56.93926086,58.45607455
Canada,CAN,Carbon dioxide (CO2) emissions excluding LULUCF per capita (t CO2e/capita),EN.GHG.CO2.PC.CE.AR5,17.69698163,17.22420933,17.66725292,18.13019221,17.52505346,18.02253295,17.60884534,18.06142659,17.28147954,16.11070736,15.6891334635,15.442985429624997,14.571210788916664,14.142960135749998,13.651712075,12.998597172416666,12.359185213999998,12.103194003541669,11.86288902,11.09784163125,9.463774137333333,9.240521758333333,8.865660702
Canada,CAN,GDP per capita (constant 2015 US$),NY.GDP.PCAP.KD,37906.86013,38200.45612,38921.6673,39270.02346,40108.75875,41006.22295,41663.51231,42106.87244,42067.56871,40376.41538,41164.33991,42043.64198,42320.64313,42851.17053,43643.23564,43594.1941,43551.3426,44339.38867,44907.34369,45100.29151,42366.12854,44639.19327,45677.68658
Canada,CAN,Energy use (kg of oil equivalent per capita),EG.USE.PCAP.KG.OE,8224.747864,8017.166666,7943.445887,8303.431879,8371.022319,8369.959296,8427.441742,8356.306363,8098.352894,7696.334073,7660.754521,7716.248228,7637.784872,7668.794663,7780.147593,7690.408166,7944.507893,8175.190376,8161.779675,8125.581213,7495.079323,7524.863612,7578.020936
Canada,CAN,Urban population (% of total population),SP.URB.TOTL.IN.ZS,79.478,79.81,79.888,79.967,80.045,80.122,80.213,80.396,80.578,80.758,80.937,81.096,81.137,81.178,81.218,81.259,81.3,81.35,81.411,81.482,81.562,81.653,81.752
Canada,CAN,Trade (% of GDP),NE.TRD.GNFS.ZS,82.76535785,78.34421839,75.70703208,69.84009462,70.19241999,69.75913302,68.05216448,66.28341975,67.02360836,58.47439182,60.2081215,62.49873877,62.59554894,62.2310749,64.37866216,66.16490207,65.36368452,65.10106085,66.59988585,66.17148528,61.15677096,62.24683672,67.31762156
Canada,CAN,Renewable energy consumption (% of total final energy consumption),EG.FEC.RNEW.ZS,20.3,19.8,20.1,19.7,20.4,21.6,21.5,21.6,21.6,22.2,21.4,21.5,21.8,22.2,22.2,22.3,22.1,22.8,22.3,22.4,23.9,23.8,..
Canada,CAN,"Industry (including construction), value added (% of GDP)",NV.IND.TOTL.ZS,29.50003752,28.44753546,27.57314103,27.90741045,28.39111972,29.21299152,28.84755448,28.68590191,29.3420195,25.07601821,26.35113316,27.1393406,26.6346688,26.61323518,27.13794246,24.41568255,23.29530055,24.02780289,24.62230596,24.07740788,22.45161732,25.33174752,..
Canada,CAN,Fossil fuel energy consumption (% of total),EG.USE.COMM.FO.ZS,76.47575936,76.52726586,75.64270699,76.90034029,75.96081832,76.21881159,72.90413559,73.45770128,75.97045572,76.04636979,76.64078275,76.5825123,75.37327377,73.89261975,74.30729404,73.51674297,0,0,0,0,0,0,0
Canada,CAN,Population density (people per sq. km of land area),EN.POP.DNST,3.42261134,3.459990363,3.497728426,3.529322777,3.562376486,3.596275538,3.632911275,3.668345976,3.708322375,3.751015717,3.792935211,3.830112798,3.871847252,3.912848123,3.952229134,3.982392458,4.027710725,4.076148363,4.134989443,4.195875007,4.241621355,4.351026204,4.430226768
Cayman Islands,CYM,Carbon dioxide (CO2) emissions excluding LULUCF per capita (t CO2e/capita),EN.GHG.CO2.PC.CE.AR5,3.314513283,3.168731291,3.354189208,3.41876451,3.07152937,3.131144738,3.398158899,4.121802484,4.345956091,4.312212551,4.33039427675,3.2954327474791665,2.971389900133333,3.1776702755999997,3.2067265074999995,3.264048863075,3.2252773371749996,3.2405929597166665,2.9311809039666663,3.8455968629375,2.929163512191667,3.034193672833333,2.8453297199999996
Cayman Islands,CYM,GDP per capita (constant 2015 US$),NY.GDP.PCAP.KD,..,..,..,..,..,..,96066.62908,96202.73794,93115.31684,84001.42157,79483.09728,78233.01876,77074.38909,76038.87955,76104.62157,76379.20951,77031.86439,77717.17521,79305.76967,80714.57182,75199.64504,77285.79668,79587.38879
Cayman Islands,CYM,Energy use (kg of oil equivalent per capita),EG.USE.PCAP.KG.OE,..,..,..,..,..,..,..,..,..,..,..,..,..,..,..,..,..,..,..,..,..,..,..
Cayman Islands,CYM,Urban population (% of total population),SP.URB.TOTL.IN.ZS,100,100,100,100,100,100,100,100,100,100,100,100,100,100,100,100,100,100,100,100,100,100,100
Cayman Islands,CYM,Trade (% of GDP),NE.TRD.GNFS.ZS,..,..,..,..,..,..,..,..,..,..,..,..,..,..,..,..,..,117.4365837,117.1171234,114.8385397,105.4727895,..,..
Cayman Islands,CYM,Renewable energy consumption (% of total final energy consumption),EG.FEC.RNEW.ZS,0,0,0,0,0,0,0,0,0,0,0,0,0,0,0,0,0,0,0,0,0,0,0
Cayman Islands,CYM,"Industry (including construction), value added (% of GDP)",NV.IND.TOTL.ZS,..,..,..,..,..,..,9.828593363,9.650801805,9.084532433,7.903558921,7.065307699,6.813325371,6.857946093,6.923950601,6.896180449,7.006038297,7.28391279,7.193818235,7.414390774,7.707953575,8.134914863,8.374495859,8.1905945
Cayman Islands,CYM,Fossil fuel energy consumption (% of total),EG.USE.COMM.FO.ZS,..,..,..,..,..,..,..,..,..,..,..,..,..,..,..,..,..,..,..,..,..,..,..
Cayman Islands,CYM,Population density (people per sq. km of land area),EN.POP.DNST,165.3083333,171.2041667,177.1416667,183.0583333,188.9666667,194.95,200.9666667,207.0291667,213.1291667,219.2416667,225.4125,231.6916667,238.0666667,244.3958333,250.6666667,256.8416667,262.9166667,268.8958333,274.7541667,280.5291667,286.1833333,292.1166667,298.2958333
Central African Republic,CAF,Carbon dioxide (CO2) emissions excluding LULUCF per capita (t CO2e/capita),EN.GHG.CO2.PC.CE.AR5,0.067433328,0.069269269,0.069294724,0.063903121,0.061104372,0.058967406,0.061769302,0.059985166,0.04417651,0.043298292,0.044691792,0.048061115,0.048581085,0.032461525,0.035062431,0.050007344,0.052867589,0.054093962,0.05517912,0.058951973,0.060298872,0.060327458,0.06920308
Central African Republic,CAF,GDP per capita (constant 2015 US$),NY.GDP.PCAP.KD,437.1689284,446.6586342,452.8087022,418.2405323,433.8252278,427.9680432,439.2943309,450.7627854,450.3136169,492.2153989,519.1414564,532.3829549,553.7295783,349.8211717,351.5615549,366.3228539,376.8582541,387.3579513,395.0200155,401.8258216,398.8342741,396.0206229,398.915398
Central African Republic,CAF,Energy use (kg of oil equivalent per capita),EG.USE.PCAP.KG.OE,..,..,..,..,..,..,..,..,..,..,..,..,..,..,..,..,..,..,..,..,..,..,..
Central African Republic,CAF,Urban population (% of total population),SP.URB.TOTL.IN.ZS,37.639,37.72,37.802,37.884,37.966,38.069,38.193,38.339,38.506,38.694,38.904,39.135,39.388,39.663,39.959,40.277,40.618,40.98,41.364,41.77,42.198,42.648,43.12
Central African Republic,CAF,Trade (% of GDP),NE.TRD.GNFS.ZS,45.65978199,39.73049974,36.10856478,36.231226,33.24395492,35.07093687,36.39587023,37.58089902,34.43752181,31.49424649,34.43048195,34.47561833,33.05944859,38.39928757,53.09509202,53.14514778,50.53064402,57.14354571,49.6602,50.0658,49.52102,44.15912,45.23357
Central African Republic,CAF,Renewable energy consumption (% of total final energy consumption),EG.FEC.RNEW.ZS,88.9,88.9,89.2,90.2,90.6,91,90.8,90.9,93.6,93.9,93.8,93.3,93.1,95.1,94.8,92.9,92.1,91.6,91.4,91.3,90.9,90.9,90.9
Central African Republic,CAF,"Industry (including construction), value added (% of GDP)",NV.IND.TOTL.ZS,..,..,..,..,..,..,..,..,..,24.57368072,24.50992414,26.63835543,27.52307537,24.1910676,19.48260861,22.12525135,21.63823744,20.73722455,20.55575596,20.51197122,20.44818877,21.58732,21.1573
Central African Republic,CAF,Fossil fuel energy consumption (% of total),EG.USE.COMM.FO.ZS,..,..,..,..,..,..,..,..,..,..,..,..,..,..,..,..,..,..,..,..,..,..,..
Central African Republic,CAF,Population density (people per sq. km of land area),EN.POP.DNST,6.153353238,6.291513371,6.430506597,6.586224277,6.730273845,6.884346207,7.026837138,7.163584706,7.318026261,7.269971749,7.212101512,7.327716781,7.40127773,7.451955119,7.421076118,7.430928762,7.566315131,7.694486179,7.831161514,7.937177759,8.068682783,8.205881409,8.183310861
Chad,TCD,Carbon dioxide (CO2) emissions excluding LULUCF per capita (t CO2e/capita),EN.GHG.CO2.PC.CE.AR5,0.028453636,0.027464402,0.028762009,0.041684966,0.045897011,0.046591374,0.046700934,0.051201715,0.042348158,0.041912755,0.042265732,0.053963164,0.092248897,0.096756435,0.098945088,0.109362469,0.1098338,0.138426254,0.139986734,0.141736194,0.124280981,0.122849813,0.135841619
Chad,TCD,GDP per capita (constant 2015 US$),NY.GDP.PCAP.KD,528.4921791,570.5308626,597.7868837,658.928455,842.1587649,949.0860116,910.7734516,918.2655401,914.2506029,870.3537958,956.7241538,965.5932426,1016.658968,1008.549966,993.2564893,993.9907306,923.4943483,878.9137855,898.6690404,917.0853399,884.7308747,857.2902943,934.9677328
Chad,TCD,Energy use (kg of oil equivalent per capita),EG.USE.PCAP.KG.OE,241.6520527,242.4642362,240.3761969,237.5385397,224.3241188,228.5157649,224.0101071,218.8388677,217.0806787,224.0707614,219.1083739,208.5515598,229.3795994,227.2799847,221.1171665,217.0198098,212.8439684,204.2673784,200.5021453,190.3655801,193.0326805,195.8927028,198.5447745
Chad,TCD,Urban population (% of total population),SP.URB.TOTL.IN.ZS,21.637,21.67,21.702,21.735,21.768,21.801,21.834,21.868,21.901,21.934,21.985,22.054,22.142,22.248,22.372,22.515,22.677,22.858,23.059,23.279,23.52,23.781,24.063
Chad,TCD,Trade (% of GDP),NE.TRD.GNFS.ZS,51.57117201,64.32190804,126.3508078,83.37891496,101.7685909,77.57749365,77.0815766,75.10599627,69.06777461,64.85975119,63.73116913,57.54375619,54.38518874,51.53081645,40.81162699,48.51149821,43.95801493,43.29006139,46.73843179,46.67772472,40.64281706,43.9465041,47.98837843
Chad,TCD,Renewable energy consumption (% of total final energy consumption),EG.FEC.RNEW.ZS,88.7,88.6,88.5,83.9,84,83.8,83.7,82.4,79.8,79.4,79.2,80.7,76.1,72.6,72.5,72.7,72.7,72.8,73.1,72.8,71.9,69.9,70
Chad,TCD,"Industry (including construction), value added (% of GDP)",NV.IND.TOTL.ZS,10.91267423,13.08313478,14.2598696,30.06554834,39.09820181,39.96449617,39.45911903,41.02450514,42.22151311,34.90257371,37.92861339,41.07477921,43.40288767,38.47455221,37.10943473,33.91829047,25.34501865,26.45858821,29.00649429,28.7590371,23.9030027,28.60985461,33.06360523
Chad,TCD,Fossil fuel energy consumption (% of total),EG.USE.COMM.FO.ZS,0,0,0,0,0,0,0,0,0,0,0,0,0,0,0,0,0,0,0,0,0,0,0
Chad,TCD,Population density (people per sq. km of land area),EN.POP.DNST,6.759921379,6.991839263,7.239669632,7.534810197,7.878046379,8.202106099,8.502560356,8.800555909,9.113958069,9.445484435,9.778093234,10.12944489,10.49158037,10.8728391,11.26800985,11.63248173,12.00337913,12.40689247,12.83079018,13.25065359,13.67906528,14.15841248,14.65638183
Channel Islands,CHI,Carbon dioxide (CO2) emissions excluding LULUCF per capita (t CO2e/capita),EN.GHG.CO2.PC.CE.AR5,..,..,..,..,..,..,..,..,..,..,..,..,..,..,..,..,..,..,..,..,..,..,..
Channel Islands,CHI,GDP per capita (constant 2015 US$),NY.GDP.PCAP.KD,..,..,..,..,..,..,..,..,..,67622.46959,64727.43331,65010.95664,60866.08519,60784.84798,61897.06377,61852.07356,62438.47859,63397.75247,63864.37329,64598.96257,58640.73517,64272.11171,67513.58009
Channel Islands,CHI,Energy use (kg of oil equivalent per capita),EG.USE.PCAP.KG.OE,..,..,..,..,..,..,..,..,..,..,..,..,..,..,..,..,..,..,..,..,..,..,..
Channel Islands,CHI,Urban population (% of total population),SP.URB.TOTL.IN.ZS,30.465,30.495,30.557,30.619,30.681,30.743,30.805,30.867,30.929,30.992,31.054,31.091,31.059,31.027,30.995,30.962,30.93,30.914,30.914,30.931,30.963,31.012,31.077
Channel Islands,CHI,Trade (% of GDP),NE.TRD.GNFS.ZS,..,..,..,..,..,..,..,..,..,..,..,..,..,..,..,..,..,..,..,..,..,..,..
Channel Islands,CHI,Renewable energy consumption (% of total final energy consumption),EG.FEC.RNEW.ZS,..,..,..,..,..,..,..,..,..,..,..,..,..,..,..,..,..,..,..,..,..,..,..
Channel Islands,CHI,"Industry (including construction), value added (% of GDP)",NV.IND.TOTL.ZS,..,..,..,..,..,..,..,..,..,..,..,..,..,..,..,..,7.675771666,8.019381088,7.923675334,7.930895155,7.654094652,8.864398759,8.383067881
Channel Islands,CHI,Fossil fuel energy consumption (% of total),EG.USE.COMM.FO.ZS,..,..,..,..,..,..,..,..,..,..,..,..,..,..,..,..,..,..,..,..,..,..,..
Channel Islands,CHI,Population density (people per sq. km of land area),EN.POP.DNST,748.030303,751.7676768,756.9747475,762.4242424,767.8737374,773.3636364,778.8585859,784.3888889,789.9393939,795.510101,801.1161616,806.5959596,811.9545455,817.0555556,821.8484848,825.5252525,827.6919192,829.8939394,833.0757576,836.5606061,839.5707071,842.1262626,..
Chile,CHL,Carbon dioxide (CO2) emissions excluding LULUCF per capita (t CO2e/capita),EN.GHG.CO2.PC.CE.AR5,3.473482187,3.293662162,3.291237662,3.377237913,3.613556337,3.617157197,3.6557264,4.063495838,4.235224825,4.010533735,4.208919566,4.556733428,4.642950368,4.828516483,4.405202697,4.673673129,4.862912646,4.834195706,4.752230579,4.959707766,4.516023851,4.578164622,4.543795654
Chile,CHL,GDP per capita (constant 2015 US$),NY.GDP.PCAP.KD,8465.353033,8632.014824,8810.690527,9130.784262,9642.374787,10104.42084,10611.6144,11051.34507,11356.09221,11116.40934,11649.28971,12252.84411,12882.83442,13182.73296,13285.95404,13433.9203,13505.09771,13473.34585,13763.00688,13630.59354,12679.024,14051.47136,14283.14895
Chile,CHL,Energy use (kg of oil equivalent per capita),EG.USE.PCAP.KG.OE,1623.480127,1574.844759,1612.431302,1612.229536,1699.732407,1735.088744,1788.474426,1836.956205,1801.282882,1735.838952,1795.68173,1937.323396,2123.49179,2177.504919,1946.211817,1968.302862,2070.469582,2065.975717,2067.976474,2154.354519,1946.167606,2032.981204,2124.698482
Chile,CHL,Urban population (% of total population),SP.URB.TOTL.IN.ZS,86.073,86.363,86.606,86.665,86.725,86.783,86.842,86.9,86.959,87.017,87.074,87.132,87.189,87.246,87.303,87.36,87.422,87.49,87.564,87.643,87.727,87.817,87.912
Chile,CHL,Trade (% of GDP),NE.TRD.GNFS.ZS,58.71192309,62.14476697,62.4838519,65.69341959,69.88936005,72.06253424,73.71163504,76.97702471,80.67662624,66.68603096,69.71768014,72.48164281,68.15614289,65.14328795,65.63462812,59.34911048,56.05786109,56.02615897,58.17705063,57.61175457,58.18286356,64.87740632,75.20161774
Chile,CHL,Renewable energy consumption (% of total final energy consumption),EG.FEC.RNEW.ZS,31.4,32.1,33.1,31.6,31.4,32.3,32.9,30.5,30.8,31.5,27,28.8,30.3,30.2,27,25.1,24.6,24.1,25.5,25.3,26.7,24.2,..
Chile,CHL,"Industry (including construction), value added (% of GDP)",NV.IND.TOTL.ZS,27.83290073,28.48257298,28.51803459,29.7153366,32.75250218,34.03530241,38.68472919,37.46659702,31.98399142,31.88920115,33.46690302,32.44175423,30.55830033,29.43043731,28.90286707,27.88064041,26.77956505,27.38115607,27.86152277,27.11844224,29.8295676,30.8600533,31.0330474
Chile,CHL,Fossil fuel energy consumption (% of total),EG.USE.COMM.FO.ZS,74.50531481,73.10035778,73.19423802,74.55699516,75.17630643,74.23769624,74.00218769,76.01976567,75.17727734,73.4651837,77.5945605,76.66429484,70.04969463,68.97232566,76.06383941,75.72996832,0,0,0,0,0,0,0
Chile,CHL,Population density (people per sq. km of land area),EN.POP.DNST,20.85133525,21.09371083,21.32783122,21.55220219,21.77084779,21.98799514,22.2037451,22.42214323,22.64729427,22.87693199,23.10790121,23.33701307,23.56202423,23.78782083,24.08603242,24.3333484,24.60938546,25.00228887,25.45268489,25.84400417,26.07673523,26.19211804,26.32229828
China,CHN,Carbon dioxide (CO2) emissions excluding LULUCF per capita (t CO2e/capita),EN.GHG.CO2.PC.CE.AR5,2.904182094,3.023026064,3.241626054,3.718460416,4.259581351,4.80528434,5.302700798,5.73304044,5.875814004,6.272106951,6.828166449,7.423206459,7.604475738,7.9165359,7.957752832,7.810149363,7.785797203,7.905034038,8.249747926,8.418138867,8.519901495,8.936542171,8.870590614
China,CHN,GDP per capita (constant 2015 US$),NY.GDP.PCAP.KD,2237.442985,2405.893967,2610.729603,2857.037354,3127.862765,3465.817344,3883.354129,4409.757008,4811.474718,5237.766665,5764.86535,6275.909564,6723.194438,7198.068765,7686.57793,8175.332851,8679.377045,9221.514038,9798.652852,10356.48042,10573.64201,11469.57071,11830.59837
China,CHN,Energy use (kg of oil equivalent per capita),EG.USE.PCAP.KG.OE,898.0750045,921.5064365,976.1593368,1105.137424,1249.044153,1369.791971,1490.186479,1595.466068,1629.977542,1728.616452,1899.799961,2027.465254,2085.218721,2137.325727,2177.550114,2175.154449,2149.20475,2215.91139,2310.877571,2397.968689,2465.969546,2623.799594,2676.48201
China,CHN,Urban population (% of total population),SP.URB.TOTL.IN.ZS,35.877,37.093,38.425,39.776,41.144,42.522,43.868,45.199,46.539,47.88,49.226,50.511,51.765,53.013,54.259,55.5,56.736,57.96,59.152,60.308,61.428,62.512,63.56
China,CHN,Trade (% of GDP),NE.TRD.GNFS.ZS,39.01094248,38.08264695,42.19444234,51.07748013,58.64033404,61.36007494,63.56957986,61.266464,56.711133,44.41976443,49.85407223,49.94582723,47.48021308,45.91604138,44.06845648,38.69718484,36.17717069,36.95085262,36.89438439,35.19942027,34.03895079,36.52069118,37.44071988
China,CHN,Renewable energy consumption (% of total final energy consumption),EG.FEC.RNEW.ZS,29.6,28.4,27,23.9,20.2,17.4,16.4,14.9,14.1,13.4,12.3,11.3,11.5,11.5,11.9,12.2,12.6,13.1,13.5,14.3,14.9,15.2,..
China,CHN,"Industry (including construction), value added (% of GDP)",NV.IND.TOTL.ZS,45.07383152,44.2765436,43.87580281,44.98276213,45.23283266,46.3816217,46.88650286,46.18523623,46.23641913,45.17885872,45.70662071,45.80020541,44.68206982,43.39387078,42.28271578,40.04759022,38.81115609,39.12994435,38.97770017,37.76423332,36.91156241,38.0924722,37.89452666
China,CHN,Fossil fuel energy consumption (% of total),EG.USE.COMM.FO.ZS,79.92246261,80.83314585,81.92179285,84.2309775,86.09237233,87.37099476,88.28426538,89.30917398,89.52115712,90.16127127,90.80662758,91.42473188,91.14921918,91.00012191,89.55484002,71.06955889,0,0,0,0,0,0,0
China,CHN,Population density (people per sq. km of land area),EN.POP.DNST,134.492481,135.4730488,136.3837796,137.2359193,138.0534367,138.8677661,139.6453429,140.3765881,141.0977052,141.8012441,142.4877434,143.2685098,144.243669,145.2076439,146.1258167,146.9779493,147.8226414,148.7200435,149.4171945,149.9481797,150.3055428,150.4397537,150.4200481
Colombia,COL,Carbon dioxide (CO2) emissions excluding LULUCF per capita (t CO2e/capita),EN.GHG.CO2.PC.CE.AR5,1.600775279,1.56644815,1.482060118,1.447579915,1.427081722,1.44914746,1.362490585,1.395972659,1.377939728,1.440232225,1.468908846,1.564175956,1.554613163,1.753541114,1.764637452,1.778216025,1.809812454,1.624276938,1.672658743,1.657179708,1.597173707,1.718125396,1.773562939
Colombia,COL,GDP per capita (constant 2015 US$),NY.GDP.PCAP.KD,4016.809517,4020.507898,4058.284936,4154.175285,4311.915913,4457.275375,4694.034429,4947.252608,5048.571872,5046.971218,5214.245476,5517.101109,5675.75618,5910.805923,6121.83982,6248.514905,6316.070678,6309.677453,6353.546429,6439.963598,5891.955232,6457.169218,6856.725905
Colombia,COL,Energy use (kg of oil equivalent per capita),EG.USE.PCAP.KG.OE,667.5830459,656.36385,633.5025289,637.7300061,631.8900533,652.5629043,678.5428995,666.0281887,691.9230983,714.9411791,700.6967622,710.2612454,681.23557,881.6283521,885.2435254,887.2620259,910.9775298,859.1401654,816.3274252,889.7830682,810.0522986,872.6589916,851.2327766
Colombia,COL,Urban population (% of total population),SP.URB.TOTL.IN.ZS,73.957,74.379,74.797,75.211,75.62,76.024,76.423,76.816,77.204,77.587,77.964,78.335,78.701,79.061,79.415,79.764,80.108,80.446,80.778,81.104,81.425,81.74,82.05
Colombia,COL,Trade (% of GDP),NE.TRD.GNFS.ZS,32.66708547,33.90111179,32.98263921,36.51618352,35.86342693,37.42269749,39.64135596,37.0988971,39.16764942,35.15612851,34.26460317,39.47042355,38.83515102,37.9866488,37.48746564,38.36076412,36.20265298,35.28291494,36.5347528,37.55853398,34.05557097,40.05914639,48.28265511
Colombia,COL,Renewable energy consumption (% of total final energy consumption),EG.FEC.RNEW.ZS,27.9,27.1,28.6,30.6,29,28.9,30.6,31,30.8,31.4,30.6,29.6,29.6,32,32.1,31.1,30.5,32.2,30.4,31.5,32,29.7,..
Colombia,COL,"Industry (including construction), value added (% of GDP)",NV.IND.TOTL.ZS,27.30577228,27.22281504,27.52901277,28.90378013,29.72589209,30.34814977,30.91346003,30.57903507,32.13109113,31.24703434,31.3713561,33.30215517,33.40550062,32.74755529,30.98585272,28.58944789,27.68916231,26.81485891,26.89546675,25.99342684,23.4392386,24.55531202,26.12300223
Colombia,COL,Fossil fuel energy consumption (% of total),EG.USE.COMM.FO.ZS,75.1919433,75.62786859,73.94515651,72.91481758,74.20641251,74.7958494,73.97538426,73.10098001,73.34310067,74.99120488,76.52982705,73.61159313,76.52464917,63.49114482,63.26566063,27.67368563,0,0,0,0,0,0,0
Colombia,COL,Population density (people per sq. km of land area),EN.POP.DNST,35.23202704,35.79023164,36.34491212,36.89718702,37.44314646,37.97113745,38.47776836,38.96834069,39.44011537,39.90224516,40.35810635,40.79280216,41.20397476,41.59674087,41.96974223,42.33433078,42.75575665,43.38087247,44.18608833,44.982411,45.63316539,46.13625327,46.63176566
Comoros,COM,Carbon dioxide (CO2) emissions excluding LULUCF per capita (t CO2e/capita),EN.GHG.CO2.PC.CE.AR5,0.169564244,0.176163152,0.17855769,0.227098024,0.241258886,0.229129863,0.270027598,0.1732782,0.170187206,0.207182213,0.239143847,0.212706719,0.216246351,0.253952933,0.217848695,0.233664794,0.26747881,0.337267682,0.361202193,0.40491852,0.41687288,0.415926197,0.380250016
Comoros,COM,GDP per capita (constant 2015 US$),NY.GDP.PCAP.KD,1030.939476,1033.51343,1035.398721,1037.005107,1037.062579,1044.94497,1051.185919,1038.686539,1058.622821,1105.098381,1135.359079,1178.420494,1227.838342,1309.475798,1331.212278,1329.370481,1338.590465,1385.614176,1413.981886,1437.371355,1465.897826,1476.386883,1488.856135
Comoros,COM,Energy use (kg of oil equivalent per capita),EG.USE.PCAP.KG.OE,..,..,..,..,58.54962253,62.42860783,69.44984151,66.45843025,..,..,..,..,..,..,..,..,..,..,..,..,..,..,..
Comoros,COM,Urban population (% of total population),SP.URB.TOTL.IN.ZS,28.08,28.036,27.992,27.947,27.903,27.875,27.863,27.867,27.886,27.921,27.973,28.04,28.123,28.223,28.338,28.47,28.619,28.784,28.965,29.164,29.38,29.613,29.864
Comoros,COM,Trade (% of GDP),NE.TRD.GNFS.ZS,35.75747855,35.75722888,35.75711907,35.75695913,35.75706312,35.75740933,35.75727456,33.15617921,36.21852635,37.89692233,39.5501058,40.00094858,40.81044241,39.24333042,39.23582442,37.80495207,37.13287972,40.16435892,42.99615334,42.26807854,33.72993462,42.06772365,50.38877049
Comoros,COM,Renewable energy consumption (% of total final energy consumption),EG.FEC.RNEW.ZS,69.9,69.5,70.3,64.4,63.5,65.7,61.8,74.4,73.4,68.5,66,69,68.3,63.6,68,67,64,59.5,57.7,55.3,50.8,41.2,39.3
Comoros,COM,"Industry (including construction), value added (% of GDP)",NV.IND.TOTL.ZS,12.20627155,12.2063718,12.20631433,12.20627867,12.20629366,12.20649832,12.20643209,12.41024133,12.13563705,12.07332807,11.77532496,11.69731857,11.22266514,11.64824032,11.61092515,10.40840816,9.85451807,9.137350096,8.876795865,8.531000615,8.089453236,9.379227639,9.63879809
Comoros,COM,Fossil fuel energy consumption (% of total),EG.USE.COMM.FO.ZS,..,..,..,..,0,0,0,0,..,..,..,..,..,..,..,..,..,..,..,..,..,..,..
Comoros,COM,Population density (people per sq. km of land area),EN.POP.DNST,288.0601827,294.0462117,300.3347663,306.1783987,312.0386889,318.4723267,324.9613111,331.5029554,338.1552929,344.9473401,351.8731865,358.9768941,366.2708221,374.0956475,382.3229447,390.4793122,398.5711983,406.5926921,414.6104245,422.6641591,431.0386889,439.6421279,448.2471789
"Congo, Dem. Rep.",COD,Carbon dioxide (CO2) emissions excluding LULUCF per capita (t CO2e/capita),EN.GHG.CO2.PC.CE.AR5,0.037148981,0.034987674,0.035601513,0.041887207,0.038845399,0.04223002,0.042083012,0.045104056,0.044904025,0.042301062,0.042944421,0.04753469,0.041160545,0.05533228,0.068696139,0.043078634,0.032039243,0.03593337,0.034456204,0.036090289,0.03602667,0.035404315,0.038008938
"Congo, Dem. Rep.",COD,GDP per capita (constant 2015 US$),NY.GDP.PCAP.KD,327.2401425,310.3802674,309.9117854,317.7781214,329.3490637,338.9809808,346.1796975,356.8868051,367.8437476,366.8302265,380.5780383,393.6161736,407.6710769,427.4585204,452.3396505,467.9145805,462.4721474,462.4829209,473.2940774,478.6324263,471.5044233,484.78465,511.2992673
"Congo, Dem. Rep.",COD,Energy use (kg of oil equivalent per capita),EG.USE.PCAP.KG.OE,275.3879918,275.7620661,276.7772591,278.852305,281.5702445,283.637336,285.4546936,287.0413196,288.8061861,288.4163351,289.7738416,297.4454244,355.4399564,357.441615,359.3668722,358.5420813,355.0654464,342.4737686,339.7602147,334.5417288,372.0663772,394.0332463,390.8999112
"Congo, Dem. Rep.",COD,Urban population (% of total population),SP.URB.TOTL.IN.ZS,35.122,35.587,36.055,36.526,37,37.481,37.971,38.47,38.976,39.491,40.013,40.544,41.082,41.627,42.18,42.74,43.307,43.88,44.46,45.046,45.638,46.235,46.837
"Congo, Dem. Rep.",COD,Trade (% of GDP),NE.TRD.GNFS.ZS,27.01440292,25.04193751,29.31684564,54.03135618,49.33641463,52.3146047,47.96325962,80.14205505,83.77229165,62.94687936,90.74761029,85.19814419,68.3517114,77.46594515,78.69015012,59.33243096,55.92521026,74.29137962,69.91972915,55.23515804,58.49175733,80.48131142,93.72866689
"Congo, Dem. Rep.",COD,Renewable energy consumption (% of total final energy consumption),EG.FEC.RNEW.ZS,97.9,98.3,98.3,98,97.9,97.4,97.3,97.2,97,97,96.8,96.2,95.5,93.9,92.9,95.8,97,96.7,96.4,96.3,96.2,96.3,..
"Congo, Dem. Rep.",COD,"Industry (including construction), value added (% of GDP)",NV.IND.TOTL.ZS,22.4057063,30.01626655,32.61833688,28.85793841,31.78242349,31.79221049,29.73453615,30.20697115,33.2234554,33.01591566,38.68914996,40.94273752,40.25475638,41.28634597,42.97984786,41.7048639,41.16138163,55.8844017,65.87642951,39.65191584,41.13376671,45.34203535,47.77963307
"Congo, Dem. Rep.",COD,Fossil fuel energy consumption (% of total),EG.USE.COMM.FO.ZS,2.036207404,1.639452003,1.714151542,2.01464224,2.111856131,2.545199809,2.677185718,2.87221323,3.065734889,2.741026806,3.075180803,3.692565532,2.884457378,4.237526674,5.459315645,3.107871077,0,0,0,0,0,0,0
"Congo, Dem. Rep.",COD,Population density (people per sq. km of land area),EN.POP.DNST,22.27892724,22.99580777,23.70945678,24.41228336,25.14181028,25.92608191,26.73779052,27.5590534,28.40284246,29.29447696,30.24328444,31.25176375,32.31274917,33.43084405,34.58381685,35.74492446,37.03333186,38.41264992,39.72018438,40.99929071,42.34136786,43.73477956,45.16749432
"Congo, Rep.",COG,Carbon dioxide (CO2) emissions excluding LULUCF per capita (t CO2e/capita),EN.GHG.CO2.PC.CE.AR5,1.431610947,1.344064254,0.853266308,1.034926183,1.015101721,1.171466346,1.255326185,1.071316416,1.077350598,1.148224373,1.185691652,1.052253888,0.944762628,1.119639521,1.060355153,1.127966382,1.070322924,1.033580383,1.164756987,1.282256487,1.280873927,1.191205365,1.279116317
"Congo, Rep.",COG,GDP per capita (constant 2015 US$),NY.GDP.PCAP.KD,2057.01922,2056.165059,2100.168767,2058.886837,2058.884029,2140.036862,2226.023355,2004.10104,2061.558299,2211.315724,2332.285081,2307.493844,2467.061029,2390.657549,2488.681185,2439.351894,2174.193103,2003.271211,1909.956038,1885.510809,1725.5104,1701.790605,1686.002344
"Congo, Rep.",COG,Energy use (kg of oil equivalent per capita),EG.USE.PCAP.KG.OE,225.6623038,243.3098741,239.2400086,274.5538383,283.38196,293.78928,369.707983,316.3346166,327.7868404,359.4053552,375.6199091,484.2126248,539.8664468,553.9911997,535.5249987,552.356622,561.3217183,548.0187539,552.1651551,582.5861279,586.7361097,588.2917636,627.5859662
"Congo, Rep.",COG,Urban population (% of total population),SP.URB.TOTL.IN.ZS,58.695,59.156,59.617,60.076,60.533,60.988,61.441,61.893,62.346,62.8,63.256,63.712,64.169,64.627,65.085,65.543,66.001,66.459,66.916,67.373,67.829,68.283,68.736
"Congo, Rep.",COG,Trade (% of GDP),NE.TRD.GNFS.ZS,123.9098844,130.7324811,135.4560711,156.8617773,131.3681987,119.5528923,125.600763,148.5866254,133.1084867,135.5523657,124.0647544,124.5917427,97.44443515,93.00286339,104.1976201,117.3207216,122.2598183,94.61709526,100.5832168,91.57575479,69.30662472,85.54620316,98.16133669
"Congo, Rep.",COG,Renewable energy consumption (% of total final energy consumption),EG.FEC.RNEW.ZS,64.9,61.2,68.6,62.1,63.1,63.1,69.3,60.2,56.8,55.9,54.5,64.3,65.1,62.3,62.1,64.2,67.7,69.8,70.6,69.8,71.4,71.4,..
"Congo, Rep.",COG,"Industry (including construction), value added (% of GDP)",NV.IND.TOTL.ZS,72.15267176,65.48845384,63.31892251,61.17235948,65.86448408,61.7104107,62.62918885,57.07041752,63.94197893,55.69794813,66.17916978,65.8738952,65.31021912,61.98930813,58.00141554,48.67895619,38.44745141,45.96718951,54.39199184,50.12867157,33.9517598,42.89370294,49.24555236
"Congo, Rep.",COG,Fossil fuel energy consumption (% of total),EG.USE.COMM.FO.ZS,26.17783552,29.35871521,24.25457412,32.50596892,32.10942271,33.33490987,28.97117015,35.17696658,35.49446417,40.27541464,42.0617803,36.60131356,41.46744669,40.59112597,39.92467272,7.329483743,0,0,0,0,0,0,0
"Congo, Rep.",COG,Population density (people per sq. km of land area),EN.POP.DNST,9.22795022,9.582831625,9.811920937,10.09005271,10.44086091,10.82399122,11.2369224,11.65572474,12.04543777,12.53651245,13.06673499,13.49845974,13.88125915,14.22283748,14.57065886,14.92703075,15.29293119,15.66913909,16.05598243,16.44703075,16.84565447,17.25383016,17.67233968
Costa Rica,CRI,Carbon dioxide (CO2) emissions excluding LULUCF per capita (t CO2e/capita),EN.GHG.CO2.PC.CE.AR5,1.300162352,1.377019951,1.382386606,1.463304198,1.468377492,1.490833654,1.597189761,1.757822845,1.719572906,1.628208955,1.590311772,1.671622378,1.639131257,1.684680312,1.689909566,1.612689647,1.693754548,1.707815534,1.705125118,1.641486749,1.426270082,1.584687553,1.591966571
Costa Rica,CRI,GDP per capita (constant 2015 US$),NY.GDP.PCAP.KD,7726.519857,7854.233958,7989.559261,8207.457468,8445.529149,8655.339654,9160.294375,9779.511494,10104.9092,9883.67567,10285.08567,10612.46949,11001.51929,11151.14379,11422.67358,11714.7106,12084.43513,12468.56545,12679.52536,12877.6501,12242.20989,13146.69279,13686.16141
Costa Rica,CRI,Energy use (kg of oil equivalent per capita),EG.USE.PCAP.KG.OE,729.7656437,721.2240525,749.3717083,788.0594664,921.9166661,908.9197181,974.3438387,1014.830382,1006.227857,1002.153696,998.6945305,992.8421973,1017.654625,1060.106448,1064.117834,1024.451445,1001.150935,972.7527405,950.3072263,996.6736063,948.9796592,996.5939476,1009.21523
Costa Rica,CRI,Urban population (% of total population),SP.URB.TOTL.IN.ZS,59.052,60.41,61.753,63.08,64.388,65.672,66.935,68.174,69.39,70.575,71.736,72.868,73.946,74.97,75.941,76.862,77.735,78.56,79.34,80.076,80.771,81.425,82.042
Costa Rica,CRI,Trade (% of GDP),NE.TRD.GNFS.ZS,86.52492351,80.85275872,80.41394434,83.32770754,85.2564772,89.22266389,89.81455461,86.45659584,86.40151271,69.75931773,67.51208968,68.63914651,67.0485393,64.06641059,65.19124205,60.75356194,62.17847818,65.07195374,66.94534202,65.76053002,60.13988625,70.7816423,82.22753254
Costa Rica,CRI,Renewable energy consumption (% of total final energy consumption),EG.FEC.RNEW.ZS,33,32.1,32.5,33.3,39.2,41.7,42.4,41.2,40.7,40.7,40.4,38,38.1,37.8,37.6,38.3,34.1,33.3,33.1,33.4,36.4,34.2,..
Costa Rica,CRI,"Industry (including construction), value added (% of GDP)",NV.IND.TOTL.ZS,25.44499083,25.21660207,24.56959793,24.1792375,24.66906192,24.26953411,23.71986794,23.89379476,23.55360244,23.52273814,23.32296521,22.58987067,22.20487738,21.34497248,20.61640542,19.96787847,19.65001128,19.31453971,19.55814326,19.23365693,20.36785113,20.60579236,20.64643811
Costa Rica,CRI,Fossil fuel energy consumption (% of total),EG.USE.COMM.FO.ZS,59.02628333,57.20015118,54.76773399,56.63890482,47.92945689,46.80150969,47.40552774,49.76193749,50.29397585,48.61877509,48.51929773,49.08901355,47.74423049,47.83035571,48.23774662,47.28099304,0,0,0,0,0,0,0
Costa Rica,CRI,Population density (people per sq. km of land area),EN.POP.DNST,77.1198394,78.514434,79.82187622,81.05726596,82.25769683,83.4555425,84.63258911,85.78629064,86.95761849,88.12751665,89.22761457,90.28266745,91.34222483,92.36480611,93.36308265,94.36032119,95.31919311,96.22359969,97.09788484,97.91525656,98.59616138,99.09886408,99.52536232
Cote d'Ivoire,CIV,Carbon dioxide (CO2) emissions excluding LULUCF per capita (t CO2e/capita),EN.GHG.CO2.PC.CE.AR5,0.39364362,0.384340912,0.396000573,0.304007071,0.305981118,0.318684176,0.305575534,0.296463841,0.321570086,0.291445472,0.325274762,0.307997563,0.384372524,0.409402344,0.426425228,0.446203256,0.438774955,0.461213797,0.449418229,0.46785712,0.452374092,0.489660232,0.485714724
Cote d'Ivoire,CIV,GDP per capita (constant 2015 US$),NY.GDP.PCAP.KD,1717.953857,1636.573187,1551.279259,1441.588018,1451.865471,1431.733202,1437.774538,1420.173896,1454.627318,1473.91837,1540.529273,1426.464639,1503.43433,1632.327128,1742.53693,1814.718551,1889.277779,1972.814318,2013.323076,2093.099943,2055.08484,2146.476353,2227.098452
Cote d'Ivoire,CIV,Energy use (kg of oil equivalent per capita),EG.USE.PCAP.KG.OE,383.6985117,359.2743504,374.2174105,345.0635326,474.6445121,479.3673421,460.4270685,484.1628802,475.6859683,426.3396768,369.5929892,412.2029962,442.1845533,446.3098013,438.7187731,383.892795,391.6555834,392.5852505,358.5414018,364.1498631,375.3171839,468.4144976,471.7754248
Cote d'Ivoire,CIV,Urban population (% of total population),SP.URB.TOTL.IN.ZS,43.155,43.568,43.983,44.399,44.817,45.234,45.652,46.071,46.491,46.91,47.33,47.751,48.172,48.593,49.014,49.444,49.881,50.326,50.779,51.239,51.706,52.18,52.661
Cote d'Ivoire,CIV,Trade (% of GDP),NE.TRD.GNFS.ZS,54.96399163,53.11410472,55.90194823,53.26006068,58.1182963,62.82093604,63.69037706,61.43094235,61.9406213,66.67290375,67.47294008,64.71590306,70.30108932,58.35267925,53.68041756,52.71286474,47.56557836,48.66250747,46.03750871,44.66041058,41.94263182,45.11403278,52.86639104
Cote d'Ivoire,CIV,Renewable energy consumption (% of total final energy consumption),EG.FEC.RNEW.ZS,63.7,64.7,65.3,70.3,75.4,77.9,74.8,76.3,74.2,73.7,75.4,79.1,74.9,72.2,71.9,64.5,64,62.5,60.5,61.1,61.8,58.2,..
Cote d'Ivoire,CIV,"Industry (including construction), value added (% of GDP)",NV.IND.TOTL.ZS,13.93680252,14.17861603,14.50052812,15.21233121,15.52607505,16.22417645,16.58395439,16.48317082,17.40883615,18.01630715,15.97657938,16.76240073,17.73245519,18.97952957,19.84554862,20.12155783,20.82071381,19.80856265,19.11168189,21.64204005,20.7022034,22.10303507,23.04454235
Cote d'Ivoire,CIV,Fossil fuel energy consumption (% of total),EG.USE.COMM.FO.ZS,37.12388082,34.29236765,37.84229578,32.49572238,24.92616863,25.38667906,21.44519923,24.24902509,24.6123145,22.71372294,28.40641946,25.66551279,30.04532408,33.75674127,34.15951913,3.190286296,0,0,0,0,0,0,0
Cote d'Ivoire,CIV,Population density (people per sq. km of land area),EN.POP.DNST,55.65724528,57.16639308,58.66280189,60.14321384,61.61949686,63.10835849,64.61258491,66.13383019,67.65546855,69.17591195,70.71718553,72.27044025,73.79584277,75.28231132,77.13017296,79.39101258,81.72768868,84.06720755,86.3653239,88.65726101,90.92908491,93.20671698,95.5817673
Croatia,HRV,Carbon dioxide (CO2) emissions excluding LULUCF per capita (t CO2e/capita),EN.GHG.CO2.PC.CE.AR5,4.336009518,4.777188426,4.964001921,5.285426706,5.279491707,5.301074558,5.342948381,5.685003794,5.410927198,5.033679188,4.874649249,4.777880411,4.409337409,4.340916058,4.206685171,4.340846275,4.449279706,4.650707043,4.453597909,4.548474575,4.406002137,4.568235833,4.523891099
Croatia,HRV,GDP per capita (constant 2015 US$),NY.GDP.PCAP.KD,8879.96498,9515.409056,10061.69431,10618.94331,11058.71845,11522.39501,12105.05376,12719.00328,12970.92911,12099.79713,11965.48548,11995.13253,11780.53301,11839.24582,11863.8584,12285.30326,12849.3464,13485.88167,14060.71895,14641.22988,13544.97151,15394.47073,16616.39154
Croatia,HRV,Energy use (kg of oil equivalent per capita),EG.USE.PCAP.KG.OE,1882.607071,2033.21444,2081.900276,2229.34174,2228.325793,2260.508924,2247.146192,2335.401828,2276.135519,2199.791956,2181.044011,2137.209507,2020.484173,1990.541367,1909.835801,2018.542592,2057.188695,2159.969522,2127.638786,2173.19836,2104.845306,2212.497211,2154.954833
Croatia,HRV,Urban population (% of total population),SP.URB.TOTL.IN.ZS,53.428,53.642,53.81,53.979,54.147,54.315,54.483,54.651,54.819,54.987,55.155,55.322,55.506,55.706,55.923,56.155,56.403,56.667,56.947,57.242,57.553,57.878,58.219
Croatia,HRV,Trade (% of GDP),NE.TRD.GNFS.ZS,74.60168547,79.4405856,81.1609978,81.44325144,81.64441266,81.49233557,83.50587932,83.25147672,82.07198145,69.69524392,72.63865686,77.76573869,79.00226696,80.91051737,85.20917695,90.6409411,92.13078909,97.2213314,99.06781797,101.3820133,89.5334538,102.3084308,125.2138576
Croatia,HRV,Renewable energy consumption (% of total final energy consumption),EG.FEC.RNEW.ZS,26.8,26.9,24.6,24.8,26.6,26.8,25.5,22.7,24.1,27.2,29.8,27.2,29.4,32.8,33.6,33.1,31.8,29.8,32.8,31.6,32.4,34.1,..
Croatia,HRV,"Industry (including construction), value added (% of GDP)",NV.IND.TOTL.ZS,24.20228875,23.80425481,22.91319969,23.34093036,24.14881654,23.77347164,23.40274704,22.93862794,22.75634306,22.68935452,21.36566747,21.49936193,21.03825499,20.50543715,20.65084317,20.3676184,20.2753466,19.77098612,19.28990883,19.57602338,20.09527751,19.58415245,20.06514956
Croatia,HRV,Fossil fuel energy consumption (% of total),EG.USE.COMM.FO.ZS,77.66842338,77.45590295,79.69718982,79.61678569,78.12979557,77.06602244,77.68266771,79.76216256,78.18654774,76.38267321,74.44495474,74.74978074,72.36927945,71.42954537,70.87481597,28.94915793,0,0,0,0,0,0,0
Croatia,HRV,Population density (people per sq. km of land area),EN.POP.DNST,79.91669051,76.90016454,76.94544999,76.89584376,76.91730398,77.01638553,77.03450432,77.01767207,77.00852334,76.92768566,76.75339504,76.48884997,76.12693875,75.65438496,75.07679937,74.1856372,73.3840862,72.21440569,71.27394396,70.57018798,69.9464975,69.31703002,68.89994639
Cuba,CUB,Carbon dioxide (CO2) emissions excluding LULUCF per capita (t CO2e/capita),EN.GHG.CO2.PC.CE.AR5,2.609732248,2.496336188,2.37638961,2.301152526,2.25233113,2.329959972,2.377016549,2.453480345,2.368718009,2.387089046,2.496767179,2.456897364,2.559802887,2.575099129,2.385693495,2.613785375,2.429632762,2.355405652,2.391352794,2.193924651,1.932624897,1.901454824,1.88498547
Cuba,CUB,GDP per capita (constant 2015 US$),NY.GDP.PCAP.KD,4112.261684,4229.903094,4277.395656,4426.965996,4670.188021,5182.352836,5799.411637,6215.766037,6469.085078,6561.253051,6716.490485,6902.163976,7109.248342,7307.820044,7392.483246,7727.919972,7774.069846,7927.277693,8120.431236,8124.752821,7252.316722,7379.014004,7552.331522
Cuba,CUB,Energy use (kg of oil equivalent per capita),EG.USE.PCAP.KG.OE,1146.629655,1116.779946,1037.529399,1029.43347,1003.518827,946.3299443,943.9501221,896.1763704,951.3805701,922.4333251,1000.184101,969.8289226,989.6726457,939.5396575,957.5020475,977.9110203,960.4369646,923.4354236,879.9677927,865.5345927,854.3748898,814.6364585,815.6158628
Cuba,CUB,Urban population (% of total population),SP.URB.TOTL.IN.ZS,75.323,75.555,75.785,75.947,76.041,76.134,76.227,76.32,76.413,76.505,76.597,76.689,76.781,76.827,76.861,76.896,76.93,76.977,77.037,77.109,77.194,77.292,77.401
Cuba,CUB,Trade (% of GDP),NE.TRD.GNFS.ZS,31.07598788,29.36109638,24.72931335,26.58713358,31.31141533,39.36137443,37.18801429,37.96760966,44.91722075,32.91398196,40.2919413,46.96042905,45.86620363,44.32389693,39.27415285,31.61381248,27.26911325,26.22243638,27.08354845,22.82089114,15.68255027,80.02390316,93.86077559
Cuba,CUB,Renewable energy consumption (% of total final energy consumption),EG.FEC.RNEW.ZS,34.4,34,34.8,33.6,33.8,26.3,22,18.6,18.7,19,15.6,19.2,19.4,18.2,23.2,21.1,19.2,22,24,23.1,24.5,20.9,..
Cuba,CUB,"Industry (including construction), value added (% of GDP)",NV.IND.TOTL.ZS,25.53508215,24.86238416,23.70134413,22.50593295,22.0396304,21.52682999,22.20473695,22.52699906,22.38649614,22.60470361,22.89360776,22.2582983,23.36719487,23.1503085,22.15207529,22.35380936,22.94280122,24.35662514,24.87790646,24.54953997,23.01787208,23.34743595,23.78323564
Cuba,CUB,Fossil fuel energy consumption (% of total),EG.USE.COMM.FO.ZS,70.89645174,69.72946785,72.62572894,75.26672707,75.43532764,81.11454583,84.28363171,85.19510392,87.12687813,95.60052124,98.18414025,92.75016768,93.76827737,95.07398764,92.66947549,14.06332803,0,0,0,0,0,0,0
Cuba,CUB,Population density (people per sq. km of land area),EN.POP.DNST,103.4367691,103.7628678,105.0607952,105.351344,105.6174796,105.8112927,105.9715306,106.0435175,106.0857009,106.1134818,106.1387542,105.7575681,105.9848194,108.4068989,108.4962027,108.3099424,108.2815456,108.3605877,108.1610597,107.9272254,107.6720039,107.1499807,106.5493256
Curacao,CUW,Carbon dioxide (CO2) emissions excluding LULUCF per capita (t CO2e/capita),EN.GHG.CO2.PC.CE.AR5,..,..,..,..,..,..,..,..,..,..,..,..,..,..,..,..,..,..,..,..,..,..,..
Curacao,CUW,GDP per capita (constant 2015 US$),NY.GDP.PCAP.KD,21523.6459,22171.06555,22231.87931,21840.89132,21512.1116,21112.32192,20913.66304,21011.15706,21202.43051,20952.89985,20706.43746,20518.09861,20277.51119,19921.47706,19529.52867,19361.813,18953.05374,18651.47981,18355.17671,17980.52993,14901.24368,15787.33768,17307.71946
Curacao,CUW,Energy use (kg of oil equivalent per capita),EG.USE.PCAP.KG.OE,15737.49296,16822.3233,16514.11271,15429.18018,15940.44329,14857.20792,14173.75429,15739.9605,14857.62938,15357.36513,13360.00215,14346.81082,14573.10493,13626.24365,14937.50072,15175.89151,12894.4532,10612.55656,9497.713015,5972.171425,5097.789985,5497.708383,5774.970088
Curacao,CUW,Urban population (% of total population),SP.URB.TOTL.IN.ZS,90.752,91.011,90.894,90.775,90.655,90.534,90.411,90.287,90.161,90.034,89.905,89.775,89.654,89.544,89.443,89.352,89.272,89.203,89.145,89.098,89.062,89.038,89.025
Curacao,CUW,Trade (% of GDP),NE.TRD.GNFS.ZS,..,..,..,..,..,134.9114598,144.5555111,146.0491225,166.7395417,144.7023417,143.9322118,172.923418,183.2364607,166.4061491,164.3598182,148.3138159,139.0529791,139.8124495,155.2688588,..,..,..,..
Curacao,CUW,Renewable energy consumption (% of total final energy consumption),EG.FEC.RNEW.ZS,0.1,0.6,0.6,0.6,0.6,0.6,0.6,0.6,0.5,0.5,0.5,0.5,0.6,1.1,1.4,1.3,1.4,1.9,2.5,2.5,2.8,2.8,..
Curacao,CUW,"Industry (including construction), value added (% of GDP)",NV.IND.TOTL.ZS,14.78992193,17.46571237,16.50394645,15.48318111,15.02736672,15.40984041,16.09219655,16.39599226,15.2140225,16.94504025,15.01972892,13.63866155,13.78632458,15.33896192,16.35854869,16.50359727,17.15376213,15.40989702,14.41275094,13.27463857,11.98469359,11.43676838,11.18905903
Curacao,CUW,Fossil fuel energy consumption (% of total),EG.USE.COMM.FO.ZS,..,..,..,..,..,..,..,..,..,..,..,..,..,..,..,0,0,0,0,0,0,0,0
Curacao,CUW,Population density (people per sq. km of land area),EN.POP.DNST,..,..,..,..,..,..,..,..,..,..,..,339.7094595,342.5405405,346.4459459,351.1463964,355.8108108,359.6036036,360.7545045,358.8648649,354.5968468,348.9797297,343.1734234,337.8288288
Cyprus,CYP,Carbon dioxide (CO2) emissions excluding LULUCF per capita (t CO2e/capita),EN.GHG.CO2.PC.CE.AR5,7.525955847,7.257861257,7.310482556,7.846417031,7.651528921,7.629389925,7.597176831,7.745121253,7.784965711,7.4696382,7.016570079,6.677493888,6.110192492,5.439249258,5.67157125,5.621146993,5.836739115,5.869446493,5.675997472,5.607882668,5.222818713,5.241139323,5.396921968
Cyprus,CYP,GDP per capita (constant 2015 US$),NY.GDP.PCAP.KD,22383.96484,23019.25,23604.18945,23930.7832,24799.64844,25631.36719,26395.50391,27156.81836,27449.22656,26183.68555,26090.04883,25538.78125,24285.49609,22738.49023,22581.82813,23487.22852,24916.63281,26105.58594,27406.47656,28625.7793,27391.5918,30228.03516,31967.54102
Cyprus,CYP,Energy use (kg of oil equivalent per capita),EG.USE.PCAP.KG.OE,2264.918637,2202.31996,2193.914817,2345.28181,2162.853281,2161.540024,2209.332132,2293.754587,2399.216627,2311.552194,2192.467489,2093.440297,1936.165161,1646.32679,1659.578133,1677.402482,1761.874429,1794.017322,1773.614564,1758.054571,1638.571911,1666.21661,1682.704925
Cyprus,CYP,Urban population (% of total population),SP.URB.TOTL.IN.ZS,68.648,68.769,68.694,68.553,68.41,68.268,68.125,67.982,67.839,67.695,67.551,67.406,67.261,67.137,67.031,66.946,66.881,66.836,66.81,66.805,66.821,66.856,66.911
Cyprus,CYP,Trade (% of GDP),NE.TRD.GNFS.ZS,137.4949032,131.8490679,123.6413321,114.004633,113.9036135,111.9170653,109.806498,111.2751228,112.9259309,102.7910919,108.9016993,110.6171369,112.3442733,120.9262006,130.8443631,137.2764265,139.0220985,148.0133556,147.6235674,150.5061696,160.6687165,176.8277368,207.632427
Cyprus,CYP,Renewable energy consumption (% of total final energy consumption),EG.FEC.RNEW.ZS,3.1,3,3.2,3.2,3.3,3.4,3.5,4.3,5.7,6.3,6.5,7.6,8.6,9.7,9.5,10.4,10.3,10.9,12,12,15,15.6,..
Cyprus,CYP,"Industry (including construction), value added (% of GDP)",NV.IND.TOTL.ZS,17.68603898,17.39380408,17.93018596,18.01293423,18.06745325,17.8911353,17.8301578,18.19711925,17.8966298,15.95450091,14.47911521,12.74536429,11.75798543,10.74927831,9.972876769,10.19094632,10.83651488,11.3472324,12.02242703,12.78901189,12.8234845,11.48044771,10.3144736
Cyprus,CYP,Fossil fuel energy consumption (% of total),EG.USE.COMM.FO.ZS,97.42951259,97.40899928,97.31939105,97.28333854,96.73114621,96.54634621,96.62143998,95.84113457,94.8502704,94.32472585,94.22789182,93.62681919,92.92798288,92.11165225,91.90067364,90.70863889,0,0,0,0,0,0,0
Cyprus,CYP,Population density (people per sq. km of land area),EN.POP.DNST,102.5613636,104.3427489,106.2164502,108.1807359,110.159632,112.1375541,114.1145022,116.0945887,118.0764069,120.0617965,122.0580087,124.079329,126.1252165,128.1271645,130.0650433,131.9807359,133.8865801,135.7440476,137.5256494,139.2501082,140.9358225,142.5659091,144.0876623
Czechia,CZE,Carbon dioxide (CO2) emissions excluding LULUCF per capita (t CO2e/capita),EN.GHG.CO2.PC.CE.AR5,12.9022318,12.94187257,12.4937383,12.81757167,12.89844045,12.63729021,12.77333856,12.84900573,12.14440263,11.46190478,11.55092268,11.25304018,10.84820972,10.41687908,10.18805366,10.26778819,10.39227236,10.41820246,10.28594926,9.679952998,8.823411191,9.437488268,9.317035288
Czechia,CZE,GDP per capita (constant 2015 US$),NY.GDP.PCAP.KD,12543.93643,12958.46676,13179.98781,13618.93496,14259.63343,15147.72144,16107.30425,16892.54285,17190.64703,16272.80848,16665.93178,16926.28467,16772.35392,16759.78086,17118.04256,17931.59877,18359.09781,19257.69307,19736.62953,20360.05992,19233.14695,20373.8783,20627.34865
Czechia,CZE,Energy use (kg of oil equivalent per capita),EG.USE.PCAP.KG.OE,4021.618482,4141.002675,4201.38476,4387.209169,4486.66999,4431.368959,4519.456976,4485.479791,4360.027704,4077.696631,4308.571184,4144.398953,4109.544623,4110.991728,3984.154061,3982.188363,3927.725159,4089.513413,4081.418687,4002.246117,3764.471612,4056.317001,3895.629289
Czechia,CZE,Urban population (% of total population),SP.URB.TOTL.IN.ZS,73.988,73.877,73.809,73.74,73.671,73.602,73.533,73.463,73.394,73.324,73.255,73.185,73.197,73.29,73.384,73.477,73.57,73.675,73.792,73.921,74.061,74.214,74.377
Czechia,CZE,Trade (% of GDP),NE.TRD.GNFS.ZS,97.49839563,98.53687373,90.87927155,94.64686007,113.173976,121.1912873,127.0510151,129.8767395,123.9048099,113.0492548,126.7564801,136.7508555,145.4801954,145.5022306,156.4151228,154.018401,148.5470047,147.7508349,145.1417179,138.15461,128.7804303,137.3781163,144.0114941
Czechia,CZE,Renewable energy consumption (% of total final energy consumption),EG.FEC.RNEW.ZS,5.9,6.3,7.3,6.7,7.1,7.5,7.9,8.3,9,10.2,10.9,12.2,12.8,13.9,14.8,14.8,14.8,14.5,14.7,15.9,17,17.2,..
Czechia,CZE,"Industry (including construction), value added (% of GDP)",NV.IND.TOTL.ZS,33.30541318,33.74065336,33.06101833,32.21004399,33.45241577,33.53174235,34.2768165,34.14761959,33.62160947,32.99187303,32.78253746,33.31530478,32.61187757,32.37506449,33.52560569,33.51506176,33.02612208,32.23450692,31.24494021,30.81729276,29.67284901,28.5164056,29.21857305
Czechia,CZE,Fossil fuel energy consumption (% of total),EG.USE.COMM.FO.ZS,89.21165756,88.37923523,86.08756523,83.68048072,83.19761427,83.09937872,82.46517339,82.75636976,80.87584912,78.81860963,79.23836064,78.00472789,76.15904235,74.91005035,73.97403825,75.34945841,0,0,0,0,0,0,0
Czechia,CZE,Population density (people per sq. km of land area),EN.POP.DNST,132.7172641,132.2195548,131.964747,131.9269833,131.9842221,132.1669169,132.5424595,133.3181618,134.4459218,135.214086,135.6261815,135.9068756,136.0971773,136.1599586,136.30338,136.589289,136.8518586,137.2158788,137.6755343,138.2268103,138.5759288,136.1083491,138.2905113
Denmark,DNK,Carbon dioxide (CO2) emissions excluding LULUCF per capita (t CO2e/capita),EN.GHG.CO2.PC.CE.AR5,9.954985527,10.21765576,10.09598151,11.07564797,10.01735028,9.349725211,10.78149116,9.86619275,9.216871714,8.771006112,8.314961399649999,7.188622565583333,6.154135038466666,6.196419431212499,5.346041225,4.821137554529167,4.831077459624999,4.3433654585,4.1630138078,3.571122374875,3.1380940452333337,3.1578903146416666,2.8603750914000003
Denmark,DNK,GDP per capita (constant 2015 US$),NY.GDP.PCAP.KD,49266.98828,49557.151,49624.59654,49708.09091,50956.30454,52015.18412,53823.15903,54113.97715,53572.53466,50635.91181,51209.44928,51667.53132,51470.68985,51970.39093,52368.3626,53094.01336,54300.20396,55601.01457,56355.07331,57114.62273,55934.55559,59803.92022,60248.67122
Denmark,DNK,Energy use (kg of oil equivalent per capita),EG.USE.PCAP.KG.OE,3491.171686,3586.448229,3536.239746,3729.383144,3598.353129,3484.59359,3729.69718,3626.532246,3502.694553,3359.266725,3498.022256,3218.553174,3072.087221,3075.551428,2881.052507,2847.987911,2891.026883,2896.570676,2870.416286,2757.249865,2637.043006,2756.122648,2580.543192
Denmark,DNK,Urban population (% of total population),SP.URB.TOTL.IN.ZS,85.1,85.15,85.25,85.36,85.566,85.856,86.098,86.293,86.487,86.654,86.795,86.957,87.142,87.292,87.41,87.526,87.642,87.757,87.874,87.994,88.116,88.24,88.367
Denmark,DNK,Trade (% of GDP),NE.TRD.GNFS.ZS,83.04208595,83.9226646,84.48459255,80.76130018,82.00773082,89.39879525,97.42986077,100.0476746,104.4703102,89.39485666,94.38772823,102.0129305,104.3622805,103.6128132,103.2108592,105.1303625,101.4527838,104.2156769,108.8139855,111.8914751,104.4334327,111.4140437,131.5431511
Denmark,DNK,Renewable energy consumption (% of total final energy consumption),EG.FEC.RNEW.ZS,10.7,11.1,11.9,12.7,14.4,16.1,15.3,17.7,18.5,19.3,21.2,23.8,26.9,27,30.2,32.5,32,35,34.6,37.2,39.5,39.5,..
Denmark,DNK,"Industry (including construction), value added (% of GDP)",NV.IND.TOTL.ZS,23.67975779,22.89763479,22.65510341,22.16953279,22.13709947,22.11186319,22.6855311,22.05830805,22.60899436,19.84596017,19.36793546,19.84592379,19.85064215,19.73435986,19.40444793,19.56444285,20.23196293,20.42362523,20.57556363,20.64022005,19.55505441,19.79677157,20.83551839
Denmark,DNK,Fossil fuel energy consumption (% of total),EG.USE.COMM.FO.ZS,88.24068187,88.209355,87.9614995,89.64242956,85.44675467,82.25896469,86.6011717,81.94758966,80.10435724,78.86383248,78.56007908,75.0927558,71.31203775,71.39673019,67.50530309,64.21185469,0,0,0,0,0,0,0
Denmark,DNK,Population density (people per sq. km of land area),EN.POP.DNST,133.4904,133.969575,134.398275,134.76435,135.113075,135.4858,135.9318,136.53595,137.340525,138.077375,138.692075,139.2643,139.7893,140.3733,141.086875,142.087075,143.20025,144.1245,144.8409,145.36055,145.7851,146.418325,147.575925
Djibouti,DJI,Carbon dioxide (CO2) emissions excluding LULUCF per capita (t CO2e/capita),EN.GHG.CO2.PC.CE.AR5,0.989940026,0.972627195,0.97841307,1.008089547,0.957725475,0.899701728,0.853856904,0.856118958,0.907997231,0.80118307,0.876752618,0.667223301,0.835068534,0.9000593,0.883499532,0.793580009,0.711991388,0.629289154,0.670129734,0.649852256,0.664864258,0.707069266,0.658255767
Djibouti,DJI,GDP per capita (constant 2015 US$),NY.GDP.PCAP.KD,..,..,..,..,..,..,..,..,..,..,..,..,..,2140.137694,2253.140822,2376.125547,2502.851814,2596.451347,2677.165033,2781.943501,2773.406618,2854.15987,2959.78673
Djibouti,DJI,Energy use (kg of oil equivalent per capita),EG.USE.PCAP.KG.OE,..,..,..,..,160.9927807,165.6404506,167.102145,163.5167771,..,..,..,..,..,..,..,..,..,..,..,..,..,..,..
Djibouti,DJI,Urban population (% of total population),SP.URB.TOTL.IN.ZS,76.532,76.578,76.624,76.67,76.716,76.761,76.807,76.853,76.899,76.944,76.999,77.064,77.138,77.222,77.314,77.417,77.528,77.648,77.777,77.915,78.062,78.217,78.38
Djibouti,DJI,Trade (% of GDP),NE.TRD.GNFS.ZS,..,..,..,..,..,..,..,..,..,..,..,..,..,347.7203171,298.5645358,268.3634563,213.0719986,305.9679664,300.3989005,320.9392304,225.7448713,263.4777287,302.2854092
Djibouti,DJI,Renewable energy consumption (% of total final energy consumption),EG.FEC.RNEW.ZS,31.4,31.7,32.4,32.9,33.6,33.1,33,32.5,33.1,34.4,32.5,32,32.3,29.9,29.4,24.8,23.6,23.3,24.7,23.4,27.5,26.6,26.9
Djibouti,DJI,"Industry (including construction), value added (% of GDP)",NV.IND.TOTL.ZS,..,..,..,..,..,..,..,..,..,..,..,..,..,11.38658006,11.61295717,11.39514948,11.33870712,12.40612445,13.99161535,14.61034673,14.54569336,15.40597881,15.03087278
Djibouti,DJI,Fossil fuel energy consumption (% of total),EG.USE.COMM.FO.ZS,..,..,..,..,0,0,0,0,..,..,..,..,..,..,..,..,..,..,..,..,..,..,..
Djibouti,DJI,Population density (people per sq. km of land area),EN.POP.DNST,32.23977567,33.27493529,34.32157032,35.09572908,35.63951682,36.20220017,36.91820535,37.72769629,38.51311475,39.32385677,40.13162209,40.92139776,41.70608283,42.48593615,43.2578516,44.01695427,44.76501294,45.50651424,46.24167386,46.96760138,47.67851596,48.37135462,49.05504745
Dominica,DMA,Carbon dioxide (CO2) emissions excluding LULUCF per capita (t CO2e/capita),EN.GHG.CO2.PC.CE.AR5,0.808629271,0.81712746,0.741585853,0.840495542,0.895861557,0.880204848,0.933058164,1.115517016,1.068928457,1.08910316,1.122583831,0.861656988,0.78561301,0.859212508,0.950648686,1.028263031,1.116283079,1.010277972,1.098659313,1.23895109,1.012238616,1.123478468,1.134289049
Dominica,DMA,GDP per capita (constant 2015 US$),NY.GDP.PCAP.KD,6879.597461,6897.656741,6676.972715,7047.661896,7323.853001,7381.747285,7698.537015,8106.189519,8682.573782,8582.714814,8574.273087,8553.838467,8532.343881,8459.658699,8576.263676,8282.598747,8499.522919,7985.63411,8261.164926,8624.51696,7302.94455,7738.317301,8590.922091
Dominica,DMA,Energy use (kg of oil equivalent per capita),EG.USE.PCAP.KG.OE,..,..,..,..,568.1073286,596.5024588,610.4118827,624.5733293,..,..,..,..,..,..,..,..,..,..,..,..,..,..,..
Dominica,DMA,Urban population (% of total population),SP.URB.TOTL.IN.ZS,65.265,65.382,65.689,65.994,66.299,66.601,66.903,67.203,67.502,67.799,68.094,68.389,68.685,68.982,69.28,69.579,69.88,70.181,70.483,70.786,71.09,71.395,71.7
Dominica,DMA,Trade (% of GDP),NE.TRD.GNFS.ZS,..,..,..,..,..,..,..,..,..,..,..,..,..,..,..,..,..,..,..,..,..,..,..
Dominica,DMA,Renewable energy consumption (% of total final energy consumption),EG.FEC.RNEW.ZS,11.1,9.4,13.6,10.6,11.4,10,9.8,7.8,8,7.5,10.3,13.8,11.3,11.4,9.9,8.7,10.7,9.7,7.9,7.6,8.6,8.8,8.9
Dominica,DMA,"Industry (including construction), value added (% of GDP)",NV.IND.TOTL.ZS,15.86014638,20.73786979,21.93200663,17.63661256,16.82724625,16.07769673,16.46815168,16.15541582,14.59942439,13.16434056,13.54283923,14.78470298,15.02177998,13.44693625,13.54095878,11.94159712,12.5108806,11.64779825,16.42731657,16.44782984,12.14368239,13.0406748,12.60677537
Dominica,DMA,Fossil fuel energy consumption (% of total),EG.USE.COMM.FO.ZS,..,..,..,..,0,0,0,0,..,..,..,..,..,..,..,..,..,..,..,..,..,..,..
Dominica,DMA,Population density (people per sq. km of land area),EN.POP.DNST,91.348,91.05066667,91.156,91.37466667,91.532,91.64533333,91.74133333,91.796,91.80533333,91.81866667,91.812,92.07066667,92.15733333,92.95333333,93.83066667,93.88,92.808,91.328,90.89866667,90.50666667,90.09733333,89.60266667,89.10133333
Dominican Republic,DOM,Carbon dioxide (CO2) emissions excluding LULUCF per capita (t CO2e/capita),EN.GHG.CO2.PC.CE.AR5,2.21432657,2.194928765,2.373886369,2.092494728,1.913410944,2.036436939,2.202601105,2.194262948,2.16381685,2.045802771,2.13037955,2.123587858,2.172483328,2.106832631,2.103023713,2.287368581,2.356543142,2.229253773,2.376245043,2.618366753,2.443637982,2.666990067,2.639560335
Dominican Republic,DOM,GDP per capita (constant 2015 US$),NY.GDP.PCAP.KD,4123.105732,4158.984303,4280.801824,4162.666861,4212.010441,4549.24957,4904.717158,5204.785007,5308.92665,5294.649534,5666.456334,5773.574035,5860.298933,6075.034,6430.278111,6800.953094,7177.753765,7379.399781,7818.705932,8117.046392,7395.873426,8344.905103,8698.135921
Dominican Republic,DOM,Energy use (kg of oil equivalent per capita),EG.USE.PCAP.KG.OE,856.2563861,819.6530737,882.2007938,783.89237,749.3869059,772.0377115,792.6097043,812.2797114,772.574772,743.5873877,773.4042549,780.0827495,791.4299466,762.3559203,745.7862129,797.9231707,842.6382492,824.3965716,860.8644316,938.5834947,842.6118205,939.1955823,950.4701053
Dominican Republic,DOM,Urban population (% of total population),SP.URB.TOTL.IN.ZS,61.753,62.565,63.371,64.605,66.003,67.37,68.71,70.02,71.3,72.542,73.753,74.827,75.802,76.749,77.67,78.566,79.436,80.277,81.074,81.828,82.54,83.213,83.848
Dominican Republic,DOM,Trade (% of GDP),NE.TRD.GNFS.ZS,79.3003931,70.51056781,68.7232829,84.44950319,81.35142294,61.65355874,63.76648264,61.22925915,61.42850583,50.65093768,56.05739642,59.06925784,58.50625367,56.8137658,55.66010415,52.34712387,51.73065712,50.75953555,52.33517096,50.9129822,44.73316135,51.95002273,54.37819767
Dominican Republic,DOM,Renewable energy consumption (% of total final energy consumption),EG.FEC.RNEW.ZS,19.1,18.9,17.9,18.9,20.7,19.4,18,17.9,17.7,17.3,16.9,16.8,16.5,16.6,17.3,14.9,15.3,16.9,15.9,14.4,16,14.8,..
Dominican Republic,DOM,"Industry (including construction), value added (% of GDP)",NV.IND.TOTL.ZS,31.67042451,29.73277263,31.08810875,31.88230291,31.81294451,30.26935768,31.10986127,30.54694685,29.37550316,27.35617088,27.27299569,27.54325372,27.36303479,28.04281685,28.38600074,26.93456329,25.87955149,25.78400498,26.9196437,27.35643695,28.82431758,30.86895932,30.82554275
Dominican Republic,DOM,Fossil fuel energy consumption (% of total),EG.USE.COMM.FO.ZS,85.59982332,85.91337216,83.9784627,85.40772845,80.75409453,83.90853401,82.57653192,82.37724589,85.9990467,84.35373187,84.67326566,85.48490275,86.17988197,85.22869193,85.9892429,76.7792422,0,0,0,0,0,0,0
Dominican Republic,DOM,Population density (people per sq. km of land area),EN.POP.DNST,177.6897123,180.5067895,183.2381495,185.8956738,188.4680604,190.9549576,193.359201,195.7287932,198.1604223,200.6885738,203.2741668,205.8708549,208.453964,211.008756,213.5277996,215.9972883,218.410888,220.7998965,223.184703,226.0267745,228.3973491,230.7869908,233.012352
Ecuador,ECU,Carbon dioxide (CO2) emissions excluding LULUCF per capita (t CO2e/capita),EN.GHG.CO2.PC.CE.AR5,1.737122086,1.882858767,1.849233305,1.857331114,1.927171447,2.039330318,2.146231637,2.152284777,2.186748424,2.33877024,2.478931888,2.462921892,2.435289465,2.552588933,2.653088308,2.598218087,2.482372308,2.372627759,2.42655714,2.354449282,2.035356645,2.255885976,2.370985425
Ecuador,ECU,GDP per capita (constant 2015 US$),NY.GDP.PCAP.KD,3953.398797,4049.000189,4174.897936,4220.212985,4430.23718,4589.328492,4706.980568,4715.303598,4939.90215,4909.336817,5022.203744,5359.457246,5579.856243,5893.321727,6055.041728,5976.159681,5849.135879,6104.272535,6063.095618,5971.389384,5355.689342,5815.094774,6107.49495
Ecuador,ECU,Energy use (kg of oil equivalent per capita),EG.USE.PCAP.KG.OE,638.7560542,668.563681,709.3057439,770.2157372,785.5919269,837.8914187,811.0273915,875.4760083,762.8247113,830.3440691,867.4652267,891.3467179,872.1417056,911.67014,983.2361243,936.659126,885.6021582,897.9481076,869.583266,903.972772,785.4252005,886.1411806,904.7399236
Ecuador,ECU,Urban population (% of total population),SP.URB.TOTL.IN.ZS,60.299,60.799,61.118,61.316,61.514,61.711,61.907,62.104,62.3,62.495,62.69,62.851,62.988,63.125,63.261,63.398,63.534,63.67,63.821,63.986,64.166,64.361,64.57
Ecuador,ECU,Trade (% of GDP),NE.TRD.GNFS.ZS,65.40429538,56.12848674,54.79664394,52.3575427,56.07454672,61.95815079,65.84235562,68.85058545,74.59029636,57.34734606,65.77738491,70.03568375,67.00292909,63.43330033,61.42637662,47.82803971,40.5344918,43.61772332,48.00934762,48.08284949,43.98931094,53.26127561,61.88079282
Ecuador,ECU,Renewable energy consumption (% of total final energy consumption),EG.FEC.RNEW.ZS,19.4,17.1,17.1,16.6,16.7,16.2,14.2,15.9,15.3,12.9,11.8,13.2,13.2,11.8,12.2,13.1,14.8,17,16.3,17.7,20.2,18.9,..
Ecuador,ECU,"Industry (including construction), value added (% of GDP)",NV.IND.TOTL.ZS,34.69291132,28.46381003,27.98097463,27.54686486,29.66373838,32.12447307,34.79334838,35.43522929,38.92016148,31.09162133,33.90617518,37.40570052,37.09175038,36.83229365,35.71199553,28.09004234,27.53396379,28.4680087,28.01474886,26.65046313,23.98113448,27.34948988,29.58359054
Ecuador,ECU,Fossil fuel energy consumption (% of total),EG.USE.COMM.FO.ZS,91.47918589,93.05923283,83.70027803,76.67803866,70.26821961,68.32309226,69.73764853,72.40038406,73.10306672,82.29926757,79.05597863,78.68000188,77.97345829,79.82138311,78.14627848,36.95272357,0,0,0,0,0,0,0
Ecuador,ECU,Population density (people per sq. km of land area),EN.POP.DNST,51.09198744,51.98397488,52.90091802,53.84243034,54.79425431,55.75037446,56.7165848,57.69356177,58.68578676,59.69541794,60.70500483,61.70972379,62.70008858,63.64602996,64.56403608,65.49454421,66.45651071,67.48074972,68.64852231,69.81809067,70.64770897,71.19686745,71.76637542
"Egypt, Arab Rep.",EGY,Carbon dioxide (CO2) emissions excluding LULUCF per capita (t CO2e/capita),EN.GHG.CO2.PC.CE.AR5,1.750199129,1.891426153,1.901352845,1.899082364,2.018352553,2.19951901,2.283805074,2.396306906,2.352712938,2.403782485,2.373937498,2.407781695,2.500416456,2.399352513,2.389995047,2.403603301,2.460508744,2.527353571,2.427799169,2.204155642,2.069140954,2.250750128,2.19467715
"Egypt, Arab Rep.",EGY,GDP per capita (constant 2015 US$),NY.GDP.PCAP.KD,2458.60835,2492.034412,2498.481212,2524.804772,2574.423418,2635.703052,2761.624108,2902.065598,3052.212978,3135.096613,3233.845212,3222.376501,3220.991942,3216.37839,3235.662462,3306.981594,3381.222463,3452.909612,3568.639663,3701.244635,3770.869479,3837.319923,4029.782955
"Egypt, Arab Rep.",EGY,Energy use (kg of oil equivalent per capita),EG.USE.PCAP.KG.OE,569.8813561,634.0951041,636.5261939,647.5398534,692.14136,778.7696403,806.4024892,844.3844213,859.150259,862.4351162,838.1667075,860.0531199,866.2408667,825.1899603,832.7720909,810.8171273,872.5814078,897.2180736,870.8135735,844.7830134,805.2594566,857.8219385,902.4884299
"Egypt, Arab Rep.",EGY,Urban population (% of total population),SP.URB.TOTL.IN.ZS,42.797,42.843,42.889,42.935,42.981,43.027,43.073,43.078,43.058,43.039,43.019,43,42.946,42.893,42.839,42.785,42.732,42.705,42.704,42.73,42.783,42.862,42.967
"Egypt, Arab Rep.",EGY,Trade (% of GDP),NE.TRD.GNFS.ZS,39.0179359,39.81042654,40.98706783,46.17964072,57.81990521,62.95264624,61.51853651,65.07787325,71.68062535,56.55344464,47.93635007,45.25563416,40.71176927,40.37303806,36.92018779,34.84594296,30.24654905,42.83213436,45.91101967,41.12401716,32.12625557,29.85697348,36.98310488
"Egypt, Arab Rep.",EGY,Renewable energy consumption (% of total final energy consumption),EG.FEC.RNEW.ZS,8.3,7.8,7.3,7.4,7.6,6.5,6.2,6,5.9,5.7,5.4,5.4,5.3,5.3,5.4,5.3,5.1,4.9,5,6.2,6.7,6.1,..
"Egypt, Arab Rep.",EGY,"Industry (including construction), value added (% of GDP)",NV.IND.TOTL.ZS,30.7518671,30.89885698,32.58350488,33.37058683,34.66791675,34.14867224,36.15473531,35.06538668,36.21255165,35.81644598,35.78451848,35.9517176,39.25131486,39.88695442,39.89032394,36.63020173,32.45595335,34.39586778,35.32987506,35.82542441,32.3694443,31.18763579,32.71143143
"Egypt, Arab Rep.",EGY,Fossil fuel energy consumption (% of total),EG.USE.COMM.FO.ZS,91.48981985,90.7295039,91.92075725,91.95637052,92.86163202,93.66707875,93.77973219,93.90444192,94.21538838,94.47139314,94.3283973,94.05864785,93.8930441,93.89739021,90.22065735,62.71065731,0,0,0,0,0,0,0
"Egypt, Arab Rep.",EGY,Population density (people per sq. km of land area),EN.POP.DNST,73.41733286,74.99324828,76.58761063,78.20940077,79.84071827,81.47170024,83.07840976,84.66143453,86.25725953,87.90158823,89.60376915,91.50942689,93.58682104,95.76930333,97.97443769,100.0525812,102.1091858,104.1700306,106.1651454,108.0447617,109.8147813,111.46417,113.1330052
El Salvador,SLV,Carbon dioxide (CO2) emissions excluding LULUCF per capita (t CO2e/capita),EN.GHG.CO2.PC.CE.AR5,0.975423691,1.010965037,1.011620726,1.09668941,1.136948219,1.170661675,1.230624364,1.293964682,1.175294566,1.13996064,1.107535304,1.152652482,1.144083841,1.079748141,1.104713567,1.174527902,1.181573345,1.066816576,1.141353743,1.302408524,1.067257256,1.203910239,1.260763983
El Salvador,SLV,GDP per capita (constant 2015 US$),NY.GDP.PCAP.KD,2964.893469,2978.597348,3016.063077,3057.164676,3081.236297,3163.361184,3302.348174,3359.162302,3420.449274,3337.811509,3398.493461,3514.069144,3601.442229,3665.154733,3713.94992,3790.340891,3875.846914,3954.840143,4046.162917,4143.114371,3808.531954,4247.547504,4355.960839
El Salvador,SLV,Energy use (kg of oil equivalent per capita),EG.USE.PCAP.KG.OE,537.1109675,568.0056906,582.4536587,622.3866572,627.6044643,643.9031522,686.9578276,694.5373117,702.3006958,689.4224675,697.0369273,692.505313,701.4574046,660.0941502,649.0431757,674.3539967,686.997805,674.6654416,694.5677552,734.8032084,669.910725,722.1483969,768.6834295
El Salvador,SLV,Urban population (% of total population),SP.URB.TOTL.IN.ZS,58.912,59.464,60.014,60.561,61.107,61.648,62.187,62.774,63.678,64.57,65.452,66.325,67.187,68.036,68.874,69.7,70.501,71.275,72.023,72.746,73.444,74.118,74.767
El Salvador,SLV,Trade (% of GDP),NE.TRD.GNFS.ZS,68.7100889,65.89073854,65.91909078,68.23698248,69.78226418,69.71581168,73.45556751,77.62105603,80.66597394,66.07119117,73.53728767,79.2766437,77.64857162,80.45119449,78.10442575,76.56027074,72.81909337,74.30465119,75.63361689,76.0420131,66.45950695,81.84507598,88.70110938
El Salvador,SLV,Renewable energy consumption (% of total final energy consumption),EG.FEC.RNEW.ZS,33.5,33.1,34,33.9,33.3,34.1,34.8,28.2,31.5,32.2,32.6,29.5,30.3,27.5,24,21,20.7,25,23.2,19.4,23.7,21.9,..
El Salvador,SLV,"Industry (including construction), value added (% of GDP)",NV.IND.TOTL.ZS,26.87772111,27.07794506,27.27513578,26.95253062,25.60392144,24.47128861,24.47179324,24.52193337,25.88129465,24.97003117,25.27591186,26.19541328,26.58935807,26.12164271,26.013534,25.28892954,24.83482787,25.17147273,25.07550676,25.34814372,23.7247499,24.1049005,23.73194704
El Salvador,SLV,Fossil fuel energy consumption (% of total),EG.USE.COMM.FO.ZS,55.84689923,54.11237224,53.64949248,53.27102483,51.77576758,51.39137704,50.85139691,51.3173186,47.38970634,47.71324112,46.67901485,48.20968272,47.74592127,47.14748723,49.22685606,51.92973491,0,0,0,0,0,0,0
El Salvador,SLV,Population density (people per sq. km of land area),EN.POP.DNST,286.8419884,288.0337838,288.9300676,289.5076737,289.8007239,289.8444981,289.6872104,290.0494208,290.9892375,291.9053571,292.8691602,293.9250483,295.0760135,296.2760135,297.4399131,298.4399614,299.2664093,299.8809363,300.1837355,300.3049228,300.9012066,301.9199807,303.1041988
Equatorial Guinea,GNQ,Carbon dioxide (CO2) emissions excluding LULUCF per capita (t CO2e/capita),EN.GHG.CO2.PC.CE.AR5,3.90257636,4.801850005,4.025530198,4.234887281,6.978310222,6.751026793,6.448573878,6.888124443,6.091763252,4.823395467,4.806973429,4.79451779,4.325607681,4.251391677,4.084716122,3.718835179,3.573365619,3.127888192,2.896892024,2.727315728,2.603602281,2.477959229,2.307233809
Equatorial Guinea,GNQ,GDP per capita (constant 2015 US$),NY.GDP.PCAP.KD,3839.086427,5882.850503,6604.005463,7082.654892,9208.605667,10212.45451,10521.99968,11594.91721,13048.07031,12627.86238,10984.32439,11203.90737,11650.71963,10731.64557,10363.48725,9068.910032,7971.834019,7259.109365,6578.900398,6018.120663,5575.262415,5487.924792,5524.243124
Equatorial Guinea,GNQ,Energy use (kg of oil equivalent per capita),EG.USE.PCAP.KG.OE,342.9458101,346.0837659,450.9282371,453.5148515,1539.105667,1455.034135,1362.758902,1453.90112,1403.26066,1375.883498,1352.164835,1451.364328,1434.922282,1674.897318,1480.617013,1329.541864,1510.323946,1291.244826,1409.340059,1273.743152,1121.379083,1300.883961,1283.935168
Equatorial Guinea,GNQ,Urban population (% of total population),SP.URB.TOTL.IN.ZS,49.092,50.832,52.573,54.307,56.033,57.74,59.431,61.1,62.745,64.358,65.94,67.488,69,69.544,70.083,70.616,71.138,71.646,72.143,72.627,73.1,73.561,74.01
Equatorial Guinea,GNQ,Trade (% of GDP),NE.TRD.GNFS.ZS,..,..,..,..,..,131.0244718,118.5327824,134.0837899,128.6880066,122.2120771,144.668225,114.3773466,116.6754225,106.8932849,104.3791987,98.87805917,92.60073072,102.4282583,103.6456816,94.87879243,77.92788464,76.9666486,81.81301614
Equatorial Guinea,GNQ,Renewable energy consumption (% of total final energy consumption),EG.FEC.RNEW.ZS,45.9,46.1,31.3,29.5,7.2,7.1,7,8.5,7.2,9.2,5.7,5.6,4.4,3.7,4.9,5.5,4.8,5,4.8,7.4,6.5,5.2,4.2
Equatorial Guinea,GNQ,"Industry (including construction), value added (% of GDP)",NV.IND.TOTL.ZS,..,..,..,..,..,..,82.91490224,81.30169858,84.34919433,75.32473243,74.74456143,78.06487369,77.31150427,72.44925774,70.19094522,59.10058727,52.33025433,56.86222809,57.29508162,52.07541004,45.40541058,50.20179211,56.21099906
Equatorial Guinea,GNQ,Fossil fuel energy consumption (% of total),EG.USE.COMM.FO.ZS,0,0,0,0,0,0,0,0,0,0,0,0,0,0,0,0,0,0,0,0,0,0,0
Equatorial Guinea,GNQ,Population density (people per sq. km of land area),EN.POP.DNST,25.07233512,26.73212121,28.44766488,30.22680927,32.0826025,33.7742246,35.30634581,36.93561497,38.66417112,40.48745098,42.3916221,44.27219251,46.11347594,47.99351159,49.90474153,51.83326203,53.76777184,55.70039216,57.62645276,59.54285205,61.19315508,62.70181818,64.29750446
Eritrea,ERI,Carbon dioxide (CO2) emissions excluding LULUCF per capita (t CO2e/capita),EN.GHG.CO2.PC.CE.AR5,0.298304741,0.318025465,0.303178717,0.280844925,0.276066819,0.227039153,0.200998557,0.193203467,0.164398523,0.166523251,0.175438835,0.20563718,0.20885825,0.193048309,0.192428662,0.185989839,0.191090467,0.186042998,0.205151656,0.207857925,0.204115674,0.212585402,0.19575022
Eritrea,ERI,GDP per capita (constant 2015 US$),NY.GDP.PCAP.KD,845.1324301,893.2687354,889.0091136,830.3796723,808.5914202,809.7947935,789.402432,789.0727017,693.3988742,702.4309365,703.8773744,751.3748998,..,..,..,..,..,..,..,..,..,..,..
Eritrea,ERI,Energy use (kg of oil equivalent per capita),EG.USE.PCAP.KG.OE,315.395535,322.6685412,299.8327078,330.9494717,268.6676676,264.1901467,245.3833871,244.4337244,239.259164,244.6779219,248.8949565,258.7609727,262.0630364,260.9361666,265.9413912,271.6211749,277.2638254,278.0466537,282.9709996,285.0720469,284.9441487,286.9986629,289.5477947
Eritrea,ERI,Urban population (% of total population),SP.URB.TOTL.IN.ZS,26.587,27.455,28.341,29.244,30.164,31.099,32.051,33.017,34,34.585,35.175,35.771,36.372,36.979,37.59,38.206,38.827,39.451,40.08,40.712,41.347,41.985,42.625
Eritrea,ERI,Trade (% of GDP),NE.TRD.GNFS.ZS,67.88136193,72.06271096,76.59016366,74.00782429,65.57090685,61.10603102,45.26084605,34.55955953,30.56095005,27.97214161,37.47146546,47.39379012,..,..,..,..,..,..,..,..,..,..,..
Eritrea,ERI,Renewable energy consumption (% of total final energy consumption),EG.FEC.RNEW.ZS,76.8,74.8,74.7,75,69.8,74.7,77.3,79.1,81.4,81.7,80.9,77.1,78.4,79.7,80.5,81.2,81.4,81.6,80.8,80.6,80.9,80.7,..
Eritrea,ERI,"Industry (including construction), value added (% of GDP)",NV.IND.TOTL.ZS,19.16068042,18.53351043,19.17384491,19.69660113,19.61273885,20.4623875,18.15290725,19.19520823,25.91468245,21.81933914,..,..,..,..,..,..,..,..,..,..,..,..,..
Eritrea,ERI,Fossil fuel energy consumption (% of total),EG.USE.COMM.FO.ZS,28.23366717,28.20966247,28.00905088,28.81266199,37.51330971,37.29147884,27.05991774,27.88873503,19.1234598,22.68392503,21.80611927,21.424404,22.15289883,22.47536368,22.88653604,23.29194241,0,0,0,0,0,0,0
Eritrea,ERI,Population density (people per sq. km of land area),EN.POP.DNST,22.24783168,22.89187129,23.69285149,24.69210891,21.47650541,21.98890999,22.34224742,22.6651486,23.26437552,23.8530993,24.32729108,24.76265617,25.08205175,25.39759056,25.57229476,25.6468529,25.80742961,26.02060722,26.36951008,26.76064906,27.19141159,27.64674669,28.13581156
Estonia,EST,Carbon dioxide (CO2) emissions excluding LULUCF per capita (t CO2e/capita),EN.GHG.CO2.PC.CE.AR5,12.43857307,12.79375268,12.32377569,13.88357943,14.23977102,14.30318688,13.89654071,16.60455888,15.05919572,12.59738557,16.1910663,16.32737926,15.51649056,17.38577554,16.67557976,15.19757763,15.18464193,16.10972959,16.91315356,11.08434861,8.635283959,9.248782056,9.332611726
Estonia,EST,GDP per capita (constant 2015 US$),NY.GDP.PCAP.KD,10006.76963,10662.9455,11474.66227,12424.04415,13348.52845,14703.61797,16234.5152,17543.46618,16688.99777,14274.85111,14657.93981,15820.92234,16460.68435,16809.53267,17413.68676,17722.15577,18264.98733,19270.81412,19914.34549,20579.87567,19946.9457,21351.39548,21080.65314
Estonia,EST,Energy use (kg of oil equivalent per capita),EG.USE.PCAP.KG.OE,3377.645509,3589.377473,3375.565153,3680.058508,3952.338212,4015.428326,4006.739626,4690.139703,4142.509477,3360.664489,4419.422683,4311.694918,3984.063448,4435.566864,4226.201211,3695.119191,4579.421117,4444.846671,4282.715133,3661.499254,3368.237307,3427.299681,3559.048932
Estonia,EST,Urban population (% of total population),SP.URB.TOTL.IN.ZS,69.368,69.242,69.116,68.989,68.862,68.735,68.607,68.479,68.351,68.223,68.094,67.965,67.974,68.122,68.269,68.416,68.563,68.717,68.88,69.051,69.229,69.415,69.609
Estonia,EST,Trade (% of GDP),NE.TRD.GNFS.ZS,126.4956264,126.5466401,123.2823454,122.7447728,129.9495001,135.9127921,136.6207377,133.9808292,136.6819882,116.7590799,143.6717623,166.7460724,169.1560678,164.6016322,157.9539448,148.5071571,147.7462327,144.6356509,143.4852249,140.352148,137.3926413,160.3946816,174.5639942
Estonia,EST,Renewable energy consumption (% of total final energy consumption),EG.FEC.RNEW.ZS,19.8,18.9,19.3,19.9,20,18.9,17.2,18.6,20.5,24.2,25.3,25.2,25,24.5,25.3,28.2,27.2,27.5,28.6,31.3,40.4,38,..
Estonia,EST,"Industry (including construction), value added (% of GDP)",NV.IND.TOTL.ZS,24.88270145,25.37864221,25.48283317,26.10580683,25.426103,26.25529265,26.9431146,26.84221587,26.13194165,23.2761523,24.03454918,25.34667451,24.63167814,24.67800446,24.10602104,23.11548514,23.23404176,23.18086204,23.28866055,22.31338488,21.77170781,22.65161698,23.33904868
Estonia,EST,Fossil fuel energy consumption (% of total),EG.USE.COMM.FO.ZS,28.62670855,31.44989143,29.93954712,29.21438643,28.80970375,29.00982437,29.59490707,25.87613043,27.82066431,25.28600036,19.65917798,18.55413253,20.49414614,17.92647211,15.7466117,14.74589796,0,0,0,0,0,0,0
Estonia,EST,Population density (people per sq. km of land area),EN.POP.DNST,32.95553197,32.7462845,32.53951404,32.33592828,32.14319415,31.95977825,31.77188016,31.62727058,31.5425808,31.48183534,31.41012031,31.31490918,31.20301958,30.31969174,30.24028065,30.26011042,30.2689211,30.816,30.9234386,31.03854971,31.09992982,31.13291228,31.56658086
Eswatini,SWZ,Carbon dioxide (CO2) emissions excluding LULUCF per capita (t CO2e/capita),EN.GHG.CO2.PC.CE.AR5,1.053375507,1.057499829,1.021010136,0.940939346,0.925398753,0.917219482,0.920294051,0.94608533,0.922327931,0.949280326,0.76921693,0.732488663,0.721084331,0.85151196,0.864473171,0.893059494,0.974939692,0.958387836,0.949672735,0.994851993,0.9683675,1.032493973,1.109673587
Eswatini,SWZ,GDP per capita (constant 2015 US$),NY.GDP.PCAP.KD,2288.185908,2291.091077,2372.533991,2447.821577,2521.261976,2657.985449,2803.191343,2910.697,2914.874299,2941.575758,3035.32778,3086.372155,3235.478908,3342.186958,3371.354273,3420.753571,3559.850991,3584.618026,3560.814491,3742.384159,3596.064161,3676.849023,3680.423268
Eswatini,SWZ,Energy use (kg of oil equivalent per capita),EG.USE.PCAP.KG.OE,913.6982675,896.4470076,895.0400204,877.5745033,855.8674861,858.5217077,900.4217811,902.8670739,888.9203266,995.2767835,835.9445239,1001.764219,995.7517634,1022.776772,1005.348099,1046.307849,1035.352737,996.7147048,989.9527555,1023.138853,991.4857469,951.1529847,958.9169438
Eswatini,SWZ,Urban population (% of total population),SP.URB.TOTL.IN.ZS,22.686,22.555,22.425,22.296,22.166,22.038,21.91,21.829,22.045,22.262,22.48,22.7,22.849,22.999,23.149,23.3,23.459,23.625,23.799,23.981,24.171,24.369,24.576
Eswatini,SWZ,Trade (% of GDP),NE.TRD.GNFS.ZS,..,..,..,..,..,..,..,..,..,..,..,..,..,85.17807426,91.59971993,88.23807782,89.31350337,86.86003571,85.47537165,86.64122296,84.30061197,90.33279817,92.67890422
Eswatini,SWZ,Renewable energy consumption (% of total final energy consumption),EG.FEC.RNEW.ZS,60.1,60.9,63.6,66.5,66.6,67,66.8,66.9,67.8,66.7,68.5,69.3,68.8,66.1,68.3,68.8,64.3,65.3,65.7,64.4,63.7,65.4,64.7
Eswatini,SWZ,"Industry (including construction), value added (% of GDP)",NV.IND.TOTL.ZS,39.39410809,39.47125721,39.28223192,38.3261795,39.82484758,39.78172449,39.82492531,40.4170426,39.59143841,39.90976434,37.70556388,36.7774863,36.79896077,36.55900392,36.15940833,36.95760475,37.80396441,34.90437005,33.99803941,34.64849178,31.21815328,32.81373367,34.5409383
Eswatini,SWZ,Fossil fuel energy consumption (% of total),EG.USE.COMM.FO.ZS,0,0,0,0,0,0,0,0,0,0,0,0,0,0,0,0,0,0,0,0,0,0,0
Eswatini,SWZ,Population density (people per sq. km of land area),EN.POP.DNST,60.54732558,61.10837209,61.59540698,62.01744186,62.39296512,62.73383721,63.04860465,63.4130814,63.8425,64.2530814,64.63081395,64.9902907,65.34087209,65.69709302,66.06389535,66.44261628,66.83180233,67.3369186,67.96098837,68.59732558,69.3447093,70.15075581,70.86726744
Ethiopia,ETH,Carbon dioxide (CO2) emissions excluding LULUCF per capita (t CO2e/capita),EN.GHG.CO2.PC.CE.AR5,0.057497613,0.068889828,0.068692182,0.071236764,0.075319538,0.069817234,0.071780043,0.076392951,0.080217509,0.078468191,0.075951103,0.085445009,0.093809141,0.106078144,0.122677399,0.130066166,0.150223727,0.144700549,0.155020028,0.162690736,0.14192508,0.141454886,0.131907278
Ethiopia,ETH,GDP per capita (constant 2015 US$),NY.GDP.PCAP.KD,257.4126988,270.4514354,266.3166145,252.8066748,278.6481057,302.4750227,325.5433921,352.3607031,379.2383104,401.0687299,438.7866165,474.1590343,500.9193553,539.0724518,578.6329229,621.8456738,662.3272959,706.1642274,734.2277266,774.5121697,799.4755953,822.3058811,843.6480053
Ethiopia,ETH,Energy use (kg of oil equivalent per capita),EG.USE.PCAP.KG.OE,363.6035505,366.9717809,366.758089,367.6311677,367.7771664,365.389331,366.046139,367.6759466,368.6649193,368.5118558,368.3547467,371.3658735,371.8359888,376.0608905,380.1775887,380.0628924,383.6235099,382.0801046,384.7257283,386.2372412,380.656755,373.9021838,377.9217527
Ethiopia,ETH,Urban population (% of total population),SP.URB.TOTL.IN.ZS,14.74,14.927,15.118,15.31,15.504,15.7,15.899,16.116,16.51,16.91,17.319,17.735,18.16,18.575,18.998,19.428,19.866,20.31,20.763,21.225,21.695,22.174,22.661
Ethiopia,ETH,Trade (% of GDP),NE.TRD.GNFS.ZS,..,..,..,..,..,..,..,..,..,..,..,48.23293541,45.39790418,41.47178708,40.74108415,39.65612414,34.89902108,31.10364949,31.19936898,28.81529393,24.00611434,24.34505746,26.5954997
Ethiopia,ETH,Renewable energy consumption (% of total final energy consumption),EG.FEC.RNEW.ZS,95.5,94.6,94.5,94.2,94.1,94.7,94.5,94.1,94.1,94.2,94.1,93.6,93.3,92.4,91.4,91.5,90.4,90.8,90,89.3,90.7,90.6,..
Ethiopia,ETH,"Industry (including construction), value added (% of GDP)",NV.IND.TOTL.ZS,11.41046712,11.92792946,12.74027964,12.89950222,12.68554034,11.78883353,11.59231605,11.58949667,10.20685429,9.683480443,9.435128138,9.664642193,9.476137965,10.94455699,13.47132451,16.29779364,21.93256185,23.58190667,27.30570731,24.82236426,23.10229522,21.85002626,22.71752696
Ethiopia,ETH,Fossil fuel energy consumption (% of total),EG.USE.COMM.FO.ZS,4.430571601,5.327978254,5.394618458,5.661383598,5.753231274,5.270634223,5.460874812,5.960428024,6.277693416,6.212706178,5.856485561,5.829584957,6.376796349,7.340091887,8.267096388,8.344724259,0,0,0,0,0,0,0
Ethiopia,ETH,Population density (people per sq. km of land area),EN.POP.DNST,67.411494,69.487762,71.635517,73.832663,67.40863725,69.43778477,71.50677486,73.63186221,75.79839696,77.98026314,80.22403021,82.53767959,84.88418078,87.22415785,89.59874025,92.03678223,94.56147998,97.17443526,99.82988254,102.5521595,105.3700909,108.2303783,111.1071514
Faroe Islands,FRO,Carbon dioxide (CO2) emissions excluding LULUCF per capita (t CO2e/capita),EN.GHG.CO2.PC.CE.AR5,0.039340823,0.03859762,0.03802683,0.039556962,0.03926918,0.039289481,0.039308989,0.03927405,0.04119719,0.040991166,0.03904885225,0.03793887202083333,0.036928896625,0.035754259575,0.03441535166666666,0.032889579529166664,0.031335921424999996,0.02972631892916667,0.028106779433333333,0.0265479891875,0.026299769525000002,0.02478660532916667,0.0233649192
Faroe Islands,FRO,GDP per capita (constant 2015 US$),NY.GDP.PCAP.KD,..,..,..,..,..,..,..,..,44623.03159,42378.21653,42333.52157,43946.25174,47303.86559,50120.75309,52644.7899,52635.03755,52757.39604,53831.0295,54433.59315,56028.41735,54299.59342,56495.29919,57829.49056
Faroe Islands,FRO,Energy use (kg of oil equivalent per capita),EG.USE.PCAP.KG.OE,..,..,..,..,..,..,..,..,..,..,..,..,..,..,..,..,..,..,..,..,..,..,..
Faroe Islands,FRO,Urban population (% of total population),SP.URB.TOTL.IN.ZS,36.337,37.175,38.022,38.714,39.247,39.781,40.147,40.341,40.536,40.731,40.926,41.088,41.225,41.363,41.501,41.638,41.777,41.914,42.064,42.225,42.398,42.583,42.779
Faroe Islands,FRO,Trade (% of GDP),NE.TRD.GNFS.ZS,110.5453534,104.9033314,98.62315601,108.2593008,93.41443115,100.9608642,97.39471776,99.5067895,103.4962225,96.86080803,97.18396852,105.8464535,117.1585049,114.0622828,106.1425392,105.6106716,104.552703,107.2384002,106.8741681,108.623705,96.22419375,104.473032,124.535531
Faroe Islands,FRO,Renewable energy consumption (% of total final energy consumption),EG.FEC.RNEW.ZS,2.8,2.6,3.4,3.1,3.4,3.8,4.3,4.5,4.5,5.1,3.4,5,4.7,4.5,6.5,7.5,6.3,6,5.9,5.4,5.3,5.1,7.9
Faroe Islands,FRO,"Industry (including construction), value added (% of GDP)",NV.IND.TOTL.ZS,17.83875904,18.61712593,19.37018825,18.81790526,18.11926606,17.2377523,16.94183537,16.86811331,17.3235542,15.96324611,14.23571396,14.30281135,14.19396138,13.81341629,15.66818304,16.48553445,15.60074347,17.30649997,17.88793532,19.11334707,20.98884824,19.52491938,17.94678765
Faroe Islands,FRO,Fossil fuel energy consumption (% of total),EG.USE.COMM.FO.ZS,..,..,..,..,..,..,..,..,..,..,..,..,..,..,..,..,..,..,..,..,..,..,..
Faroe Islands,FRO,Population density (people per sq. km of land area),EN.POP.DNST,32.77507163,33.40616046,33.90759312,34.40687679,34.65902579,34.64111748,34.6239255,34.65472779,34.77578797,34.95057307,34.85458453,34.77292264,34.59240688,34.56017192,34.69054441,35.02936963,35.43266476,35.94555874,36.53008596,37.10100287,38.48243045,38.90875912,39.36277372
Fiji,FJI,Carbon dioxide (CO2) emissions excluding LULUCF per capita (t CO2e/capita),EN.GHG.CO2.PC.CE.AR5,1.736929918,1.8621792,1.523922293,1.755886624,2.262896773,1.961062083,2.089367844,1.919735541,1.429268795,1.171576619,1.862768681,1.363433732,1.316402126,1.497786877,1.699025158,1.759676369,1.731787294,1.904525561,2.011709806,2.096515572,2.114621028,2.212365729,2.326026569
Fiji,FJI,GDP per capita (constant 2015 US$),NY.GDP.PCAP.KD,3960.889031,3998.797292,4086.104341,4087.724491,4264.597238,4255.450974,4295.406797,4223.448006,4240.772657,4164.293148,4272.359151,4375.580854,4427.978445,4630.351265,4883.243004,5097.531069,5218.858234,5500.678402,5720.214472,5701.104353,4729.381311,4489.960608,5362.786808
Fiji,FJI,Energy use (kg of oil equivalent per capita),EG.USE.PCAP.KG.OE,..,..,..,..,761.6947594,655.0473209,627.8324058,583.6281175,..,..,..,..,..,..,..,..,..,..,..,..,..,..,..
Fiji,FJI,Urban population (% of total population),SP.URB.TOTL.IN.ZS,47.908,48.3,48.692,49.085,49.479,49.871,50.264,50.657,51.146,51.658,52.171,52.683,53.196,53.706,54.216,54.726,55.235,55.742,56.248,56.75,57.247,57.74,58.229
Fiji,FJI,Trade (% of GDP),NE.TRD.GNFS.ZS,135.8956415,129.9973418,126.0525791,128.9759699,125.1219876,117.7400794,118.0483317,110.3895149,130.997848,108.8691174,121.2279034,124.4761256,125.2857917,126.3483867,110.8123061,101.189049,97.17449058,97.02166253,103.2354199,107.4114641,72.34357578,81.7252086,117.5065596
Fiji,FJI,Renewable energy consumption (% of total final energy consumption),EG.FEC.RNEW.ZS,50.1,40.4,49,40.8,35.7,40,39.1,36,42.1,41.6,28,33.4,33.3,32.8,33.2,32.7,27.7,28.6,25.8,26.5,31.8,29.7,28.4
Fiji,FJI,"Industry (including construction), value added (% of GDP)",NV.IND.TOTL.ZS,19.58735269,20.62434875,19.90060361,18.65582867,19.76162877,16.45092857,16.1619036,15.4808294,16.08609369,16.67781186,16.9725804,17.41334029,16.72296805,16.33721435,15.01276575,15.17127027,16.20268603,15.69404877,15.53731824,15.81866294,17.18899588,16.67328873,15.70713092
Fiji,FJI,Fossil fuel energy consumption (% of total),EG.USE.COMM.FO.ZS,..,..,..,..,0,0,0,0,..,..,..,..,..,..,..,..,..,..,..,..,..,..,..
Fiji,FJI,Population density (people per sq. km of land area),EN.POP.DNST,46.02676519,46.50224412,46.96491516,47.41576355,47.85801861,48.29660646,48.73371648,49.14241927,49.44712644,49.65730706,49.83136289,49.97203065,50.07761357,50.1561029,50.22359059,50.27794198,50.31012589,50.28784893,50.2014231,50.07657362,50.08007663,50.1757526,50.32413793
Finland,FIN,Carbon dioxide (CO2) emissions excluding LULUCF per capita (t CO2e/capita),EN.GHG.CO2.PC.CE.AR5,11.11338433,12.25354703,12.63731594,14.21254576,13.47495836,11.10176024,13.26362426,12.8697492,11.25902647,10.69055611,11.6625526305,9.949060893416666,8.616981724716666,8.45650795815,7.543301805833332,6.746625912545833,6.88273467365,6.238461172108333,6.163500301616667,5.4959847731250004,4.698590673358333,4.477890671358333,3.9042127704
Finland,FIN,GDP per capita (constant 2015 US$),NY.GDP.PCAP.KD,37872.60203,38784.13081,39343.0699,40038.98397,41521.96287,42529.35069,44069.39588,46213.6899,46359.87328,42412.51335,43556.53858,44391.45357,43507.93454,42883.6385,42502.48802,42560.34568,43529.67616,44862.2204,45337.24096,45898.57084,44690.98011,45792.04542,46016.14921
Finland,FIN,Energy use (kg of oil equivalent per capita),EG.USE.PCAP.KG.OE,6257.219121,6405.852723,6722.826136,7072.179141,7128.995671,6555.776473,7106.709789,6968.911345,6654.453631,6255.050516,6812.601995,6522.938693,6265.772289,6138.314056,6246.041536,5921.596817,6120.633015,6070.157508,6165.444024,6024.653666,5739.254453,5996.892993,5683.951022
Finland,FIN,Urban population (% of total population),SP.URB.TOTL.IN.ZS,82.183,82.368,82.503,82.638,82.772,82.905,83.037,83.168,83.299,83.429,83.77,84.313,84.841,85.125,85.175,85.225,85.275,85.325,85.382,85.446,85.517,85.596,85.681
Finland,FIN,Trade (% of GDP),NE.TRD.GNFS.ZS,74.92557887,70.28413766,69.32093775,68.07150296,70.9678029,76.58897404,82.00056693,82.86316082,86.18965988,70.12793353,75.46120852,78.71594445,79.43037659,77.48517177,74.62777198,71.96182538,71.72221012,75.93878223,79.14361484,80.56415029,72.1845956,79.78927819,94.56253405
Finland,FIN,Renewable energy consumption (% of total final energy consumption),EG.FEC.RNEW.ZS,31.7,29.2,29.5,28.4,31.1,31.5,31.2,31.8,34.6,32.5,33.4,35.1,38.7,38.5,41.2,43.2,42.4,44.4,44.2,45.4,47.3,50.2,..
Finland,FIN,"Industry (including construction), value added (% of GDP)",NV.IND.TOTL.ZS,31.60295045,30.9494997,30.1192401,29.53583717,29.37615361,29.25558403,30.24742423,30.67214088,29.56505176,25.66209041,26.18537633,25.03908325,23.35885177,23.29813216,23.06186393,23.30393164,23.47659202,24.47064164,24.110735,24.14660529,24.22722062,24.232606,25.18082928
Finland,FIN,Fossil fuel energy consumption (% of total),EG.USE.COMM.FO.ZS,49.82626963,50.37191986,51.39080419,54.45969868,53.37867357,49.23233723,51.74354364,49.86347798,47.82417643,48.5816044,48.91594198,47.09451086,43.10203468,42.47334441,41.96179755,40.22905463,0,0,0,0,0,0,0
Finland,FIN,Population density (people per sq. km of land area),EN.POP.DNST,16.99402147,17.03275879,17.07409304,17.11485604,17.16462129,17.22346761,17.31698399,17.39195633,17.48403751,17.56785456,17.64841066,17.73099477,17.81556155,17.89783145,17.97200303,18.03011089,18.08200783,18.12389445,18.14795012,18.16736091,18.19287688,18.23016591,18.27980932
France,FRA,Carbon dioxide (CO2) emissions excluding LULUCF per capita (t CO2e/capita),EN.GHG.CO2.PC.CE.AR5,6.586014752,6.605518052,6.469774175,6.503510731,6.473179928,6.460273551,6.246640528,6.096412994,5.949567532,5.723942206,5.518879302299999,5.134192248466666,4.972363747075,4.71766213845,4.123029121666666,4.02365542115,3.8999406423499994,3.7821712173583335,3.50691041445,3.2930457003124998,2.798107370691666,2.9623099881916666,2.736717828
France,FRA,GDP per capita (constant 2015 US$),NY.GDP.PCAP.KD,33255.13796,33640.6738,33753.5783,33840.61757,34557.14711,34946.03725,35645.41624,36322.16851,36257.36589,35052.85108,35578.1968,36269.95615,36161.29183,36256.08668,36444.39491,36702.43237,36920.53428,37580.59793,38062.4436,38705.20729,35709.20459,38030.85717,38881.22306
France,FRA,Energy use (kg of oil equivalent per capita),EG.USE.PCAP.KG.OE,4130.172701,4240.43327,4220.320249,4296.546493,4327.203973,4313.6963,4214.292346,4142.178191,4137.7199,3938.38638,4040.439187,3951.004504,3929.206016,3925.865459,3755.832442,3799.192605,3718.170534,3705.411116,3669.37066,3605.5319,3228.489157,3469.833986,3105.630063
France,FRA,Urban population (% of total population),SP.URB.TOTL.IN.ZS,75.871,76.127,76.38,76.632,76.883,77.13,77.377,77.621,77.868,78.117,78.369,78.622,78.878,79.135,79.394,79.655,79.917,80.18,80.444,80.709,80.975,81.242,81.509
France,FRA,Trade (% of GDP),NE.TRD.GNFS.ZS,57.78604703,56.89323286,55.13252485,52.59888229,53.74976483,55.82283612,57.86927753,58.15256113,59.17979284,52.1991123,56.58755525,60.60563548,61.65895708,61.81923387,62.19926694,63.5046872,63.34275644,65.39584816,66.80226078,66.42897717,58.83889072,63.78848263,75.79014361
France,FRA,Renewable energy consumption (% of total final energy consumption),EG.FEC.RNEW.ZS,9.3,9.4,8.7,8.8,8.9,8.6,8.5,9.4,10.5,11.2,11.9,10.6,12.3,13.4,13.2,13.3,14.2,14.1,15.2,15.5,16.8,16.2,..
France,FRA,"Industry (including construction), value added (% of GDP)",NV.IND.TOTL.ZS,21.12868305,20.76402473,20.36410754,19.92327867,19.66869203,19.35523085,19.01889188,18.89889463,18.6335204,18.01982416,17.5945885,17.68000487,17.46843477,17.56999392,17.34161953,17.23644155,16.94335724,16.74830326,16.72528326,16.90700396,16.27265121,16.08772896,16.19809184
France,FRA,Fossil fuel energy consumption (% of total),EG.USE.COMM.FO.ZS,52.86841733,53.46468988,52.87207189,52.37588247,52.10432434,51.97412724,51.57830293,51.35242741,50.50994186,50.53027919,49.54638207,47.39794545,47.85915361,47.40244085,45.03521217,45.17655074,0,0,0,0,0,0,0
France,FRA,Population density (people per sq. km of land area),EN.POP.DNST,113.0321199,113.8591279,114.6899378,115.5020967,116.3514018,117.2295278,118.048691,118.7807589,119.4454328,120.0601837,120.6535133,121.2372762,121.8251396,122.4565025,123.0393673,123.4776361,123.8038853,124.1636887,124.6096076,125.024698,125.4311346,125.8796011,126.2918916
French Polynesia,PYF,Carbon dioxide (CO2) emissions excluding LULUCF per capita (t CO2e/capita),EN.GHG.CO2.PC.CE.AR5,2.98955217,3.444532297,3.588336192,3.71090102,3.45349574,3.625721079,3.362928012,3.558051029,3.6128013,3.465179363,3.656589548,3.521181186,3.384672848,3.61594013,3.556969033,3.617930945,3.608808717,3.58852785,3.754266212,3.884831239,3.938984775,4.121990622,4.341638788
French Polynesia,PYF,GDP per capita (constant 2015 US$),NY.GDP.PCAP.KD,22498.82855,22076.59192,21932.91953,22055.64197,21919.94106,21661.42447,21545.59971,21648.53224,21493.41783,20499.7723,19913.02527,19241.6438,18968.44222,18930.12689,18928.18586,19166.95948,19516.07184,20287.76858,20687.48996,21305.52116,19790.86863,20163.2925,21019.83748
French Polynesia,PYF,Energy use (kg of oil equivalent per capita),EG.USE.PCAP.KG.OE,..,..,..,..,..,..,..,..,..,..,..,..,..,..,..,..,..,..,..,..,..,..,..
French Polynesia,PYF,Urban population (% of total population),SP.URB.TOTL.IN.ZS,56.047,55.967,55.888,56.242,56.831,57.417,58.002,58.585,59.166,59.742,60.317,60.889,61.459,61.583,61.633,61.683,61.734,61.784,61.834,61.897,61.975,62.066,62.17
French Polynesia,PYF,Trade (% of GDP),NE.TRD.GNFS.ZS,27.94473112,..,..,..,..,58.87573964,56.61325748,57.45546809,58.03964777,51.67507771,54.04388211,56.23198542,57.88068198,56.06196756,56.23245789,55.63046864,53.61649494,54.5776905,65.01466285,63.3061124,45.83318344,51.63760842,67.23096626
French Polynesia,PYF,Renewable energy consumption (% of total final energy consumption),EG.FEC.RNEW.ZS,8.8,6.7,6.2,7.2,7.7,8,10.1,9.8,9.3,9.3,7.5,6.9,6.6,6.5,7.4,7.8,8.1,8.1,7.7,7.7,8.2,7.4,7
French Polynesia,PYF,"Industry (including construction), value added (% of GDP)",NV.IND.TOTL.ZS,..,..,..,..,..,11.37655284,10.4789642,10.9597416,11.41060601,11.7732055,11.09865901,10.66556864,10.81710811,10.61847624,10.79462685,10.82484305,10.66791761,10.35483897,10.28754674,10.68346243,10.64612338,..,..
French Polynesia,PYF,Fossil fuel energy consumption (% of total),EG.USE.COMM.FO.ZS,..,..,..,..,..,..,..,..,..,..,..,..,..,..,..,..,..,..,..,..,..,..,..
French Polynesia,PYF,Population density (people per sq. km of land area),EN.POP.DNST,69.24142898,70.32469029,71.38432728,72.49697494,73.65427831,74.76433305,75.83491789,76.76116393,77.32036877,77.63785653,77.95447998,78.2849323,78.67588591,79.14952463,79.62748487,80.05358686,80.43157591,80.6934601,80.61509651,80.39008931,80.44050706,80.60847018,80.77729761
Gabon,GAB,Carbon dioxide (CO2) emissions excluding LULUCF per capita (t CO2e/capita),EN.GHG.CO2.PC.CE.AR5,5.17689319,5.14711104,4.811264297,5.311245343,4.660071792,4.367011845,3.78330572,3.325264725,3.43366466,3.279034832,3.463790185,3.265459586,3.188659416,3.176378773,3.16725797,3.155382023,3.094787141,2.608697668,2.376557077,2.398414962,2.286118769,2.161674777,2.219482324
Gabon,GAB,GDP per capita (constant 2015 US$),NY.GDP.PCAP.KD,7596.099707,7556.769953,7338.756206,7301.671544,7148.987134,7130.225058,6724.08149,6908.673992,6468.385234,6264.836115,6481.496121,6699.233946,6803.226681,6938.257539,6998.605454,7047.126546,6991.325145,6840.059593,6724.596143,6817.568795,6534.279665,6479.049007,6527.482079
Gabon,GAB,Energy use (kg of oil equivalent per capita),EG.USE.PCAP.KG.OE,1153.061553,1205.620172,1417.039686,1621.166415,1829.656185,2074.204585,2263.430173,2419.634659,2578.184798,2728.501386,2957.467414,2295.781421,1955.408046,2771.53824,2602.653766,2550.960479,2489.241799,2263.593357,2294.912201,2205.671824,2140.115852,2101.496825,2096.245648
Gabon,GAB,Urban population (% of total population),SP.URB.TOTL.IN.ZS,78.879,79.633,80.368,81.083,81.778,82.452,83.107,83.742,84.359,84.955,85.533,86.092,86.634,87.156,87.651,88.118,88.559,88.976,89.37,89.741,90.092,90.423,90.735
Gabon,GAB,Trade (% of GDP),NE.TRD.GNFS.ZS,101.7019289,83.63861324,84.75908154,80.30260821,81.76753714,83.94959984,88.64940926,85.13247916,88.99887259,83.50457742,89.15766272,90.49837733,92.34280894,90.63503615,73.52032902,73.94978146,70.13338106,75.06874045,77.0365977,73.42808945,70.11405465,85.34831221,92.06308885
Gabon,GAB,Renewable energy consumption (% of total final energy consumption),EG.FEC.RNEW.ZS,72.8,72.4,79.8,83.6,85.8,85.2,86.2,87.3,87.3,87.9,85.8,79.7,75.5,82.2,81.3,81.9,81.5,90.2,90.3,90.2,91.3,91.3,..
Gabon,GAB,"Industry (including construction), value added (% of GDP)",NV.IND.TOTL.ZS,56.2551965,47.71007451,47.3156668,47.0391681,51.5005374,59.92236081,59.46631966,57.22220573,61.74200001,50.44675323,55.19246281,60.88121046,58.82460162,56.60861688,52.72224165,48.1836273,45.0378509,45.46730899,47.12708562,47.67886409,41.6943815,50.0677458,55.65909646
Gabon,GAB,Fossil fuel energy consumption (% of total),EG.USE.COMM.FO.ZS,32.42682719,35.17782244,28.07278123,23.57226365,20.95437634,20.16241968,18.50843982,18.19578951,17.08036487,16.42798052,18.88620123,26.23713986,30.8224882,22.02873271,22.46019272,6.488200324,0,0,0,0,0,0,0
Gabon,GAB,Population density (people per sq. km of land area),EN.POP.DNST,4.950409438,5.082427135,5.220378779,5.3648077,5.517169247,5.679726006,5.853754803,6.039651492,6.237338456,6.448387472,6.674735126,6.91576435,7.167652424,7.424453759,7.678033919,7.920941514,8.151146816,8.370784337,8.58585788,8.800814996,9.013618194,9.223898785,9.433566189
"Gambia, The",GMB,Carbon dioxide (CO2) emissions excluding LULUCF per capita (t CO2e/capita),EN.GHG.CO2.PC.CE.AR5,0.184319256,0.198058743,0.200365829,0.198147706,0.201071725,0.198735841,0.21600035,0.218544389,0.215804147,0.232497,0.229779459,0.235761555,0.220401019,0.214752213,0.223974927,0.226699674,0.222614459,0.218727011,0.215491375,0.227690484,0.233450847,0.231947857,0.236718036
"Gambia, The",GMB,GDP per capita (constant 2015 US$),NY.GDP.PCAP.KD,659.9112376,679.5397559,640.0389321,665.8342223,693.5633145,658.6762854,636.5960269,637.209306,657.6756792,681.4334691,701.0145246,625.4643603,639.1398819,638.5223685,611.879473,619.5363643,615.1933655,628.7772993,658.1278333,682.7976429,670.7586429,689.4932396,710.6869794
"Gambia, The",GMB,Energy use (kg of oil equivalent per capita),EG.USE.PCAP.KG.OE,..,..,..,..,66.61271859,64.78560464,66.46164609,75.32107733,..,..,..,..,..,..,..,..,..,..,..,..,..,..,..
"Gambia, The",GMB,Urban population (% of total population),SP.URB.TOTL.IN.ZS,47.868,48.775,49.683,50.555,51.288,52.02,52.751,53.481,54.211,54.937,55.662,56.384,57.105,57.82,58.528,59.228,59.918,60.599,61.27,61.931,62.582,63.222,63.852
"Gambia, The",GMB,Trade (% of GDP),NE.TRD.GNFS.ZS,56.35981989,46.92926319,59.64295092,68.85879303,49.93429956,50.0187234,50.37446858,44.29384447,39.08909946,41.77739443,41.01251503,42.63970205,47.70067311,45.46191936,58.25793078,44.52237308,38.11408796,55.73357961,64.812464,55.99791162,47.39552017,42.0979828,44.72192155
"Gambia, The",GMB,Renewable energy consumption (% of total final energy consumption),EG.FEC.RNEW.ZS,62.9,59.6,61,62.4,61.2,61.7,60.2,57.3,56.3,53.9,56.6,56.2,57,59.3,53.2,49,48.6,48,48.1,47.4,49.8,48.6,47.7
"Gambia, The",GMB,"Industry (including construction), value added (% of GDP)",NV.IND.TOTL.ZS,14.82267336,14.76682464,15.80697677,14.84902505,11.45166445,11.4940796,12.12389238,11.87953997,11.16205075,10.21100755,9.828166236,11.51266032,11.95836884,11.89469631,13.21483428,17.14345306,20.93559296,17.89275502,17.3104258,17.28260083,16.85368539,15.88212315,15.58896953
"Gambia, The",GMB,Fossil fuel energy consumption (% of total),EG.USE.COMM.FO.ZS,..,..,..,..,0,0,0,0,..,..,..,..,..,..,..,..,..,..,..,..,..,..,..
"Gambia, The",GMB,Population density (people per sq. km of land area),EN.POP.DNST,143.783004,147.7283597,151.7481225,155.890415,160.2086957,164.7269763,169.4935771,174.4835968,179.6296443,184.9231225,190.3784585,196.026087,201.8867589,207.8873518,213.886166,219.8151186,225.6688735,231.4416008,237.1177866,242.7711462,248.5902174,254.5464427,260.520751
Georgia,GEO,Carbon dioxide (CO2) emissions excluding LULUCF per capita (t CO2e/capita),EN.GHG.CO2.PC.CE.AR5,1.278374426,0.96620319,0.9028997,1.000800661,1.09718028,1.275577077,1.463889699,1.708401573,1.475841306,1.696064329,1.661712919,2.018559589,2.218176318,2.460117471,2.644825233,2.857640615,2.957366925,2.99597318,2.987885038,3.204108639,3.101579599,3.275405071,3.403068874
Georgia,GEO,GDP per capita (constant 2015 US$),NY.GDP.PCAP.KD,1561.198676,1661.830191,1768.597012,1977.461433,2105.004728,2321.600843,2554.812535,2891.137023,2970.158583,2887.256079,3090.065137,3362.103003,3609.780799,3806.506006,3960.350801,4086.622347,4225.091549,4442.507441,4713.653548,4975.811482,4659.609253,5175.198652,5736.304496
Georgia,GEO,Energy use (kg of oil equivalent per capita),EG.USE.PCAP.KG.OE,703.7906883,640.3676242,639.4694306,684.6365773,708.0526136,727.9456481,781.3440208,865.6881246,780.7884909,811.6048838,824.6050831,943.6420901,993.8477224,1118.866167,1193.781898,1259.159979,1300.498944,1312.786103,1301.877288,1371.179347,1327.386445,1425.967856,1543.5838
Georgia,GEO,Urban population (% of total population),SP.URB.TOTL.IN.ZS,52.638,52.398,52.441,52.83,53.218,53.605,53.992,54.379,54.765,55.15,55.535,55.919,56.303,56.685,57.067,57.448,57.837,58.231,58.632,59.039,59.453,59.872,60.297
Georgia,GEO,Trade (% of GDP),NE.TRD.GNFS.ZS,62.66139564,63.32992508,71.62912554,77.63337654,79.04074591,84.52959754,89.12537437,88.39341407,86.29822437,78.19303903,81.67338706,85.46593509,89.73488009,93.81391379,94.95069794,97.01631151,94.92625284,102.5842777,109.8477406,117.8100802,92.89108418,101.6009075,114.6954377
Georgia,GEO,Renewable energy consumption (% of total final energy consumption),EG.FEC.RNEW.ZS,47.2,53.1,56.8,55.3,54.5,41.5,37.2,36.2,36.3,36.7,39.1,31.5,28.7,32.4,30.7,27.5,27.2,27.5,27.4,24.7,23.4,25.2,..
Georgia,GEO,"Industry (including construction), value added (% of GDP)",NV.IND.TOTL.ZS,20.99750128,20.53640995,22.7373927,24.08542637,24.17576825,23.7580566,21.71444318,20.90056374,18.94374282,18.92638719,16.87791052,17.68003678,18.84674445,18.03372091,18.1712887,19.7698929,19.12216015,21.26748936,20.90427646,20.0073714,21.07095523,21.06756126,21.32977971
Georgia,GEO,Fossil fuel energy consumption (% of total),EG.USE.COMM.FO.ZS,59.00642523,55.0847258,49.58558231,52.14054448,53.76825753,64.40764755,70.39997715,70.68300537,66.78333044,66.98766944,64.69847622,72.75749503,74.45474731,64.58937099,71.39239354,73.9831017,0,0,0,0,0,0,0
Georgia,GEO,Population density (people per sq. km of land area),EN.POP.DNST,71.33088981,70.23291578,69.60556702,69.13705868,68.71024179,68.27511459,67.88808216,67.53486826,67.33001505,66.73464782,66.24960635,65.72030162,65.23800693,65.04195388,65.07250079,65.17505861,65.21405578,65.22278596,65.19733021,65.08556982,65.13027048,64.88348088,64.95157283
Germany,DEU,Carbon dioxide (CO2) emissions excluding LULUCF per capita (t CO2e/capita),EN.GHG.CO2.PC.CE.AR5,10.60357268,10.75675904,10.55070286,10.6413651,10.46732729,10.21104889,10.3895651,10.05262029,10.11270392,9.383778408,9.4722249906,9.045420876645833,8.874609589066665,8.751439334625,8.018430936666666,7.7317714487625,7.432156493149999,6.9925376575625,6.459184294033333,5.76695465225,5.086687945,5.125862067658333,4.7220834726
Germany,DEU,GDP per capita (constant 2015 US$),NY.GDP.PCAP.KD,35087.08916,35601.36283,35460.41214,35252.97451,35670.48702,36006.85781,37437.39188,38570.91464,38996.14341,36927.19203,38517.43979,40712.65773,40829.03489,40875.02629,41588.07638,41911.01099,42528.06371,43520.18643,43874.0131,44207.63206,42362.64721,43898.77132,44180.42984
Germany,DEU,Energy use (kg of oil equivalent per capita),EG.USE.PCAP.KG.OE,4094.279015,4210.000801,4108.617295,4096.477943,4131.610837,4109.880586,4235.938766,4023.739359,4081.879987,3821.625006,4029.830858,3891.871754,3913.439204,3986.185052,3794.447203,3780.850276,3765.217999,3763.194042,3659.229245,3570.881593,3349.199314,3467.03057,3237.716066
Germany,DEU,Urban population (% of total population),SP.URB.TOTL.IN.ZS,74.965,75.17,75.374,75.577,75.779,75.98,76.179,76.378,76.575,76.771,76.966,77.16,77.17,77.18,77.19,77.2,77.224,77.261,77.312,77.376,77.453,77.544,77.648
Germany,DEU,Trade (% of GDP),NE.TRD.GNFS.ZS,59.1955993,59.55928637,58.33256872,58.91454429,62.90649095,66.95310249,72.75919346,74.88384168,76.10141021,66.11526853,73.86264077,78.40731346,79.30048779,77.56438157,76.83033127,77.79135676,75.98458751,77.56663695,79.22765969,79.13374711,72.99325723,80.15661805,89.06412737
Germany,DEU,Renewable energy consumption (% of total final energy consumption),EG.FEC.RNEW.ZS,3.7,3.9,4.4,5.4,6.3,7.3,8.6,10.5,10.2,10.7,11.6,12.5,13.6,13.6,14,14.6,14.2,15.2,16,17.1,18.5,17.6,..
Germany,DEU,"Industry (including construction), value added (% of GDP)",NV.IND.TOTL.ZS,27.25364612,26.57854823,25.79838623,25.62073536,25.83862471,25.6870805,26.26004666,26.45970844,26.06009237,23.87310762,26.06312546,26.31240879,26.57610753,25.90779415,26.01463233,25.91528527,26.2157748,26.11757042,25.9385392,25.63105395,25.37746187,25.30665368,25.68688746
Germany,DEU,Fossil fuel energy consumption (% of total),EG.USE.COMM.FO.ZS,83.61750929,83.60096766,83.27377873,82.93916015,82.22187933,81.39007763,80.67165831,80.5058881,79.91048689,79.31620248,78.91374352,79.91474485,79.87342822,80.13918693,79.39572885,79.628037,0,0,0,0,0,0,0
Germany,DEU,Population density (people per sq. km of land area),EN.POP.DNST,235.5968133,236.0273001,236.4515708,236.6164273,236.5921954,236.4646806,236.2251979,235.9433619,235.5221782,234.9396374,234.6069082,230.3046333,230.7506255,231.1557126,232.1080539,234.1529869,235.7129294,236.5887226,237.2940123,237.8229543,238.0173188,238.1180858,239.861418
Ghana,GHA,Carbon dioxide (CO2) emissions excluding LULUCF per capita (t CO2e/capita),EN.GHG.CO2.PC.CE.AR5,0.309918676,0.325937299,0.373937716,0.341794658,0.310979849,0.320172826,0.378521453,0.38961134,0.360677092,0.404107943,0.441534925,0.464903586,0.547619258,0.568282711,0.53483768,0.55019733,0.551610938,0.565312579,0.624474808,0.646259815,0.694591466,0.769081388,0.747792885
Ghana,GHA,GDP per capita (constant 2015 US$),NY.GDP.PCAP.KD,1022.275207,1035.226661,1052.465916,1077.699909,1108.304754,1143.311789,1185.265707,1205.317058,1282.634169,1311.630538,1381.22795,1537.81834,1640.540721,1718.597048,1726.369301,1722.772828,1740.811019,1841.446362,1915.453232,1999.553722,1970.194115,2030.048665,2067.208959
Ghana,GHA,Energy use (kg of oil equivalent per capita),EG.USE.PCAP.KG.OE,322.1273346,313.1657284,303.7453651,281.2178264,270.1921039,261.8933684,275.0728431,264.0710171,275.174724,274.0198814,296.0995898,303.4874923,329.3251114,323.6711495,321.3547009,329.3104134,327.9003763,321.6899812,350.4731743,354.2488434,367.1611029,361.9449789,359.1793791
Ghana,GHA,Urban population (% of total population),SP.URB.TOTL.IN.ZS,43.929,44.601,45.275,45.951,46.63,47.308,47.988,48.669,49.351,50.031,50.713,51.394,52.073,52.748,53.419,54.086,54.749,55.407,56.06,56.707,57.349,57.985,58.615
Ghana,GHA,Trade (% of GDP),NE.TRD.GNFS.ZS,116.0484302,110.0458542,97.48924317,97.28714571,99.67033435,98.17151411,64.51905424,65.35432229,69.51422561,71.59473853,75.37781579,86.29545385,93.16803513,60.7593219,63.83656244,76.52127092,67.87699944,70.54836529,67.95851746,76.82480273,66.57549872,62.70783091,70.1154558
Ghana,GHA,Renewable energy consumption (% of total final energy consumption),EG.FEC.RNEW.ZS,71.6,69.3,65.7,64.5,62.4,61.4,58.6,54.5,57.3,51.9,51.9,50.1,46.5,46.2,47.7,44,45.2,45.3,42.1,42.6,40,39,..
Ghana,GHA,"Industry (including construction), value added (% of GDP)",NV.IND.TOTL.ZS,25.40392229,25.21597974,25.27567435,25.2099151,24.71675627,25.12543594,19.38209477,19.49280657,19.39956455,18.51409213,18.01494281,23.86366009,27.13653359,34.08982221,33.89820305,31.1193795,27.69325465,29.95221769,31.17774363,31.10772437,29.87675423,28.40501467,31.47005051
Ghana,GHA,Fossil fuel energy consumption (% of total),EG.USE.COMM.FO.ZS,28.12936395,32.18085034,35.92613321,36.46535694,37.09842644,37.63986896,42.57279499,45.95637355,40.36340809,45.8578931,48.78078839,49.73907036,51.13799502,53.02171787,52.67439064,52.18233724,0,0,0,0,0,0,0
Ghana,GHA,Population density (people per sq. km of land area),EN.POP.DNST,86.30169201,88.63087369,91.10217105,93.59543377,96.10748879,98.66150127,101.260007,103.9038367,106.5744309,109.2672233,111.958315,114.6835194,117.4926079,120.3577085,123.2380768,126.1143887,129.0179397,131.8816648,134.6470291,137.3820281,140.1477124,142.9184558,145.6894253
Gibraltar,GIB,Carbon dioxide (CO2) emissions excluding LULUCF per capita (t CO2e/capita),EN.GHG.CO2.PC.CE.AR5,12.31368869,12.65502404,12.79867773,12.82096626,13.71408671,13.93203717,14.36439819,14.0638539,14.18143557,15.30999578,15.20417307,14.51042325,14.63673546,15.42876539,16.37460763,17.69047691,18.19478282,18.97503285,19.7882596,20.21186679,17.67616731,17.54571599,17.94783164
Gibraltar,GIB,GDP per capita (constant 2015 US$),NY.GDP.PCAP.KD,..,..,..,..,..,..,..,..,..,..,..,..,..,..,..,..,..,..,..,..,..,..,..
Gibraltar,GIB,Energy use (kg of oil equivalent per capita),EG.USE.PCAP.KG.OE,4613.314226,4697.984878,4773.313489,4768.639338,5086.340442,5143.339954,5304.09959,5195.451467,5220.16465,5548.24845,5535.464617,5303.49543,5366.183996,5613.140213,5915.645025,6357.375039,6576.81315,6890.925562,7190.595034,7476.803847,6822.753573,6723.818502,6522.234993
Gibraltar,GIB,Urban population (% of total population),SP.URB.TOTL.IN.ZS,100,100,100,100,100,100,100,100,100,100,100,100,100,100,100,100,100,100,100,100,100,100,100
Gibraltar,GIB,Trade (% of GDP),NE.TRD.GNFS.ZS,..,..,..,..,..,..,..,..,..,..,..,..,..,..,..,..,..,..,..,..,..,..,..
Gibraltar,GIB,Renewable energy consumption (% of total final energy consumption),EG.FEC.RNEW.ZS,0,0,0,0,0,0,0,0,0,0,0,0,0,0,0,0,0,0,0,0,0,0,..
Gibraltar,GIB,"Industry (including construction), value added (% of GDP)",NV.IND.TOTL.ZS,..,..,..,..,..,..,..,..,..,..,..,..,..,..,..,..,..,..,..,..,..,..,..
Gibraltar,GIB,Fossil fuel energy consumption (% of total),EG.USE.COMM.FO.ZS,..,..,..,..,..,..,..,..,..,..,..,..,..,..,..,98.17110071,0,0,0,0,0,0,0
Gibraltar,GIB,Population density (people per sq. km of land area),EN.POP.DNST,2770.9,2765.7,2783.1,2827.4,2871.5,2916.3,2959.4,3000.6,3041.3,3082.3,3124.8,3166,3202.9,3240.7,3281.3,3319.3,3365.8,3424.5,3485.4,3549.4,3617.3,3685.8,3760.9
Greece,GRC,Carbon dioxide (CO2) emissions excluding LULUCF per capita (t CO2e/capita),EN.GHG.CO2.PC.CE.AR5,8.88916405,9.032241553,8.995927544,9.318360882,9.271984724,9.431276834,9.289930766,9.59392307,9.192260477,8.662460857,8.010895449,7.756549609,7.383080017,6.736386559,6.518684152,6.417923565,6.324812864,6.358060524,6.203580734,5.747202232,4.895304516,5.127953308,5.263286487
Greece,GRC,GDP per capita (constant 2015 US$),NY.GDP.PCAP.KD,18002.90646,18742.42358,19548.36774,20632.2557,21688.1051,21880.52658,23220.53244,23973.69361,23923.88007,22878.13466,21547.72418,19448.2558,17924.66205,17644.87666,17903.52524,17980.72982,18049.929,18352.08845,18769.03896,19216.67596,17486.95133,19232.96833,20595.49526
Greece,GRC,Energy use (kg of oil equivalent per capita),EG.USE.PCAP.KG.OE,2512.020039,2583.561281,2603.605623,2672.759822,2717.471004,2758.67496,2748.700869,2737.504718,2749.779263,2654.843234,2487.529189,2413.161298,2408.755765,2133.128359,2128.792317,2148.047079,2109.416567,2148.051564,2089.360442,2058.543384,1839.488189,1924.00172,1957.798721
Greece,GRC,Urban population (% of total population),SP.URB.TOTL.IN.ZS,72.716,72.913,73.303,73.689,74.073,74.452,74.827,75.199,75.568,75.932,76.292,76.649,77.004,77.355,77.702,78.046,78.387,78.724,79.058,79.388,79.715,80.038,80.357
Greece,GRC,Trade (% of GDP),NE.TRD.GNFS.ZS,59.11265775,56.85763396,50.05333719,47.89431216,49.82531767,50.35553344,51.10474658,54.52568182,57.10528363,46.3779594,50.92251731,56.29299629,62.39427898,62.95474631,66.43356826,65.27180114,63.65766259,70.88260667,79.23816361,80.59010089,70.29378645,88.01266274,107.6792079
Greece,GRC,Renewable energy consumption (% of total final energy consumption),EG.FEC.RNEW.ZS,7.8,7.1,7.3,7.6,7.8,8,8.5,8.1,8.3,9.2,11.4,11.4,14.2,16.6,16.4,17.5,16.4,16.4,17.9,18.5,20.1,21.5,..
Greece,GRC,"Industry (including construction), value added (% of GDP)",NV.IND.TOTL.ZS,18.71341353,19.15210077,19.02446094,20.50633797,20.47732778,18.40068844,20.50137781,18.7461472,16.67113821,16.09347998,15.06552779,14.37924098,14.79981911,15.06431528,14.14428257,14.44061439,14.30533599,13.54389389,13.68040764,13.41395724,14.29560219,14.77119778,16.69772345
Greece,GRC,Fossil fuel energy consumption (% of total),EG.USE.COMM.FO.ZS,94.38860362,94.18826351,93.86002664,93.76746509,93.57224002,93.22031345,92.68083939,92.93260865,92.63554712,92.1905329,90.18869805,90.6497139,89.94144827,87.79012479,85.85147637,83.88257694,0,0,0,0,0,0,0
Greece,GRC,Population density (people per sq. km of land area),EN.POP.DNST,83.83093871,84.2678976,84.5773623,84.77944143,84.98945694,85.23905353,85.49543832,85.71352211,85.94135764,86.16770365,86.27882855,86.1512723,85.68666408,85.06757952,84.50281614,83.94788984,83.5994647,83.43428239,83.26518231,83.17751746,82.99921645,81.99539953,80.96882855
Greenland,GRL,Carbon dioxide (CO2) emissions excluding LULUCF per capita (t CO2e/capita),EN.GHG.CO2.PC.CE.AR5,0.023137848,0.024831941,0.024737168,0.024669169,10.77015009,10.87555985,11.18273888,11.05826187,11.44013634,9.921346519,10.934393467,11.199236833958333,8.568224490799999,8.3542614595875,7.240133819166666,7.539510342025,7.251228063699999,6.824722875312499,6.643075165733333,6.4048465985625,6.160889054599999,6.0903217837208325,6.097315613999999
Greenland,GRL,GDP per capita (constant 2015 US$),NY.GDP.PCAP.KD,31623.05915,31914.1711,31483.60748,32787.96804,34961.93561,36681.80559,38828.85249,39896.87536,42527.66685,42899.7442,43481.51611,42994.87909,43655.70047,43338.38392,45545.14294,44536.35497,46561.78314,46597.94525,47012.98604,48170.7897,48169.9407,48709.93398,49679.33654
Greenland,GRL,Energy use (kg of oil equivalent per capita),EG.USE.PCAP.KG.OE,..,..,..,..,..,..,..,..,..,..,..,..,..,..,..,..,..,..,..,..,..,..,..
Greenland,GRL,Urban population (% of total population),SP.URB.TOTL.IN.ZS,81.6,81.849,82.095,82.338,82.58,82.858,83.172,83.482,83.787,84.087,84.383,84.755,85.2,85.551,85.813,86.071,86.326,86.574,86.816,87.052,87.282,87.507,87.727
Greenland,GRL,Trade (% of GDP),NE.TRD.GNFS.ZS,..,..,..,87.29719728,88.15243573,99.70792655,89.69385624,94.96705396,107.3732213,85.75736574,110.4723682,130.5479424,100.9784011,95.91166816,87.08858379,83.10138101,85.83767292,84.20725587,89.77669063,92.19075156,82.65950289,83.68385723,93.36513288
Greenland,GRL,Renewable energy consumption (% of total final energy consumption),EG.FEC.RNEW.ZS,9.2,8.7,9.5,9.5,6.7,7,7.1,6.9,6.9,8.8,10.1,10.2,10.1,11.2,12.5,13.1,12.4,11.3,11.4,10.9,11.8,11.6,11.7
Greenland,GRL,"Industry (including construction), value added (% of GDP)",NV.IND.TOTL.ZS,..,..,..,14.63295873,15.71066153,16.24433206,16.72221526,16.78410752,18.21720942,17.98227505,18.08424492,18.06051859,18.91178514,18.13322723,15.6961946,17.04671163,17.68740706,17.01055293,18.21300677,17.14222827,20.65522837,18.98092925,19.51188896
Greenland,GRL,Fossil fuel energy consumption (% of total),EG.USE.COMM.FO.ZS,..,..,..,..,..,..,..,..,..,..,..,..,..,..,..,..,..,..,..,..,..,..,..
Greenland,GRL,Population density (people per sq. km of land area),EN.POP.DNST,0.136886344,0.137358996,0.137885248,0.138265319,0.138623462,0.138713607,0.138323791,0.137787794,0.137234742,0.137222561,0.137736631,0.138603971,0.138409063,0.137612377,0.137154343,0.136713363,0.136888781,0.136854672,0.136491656,0.136983798,0.13732976,0.138026556,0.138046047
Grenada,GRD,Carbon dioxide (CO2) emissions excluding LULUCF per capita (t CO2e/capita),EN.GHG.CO2.PC.CE.AR5,0.533266326,0.538953763,0.583926792,0.639212373,0.605545036,0.648841745,0.737276978,0.816127106,0.889121339,0.953673576,1.063753517,0.819957352,0.84238528,1.079418788,0.962920128,1.020265792,1.106575176,1.107954053,1.130597886,1.295039705,1.047781951,1.155217332,1.157270791
Grenada,GRD,GDP per capita (constant 2015 US$),NY.GDP.PCAP.KD,6677.126523,6509.516603,6707.368735,7309.785471,7233.294944,8162.912321,7808.243583,8257.362257,8307.492215,7733.129906,7670.711658,7695.37616,7559.562848,7688.752977,8206.628621,8694.12438,8983.683973,9357.407289,9744.169196,9785.560402,8413.283355,8781.462485,9406.193376
Grenada,GRD,Energy use (kg of oil equivalent per capita),EG.USE.PCAP.KG.OE,..,..,..,..,676.893243,719.9227222,735.4610251,732.8857603,..,..,..,..,..,..,..,..,..,..,..,..,..,..,..
Grenada,GRD,Urban population (% of total population),SP.URB.TOTL.IN.ZS,35.698,35.919,35.913,35.907,35.901,35.895,35.889,35.883,35.877,35.871,35.865,35.859,35.869,35.896,35.938,35.997,36.072,36.164,36.272,36.396,36.537,36.694,36.868
Grenada,GRD,Trade (% of GDP),NE.TRD.GNFS.ZS,..,..,..,..,..,..,..,..,..,..,..,..,..,..,..,..,..,..,..,..,..,..,..
Grenada,GRD,Renewable energy consumption (% of total final energy consumption),EG.FEC.RNEW.ZS,10.5,10.4,10.5,10.4,10.6,10.6,10.4,9.9,10.8,10.5,10.8,11.4,11.5,10.8,11,10.5,10.4,10.2,10.7,10.4,10.3,10.2,10
Grenada,GRD,"Industry (including construction), value added (% of GDP)",NV.IND.TOTL.ZS,17.90951883,16.51185707,16.61715595,17.00871384,16.71183384,22.84784878,19.42265002,18.8185413,17.5549887,14.72587018,14.7093297,13.34303667,12.3180286,13.39782952,12.81043786,12.32428898,12.15518956,12.71587675,13.43317702,13.64176034,13.09416053,14.54795551,16.08544791
Grenada,GRD,Fossil fuel energy consumption (% of total),EG.USE.COMM.FO.ZS,..,..,..,..,0,0,0,0,..,..,..,..,..,..,..,..,..,..,..,..,..,..,..
Grenada,GRD,Population density (people per sq. km of land area),EN.POP.DNST,316.0323529,317.6088235,318.8352941,320.2470588,321.5382353,322.7470588,323.9264706,325.0647059,326.1647059,327.2176471,328.1941176,329.6441176,331.6911765,333.7852941,335.6823529,337.2823529,338.6176471,339.5235294,340.2676471,341.1205882,342.1794118,343.2,343.8617647
Guam,GUM,Carbon dioxide (CO2) emissions excluding LULUCF per capita (t CO2e/capita),EN.GHG.CO2.PC.CE.AR5,0.001874239,0.001859554,0.001848258,0.001838945,0.00183139,0.001825206,0.001213305,0.001815244,0.001810577,0.001805347,0.0017114858,0.0016587311541666667,0.0016082394249999998,0.0015590541375,0.0010071341666666666,0.0009753094166666668,0.001415671575,0.0013685855208333333,0.0013216207666666667,0.001699545375,0.0016239305833333332,0.0015370831083333333,0.0014529605999999999
Guam,GUM,GDP per capita (constant 2015 US$),NY.GDP.PCAP.KD,..,..,29576.22168,29685.95317,31483.81419,32520.37296,31242.4629,31385.04752,31941.2706,31988.72294,32644.14841,32665.37875,33404.93176,34044.31904,34755.26911,35165.70146,35373.84831,35850.90255,35731.22037,36830.12644,32884.88526,33239.48463,34627.98628
Guam,GUM,Energy use (kg of oil equivalent per capita),EG.USE.PCAP.KG.OE,..,..,..,..,..,..,..,..,..,..,..,..,..,..,..,..,..,..,..,..,..,..,..
Guam,GUM,Urban population (% of total population),SP.URB.TOTL.IN.ZS,93.129,93.233,93.334,93.435,93.534,93.631,93.727,93.822,93.916,94.008,94.099,94.188,94.277,94.364,94.449,94.534,94.617,94.699,94.78,94.859,94.938,95.015,95.091
Guam,GUM,Trade (% of GDP),NE.TRD.GNFS.ZS,..,..,68.88626989,64.023536,68.00206772,66.43721813,72.77017461,79.46327041,78.27393731,72.01739851,72.0347545,77.78892456,76.75213675,79.5332469,78.3600713,71.33988619,70.41179461,69.26658906,72.96314659,78.06451613,63.67478026,61.83830606,71.86685962
Guam,GUM,Renewable energy consumption (% of total final energy consumption),EG.FEC.RNEW.ZS,0.4,0.4,0.4,0.5,0.5,0.4,0.4,0.4,0.4,0.5,0.5,0.5,0.5,0.6,0.7,2.3,4.4,3.9,4.5,4.5,4.6,4.5,6.7
Guam,GUM,"Industry (including construction), value added (% of GDP)",NV.IND.TOTL.ZS,..,..,..,..,..,..,..,..,..,..,..,..,..,..,..,..,..,..,..,..,..,..,..
Guam,GUM,Fossil fuel energy consumption (% of total),EG.USE.COMM.FO.ZS,..,..,..,..,..,..,..,..,..,..,..,..,..,..,..,..,..,..,..,..,..,..,..
Guam,GUM,Population density (people per sq. km of land area),EN.POP.DNST,296.4166667,298.7574074,300.5833333,302.1055556,303.3518519,304.3796296,305.2574074,306.05,306.8388889,307.7277778,308.3740741,308.412963,308.0203704,307.3444444,306.4555556,305.3796296,304.1351852,302.7592593,301.2574074,299.6444444,300.2925926,303.2037037,305.8888889
Guatemala,GTM,Carbon dioxide (CO2) emissions excluding LULUCF per capita (t CO2e/capita),EN.GHG.CO2.PC.CE.AR5,0.827982374,0.850049401,0.873109677,0.849946854,0.847283469,0.899467734,0.891373596,0.930329826,0.830194155,0.85800744,0.81218683,0.82112605,0.833796841,0.879638887,0.926760289,1.062789453,1.108855254,1.035312995,1.113329615,1.150586218,1.016412379,1.150270049,1.119309596
Guatemala,GTM,GDP per capita (constant 2015 US$),NY.GDP.PCAP.KD,3165.932284,3166.203423,3213.268282,3222.154591,3250.203968,3284.809622,3388.149937,3527.778171,3569.928509,3516.192177,3546.625715,3621.373994,3655.573054,3717.304523,3809.61577,3893.505221,3924.778834,3972.740462,4040.212018,4139.12192,4005.838994,4268.628458,4385.148777
Guatemala,GTM,Energy use (kg of oil equivalent per capita),EG.USE.PCAP.KG.OE,615.9592743,617.5971154,691.7705422,690.1505487,695.8035628,696.5289063,686.7633469,720.4125386,686.7363673,721.3272894,714.0745324,714.3033243,734.0844733,738.9826743,756.2875256,787.2635175,833.5520307,817.6767207,833.8310687,851.5769814,823.7517848,924.2104488,887.8389253
Guatemala,GTM,Urban population (% of total population),SP.URB.TOTL.IN.ZS,45.332,45.668,46.005,46.318,46.616,46.913,47.21,47.508,47.807,48.104,48.403,48.701,49,49.311,49.634,49.971,50.319,50.68,51.054,51.439,51.836,52.245,52.666
Guatemala,GTM,Trade (% of GDP),NE.TRD.GNFS.ZS,49.1455879,70.66903318,67.10481152,67.00233919,70.21487236,67.10369961,67.91192374,69.00136431,65.17873052,58.04068697,63.12519257,65.04705104,61.95941934,56.68522126,55.08327931,49.89345327,46.37273791,46.06942051,47.01168207,45.51674275,41.14076165,49.26115095,54.43104147
Guatemala,GTM,Renewable energy consumption (% of total final energy consumption),EG.FEC.RNEW.ZS,62.7,61.3,63.8,64.3,66.1,65.2,64.7,63.3,66.5,65.3,67.1,67.1,67.4,67.2,66.2,63.3,63.2,65,64,62.8,65.5,62.1,..
Guatemala,GTM,"Industry (including construction), value added (% of GDP)",NV.IND.TOTL.ZS,19.79111628,27.3420735,27.18268952,27.44249661,27.88335509,27.58113724,28.26904536,27.88436382,28.11681614,27.52597452,27.49182654,27.94362123,28.12343712,22.95294893,23.19271673,22.73751097,22.61444118,21.90490965,21.42643238,21.94225744,22.32946337,22.24205143,22.63066127
Guatemala,GTM,Fossil fuel energy consumption (% of total),EG.USE.COMM.FO.ZS,41.31139122,42.05112346,37.89225859,37.02243926,37.41339804,37.7918417,37.26690984,37.56393633,34.4090386,35.65686988,32.15640647,31.89826176,30.86293831,34.58927529,41.65910267,37.13614544,0,0,0,0,0,0,0
Guatemala,GTM,Population density (people per sq. km of land area),EN.POP.DNST,109.1600597,111.6967339,114.2862542,116.8891564,119.5166293,122.1316629,124.7429918,127.3986562,130.0408175,132.6578108,135.3127286,138.0377566,140.8141751,143.5921706,146.3393524,149.045754,151.8174692,154.6039287,157.2012411,159.6099571,161.9757839,164.2277902,166.5535368
Guinea,GIN,Carbon dioxide (CO2) emissions excluding LULUCF per capita (t CO2e/capita),EN.GHG.CO2.PC.CE.AR5,0.174520028,0.183396644,0.194706842,0.201177326,0.201848759,0.189696041,0.198555878,0.200325368,0.209145084,0.216216557,0.242533584,0.25113519,0.232924153,0.205256082,0.207366492,0.241793412,0.265293799,0.259388701,0.255549607,0.264393779,0.26931798,0.267896613,0.270989888
Guinea,GIN,GDP per capita (constant 2015 US$),NY.GDP.PCAP.KD,614.1372351,628.3205549,650.554964,644.0712179,645.1828434,651.3596069,645.4720019,673.6989974,684.7757804,660.7567013,675.7369173,696.1999914,719.5059168,729.8331432,738.2722745,747.3569668,807.236421,867.9075026,899.907328,926.4222195,945.5709034,973.6468901,987.5025015
Guinea,GIN,Energy use (kg of oil equivalent per capita),EG.USE.PCAP.KG.OE,..,..,..,..,..,..,..,..,..,..,..,..,..,..,..,..,..,..,..,..,..,..,..
Guinea,GIN,Urban population (% of total population),SP.URB.TOTL.IN.ZS,30.869,31.144,31.42,31.698,31.977,32.257,32.539,32.822,33.106,33.391,33.678,33.966,34.255,34.545,34.836,35.141,35.46,35.793,36.14,36.5,36.875,37.264,37.668
Guinea,GIN,Trade (% of GDP),NE.TRD.GNFS.ZS,36.67969549,40.18787814,38.02840327,35.07512699,34.59509592,47.93770039,69.38629371,71.12103223,64.18424339,69.81534542,73.54657393,85.95467327,86.67433183,80.42644772,76.7719659,72.44273075,111.8394674,101.2516338,88.98411154,78.41531323,115.7652595,115.1955328,94.16527269
Guinea,GIN,Renewable energy consumption (% of total final energy consumption),EG.FEC.RNEW.ZS,85.5,84.8,84.3,83.5,83.2,81.6,81.1,80.4,80.2,79.2,75.7,74.8,76.4,78.5,78.6,76.2,75.3,72,73.2,68.3,65.8,66.8,66.6
Guinea,GIN,"Industry (including construction), value added (% of GDP)",NV.IND.TOTL.ZS,21.52308969,21.8203987,21.48150293,21.75737154,20.9236441,21.98795386,34.27539594,30.76639579,32.93283757,32.28872632,32.3138373,32.61440056,31.5767583,29.64071392,29.69416485,26.32464161,30.10384329,31.65398693,33.34100143,29.3907987,28.51227427,28.82107123,26.50293007
Guinea,GIN,Fossil fuel energy consumption (% of total),EG.USE.COMM.FO.ZS,..,..,..,..,..,..,..,..,..,..,..,..,..,..,..,..,..,..,..,..,..,..,..
Guinea,GIN,Population density (people per sq. km of land area),EN.POP.DNST,34.30258831,34.75484291,35.30061045,36.10117614,36.88232948,37.62755982,38.4224768,39.32232216,40.28516197,41.2808644,42.3086684,43.36972977,44.44726111,45.54726111,46.69104672,47.88812469,49.13328178,50.40557952,51.70427316,53.04552336,54.41633974,55.79730181,57.19980873
Guinea-Bissau,GNB,Carbon dioxide (CO2) emissions excluding LULUCF per capita (t CO2e/capita),EN.GHG.CO2.PC.CE.AR5,0.164163983,0.166577735,0.172185523,0.198892028,0.199768369,0.199481031,0.206245588,0.211373507,0.196834255,0.203095303,0.201296392,0.199803989,0.196619025,0.196819171,0.196539932,0.201180325,0.204760868,0.159983208,0.157166283,0.162728389,0.166645557,0.165772879,0.16931612
Guinea-Bissau,GNB,GDP per capita (constant 2015 US$),NY.GDP.PCAP.KD,571.0940152,585.8379807,594.0405352,579.0925068,572.5264646,595.9425556,597.2571517,597.4820209,608.9586205,608.2021319,625.9040273,658.9534705,630.668623,634.0954561,623.6101591,645.0668372,663.242608,677.4661313,686.4568198,707.8962024,706.6007834,727.1433956,750.7311453
Guinea-Bissau,GNB,Energy use (kg of oil equivalent per capita),EG.USE.PCAP.KG.OE,..,..,..,..,63.72433151,62.9711527,63.59062335,65.47271993,..,..,..,..,..,..,..,..,..,..,..,..,..,..,..
Guinea-Bissau,GNB,Urban population (% of total population),SP.URB.TOTL.IN.ZS,36.243,36.622,37.004,37.387,37.772,38.157,38.545,38.934,39.325,39.716,40.111,40.508,40.908,41.31,41.715,42.123,42.533,42.945,43.36,43.777,44.196,44.617,45.041
Guinea-Bissau,GNB,Trade (% of GDP),NE.TRD.GNFS.ZS,52.73734612,47.58321728,39.67606356,38.03347093,43.19213163,45.78423155,48.76050339,46.24452847,45.13888937,43.59574741,43.51458764,48.61746021,44.12806656,39.95746178,46.86965831,54.37037559,54.30067305,56.91374759,55.01958904,50.17798671,43.43044813,45.51078469,46.27085662
Guinea-Bissau,GNB,Renewable energy consumption (% of total final energy consumption),EG.FEC.RNEW.ZS,91.2,91.2,91,89,88.6,88.5,88.3,87.9,88.4,87.9,87.8,87.9,87.8,87.7,87.3,87.2,86.8,86.8,86.6,86.2,87.2,87.4,87.4
Guinea-Bissau,GNB,"Industry (including construction), value added (% of GDP)",NV.IND.TOTL.ZS,8.881128695,9.969766222,15.82328009,16.75455349,12.44044042,12.44009607,12.09240561,12.5990181,12.38137562,12.75640334,13.74951491,12.2556709,12.04575127,13.15453146,14.6822694,12.92684753,12.02269333,11.7058929,16.37057219,15.68868514,12.50770143,12.00211928,12.84016384
Guinea-Bissau,GNB,Fossil fuel energy consumption (% of total),EG.USE.COMM.FO.ZS,..,..,..,..,0,0,0,0,..,..,..,..,..,..,..,..,..,..,..,..,..,..,..
Guinea-Bissau,GNB,Population density (people per sq. km of land area),EN.POP.DNST,43.90970839,44.85323613,45.85017781,46.89921764,47.99299431,49.13175676,50.33083215,51.59978663,52.91799431,54.28083215,55.7022404,57.18620199,58.72748933,60.31198435,61.91756757,63.52976529,65.14555477,66.75220484,68.35590327,69.97496444,71.59512802,73.21625178,74.87656472
Guyana,GUY,Carbon dioxide (CO2) emissions excluding LULUCF per capita (t CO2e/capita),EN.GHG.CO2.PC.CE.AR5,2.173156981,2.152582746,2.126230272,2.122523755,2.19499015,1.949497578,1.758445042,2.123243238,2.127600364,2.16595266,2.35059846,2.457136807,2.683414446,2.636459512,2.73802784,2.73412223,3.218134289,3.212579654,3.260413666,3.458612172,4.123688359,4.009653187,4.043391425
Guyana,GUY,GDP per capita (constant 2015 US$),NY.GDP.PCAP.KD,3759.607897,3847.094619,3894.871074,3873.041237,3937.114353,3867.933082,4076.779817,4382.104497,4472.345179,4649.341448,4860.09111,5133.895398,5403.798994,5573.342179,5635.717041,5640.415606,5818.616822,5997.182714,6080.906121,6278.630541,9010.610005,10711.99734,17365.33364
Guyana,GUY,Energy use (kg of oil equivalent per capita),EG.USE.PCAP.KG.OE,..,..,..,..,628.2642855,650.5334374,658.7910394,660.6232849,..,..,..,..,..,..,..,..,..,..,..,..,..,..,..
Guyana,GUY,Urban population (% of total population),SP.URB.TOTL.IN.ZS,28.694,28.606,28.518,28.307,28.064,27.822,27.582,27.343,27.105,26.869,26.634,26.4,26.4,26.4,26.414,26.441,26.482,26.538,26.606,26.689,26.786,26.897,27.022
Guyana,GUY,Trade (% of GDP),NE.TRD.GNFS.ZS,206.7673705,199.5770007,196.7250784,189.1624856,200.7252869,194.3507573,..,..,..,..,..,..,..,..,..,..,..,..,..,..,..,..,..
Guyana,GUY,Renewable energy consumption (% of total final energy consumption),EG.FEC.RNEW.ZS,30.4,31,34.2,34.6,35.5,34.7,36.8,33.1,32.6,31.3,30.6,32.8,28.7,26.9,24,25,21.3,22.1,16.8,11.3,12,13.2,12.1
Guyana,GUY,"Industry (including construction), value added (% of GDP)",NV.IND.TOTL.ZS,20.00122998,20.08263633,19.64927588,18.04961684,17.11392535,16.66919386,22.07167914,23.65893779,24.73909508,24.56999831,24.90272708,26.45387707,26.58774987,25.62806498,24.39212723,24.71873879,29.38292731,26.20709068,26.25976398,28.68931863,38.79608015,50.38959242,67.82064166
Guyana,GUY,Fossil fuel energy consumption (% of total),EG.USE.COMM.FO.ZS,..,..,..,..,0,0,0,0,..,..,..,..,..,..,..,..,..,..,..,..,..,..,..
Guyana,GUY,Population density (people per sq. km of land area),EN.POP.DNST,3.885354331,3.883550927,3.879359919,3.876560833,3.873091186,3.865450851,3.855554991,3.84486157,3.833406147,3.820645161,3.806228092,3.790464821,3.791150622,3.8101143,3.831490983,3.854615189,3.878831598,3.903881128,4.021112522,4.102946406,3.824386663,3.862280951,3.891432225
Haiti,HTI,Carbon dioxide (CO2) emissions excluding LULUCF per capita (t CO2e/capita),EN.GHG.CO2.PC.CE.AR5,0.204091194,0.204306617,0.226659081,0.221109527,0.200925607,0.201803875,0.200823257,0.23292767,0.226896577,0.219049719,0.264982362,0.296866213,0.273849326,0.291214496,0.311166189,0.331979441,0.335240071,0.331492101,0.324473868,0.323642255,0.307937283,0.299773548,0.294872756
Haiti,HTI,GDP per capita (constant 2015 US$),NY.GDP.PCAP.KD,1342.894905,1314.114197,1304.529381,1326.47161,1286.902821,1304.333037,1305.038138,1343.611114,1356.534001,1412.896535,1317.583893,1369.169213,1354.885461,1392.382047,1411.768348,1411.126847,1416.748819,1432.672286,1437.352519,1394.421141,1331.697785,1292.71955,1256.721436
Haiti,HTI,Energy use (kg of oil equivalent per capita),EG.USE.PCAP.KG.OE,367.6687113,354.9392907,361.247287,356.8791623,357.7945314,363.2214465,367.7266538,369.8261445,368.5070338,377.427345,388.9955223,402.4766975,408.9220129,415.2294712,400.4935656,400.1388184,408.565441,410.5955452,419.5069149,409.8045053,398.3941385,406.1262965,377.5260604
Haiti,HTI,Urban population (% of total population),SP.URB.TOTL.IN.ZS,35.6,37.251,38.935,40.645,41.679,42.638,43.604,44.574,45.551,46.528,47.509,48.492,49.477,50.46,51.444,52.427,53.396,54.346,55.278,56.192,57.088,57.964,58.82
Haiti,HTI,Trade (% of GDP),NE.TRD.GNFS.ZS,27.15352206,27.56993302,24.93967848,37.19734344,33.78097035,34.9651045,37.05707041,34.28254896,36.14503815,33.09649982,44.72152413,44.1635704,40.2582415,40.33250976,42.35152591,41.94573812,41.41090222,42.07454779,45.1385763,44.56871878,37.41388013,37.16540177,36.52955028
Haiti,HTI,Renewable energy consumption (% of total final energy consumption),EG.FEC.RNEW.ZS,80.8,80.9,79.1,79,81.1,81.1,81.4,79.3,79.6,80.3,79,79,82.2,80.4,77.8,76.1,76.1,76.2,76.2,76.4,76.3,76.7,..
Haiti,HTI,"Industry (including construction), value added (% of GDP)",NV.IND.TOTL.ZS,23.04848687,23.59848955,23.21169287,25.30987237,25.61287,25.03670079,26.49469301,25.29631128,26.70120189,26.22554115,23.53326873,24.59258027,25.37328252,25.68991933,26.56062976,26.05569094,24.44867789,23.70540839,24.13852103,23.38232622,23.32752565,25.61430274,29.34113803
Haiti,HTI,Fossil fuel energy consumption (% of total),EG.USE.COMM.FO.ZS,15.34829157,17.0326394,18.53788125,17.42047099,19.88746468,20.17620251,20.05461208,22.25686552,21.96746739,19.92011277,17.69600276,17.68732862,17.85013215,18.05237978,22.00774954,22.78939057,0,0,0,0,0,0,0
Haiti,HTI,Population density (people per sq. km of land area),EN.POP.DNST,301.2754354,306.8185051,312.3236938,317.8487663,323.3041727,328.7834906,334.4180697,340.1050798,345.8190856,351.5813135,355.7073295,359.7570392,365.3763062,370.9129898,376.3873367,381.8302612,387.208164,392.5164731,397.7634978,402.9449565,407.9770682,412.7208273,417.4022496
Honduras,HND,Carbon dioxide (CO2) emissions excluding LULUCF per capita (t CO2e/capita),EN.GHG.CO2.PC.CE.AR5,0.759436362,0.870894658,0.89578128,0.966427047,1.072257355,0.948256669,1.063416306,1.105478405,1.080724615,0.997008632,0.953504223,1.110474543,1.138452493,1.090887246,1.095251725,1.139509846,1.101368623,0.973932684,0.92127051,1.021839804,0.870989482,0.96038077,0.987053358
Honduras,HND,GDP per capita (constant 2015 US$),NY.GDP.PCAP.KD,1789.477985,1789.18816,1807.973055,1842.2975,1908.909501,1975.856479,2056.534915,2134.195406,2175.147094,2076.308599,2108.473145,2144.562655,2188.393788,2205.401267,2229.247722,2271.20266,2315.729831,2383.373984,2430.135037,2447.616493,2189.431687,2423.766349,2482.223849
Honduras,HND,Energy use (kg of oil equivalent per capita),EG.USE.PCAP.KG.OE,456.2448121,478.9469548,488.7026097,517.3497617,546.8656009,529.2973685,563.8159546,589.594179,585.5737288,565.8471971,561.8185075,607.4158059,611.2126929,613.6204947,604.0930432,659.3940734,616.3914054,537.5923822,565.0779163,583.5919114,544.5738557,569.9664706,573.3444451
Honduras,HND,Urban population (% of total population),SP.URB.TOTL.IN.ZS,45.458,45.964,46.61,47.267,47.927,48.585,49.245,49.905,50.566,51.225,51.885,52.543,53.202,53.858,54.514,55.165,55.813,56.457,57.096,57.73,58.359,58.982,59.6
Honduras,HND,Trade (% of GDP),NE.TRD.GNFS.ZS,120.3921646,115.9430717,117.9974545,122.2482772,135.4617587,136.489768,133.1318351,135.0706349,135.7489552,96.90500602,109.4418382,122.2169026,121.1882158,116.3060492,112.9750973,107.2644054,99.81571695,101.8131111,103.5511622,99.45997799,88.00085638,103.3726435,112.6985249
Honduras,HND,Renewable energy consumption (% of total final energy consumption),EG.FEC.RNEW.ZS,55.2,50.4,49.8,47.9,46.7,51.4,52.2,50.6,50,50.5,53.6,50.9,49.3,51.1,52.2,50.8,52.7,45.6,48.9,46.2,50.2,45.9,..
Honduras,HND,"Industry (including construction), value added (% of GDP)",NV.IND.TOTL.ZS,29.3809339,27.69506071,27.26238826,27.37165815,26.5378388,26.24004476,26.78488327,26.15666926,25.94977686,26.0219597,25.5871307,25.81421601,26.1135718,25.40931972,24.5107788,25.64997094,25.8278975,26.53892231,26.5924588,26.7243169,25.35785722,25.82015931,25.90842477
Honduras,HND,Fossil fuel energy consumption (% of total),EG.USE.COMM.FO.ZS,48.10956384,52.63158109,53.00113812,54.21407103,55.64093079,56.96437931,46.6947981,55.66101896,53.80872299,48.85614911,49.68559116,50.86731261,49.5303428,48.94932482,51.3275605,48.87322585,0,0,0,0,0,0,0
Honduras,HND,Population density (people per sq. km of land area),EN.POP.DNST,58.78785414,60.39854321,62.01500581,63.62689248,65.23365806,66.83666994,68.43178121,70.0223255,71.61128787,73.19598713,74.7687729,76.33017249,77.88967736,79.44658146,81.000286,82.55702029,84.1217267,85.69252838,87.27509161,88.86972026,90.44275628,91.96422379,93.51927786
"Hong Kong SAR, China",HKG,Carbon dioxide (CO2) emissions excluding LULUCF per capita (t CO2e/capita),EN.GHG.CO2.PC.CE.AR5,6.286706677,6.233978226,6.072166783,6.613968622,6.007444535,6.312070686,6.188067842,6.424114049,6.19885596,6.474515259,5.7111578545,5.8834317312875,5.567775625183333,5.5489354216875,5.481510939166666,4.879880930754167,4.7619411581,4.452352218170834,4.23685917195,3.984055128625,3.0937530634833337,2.976903555583333,2.664834402
"Hong Kong SAR, China",HKG,GDP per capita (constant 2015 US$),NY.GDP.PCAP.KD,26933.26259,26885.45864,27210.10538,28097.13631,30304.32737,32401.40239,34458.04535,36371.70019,36924.10484,35938.61065,38090.035,39656.34373,39887.83357,40959.97816,41796.86657,42432.16197,43087.54896,44380.81458,45280.50519,44195.29698,41451.32626,44530.94835,43281.72145
"Hong Kong SAR, China",HKG,Energy use (kg of oil equivalent per capita),EG.USE.PCAP.KG.OE,2121.263334,2078.720201,1934.258296,2027.393863,1823.006666,1864.70664,1899.446802,2045.970326,1985.306536,2043.271702,1922.62412,2037.958456,1944.996819,1907.463408,1904.119992,2030.168829,2081.70252,1868.116582,1916.577596,1876.918556,1655.134059,1671.631301,1566.396135
"Hong Kong SAR, China",HKG,Urban population (% of total population),SP.URB.TOTL.IN.ZS,100,100,100,100,100,100,100,100,100,100,100,100,100,100,100,100,100,100,100,100,100,100,100
"Hong Kong SAR, China",HKG,Trade (% of GDP),NE.TRD.GNFS.ZS,247.6540204,240.8489776,255.9964574,292.4546559,326.8410546,342.6892095,359.2086612,362.1494636,376.6568062,348.3975543,404.7705609,421.8547066,430.5685304,442.6200191,425.9758717,389.4059493,371.7272318,376.7956667,376.8927735,353.7435211,350.679705,402.4596815,384.8811432
"Hong Kong SAR, China",HKG,Renewable energy consumption (% of total final energy consumption),EG.FEC.RNEW.ZS,0,0.1,0.1,0.1,0.1,0.1,0.1,0.1,0.1,0.1,0.1,0.5,0.2,0.3,0.2,0.2,0.2,0.2,0.2,0.2,0.3,0.4,..
"Hong Kong SAR, China",HKG,"Industry (including construction), value added (% of GDP)",NV.IND.TOTL.ZS,12.08238349,11.3479853,10.63652502,9.858602385,9.172944434,8.45767903,7.995870559,6.891085054,7.002103091,6.871197442,6.835827987,6.7171725,6.844524385,6.947699229,7.067506488,7.058016579,7.475714668,7.218762443,6.478878505,6.254714375,6.170581955,5.989491533,6.262653664
"Hong Kong SAR, China",HKG,Fossil fuel energy consumption (% of total),EG.USE.COMM.FO.ZS,90.25278211,95.74970534,95.06067686,94.03547084,97.56125019,94.07227983,97.02324994,95.93155892,95.72611901,97.90465279,95.14560257,96.59121057,95.66672075,95.42424828,96.4202283,86.96239245,0,0,0,0,0,0,0
"Hong Kong SAR, China",HKG,Population density (people per sq. km of land area),EN.POP.DNST,6347.619048,6394.571429,6422.952381,6410.285714,6460.47619,6488.761905,6530.571429,6586.952381,6626.47619,6640.761905,6689.714286,6734.857143,6809.619048,6837.047619,6885.238095,6944.095238,6987.238095,7041.142857,7097.714286,7150.380952,7124.761905,7060.095238,6996.285714
Hungary,HUN,Carbon dioxide (CO2) emissions excluding LULUCF per capita (t CO2e/capita),EN.GHG.CO2.PC.CE.AR5,5.824881884,5.987842447,5.903702555,6.186986354,6.016396716,6.067642074,6.02370879,5.88047869,5.760511758,5.157238854,5.233487963,5.157321294,4.802617082,4.536534662,4.558336905,4.851621621,4.945452012,5.260016803,5.244461605,5.237382339,5.067381258,5.217926988,4.955838966
Hungary,HUN,GDP per capita (constant 2015 US$),NY.GDP.PCAP.KD,8979.735786,9365.953932,9836.940651,10253.72392,10786.4882,11272.73454,11734.45447,11791.70744,11929.72099,11142.88593,11287.36867,11536.3579,11440.76227,11729.57208,12287.37794,12782.94126,13145.65599,13734.24428,14533.77831,15290.80855,14664.29712,15787.95354,16506.4721
Hungary,HUN,Energy use (kg of oil equivalent per capita),EG.USE.PCAP.KG.OE,2448.353996,2512.919081,2520.397556,2580.496259,2579.604763,2781.005954,2760.462428,2709.843887,2676.908405,2548.81278,2651.343381,2600.717871,2490.185789,2420.169498,2423.514986,2571.150905,2613.093542,2737.453325,2738.82729,2749.241319,2713.179234,2850.705795,2672.867655
Hungary,HUN,Urban population (% of total population),SP.URB.TOTL.IN.ZS,64.575,64.67,65.081,65.489,65.896,66.365,66.895,67.421,67.943,68.46,68.911,69.358,69.678,69.953,70.227,70.5,70.779,71.062,71.351,71.644,71.942,72.245,72.552
Hungary,HUN,Trade (% of GDP),NE.TRD.GNFS.ZS,137.2623131,130.9037142,118.2693352,116.7870885,123.6156861,128.0048106,149.2315316,155.6014324,158.4532241,145.3058773,157.8389601,166.7543472,166.1756986,164.4760248,168.3583551,167.2907385,163.9719445,165.0328558,162.7008588,159.9255565,154.2954988,158.7297828,183.8080141
Hungary,HUN,Renewable energy consumption (% of total final energy consumption),EG.FEC.RNEW.ZS,5.2,5.1,5.2,5,4.6,7.3,7.9,9,9,12.3,13.5,14.7,16.5,17.2,15.7,15.6,15.3,14.6,13.6,13.6,14.8,15.3,..
Hungary,HUN,"Industry (including construction), value added (% of GDP)",NV.IND.TOTL.ZS,27.01474803,27.11181637,26.79537248,26.41833527,26.87787257,27.20895035,27.21577124,26.71204074,25.7747486,25.13711378,25.22669797,25.13591853,25.04986567,25.05612104,25.68738868,26.39167832,25.4486066,25.15875499,24.96975018,24.63373762,24.35968489,23.89733556,24.29403402
Hungary,HUN,Fossil fuel energy consumption (% of total),EG.USE.COMM.FO.ZS,80.53188518,80.97396604,80.78396927,83.12786521,81.8109099,78.92425409,78.69364971,77.46665521,76.65323027,72.11193965,71.96381371,70.46441199,68.19356234,65.42466317,65.3462673,66.1101626,0,0,0,0,0,0,0
Hungary,HUN,Population density (people per sq. km of land area),EN.POP.DNST,113.9362977,113.6752511,113.3520196,113.0278063,112.7777951,112.5662872,112.3911394,112.2171633,112.0208459,110.7108141,110.4608748,110.1483155,109.5809345,109.0548327,107.7475126,107.360892,106.9444992,106.582906,106.3660311,106.2330046,105.9655819,105.532895,105.2495507
Iceland,ISL,Carbon dioxide (CO2) emissions excluding LULUCF per capita (t CO2e/capita),EN.GHG.CO2.PC.CE.AR5,10.14953504,10.38362202,10.88678123,10.71183092,10.87669563,10.54277568,10.67443101,11.15686564,11.91094281,12.01981796,11.163151918499999,10.404671371791666,10.136468093333333,9.887085960375,8.818845849999999,8.82379754225,7.346164280299999,7.233975198733334,6.733258486666666,6.053328406125,5.441454298991666,5.449895307529166,5.1048290196
Iceland,ISL,GDP per capita (constant 2015 US$),NY.GDP.PCAP.KD,42174.66506,43288.0763,43143.46058,43763.77561,46766.01685,48850.76588,50731.69068,53646.36901,53821.47081,49527.39884,48193.70141,48933.54566,49191.57441,50946.81624,51233.24404,52951.68151,55513.64231,56501.45767,57697.80442,57493.41953,52641.72349,54392.38315,57804.76107
Iceland,ISL,Energy use (kg of oil equivalent per capita),EG.USE.PCAP.KG.OE,11404.94359,10925.45139,11168.37142,11092.61784,10892.78401,10877.23019,13184.47716,15188.37773,17341.07262,17936.59575,17024.51309,18161.52411,17633.64828,18212.73365,17947.03823,16910.72123,15701.47301,16234.98296,17346.75027,16700.592,16083.60997,15779.65307,15806.78484
Iceland,ISL,Urban population (% of total population),SP.URB.TOTL.IN.ZS,92.401,92.532,92.662,92.789,92.914,93.037,93.159,93.278,93.395,93.511,93.574,93.587,93.6,93.633,93.667,93.7,93.735,93.773,93.813,93.855,93.898,93.944,93.992
Iceland,ISL,Trade (% of GDP),NE.TRD.GNFS.ZS,71.13900777,74.73465562,69.43201129,68.19921175,70.43190206,72.45061537,77.5361532,74.67091356,82.6880267,89.39474321,93.64639818,101.4087017,104.0854755,98.7895236,96.66559189,95.81820791,88.33302364,86.97894698,88.63690696,82.86274578,67.97507563,76.65276763,92.07719113
Iceland,ISL,Renewable energy consumption (% of total final energy consumption),EG.FEC.RNEW.ZS,60.7,62.1,61.9,61.9,61.9,62.7,64.2,67.6,74,74.7,76,77.1,77.7,76.8,77.6,78,80.9,80.8,81.4,81.7,82.9,82.4,..
Iceland,ISL,"Industry (including construction), value added (% of GDP)",NV.IND.TOTL.ZS,22.8576114,24.4555514,22.1813101,21.24982806,21.54353573,20.48971112,22.01742522,19.85275292,22.80310603,19.62886394,21.98401916,22.35694208,21.02421777,21.08005371,20.77705897,20.06093987,19.57767877,19.56025679,19.82184803,19.84816326,20.72849113,21.04929463,21.87411885
Iceland,ISL,Fossil fuel energy consumption (% of total),EG.USE.COMM.FO.ZS,22.00059319,22.18716212,22.3341155,22.12878289,23.27443764,22.89261128,19.03991555,15.68088431,12.41743902,11.47452035,11.51888054,10.25273575,10.32861882,10.38444434,10.90966049,11.66815576,0,0,0,0,0,0,0
Iceland,ISL,Population density (people per sq. km of land area),EN.POP.DNST,2.805037406,2.842573566,2.86805985,2.887990025,2.913456359,2.95994015,3.030244389,3.107890274,3.166224439,3.177047382,3.172478803,3.182184539,3.199162095,3.229566085,3.265695761,3.299900249,3.346024938,3.425436409,3.498175146,3.575949618,3.634463949,3.694535357,3.788584747
India,IND,Carbon dioxide (CO2) emissions excluding LULUCF per capita (t CO2e/capita),EN.GHG.CO2.PC.CE.AR5,0.941139243,0.938682659,0.956523084,0.968644599,1.027134962,1.053571357,1.107015491,1.18744711,1.244782314,1.340702989,1.402266789,1.467091096,1.581923153,1.607627302,1.709121301,1.70187478,1.713881972,1.789997318,1.871823689,1.830078925,1.653299904,1.802062141,1.92281182
India,IND,GDP per capita (constant 2015 US$),NY.GDP.PCAP.KD,756.7041095,778.5073775,793.6159129,841.2788946,892.5966146,947.7325656,1008.232753,1069.246968,1086.506053,1155.101633,1235.159391,1281.610544,1333.096266,1399.453798,1484.316407,1583.998159,1694.46535,1788.697703,1883.357727,1936.030677,1806.501106,1965.309434,2098.211245
India,IND,Energy use (kg of oil equivalent per capita),EG.USE.PCAP.KG.OE,394.9168031,393.3808862,397.3442529,399.6998971,415.4799565,425.3696425,441.7858867,461.2017383,481.5530274,509.4460001,531.8670661,546.6758902,572.1330855,577.2546216,610.1653718,622.339884,627.273531,648.0147183,668.3033702,666.9773475,632.2398285,676.8142935,727.9022001
India,IND,Urban population (% of total population),SP.URB.TOTL.IN.ZS,27.667,27.918,28.244,28.572,28.903,29.235,29.569,29.906,30.246,30.587,30.93,31.276,31.634,32.003,32.384,32.777,33.182,33.6,34.03,34.472,34.926,35.393,35.872
India,IND,Trade (% of GDP),NE.TRD.GNFS.ZS,26.90092291,25.99325475,29.50866294,30.59243613,37.50381406,42.00166961,45.7244805,45.68626868,53.36822044,46.27286964,49.2552065,55.62388001,55.79372173,53.84413195,48.92218575,41.92291387,40.08248571,40.74249695,43.61696933,39.90540353,37.75810533,45.42308878,50.07527015
India,IND,Renewable energy consumption (% of total final energy consumption),EG.FEC.RNEW.ZS,46.9,47.1,45.8,45.6,44.9,44.2,43.2,41.5,39.4,37.4,36.2,35,34.8,34.9,33.9,33.4,33,32.5,32.9,33.5,36.1,34.9,..
India,IND,"Industry (including construction), value added (% of GDP)",NV.IND.TOTL.ZS,27.32582838,26.48777734,27.66065416,27.47410712,29.21910631,29.53376419,30.92723994,30.90323825,31.13671924,31.12137211,30.72507823,30.16167976,29.3985277,28.40489956,27.6564012,27.34739148,26.61899994,26.50001665,26.4120919,24.59147531,25.12290581,26.46652361,25.38451956
India,IND,Fossil fuel energy consumption (% of total),EG.USE.COMM.FO.ZS,67.25160049,67.12901707,67.93666428,68.165462,69.01828735,69.3475085,70.04389072,70.95317496,71.4399671,75.57244497,74.84569361,74.91097353,75.07474779,74.98186721,75.78572873,45.95662915,0,0,0,0,0,0,0
India,IND,Population density (people per sq. km of land area),EN.POP.DNST,355.8207625,362.5394189,369.165906,375.6244996,382.0783445,388.362776,394.485011,400.4708818,406.2743935,412.1918724,418.2314497,424.1992453,430.0682102,435.8381102,441.3701079,446.6665427,452.0209929,457.3059239,462.3515699,467.1851822,471.7551502,475.6520424,479.4255369
Indonesia,IDN,Carbon dioxide (CO2) emissions excluding LULUCF per capita (t CO2e/capita),EN.GHG.CO2.PC.CE.AR5,1.384188074,1.458634688,1.463222127,1.571392269,1.58017942,1.570602107,1.638945042,1.695257058,1.6542308,1.691367292,1.801445037,2.004120479,1.995547065,1.856457769,1.951327933,1.957253132,1.916191466,2.003829799,2.2132714,2.338843803,2.162413586,2.237793601,2.355083578
Indonesia,IDN,GDP per capita (constant 2015 US$),NY.GDP.PCAP.KD,1828.10266,1868.591723,1926.374359,1991.918205,2065.706175,2155.447802,2244.080223,2355.152857,2464.601934,2546.219697,2670.81291,2799.624688,2930.518445,3055.24246,3170.72103,3288.222697,3416.810052,3553.519993,3701.321555,3850.903217,3739.449066,3850.688773,4024.912253
Indonesia,IDN,Energy use (kg of oil equivalent per capita),EG.USE.PCAP.KG.OE,585.7864958,591.1249448,606.3223058,597.2756151,634.7523883,637.3297583,643.6246566,628.6005162,632.5070702,674.8945424,669.1120789,664.8078937,680.5465364,696.1928077,704.653772,698.6607376,718.5795349,755.3513042,826.03866,844.8700394,848.4367662,896.8135349,953.6539285
Indonesia,IDN,Urban population (% of total population),SP.URB.TOTL.IN.ZS,42.002,42.783,43.568,44.356,45.149,45.942,46.738,47.535,48.335,49.134,49.914,50.595,51.276,51.955,52.635,53.313,53.989,54.659,55.325,55.985,56.641,57.29,57.934
Indonesia,IDN,Trade (% of GDP),NE.TRD.GNFS.ZS,71.43687592,69.79320753,59.07946177,53.61649375,59.76129484,63.98793587,56.65712681,54.82924998,58.56139963,45.51212137,46.70127388,50.18001318,49.5828983,48.63737268,48.08017559,41.93764024,37.4213418,39.35549707,43.07430896,37.62777754,32.9721754,40.20475827,45.4646702
Indonesia,IDN,Renewable energy consumption (% of total final energy consumption),EG.FEC.RNEW.ZS,45.6,44.3,44.7,43,41.5,41.6,40.1,40,41.1,38.2,36,32.4,30.1,30.6,29.3,26.6,27.8,25.2,22,19.8,21.9,20.2,..
Indonesia,IDN,"Industry (including construction), value added (% of GDP)",NV.IND.TOTL.ZS,41.96907464,47.89350079,47.74533116,43.74956609,44.62761598,46.54105887,46.94355874,46.79914152,48.06074477,47.65212258,42.77586634,43.91342343,43.59374442,42.63567744,41.92834213,40.0478624,39.30844398,39.3791548,39.72973745,38.951768,38.23839372,39.84481919,41.42926418
Indonesia,IDN,Fossil fuel energy consumption (% of total),EG.USE.COMM.FO.ZS,76.18565363,75.5969248,76.74978432,76.97384881,78.5253357,79.407681,79.64180043,79.36813336,78.44579996,80.57869676,86.42892599,80.44940572,80.54683564,79.69931735,81.70231145,54.75487025,0,0,0,0,0,0,0
Indonesia,IDN,Population density (people per sq. km of land area),EN.POP.DNST,115.0868726,116.695438,118.288281,119.8645702,121.3977856,122.9663455,124.6068093,126.2636154,127.9123689,129.5433111,131.1865936,132.8721744,134.5917272,136.2715728,137.8827053,139.4389346,140.9452677,142.3935832,143.7811527,145.1326889,146.3712836,146.2351077,147.3301752
"Iran, Islamic Rep.",IRN,Carbon dioxide (CO2) emissions excluding LULUCF per capita (t CO2e/capita),EN.GHG.CO2.PC.CE.AR5,5.328763112,5.458014184,5.65074339,5.89775618,6.19109035,6.529185404,6.89497424,7.218348335,7.349225319,7.494652117,7.447085114,7.473235663,7.462898721,7.616628634,7.808146409,7.617351245,7.661927326,7.835657233,7.678412357,8.004177015,8.120548802,8.349769095,8.495505229
"Iran, Islamic Rep.",IRN,GDP per capita (constant 2015 US$),NY.GDP.PCAP.KD,3885.301834,3917.299355,4198.953561,4511.43134,4607.451691,4650.358415,4778.793459,5084.71796,5035.940085,5023.893144,5249.061334,5321.758707,5058.646378,4916.972919,5093.203197,4952.733555,5312.61725,5381.1871,5215.34607,5000.98599,5127.959757,5325.546805,5460.694571
"Iran, Islamic Rep.",IRN,Energy use (kg of oil equivalent per capita),EG.USE.PCAP.KG.OE,1852.223315,1978.794128,2029.894442,2074.561321,2214.593221,2404.027511,2459.045652,2559.874503,2710.1636,2671.578908,2639.091042,2658.135296,2740.301047,2758.137484,2883.071057,2736.744129,2860.597018,3028.216407,2911.055564,3188.803985,3252.605471,3336.190691,3266.122487
"Iran, Islamic Rep.",IRN,Urban population (% of total population),SP.URB.TOTL.IN.ZS,64.042,64.758,65.468,66.172,66.869,67.558,68.239,68.864,69.458,70.045,70.626,71.2,71.755,72.295,72.83,73.358,73.88,74.394,74.898,75.391,75.874,76.345,76.807
"Iran, Islamic Rep.",IRN,Trade (% of GDP),NE.TRD.GNFS.ZS,41.25724746,40.53556648,48.17268655,50.67910577,51.31385733,54.44049526,53.16735871,49.88730692,48.22940277,43.69958022,43.77064374,41.21941479,44.08934668,47.08671792,45.35142014,39.42258866,40.38784692,44.74487077,58.56508972,50.75433435,43.81016469,44.37383405,51.59750681
"Iran, Islamic Rep.",IRN,Renewable energy consumption (% of total final energy consumption),EG.FEC.RNEW.ZS,0.4,0.5,0.7,0.8,0.7,1.4,1.4,1.3,0.7,0.8,0.9,0.9,0.9,1,0.9,0.9,1,1,1,1,0.9,0.9,..
"Iran, Islamic Rep.",IRN,"Industry (including construction), value added (% of GDP)",NV.IND.TOTL.ZS,40.30591016,39.91726198,45.50293488,45.05994955,47.47047248,49.63724905,48.25990088,48.23566313,47.66878878,43.0965173,44.20937942,46.23228857,42.09416321,42.77886847,39.22822805,32.17473965,34.36750777,36.22932632,37.35278268,33.29714526,36.14055614,38.01373475,39.85569298
"Iran, Islamic Rep.",IRN,Fossil fuel energy consumption (% of total),EG.USE.COMM.FO.ZS,99.66530608,99.58481656,99.40613112,99.2273147,99.33030157,98.88452519,98.80362872,98.87849289,99.55533841,99.53804256,99.42638465,99.39804169,98.98207276,98.58855695,99.90713141,59.10112519,0,0,0,0,0,0,0
"Iran, Islamic Rep.",IRN,Population density (people per sq. km of land area),EN.POP.DNST,40.77866537,41.41310261,41.75650004,42.22189887,43.1348486,44.10008534,45.06050431,45.80333996,46.36300253,46.94235185,47.53360962,48.12470714,48.73067855,49.37172205,50.03932132,50.72531374,51.45769051,52.40477904,53.07734854,53.65278767,54.06683698,54.51802034,55.17673097
Iraq,IRQ,Carbon dioxide (CO2) emissions excluding LULUCF per capita (t CO2e/capita),EN.GHG.CO2.PC.CE.AR5,3.63618557,3.994465399,3.654904903,3.092510336,3.275125084,3.070863669,2.965528821,2.762397352,3.129687872,3.222061889,3.591283156,3.603876495,3.953196393,4.093014711,3.783509624,3.671510536,3.959061002,4.211760257,4.432341592,4.70127928,4.047014236,4.059245049,4.322053972
Iraq,IRQ,GDP per capita (constant 2015 US$),NY.GDP.PCAP.KD,4172.780251,4116.094053,3660.925275,2250.069901,3354.265888,3310.863445,3471.987447,3565.580541,3781.780017,3768.172843,3881.94327,4030.016869,4387.904691,4504.826875,4446.973432,4440.141893,4932.927291,4736.327108,4749.009218,4898.148977,4213.998438,4182.50064,4412.997331
Iraq,IRQ,Energy use (kg of oil equivalent per capita),EG.USE.PCAP.KG.OE,1090.522058,1183.923158,1092.981655,939.5176296,980.2494441,949.2534817,916.1790435,909.1336587,962.3018399,995.7798443,1064.171521,1125.373319,1190.032291,1175.832718,1082.719049,998.3495453,1076.62803,1185.881063,1287.123645,1319.439512,1143.126264,1275.011388,1411.588699
Iraq,IRQ,Urban population (% of total population),SP.URB.TOTL.IN.ZS,68.496,68.55,68.604,68.658,68.712,68.766,68.819,68.873,68.927,68.98,69.103,69.268,69.432,69.595,69.758,69.921,70.094,70.278,70.473,70.678,70.893,71.119,71.354
Iraq,IRQ,Trade (% of GDP),NE.TRD.GNFS.ZS,125.3365956,126.780256,119.7620477,154.2345253,120.2339771,115.7425403,89.65051986,74.09285311,81.05554327,78.68737882,73.49747962,72.17132822,73.60868459,67.41001841,68.98248686,69.5917686,54.58832019,59.78091239,65.80179177,68.98993842,57.7423164,61.50326831,68.75879409
Iraq,IRQ,Renewable energy consumption (% of total final energy consumption),EG.FEC.RNEW.ZS,0.4,0.3,0.3,0.3,0.4,2.4,2.6,2,1.1,1.2,1.7,1.1,1.3,1.5,1,0.8,0.9,0.5,0.5,0.9,1.1,1.1,..
Iraq,IRQ,"Industry (including construction), value added (% of GDP)",NV.IND.TOTL.ZS,84.79597915,77.41957755,74.15785642,70.8382338,61.83506076,63.6084345,61.44419192,60.10771063,62.78885842,51.98979242,55.79349515,62.54802879,60.57698851,57.69152679,55.30759638,45.34028882,46.18250206,51.32968146,54.16994275,53.10940328,39.90409722,54.60888777,65.27212456
Iraq,IRQ,Fossil fuel energy consumption (% of total),EG.USE.COMM.FO.ZS,97.16483719,97.01324367,96.83364417,..,95.84954206,95.57460238,92.1027764,95.52741735,96.46848008,..,..,..,..,..,..,49.08641112,0,0,0,0,0,0,0
Iraq,IRQ,Population density (people per sq. km of land area),EN.POP.DNST,55.84300706,57.61218191,59.46123191,61.28142991,63.05388573,64.95060932,65.42861879,64.91439056,66.23919336,69.20751059,71.48039694,74.05006447,77.48858445,81.27093622,84.19189502,86.51949425,88.61355867,90.61233784,92.75058047,94.88441481,97.01380923,99.21270357,101.5146408
Ireland,IRL,Carbon dioxide (CO2) emissions excluding LULUCF per capita (t CO2e/capita),EN.GHG.CO2.PC.CE.AR5,11.5166087,11.90959803,11.43932001,11.12282408,11.05137704,11.31535412,11.15806356,10.6725208,10.30922071,9.077242786,8.52529354855,7.467740948524999,7.2884285208,6.77697544605,6.4659935216666655,6.4383519814916665,6.431118066499999,5.915966417283333,5.438580104583334,4.8931810104375,4.376268458066667,4.355858722758333,3.9978545268
Ireland,IRL,GDP per capita (constant 2015 US$),NY.GDP.PCAP.KD,42643.6344,44196.91609,46022.14117,46643.15767,48906.96307,50599.60448,51710.36227,52904.47326,49512.42629,46514.54267,47040.35439,47607.88535,47217.4432,47999.12382,52098.10499,64311.82347,64267.57273,69777.97736,73960.96123,76464.54289,80908.79243,92757.23,98776.15987
Ireland,IRL,Energy use (kg of oil equivalent per capita),EG.USE.PCAP.KG.OE,3627.385426,3714.017945,3663.169121,3515.79432,3558.698011,3513.157019,3433.69085,3407.885589,3311.735212,3173.73356,3149.89842,2875.406755,2858.917356,2802.609644,2726.60528,2825.981206,2932.304153,2854.858205,2820.44138,2747.901581,2633.976912,2689.363337,2600.157406
Ireland,IRL,Urban population (% of total population),SP.URB.TOTL.IN.ZS,59.155,59.399,59.649,59.925,60.202,60.477,60.738,60.94,61.141,61.342,61.542,61.742,61.942,62.141,62.34,62.538,62.737,62.947,63.17,63.405,63.653,63.912,64.183
Ireland,IRL,Trade (% of GDP),NE.TRD.GNFS.ZS,174.9545559,174.8407324,163.7193544,146.5315008,146.5875258,148.1755848,150.0218047,153.3968638,160.0394442,173.5914933,189.8638377,186.0258452,190.0633179,189.8178618,201.6549599,216.2056773,229.7644331,225.9536026,216.4236477,249.7457657,250.1084523,224.4188359,232.1294906
Ireland,IRL,Renewable energy consumption (% of total final energy consumption),EG.FEC.RNEW.ZS,2,2,2.2,2,2.3,2.9,3.2,3.5,4.2,5.3,5.3,7,6.9,7.7,8.8,9.5,8.6,10.1,10.8,12.3,13.7,12.7,..
Ireland,IRL,"Industry (including construction), value added (% of GDP)",NV.IND.TOTL.ZS,31.50132261,34.0831219,35.10525023,32.25899428,30.76609246,30.03419212,30.0803732,28.52657244,25.92554979,25.61175215,23.33190421,24.26553444,24.0269939,23.80270297,24.40166738,38.40330288,36.48317444,36.23589045,36.87823743,35.91500018,37.37275621,38.18391409,40.68170533
Ireland,IRL,Fossil fuel energy consumption (% of total),EG.USE.COMM.FO.ZS,92.49944027,92.50903463,91.41302772,91.9839501,93.26088698,90.66931129,90.72050121,91.14912288,89.43964326,88.20825085,90.06325157,88.01431376,86.67784239,86.65880476,84.90116626,85.15844198,0,0,0,0,0,0,0
Ireland,IRL,Population density (people per sq. km of land area),EN.POP.DNST,55.23550588,56.12197706,57.07572942,58.01307882,59.08349543,60.38487444,62.03499782,63.85457976,65.16974888,65.83502685,66.19473073,66.484018,66.76633764,67.11882712,67.61126433,68.25311366,69.13517201,70.07468428,71.09917259,72.23771229,73.1564378,74.18471476,75.66897953
Isle of Man,IMN,Carbon dioxide (CO2) emissions excluding LULUCF per capita (t CO2e/capita),EN.GHG.CO2.PC.CE.AR5,..,..,..,..,..,..,..,..,..,..,..,..,..,..,..,..,..,..,..,..,..,..,..
Isle of Man,IMN,GDP per capita (constant 2015 US$),NY.GDP.PCAP.KD,46274.97097,48252.76385,50714.58247,53224.35278,55464.0221,58201.59908,62075.76016,66029.97559,68520.68256,69192.02582,70747.84176,71727.50551,77009.29786,80383.82731,84778.58066,84753.51874,90783.76472,93200.31081,95040.40617,95110.1386,86595.06761,89873.54201,86103.33793
Isle of Man,IMN,Energy use (kg of oil equivalent per capita),EG.USE.PCAP.KG.OE,..,..,..,..,..,..,..,..,..,..,..,..,..,..,..,..,..,..,..,..,..,..,..
Isle of Man,IMN,Urban population (% of total population),SP.URB.TOTL.IN.ZS,51.823,51.833,51.851,51.869,51.887,51.905,51.922,51.94,51.958,51.976,51.994,52.012,52.046,52.096,52.162,52.245,52.343,52.458,52.588,52.735,52.898,53.076,53.271
Isle of Man,IMN,Trade (% of GDP),NE.TRD.GNFS.ZS,..,..,..,..,..,..,..,..,..,..,..,..,..,..,..,..,..,..,..,..,..,..,..
Isle of Man,IMN,Renewable energy consumption (% of total final energy consumption),EG.FEC.RNEW.ZS,..,..,1.5,1.1,6.3,2.7,3.3,1.9,1.3,1.9,1.9,2.9,3.5,2.1,1.9,2.2,1.9,1.9,2,1.9,2,3.2,2.7
Isle of Man,IMN,"Industry (including construction), value added (% of GDP)",NV.IND.TOTL.ZS,..,..,..,..,..,..,..,..,..,..,..,..,9.234801707,9.012033149,8.257548735,8.706772725,7.9069983,7.431955871,8.021557795,7.593255829,8.88444589,9.424168208,6.936464027
Isle of Man,IMN,Fossil fuel energy consumption (% of total),EG.USE.COMM.FO.ZS,..,..,..,..,..,..,..,..,..,..,..,..,..,..,..,..,..,..,..,..,..,..,..
Isle of Man,IMN,Population density (people per sq. km of land area),EN.POP.DNST,132.7350877,134.1684211,135.5701754,136.9280702,138.2315789,139.5017544,140.8666667,142.3631579,143.9105263,145.5070175,147.145614,148.0385965,147.9561404,147.6157895,147.1789474,146.654386,146.4315789,146.6824561,147.0263158,147.2929825,147.4807018,147.554386,147.6
Israel,ISR,Carbon dioxide (CO2) emissions excluding LULUCF per capita (t CO2e/capita),EN.GHG.CO2.PC.CE.AR5,9.429336938,9.204239789,9.517031963,9.609519111,9.414818622,8.942814678,9.23553596,9.405217198,9.288747811,8.966455595,8.976338606,8.444742921766666,8.754001327283332,7.315267076324999,6.69620361,6.532432737750001,6.1359577579749995,5.814415079691667,5.1294657465833335,4.9704032750625,4.395582883666667,4.101439708625,3.9458498561999997
Israel,ISR,GDP per capita (constant 2015 US$),NY.GDP.PCAP.KD,29413.48946,28808.13001,28195.86764,28092.61763,28883.24759,29623.71728,30734.96198,32103.16286,32554.04132,32178.57274,33344.72133,34540.67498,34738.6587,35489.50866,36129.31461,36213.10415,37093.78791,37963.04912,38729.6426,39407.20161,37935.54327,40804.96898,42516.38881
Israel,ISR,Energy use (kg of oil equivalent per capita),EG.USE.PCAP.KG.OE,2899.210921,2973.017513,2862.544441,2949.361404,2822.355914,2661.980099,2883.013577,2899.352538,3130.72174,2874.861475,3043.565176,2981.372422,2968.588339,2662.609425,2528.018557,2607.844,2569.217183,2481.516023,2490.06554,2407.975003,2453.627032,2432.550927,2501.420643
Israel,ISR,Urban population (% of total population),SP.URB.TOTL.IN.ZS,91.203,91.267,91.33,91.393,91.456,91.518,91.58,91.641,91.702,91.763,91.826,91.892,91.96,92.031,92.104,92.179,92.256,92.336,92.418,92.501,92.587,92.674,92.763
Israel,ISR,Trade (% of GDP),NE.TRD.GNFS.ZS,68.34685904,62.13958476,65.47110541,66.88175037,74.97319953,78.32426138,78.43528897,78.8371063,75.38092231,61.67564796,65.63307987,68.90943785,69.96502508,64.13405113,61.71335412,58.89797192,57.79903169,56.28011425,58.74375424,56.32534864,51.23667379,54.9016842,60.64485267
Israel,ISR,Renewable energy consumption (% of total final energy consumption),EG.FEC.RNEW.ZS,6,6.3,6.5,6.5,6.7,7,6.9,6.7,8.9,8.5,8.6,9.1,2.9,3.3,3.7,3.7,4,3.9,3.8,4.5,5.6,6.2,..
Israel,ISR,"Industry (including construction), value added (% of GDP)",NV.IND.TOTL.ZS,23.02481134,21.6994586,21.47034062,21.28237124,20.56000497,21.28155209,21.58324784,21.83634141,21.36206475,20.6116501,20.81424949,20.13471269,20.45684721,20.56724527,19.91748516,19.9747306,19.12380771,18.56468469,18.82029796,18.9233447,19.4382959,18.84005864,19.42694298
Israel,ISR,Fossil fuel energy consumption (% of total),EG.USE.COMM.FO.ZS,97.21454697,97.15492672,96.91864978,96.92470636,96.6492413,96.60352083,96.93212755,97.03289555,96.48936106,96.36279386,96.31563895,96.44527222,99.88711393,..,..,..,0,0,0,0,0,0,0
Israel,ISR,Population density (people per sq. km of land area),EN.POP.DNST,290.6192237,297.5508318,303.6044362,309.1358595,314.6487985,320.2449168,325.9565619,331.797597,337.7449168,345.9149723,352.2920518,358.8632163,365.5499076,372.435305,379.6534196,387.2504621,394.9168207,402.6478743,410.4805915,418.3918669,425.836414,433.0591497,441.6589649
Italy,ITA,Carbon dioxide (CO2) emissions excluding LULUCF per capita (t CO2e/capita),EN.GHG.CO2.PC.CE.AR5,7.985614091,7.969432427,8.081431465,8.382615683,8.519220361,8.484118107,8.355009612,8.181599822,7.859949627,6.955075852,7.088674416,6.912024572,6.560045184,6.003808918,5.692113324,5.87784861,5.812955231,5.765350274,5.662784696,5.566596613,4.97779979,5.652945429,5.638792112
Italy,ITA,GDP per capita (constant 2015 US$),NY.GDP.PCAP.KD,32609.66746,33243.59934,33267.44745,33110.16985,33348.97448,33407.67547,33873.04937,34159.91092,33550.63408,31587.06384,31928.55436,32039.50325,30953.41474,30330.02216,30325.02878,30639.88298,31077.67927,31635.52277,31819.39718,32180.4341,29469.79892,32267.70911,33891.88665
Italy,ITA,Energy use (kg of oil equivalent per capita),EG.USE.PCAP.KG.OE,3012.483564,3020.753731,3035.918512,3164.108144,3162.434947,3204.1352,3162.241312,3132.896537,3067.899626,2848.101005,2904.35856,2798.236283,2680.462085,2576.456153,2433.162578,2533.023545,2511.463531,2557.325355,2503.34986,2494.026598,2313.100062,2531.086988,2411.651724
Italy,ITA,Urban population (% of total population),SP.URB.TOTL.IN.ZS,67.222,67.282,67.382,67.501,67.62,67.738,67.856,67.974,68.092,68.209,68.327,68.444,68.684,68.979,69.272,69.565,69.855,70.144,70.438,70.736,71.039,71.346,71.657
Italy,ITA,Trade (% of GDP),NE.TRD.GNFS.ZS,50.27473115,49.86327232,47.87131868,45.99408598,47.26639239,49.12217423,52.92354296,54.82804156,54.2142549,45.14147657,51.66211181,54.47221494,54.88449527,54.03418463,54.45452993,55.43568581,54.4321467,57.58299403,59.27498351,58.69419026,53.9394839,60.30197762,72.0165023
Italy,ITA,Renewable energy consumption (% of total final energy consumption),EG.FEC.RNEW.ZS,5.1,5.4,5.6,6.2,5.9,6.7,7.5,8.7,10.8,12.5,12.8,11.9,14.4,16.3,17.1,16.6,16.1,16.4,17.1,17.3,18.7,17.5,..
Italy,ITA,"Industry (including construction), value added (% of GDP)",NV.IND.TOTL.ZS,24.10210869,23.84486412,23.71283748,23.14242818,23.05570869,22.89227924,23.00390637,23.40529729,23.211744,21.38409481,21.36908017,21.24073422,20.79483201,20.60015394,20.18708447,20.28952832,20.66264572,20.79261424,20.98654902,21.01229844,20.96420391,22.55727711,23.27914411
Italy,ITA,Fossil fuel energy consumption (% of total),EG.USE.COMM.FO.ZS,91.72130863,91.3947929,91.02713957,90.20683335,90.39672448,89.79136945,89.18082728,88.17283362,86.83138421,84.84085236,84.61937829,84.45465937,82.18630774,79.95486,78.58873521,78.98181672,0,0,0,0,0,0,0
Italy,ITA,Population density (people per sq. km of land area),EN.POP.DNST,192.5554346,192.6733611,193.054951,194.1010828,195.5517723,196.6964541,197.4849722,198.6901271,200.2285319,201.3927255,202.285309,202.9867678,203.5427231,203.9497528,203.9805051,203.6724345,203.2856404,202.9036176,203.3987042,201.9805456,200.9991005,199.9654163,199.5592689
Jamaica,JAM,Carbon dioxide (CO2) emissions excluding LULUCF per capita (t CO2e/capita),EN.GHG.CO2.PC.CE.AR5,3.916058817,3.9157858,3.872229199,3.963866909,3.958162206,3.949847157,4.547221589,4.497015255,3.609654264,2.928284487,2.787124059,2.741828093,2.517430557,2.675983327,2.57206356,2.523537627,2.701362853,2.584627121,3.071100037,2.988483925,2.080799395,2.269140799,2.243281778
Jamaica,JAM,GDP per capita (constant 2015 US$),NY.GDP.PCAP.KD,4928.33187,4963.066059,5031.19563,5184.142872,5222.097973,5239.672888,5363.826888,5414.908791,5347.63273,5094.03086,4998.667167,5063.193787,5010.45966,5016.031332,5032.442616,5062.89555,5119.039704,5159.343359,5248.774007,5289.654909,4752.333409,4958.8458,5215.086058
Jamaica,JAM,Energy use (kg of oil equivalent per capita),EG.USE.PCAP.KG.OE,1339.109992,1357.362846,1290.944735,1339.318163,1338.631043,1303.211469,1470.674998,1479.158257,1177.371768,943.3513861,875.1006769,923.8999863,888.6928547,930.08504,902.848499,903.4358947,998.7970539,919.6677034,1031.753375,1075.718554,795.4360756,880.7061677,968.8794198
Jamaica,JAM,Urban population (% of total population),SP.URB.TOTL.IN.ZS,51.814,52.053,52.251,52.437,52.625,52.811,52.998,53.184,53.371,53.557,53.743,53.93,54.132,54.35,54.584,54.833,55.098,55.378,55.674,55.985,56.311,56.652,57.008
Jamaica,JAM,Trade (% of GDP),NE.TRD.GNFS.ZS,89.51300605,84.8277346,81.84675543,88.15063084,89.31810407,90.48789334,100.7455988,101.2444221,113.5774038,86.88512433,80.92040032,83.82182023,82.04007835,83.25957198,84.74099862,76.11752166,76.45520237,83.52317252,89.97790604,90.11060763,..,..,..
Jamaica,JAM,Renewable energy consumption (% of total final energy consumption),EG.FEC.RNEW.ZS,9.3,7.9,8,8.1,6.4,5.4,4.8,5.3,5.9,7.4,8.9,9.8,12.2,11.4,11.9,12.1,11.1,11,8.9,9.2,11.7,10.5,..
Jamaica,JAM,"Industry (including construction), value added (% of GDP)",NV.IND.TOTL.ZS,22.56354482,22.31730126,21.32290593,21.49253457,22.25833961,21.9006506,21.22011485,21.31539962,19.68812284,18.09085934,17.98633045,18.24902354,17.99386056,18.09906598,18.3652279,19.26597766,19.11196922,19.43699951,20.34854096,19.25358445,20.39123954,20.9347128,19.92208154
Jamaica,JAM,Fossil fuel energy consumption (% of total),EG.USE.COMM.FO.ZS,92.33261346,93.33522398,93.10480876,93.31247344,93.5581103,94.28958367,94.39377368,94.15815851,94.32830049,96.28063671,91.88351347,92.25894793,90.85014257,90.48835875,90.16108576,44.61011979,0,0,0,0,0,0,0
Jamaica,JAM,Population density (people per sq. km of land area),EN.POP.DNST,240.7964912,242.3271468,243.8201293,245.3022161,246.742844,248.1132041,249.3968606,250.5817175,251.6745152,252.7234534,253.7920591,254.8932595,255.9953832,257.0348107,257.9638966,258.7750693,259.456602,259.9966759,260.3967682,260.689843,261.379409,262.0204986,262.155494
Japan,JPN,Carbon dioxide (CO2) emissions excluding LULUCF per capita (t CO2e/capita),EN.GHG.CO2.PC.CE.AR5,9.845295365,9.714760635,9.960606536,9.996330196,9.951269167,10.04138276,9.857331018,10.12687948,9.565286617,9.070201567,9.05310240505,9.172427943087499,9.16125897425,8.978676775875,8.35621995,7.814021739270834,7.518961861574999,7.153639634766667,6.664295263683334,6.186416357000001,5.590363776891666,5.431157342545833,4.8430551312
Japan,JPN,GDP per capita (constant 2015 US$),NY.GDP.PCAP.KD,31430.63113,31476.05207,31416.12418,31830.21758,32515.1158,33098.54747,33531.51856,33990.03603,33557.6454,31651.08377,32942.20208,33011.13423,33518.44494,34239.88625,34386.90586,34960.63938,35242.19938,35861.97285,36138.52908,36043.7844,34642.97187,35741.16011,36238.32949
Japan,JPN,Energy use (kg of oil equivalent per capita),EG.USE.PCAP.KG.OE,4067.035344,3990.106024,3992.919981,3956.900489,4085.491955,4066.442004,4064.360447,4020.805466,3867.135573,3709.023262,3900.212128,3620.180191,3536.702535,3567.337805,3445.816329,3400.592711,3370.887796,3391.050415,3343.054128,3261.620249,3046.854807,3196.03971,3129.658617
Japan,JPN,Urban population (% of total population),SP.URB.TOTL.IN.ZS,78.649,79.99,81.647,83.196,84.64,85.978,87.118,88.146,89.103,89.989,90.812,91.069,91.148,91.226,91.304,91.381,91.457,91.535,91.616,91.698,91.782,91.867,91.955
Japan,JPN,Trade (% of GDP),NE.TRD.GNFS.ZS,19.56237158,19.55960447,20.44712207,21.32612527,23.66435342,26.22995458,30.0163761,32.81657805,34.12947654,24.39016653,28.49847269,30.19496073,30.47091092,33.97876865,37.43143457,35.42740835,31.31024685,34.42321357,36.6099318,35.21641811,31.33520864,36.73844623,46.81298684
Japan,JPN,Renewable energy consumption (% of total final energy consumption),EG.FEC.RNEW.ZS,3.7,3.5,3.7,4.2,4.3,4,4.4,4.3,4.4,4.5,4.7,4.8,4.7,5,5.6,6.2,6.4,6.9,7.3,7.8,8.5,8.8,..
Japan,JPN,"Industry (including construction), value added (% of GDP)",NV.IND.TOTL.ZS,32.51358706,30.9812267,30.22260008,30.07892076,29.96693054,29.87170704,29.66557181,29.59729581,28.78297644,27.11121222,28.33597017,26.70143607,26.56264143,26.65074506,27.31362673,28.58371142,28.62994765,28.88242601,29.01400769,28.80408481,29.05680761,29.21919409,27.71743746
Japan,JPN,Fossil fuel energy consumption (% of total),EG.USE.COMM.FO.ZS,81.00693831,80.96851772,81.81087609,84.23220374,82.55906881,81.54236163,81.24314883,83.31347369,83.02821986,80.55983674,80.76686766,89.53365273,94.63922761,94.64103565,95.09095403,93.79145081,0,0,0,0,0,0,0
Japan,JPN,Population density (people per sq. km of land area),EN.POP.DNST,347.9917695,348.8312757,349.6433471,350.3923182,350.5102881,350.5432099,350.7654321,351.1687243,351.3388203,351.2949246,351.3580247,350.7078189,350.1481481,349.6433471,349.1796982,348.8093278,348.6310014,348.345679,347.9039781,347.4156379,346.3950617,344.8054678,343.2784335
Jordan,JOR,Carbon dioxide (CO2) emissions excluding LULUCF per capita (t CO2e/capita),EN.GHG.CO2.PC.CE.AR5,3.056519047,3.00198549,3.063799464,3.073707537,3.233628485,3.369467925,3.196485779,3.126232656,2.931844473,2.949261897,2.82132091,2.809145578,3.233555996,3.015725226,2.939291674,2.685534602,2.521834348,2.5942167,2.414085384,2.218182326,1.980418635,2.015930086,1.984299763
Jordan,JOR,GDP per capita (constant 2015 US$),NY.GDP.PCAP.KD,3412.076732,3518.766353,3644.624346,3713.151936,3935.157047,4151.61313,4209.86864,4287.352298,4489.955455,4615.230678,4621.574285,4631.677038,4677.47614,4556.520237,4282.118728,4042.756781,3933.147046,3940.701992,3928.770268,3919.064269,3806.879494,3874.327141,3909.802289
Jordan,JOR,Energy use (kg of oil equivalent per capita),EG.USE.PCAP.KG.OE,903.243088,876.037094,900.9649577,900.9859896,1057.176524,1107.306795,1066.357315,1055.847779,1011.345535,1044.299672,973.4132195,944.4861896,1034.503058,966.8498981,930.1604975,903.433667,887.6167594,917.0415684,869.2120051,811.583012,754.9438317,725.4586619,754.3055031
Jordan,JOR,Urban population (% of total population),SP.URB.TOTL.IN.ZS,78.27,78.283,78.296,78.308,78.321,79.485,80.97,82.371,83.692,84.928,86.088,87.172,88.185,89.125,90,90.256,90.506,90.747,90.979,91.203,91.418,91.626,91.827
Jordan,JOR,Trade (% of GDP),NE.TRD.GNFS.ZS,110.3289046,109.2854786,114.0388578,115.7068353,134.6216119,146.9088913,141.7473818,145.9942463,140.912926,112.1519982,114.2226777,118.6996795,117.8555877,111.451528,109.9388055,95.35791223,88.7207179,89.73160051,87.63591519,85.6878335,66.05994881,80.33286994,104.0954594
Jordan,JOR,Renewable energy consumption (% of total final energy consumption),EG.FEC.RNEW.ZS,2.1,2.1,2.1,2,1.8,1.7,2.3,2.3,2.7,2.8,3,3,2.9,3.1,3.1,3.2,4.7,5.3,7.2,8.5,10.7,11.5,..
Jordan,JOR,"Industry (including construction), value added (% of GDP)",NV.IND.TOTL.ZS,21.4363112,21.46078539,22.78186635,23.03595391,24.7957582,24.9215739,24.84965435,27.54445113,29.64498574,27.75934497,26.26682864,26.79466943,25.80780431,25.64066059,25.50879656,25.23280626,24.66931196,24.51396985,24.07783293,24.11168804,23.55381002,23.42042402,24.48820158
Jordan,JOR,Fossil fuel energy consumption (% of total),EG.USE.COMM.FO.ZS,98.45513462,98.00001209,97.9814997,96.96382613,97.66997389,97.89480274,97.89151247,98.4163242,98.00262582,97.9606777,97.35049824,96.00337043,97.33264631,97.62487933,97.63135949,58.1782306,0,0,0,0,0,0,0
Jordan,JOR,Population density (people per sq. km of land area),EN.POP.DNST,61.0487874,62.31747507,63.64535358,65.07058024,66.65980281,68.33167498,72.83965322,77.37111287,79.21425657,80.44326425,82.19241946,84.25798603,85.45986709,90.01812345,99.02804686,107.5099009,112.7096981,115.2762559,117.845303,120.1870735,122.364439,124.629547,126.7682839
Kazakhstan,KAZ,Carbon dioxide (CO2) emissions excluding LULUCF per capita (t CO2e/capita),EN.GHG.CO2.PC.CE.AR5,8.529651084,8.376680117,9.29497364,10.29686843,11.01254568,11.74784729,13.0520496,13.50771418,15.80447477,13.92100143,14.84199204,15.72297952,15.44423685,16.30163002,13.03847014,11.3572429,11.74774009,12.20698275,12.08980619,11.29309867,11.53521458,12.40220947,11.99027143
Kazakhstan,KAZ,GDP per capita (constant 2015 US$),NY.GDP.PCAP.KD,4269.330168,4822.528628,5267.699032,5724.431992,6233.294394,6787.411555,7450.396871,8036.875998,8216.521816,8218.399126,8704.706555,9223.302134,9531.914776,9959.725869,10226.71005,10196.12263,10151.42331,10404.27186,10670.21201,10989.68407,10565.03598,10873.39153,11058.34824
Kazakhstan,KAZ,Energy use (kg of oil equivalent per capita),EG.USE.PCAP.KG.OE,2301.83295,2217.578621,2538.14202,2737.29873,3204.588112,3186.46182,3763.634908,4065.373389,4253.353809,3819.514686,4105.701894,4532.003089,4270.243404,4645.780374,3698.183192,3050.943855,3389.097318,3404.267075,3814.138734,3753.157933,3388.387891,3540.400298,3506.54555
Kazakhstan,KAZ,Urban population (% of total population),SP.URB.TOTL.IN.ZS,56.098,56.171,56.244,56.317,56.39,56.463,56.536,56.609,56.682,56.755,56.827,56.9,56.973,57.046,57.118,57.191,57.264,57.336,57.428,57.54,57.671,57.821,57.99
Kazakhstan,KAZ,Trade (% of GDP),NE.TRD.GNFS.ZS,105.6996926,92.84906851,94.03168565,91.46333243,96.4091997,97.76250302,91.4535268,92.1616331,94.29480465,75.76606746,74.1382659,73.11785705,73.72373249,65.40760933,64.97203465,53.04972881,60.31159659,56.82538794,63.52795651,64.85861655,57.02644237,58.66860858,68.33431474
Kazakhstan,KAZ,Renewable energy consumption (% of total final energy consumption),EG.FEC.RNEW.ZS,2.5,2.4,2.8,2.3,1.9,2.1,2.1,1.8,1.1,1.3,1.4,1.4,1.3,1.2,1.3,1.7,2.1,2,1.9,1.9,1.8,2,..
Kazakhstan,KAZ,"Industry (including construction), value added (% of GDP)",NV.IND.TOTL.ZS,37.77582967,36.14182986,35.81093211,35.07526591,35.35184195,37.62801815,39.35645575,37.73089748,40.25024558,38.43148085,40.60242212,37.2660881,36.30285333,33.69881564,33.20942583,30.85478739,31.97979036,32.3252253,33.4962004,33.02879591,33.09779715,35.2669296,34.97939742
Kazakhstan,KAZ,Fossil fuel energy consumption (% of total),EG.USE.COMM.FO.ZS,97.24698008,97.48149242,97.92889484,98.50655831,98.95544131,98.66456723,..,98.87991717,98.93786631,99.04584705,98.77615598,98.92430483,98.83120572,99.16662335,..,..,0,0,0,0,0,0,0
Kazakhstan,KAZ,Population density (people per sq. km of land area),EN.POP.DNST,5.741787236,5.769363263,5.799413639,5.833011075,5.871081602,5.914774605,5.965002037,6.021859466,6.084574212,6.156182539,6.236548505,6.321443864,6.410381153,6.503130718,6.599357336,6.698584658,6.802089121,6.908890247,7.012900322,7.115440605,7.216400711,7.31325814,7.421050117
Kenya,KEN,Carbon dioxide (CO2) emissions excluding LULUCF per capita (t CO2e/capita),EN.GHG.CO2.PC.CE.AR5,0.290609012,0.260942966,0.245410577,0.214823847,0.231907196,0.25208621,0.272395887,0.264278782,0.270667882,0.309607606,0.325744394,0.327065092,0.2959399,0.318713553,0.356082242,0.376728717,0.399468738,0.405278565,0.380695108,0.379148987,0.367856773,0.403760555,0.394260456
Kenya,KEN,GDP per capita (constant 2015 US$),NY.GDP.PCAP.KD,1195.412969,1202.293488,1171.426252,1169.144337,1191.254436,1223.447385,1263.541647,1309.910929,1273.772261,1276.735035,1340.164674,1370.580009,1396.301787,1413.941425,1450.593382,1489.119598,1517.977961,1542.33774,1596.690459,1645.709618,1609.334141,1698.895783,1747.531988
Kenya,KEN,Energy use (kg of oil equivalent per capita),EG.USE.PCAP.KG.OE,460.2595579,452.4284555,445.3517661,435.1030528,449.6750201,453.6249182,459.8585052,456.2237529,456.1534424,470.5883887,469.5958212,472.7151627,462.7498456,471.4354745,497.4856641,530.458901,533.4077785,538.6069039,546.4952967,543.8831872,534.7539575,539.7786432,541.1280499
Kenya,KEN,Urban population (% of total population),SP.URB.TOTL.IN.ZS,19.892,20.239,20.591,20.948,21.31,21.675,22.045,22.42,22.8,23.183,23.571,23.969,24.376,24.794,25.221,25.658,26.105,26.562,27.03,27.507,27.995,28.493,29.002
Kenya,KEN,Trade (% of GDP),NE.TRD.GNFS.ZS,53.30904439,55.94683603,55.17267226,54.1322659,59.47700335,64.47886616,55.23648513,53.8947888,57.57859865,45.94519181,50.39428735,58.40220597,51.62369202,47.46464251,46.17048936,40.32738469,34.86501957,35.99505788,34.41475318,31.75946184,27.23781553,30.82430318,33.69113873
Kenya,KEN,Renewable energy consumption (% of total final energy consumption),EG.FEC.RNEW.ZS,76.8,78.3,78.8,81.6,80.3,79.2,77.6,78.2,78.2,75.6,74,74.7,76.2,74.3,71.8,69.2,68.3,68.1,68.7,68.1,69,67.7,..
Kenya,KEN,"Industry (including construction), value added (% of GDP)",NV.IND.TOTL.ZS,15.01585603,15.30962409,15.45356118,15.62315004,16.20507734,17.01262604,19.38410594,19.30216808,18.58277173,18.38662467,18.57467277,19.66290083,19.26155256,19.08025911,19.0360328,18.8940457,18.16215929,17.50350921,17.31314613,16.93054523,17.40028763,17.15243578,17.5274481
Kenya,KEN,Fossil fuel energy consumption (% of total),EG.USE.COMM.FO.ZS,18.10498009,16.28926842,15.51195241,13.04491102,13.95301469,15.21458339,16.77779994,16.3514894,16.7419663,18.53163839,19.39687954,18.79306028,16.99637642,18.37283655,17.92587224,16.04469663,0,0,0,0,0,0,0
Kenya,KEN,Population density (people per sq. km of land area),EN.POP.DNST,53.84068946,55.55604948,57.33177777,59.12819869,60.9928225,62.89574446,64.84170503,66.83126999,68.88700671,70.99991391,73.09021858,75.12819517,77.11336929,79.04345328,80.91408089,82.45290087,84.00577714,85.56011945,87.01944939,88.4453895,89.89406867,91.61875945,93.39761495
Kiribati,KIR,Carbon dioxide (CO2) emissions excluding LULUCF per capita (t CO2e/capita),EN.GHG.CO2.PC.CE.AR5,0.371277352,0.326562241,0.473640857,0.474648261,0.482905761,0.628347019,0.661887479,0.603519222,0.658210359,0.544769741,0.562076832,0.515151789,0.496954152,0.527943218,0.526334044,0.533321919,0.572258141,0.655996674,0.660201173,0.67623728,0.674866573,0.695607469,0.722010593
Kiribati,KIR,GDP per capita (constant 2015 US$),NY.GDP.PCAP.KD,1555.582048,1477.951776,1467.992732,1415.545779,1378.95837,1368.997288,1419.38723,1433.357478,1361.835998,1340.276056,1328.787764,1348.060237,1405.502934,1493.491487,1492.85082,1639.852747,1731.43702,1769.511789,1803.948539,1835.22002,1777.044925,1893.526791,1948.243303
Kiribati,KIR,Energy use (kg of oil equivalent per capita),EG.USE.PCAP.KG.OE,..,..,..,..,83.25961388,81.60350895,99.98300289,107.7712897,..,..,..,..,..,..,..,..,..,..,..,..,..,..,..
Kiribati,KIR,Urban population (% of total population),SP.URB.TOTL.IN.ZS,42.958,43.473,43.492,43.512,43.532,43.551,44.03,44.866,45.706,46.547,47.39,48.235,49.082,49.927,50.773,51.619,52.45,53.262,54.057,54.835,55.594,56.335,57.058
Kiribati,KIR,Trade (% of GDP),NE.TRD.GNFS.ZS,94.16652413,110.7847331,125.6254961,103.9289652,101.3597021,123.5942686,94.04681386,96.15905873,95.44192866,97.63606087,85.69726571,93.43140382,96.128696,96.78141667,104.1879678,109.8890984,111.2697907,100.561247,81.11753887,96.59031074,76.70895611,74.51824958,108.1436605
Kiribati,KIR,Renewable energy consumption (% of total final energy consumption),EG.FEC.RNEW.ZS,54.7,56.4,53,50.5,50.5,48.5,48.1,48.4,49.7,50.4,50.1,50.5,48.7,46.2,48,47.5,48.1,42.5,42.3,42.2,42.2,42.2,41.9
Kiribati,KIR,"Industry (including construction), value added (% of GDP)",NV.IND.TOTL.ZS,11.62593251,12.28222768,11.61380177,10.18567131,8.953162205,8.420173927,9.765367607,11.33401945,11.01502526,10.57836057,11.97759125,13.21561927,13.49304205,14.37700246,14.11508911,14.72675804,14.65064516,12.41675949,11.08182053,9.564419242,9.864336716,10.77952829,9.859915263
Kiribati,KIR,Fossil fuel energy consumption (% of total),EG.USE.COMM.FO.ZS,..,..,..,..,0,0,0,0,..,..,..,..,..,..,..,..,..,..,..,..,..,..,..
Kiribati,KIR,Population density (people per sq. km of land area),EN.POP.DNST,109.3987654,111.5246914,113.9061728,116.2654321,118.6234568,121.0308642,123.4777778,126.0098765,128.6691358,131.4407407,134.2024691,136.6012346,138.6222222,140.5407407,142.3777778,144.2160494,146.2691358,148.4876543,150.7209877,152.9888889,155.6777778,158.4901235,161.0728395
"Korea, Dem. People's Rep.",PRK,Carbon dioxide (CO2) emissions excluding LULUCF per capita (t CO2e/capita),EN.GHG.CO2.PC.CE.AR5,3.118675766,3.219477112,3.067289626,3.112532887,3.155010507,3.268404033,3.312951408,2.758441269,3.006612095,2.880024272,2.762271875,2.028367024,1.947891077,1.499562703,1.637761617,1.280111514,1.404663479,2.850698333,2.561668406,2.818194066,2.6430967,2.183338445,2.258557107
"Korea, Dem. People's Rep.",PRK,GDP per capita (constant 2015 US$),NY.GDP.PCAP.KD,..,..,..,..,..,..,..,..,..,..,..,..,..,..,..,..,..,..,..,..,..,..,..
"Korea, Dem. People's Rep.",PRK,Energy use (kg of oil equivalent per capita),EG.USE.PCAP.KG.OE,833.135926,855.3081888,817.1393778,831.4045932,845.0782558,874.5475708,878.7017703,742.7491903,814.4688729,778.3355671,752.3658868,563.1854258,549.9066421,439.8075236,471.1703192,372.7980879,409.4001693,768.5331256,700.5133313,763.6728023,726.927801,619.3541725,640.514278
"Korea, Dem. People's Rep.",PRK,Urban population (% of total population),SP.URB.TOTL.IN.ZS,59.412,59.491,59.57,59.648,59.727,59.805,59.884,59.962,60.04,60.195,60.377,60.557,60.738,60.918,61.098,61.277,61.471,61.678,61.899,62.134,62.381,62.642,62.916
"Korea, Dem. People's Rep.",PRK,Trade (% of GDP),NE.TRD.GNFS.ZS,..,..,..,..,..,..,..,..,..,..,..,..,..,..,..,..,..,..,..,..,..,..,..
"Korea, Dem. People's Rep.",PRK,Renewable energy consumption (% of total final energy consumption),EG.FEC.RNEW.ZS,8.7,8.6,9,9.3,9.4,9.2,9,10.9,10.2,10.4,11,14.8,15.4,20.8,18.5,22.6,24,10.2,11.9,10,11.2,14.7,..
"Korea, Dem. People's Rep.",PRK,"Industry (including construction), value added (% of GDP)",NV.IND.TOTL.ZS,..,..,..,..,..,..,..,..,..,..,..,..,..,..,..,..,..,..,..,..,..,..,..
"Korea, Dem. People's Rep.",PRK,Fossil fuel energy consumption (% of total),EG.USE.COMM.FO.ZS,90.4547827,90.56708569,90.12485775,89.83707341,89.701476,89.81574622,90.08883201,87.98852679,88.73857548,69.66823239,66.88670719,62.94650196,66.67090695,58.36890022,61.63431813,56.00403502,0,0,0,0,0,0,0
"Korea, Dem. People's Rep.",PRK,Population density (people per sq. km of land area),EN.POP.DNST,196.54439,197.7855494,198.8536916,200.0695955,201.4362844,202.6113529,203.6750021,204.6871771,205.6691139,206.6135039,207.5181297,208.436791,209.3823437,210.3600282,211.3716635,212.4022091,213.4235196,214.4149904,215.3570883,216.2414417,217.060975,217.8600947,218.6599535
"Korea, Rep.",KOR,Carbon dioxide (CO2) emissions excluding LULUCF per capita (t CO2e/capita),EN.GHG.CO2.PC.CE.AR5,10.08672525,10.18557799,10.3111286,10.3460575,10.72536362,10.69627676,10.77470486,10.94806842,11.07572998,11.18214174,12.07019309,12.59405769,12.59260859,12.47052756,12.28698031,12.59808424,12.8839107,13.00304617,12.99916538,12.5784611,11.84888626,12.19001004,11.37581528
"Korea, Rep.",KOR,GDP per capita (constant 2015 US$),NY.GDP.PCAP.KD,16995.55919,17684.05038,18940.38422,19435.49341,20364.75997,21197.19909,22196.20775,23365.14021,23887.05955,23952.81322,25455.61748,26191.64426,26680.27544,27399.61595,28100.01028,28737.43917,29467.12434,30312.88885,31059.26681,31645.94983,31378.15793,32771.07242,33690.37888
"Korea, Rep.",KOR,Energy use (kg of oil equivalent per capita),EG.USE.PCAP.KG.OE,3952.362853,3923.080943,4093.476401,4137.646497,4255.200215,4324.509297,4337.551035,4487.981326,4512.969322,4557.697568,4920.341595,5114.962826,5122.942133,5108.236339,5136.98533,5239.003454,5390.840426,5467.82225,5531.779574,5334.673859,5195.910111,5513.628306,5411.974777
"Korea, Rep.",KOR,Urban population (% of total population),SP.URB.TOTL.IN.ZS,79.621,79.94,80.299,80.652,81.002,81.345,81.528,81.631,81.733,81.835,81.936,81.923,81.851,81.779,81.707,81.634,81.562,81.503,81.459,81.43,81.414,81.414,81.427
"Korea, Rep.",KOR,Trade (% of GDP),NE.TRD.GNFS.ZS,66.09516011,62.22379722,58.3530394,61.17460128,70.01571487,68.32481102,70.65187353,73.87452529,95.51635243,86.13361937,91.3995965,105.5663136,105.4583277,97.95210495,90.6144419,79.13249439,73.60380947,77.12091781,78.98886551,75.75713897,69.03404509,80.19945693,96.53640929
"Korea, Rep.",KOR,Renewable energy consumption (% of total final energy consumption),EG.FEC.RNEW.ZS,0.7,0.7,0.7,0.8,0.8,0.9,0.9,1,1.1,1.2,1.3,1.4,1.6,1.9,2.9,2.7,2.6,2.8,3.2,3.2,3.6,3.6,..
"Korea, Rep.",KOR,"Industry (including construction), value added (% of GDP)",NV.IND.TOTL.ZS,34.75531678,33.2209652,32.81274988,33.11125973,34.73483971,34.15033175,33.517273,33.45375008,32.51021797,32.90536001,34.11677597,34.45096726,34.13469264,34.44782919,34.09167237,34.14993567,34.29779968,34.76630854,34.04580231,32.67914892,32.5381602,32.4320155,31.72630126
"Korea, Rep.",KOR,Fossil fuel energy consumption (% of total),EG.USE.COMM.FO.ZS,85.037411,86.10461244,85.0004809,84.12139771,83.98678648,81.35112947,81.93945408,83.22312044,83.27027416,83.30513001,84.97727053,84.38952578,85.26135351,86.19853471,84.83767702,83.72495451,0,0,0,0,0,0,0
"Korea, Rep.",KOR,Population density (people per sq. km of land area),EN.POP.DNST,487.3326871,489.6647095,492.2485381,494.7554752,496.6176307,497.5174084,499.9823699,502.3074494,505.7707805,508.0139604,509.8159671,513.8042803,515.8755832,517.6122698,520.8524992,523.5255477,525.3700725,526.7348067,528.9690115,530.3772746,531.1090061,530.4256045,529.4320594
Kosovo,XKX,Carbon dioxide (CO2) emissions excluding LULUCF per capita (t CO2e/capita),EN.GHG.CO2.PC.CE.AR5,..,..,..,..,..,..,..,..,..,..,..,..,..,..,..,..,..,..,..,..,..,..,..
Kosovo,XKX,GDP per capita (constant 2015 US$),NY.GDP.PCAP.KD,..,..,..,..,..,..,..,..,2543.599264,2680.861215,2822.633596,2995.64952,3021.351426,3163.471895,3279.02499,3520.628507,3739.175623,3890.178073,4009.121408,4219.066939,3990.946131,4429.875975,4666.391378
Kosovo,XKX,Energy use (kg of oil equivalent per capita),EG.USE.PCAP.KG.OE,856.9436885,1044.870657,1035.03653,1091.497421,1099.832508,1070.067215,1084.463501,1131.467981,1230.097542,1356.387013,1394.780022,1410.725417,1310.385662,1296.694551,1219.315221,..,..,..,..,..,..,..,..
Kosovo,XKX,Urban population (% of total population),SP.URB.TOTL.IN.ZS,..,..,..,..,..,..,..,..,..,..,..,..,..,..,..,..,..,..,..,..,..,..,..
Kosovo,XKX,Trade (% of GDP),NE.TRD.GNFS.ZS,..,..,..,..,..,..,..,..,76.73074308,77.7553767,82.17747997,86.15174947,81.36391626,75.10348366,77.07605216,74.02044225,75.01881231,80.41013735,86.31508467,85.75340851,75.60801713,98.63843049,110.0120316
Kosovo,XKX,Renewable energy consumption (% of total final energy consumption),EG.FEC.RNEW.ZS,..,..,..,..,..,..,..,..,..,..,..,..,..,..,..,..,..,..,..,..,..,..,..
Kosovo,XKX,"Industry (including construction), value added (% of GDP)",NV.IND.TOTL.ZS,..,..,..,..,..,..,..,..,27.04339864,27.99054188,27.04119832,27.51482472,27.50847669,27.1872163,26.51706683,26.94323282,26.8584266,27.52757197,27.90835853,27.08838447,27.55845663,27.44916199,27.24418139
Kosovo,XKX,Fossil fuel energy consumption (% of total),EG.USE.COMM.FO.ZS,83.92267429,86.39372469,86.27717104,86.95110426,86.76230643,87.2096316,87.30212011,88.08794969,87.57461411,88.18078596,88.37101082,88.64308127,88.63153032,90.21079131,86.121582,..,..,..,..,..,..,..,..
Kosovo,XKX,Population density (people per sq. km of land area),EN.POP.DNST,..,..,..,..,..,..,..,..,..,..,..,..,..,..,..,..,..,..,..,..,..,..,..
Kuwait,KWT,Carbon dioxide (CO2) emissions excluding LULUCF per capita (t CO2e/capita),EN.GHG.CO2.PC.CE.AR5,27.86977499,28.63637201,29.16633899,29.9423048,31.16334155,33.72192626,33.01429802,30.42856397,30.82411281,29.87650797,27.918110588499996,26.416876059166665,24.254037455749998,22.909318728,20.748360466666664,19.857028341208334,18.820067628249998,17.268986037666668,16.244266527166666,15.293852351249999,14.753297353916667,15.314009852541668,14.301412985999999
Kuwait,KWT,GDP per capita (constant 2015 US$),NY.GDP.PCAP.KD,31341.97815,30573.42849,30702.21627,35169.63365,37918.54066,40451.25525,41137.97001,41113.86948,39852.51299,35124.08547,32568.49824,33545.34632,33578.33107,32311.18005,31073.15379,29882.21269,29454.44269,27048.37074,26706.01923,26580.2265,25541.41076,26203.26179,26579.83221
Kuwait,KWT,Energy use (kg of oil equivalent per capita),EG.USE.PCAP.KG.OE,9493.796586,9860.505984,9710.553216,10159.90019,10969.80369,12017.98103,10451.21809,9522.590214,10648.72763,10529.49468,11311.93659,10504.88017,10424.34167,9775.196212,8681.351678,9731.544496,9684.891356,9526.71485,9772.008833,8352.780241,8871.940725,8570.593912,9129.597986
Kuwait,KWT,Urban population (% of total population),SP.URB.TOTL.IN.ZS,99,99.908,100,100,100,100,100,100,100,100,100,100,100,100,100,100,100,100,100,100,100,100,100
Kuwait,KWT,Trade (% of GDP),NE.TRD.GNFS.ZS,86.6183245,86.85046729,81.22519413,86.55517551,89.29764168,92.24268009,89.7130932,91.73250339,92.68345625,88.81106499,97.02802166,99.11649273,101.0114352,97.60549125,100.0371898,98.69998832,96.15767241,97.84004656,102.7856307,91.68571238,82.01074583,82.00037511,90.91881021
Kuwait,KWT,Renewable energy consumption (% of total final energy consumption),EG.FEC.RNEW.ZS,0,0,0,0,0,0,0,0,0,0,0,0,0,0,0,0,0,0,0,0.1,0.1,0.1,..
Kuwait,KWT,"Industry (including construction), value added (% of GDP)",NV.IND.TOTL.ZS,..,..,..,..,..,..,..,..,..,..,66.06555829,72.72497333,74.81232078,73.09869385,70.54831668,55.93584566,52.13478016,55.61921587,60.12765373,57.71865674,48.46121018,58.30679316,65.76632892
Kuwait,KWT,Fossil fuel energy consumption (% of total),EG.USE.COMM.FO.ZS,..,..,..,..,98.74545037,97.76804933,..,..,..,..,96.36695964,94.24231499,98.97301367,98.30303967,99.73662403,-48.84979905,0,0,0,0,0,0,0
Kuwait,KWT,Population density (people per sq. km of land area),EN.POP.DNST,109.6918631,112.6891695,115.5989899,118.3996072,121.0617284,125.5212121,132.7010662,140.7343996,148.7890572,156.8734007,165.1723906,175.8032548,187.2676207,196.8487093,205.7169473,215.1837262,224.6967452,233.1544332,242.6214927,249.2882155,246.9285634,244.7174523,257.5557239
Kyrgyz Republic,KGZ,Carbon dioxide (CO2) emissions excluding LULUCF per capita (t CO2e/capita),EN.GHG.CO2.PC.CE.AR5,0.97947028,0.815094135,1.009536931,1.122239609,1.099082358,1.087234438,1.071234272,1.279500264,1.470877723,1.306431613,1.208199875,1.424948351,1.847232769,1.676639866,1.683263775,1.707887172,1.577387343,1.527995007,1.78009922,1.551695386,1.383716221,1.533302662,1.478232945
Kyrgyz Republic,KGZ,GDP per capita (constant 2015 US$),NY.GDP.PCAP.KD,718.3428324,749.4237796,742.4430011,786.350475,831.4821039,820.7095194,837.1380266,900.0279649,966.4099712,981.2209047,962.7647898,1005.483178,985.8472866,1069.784044,1088.582142,1105.651938,1128.316161,1157.182758,1175.071278,1201.877014,1093.328565,1132.554678,1212.178127
Kyrgyz Republic,KGZ,Energy use (kg of oil equivalent per capita),EG.USE.PCAP.KG.OE,473.3802071,435.8812891,485.3008574,511.2496051,497.8754764,498.5394096,485.4248491,560.621207,593.9478177,535.1743308,503.6155771,596.8017901,731.3564164,674.4523744,691.5385436,659.1277037,624.3534801,609.7055985,707.0811911,609.881987,562.2891527,595.8332224,645.0142462
Kyrgyz Republic,KGZ,Urban population (% of total population),SP.URB.TOTL.IN.ZS,35.298,35.296,35.295,35.293,35.292,35.29,35.289,35.287,35.285,35.284,35.306,35.352,35.423,35.517,35.635,35.777,35.944,36.135,36.351,36.591,36.856,37.146,37.461
Kyrgyz Republic,KGZ,Trade (% of GDP),NE.TRD.GNFS.ZS,89.43093163,73.74691237,82.92072902,83.93278281,93.81573216,95.08400463,120.7499818,137.0583878,146.1060822,133.3791532,133.2328505,136.1798404,139.6759378,134.0267856,125.1261811,110.9615707,105.823574,100.6174458,98.8755599,94.43028235,78.99227843,100.2613769,133.786718
Kyrgyz Republic,KGZ,Renewable energy consumption (% of total final energy consumption),EG.FEC.RNEW.ZS,35.2,36,28.3,30.5,27.7,28,27.8,24.5,22,24.7,25.6,26,22.4,24.8,26.6,23.5,22.2,24.7,23.4,28.3,30,27.6,..
Kyrgyz Republic,KGZ,"Industry (including construction), value added (% of GDP)",NV.IND.TOTL.ZS,29.19961994,26.83248899,21.31370312,20.24326767,21.68936955,19.96745267,17.55446612,16.68229999,20.4289121,23.63572933,26.26527379,27.44908809,22.25712973,24.84359467,23.88822892,25.07806232,26.546424,27.30809347,27.47851368,26.58031495,26.90424685,23.74830157,24.1941422
Kyrgyz Republic,KGZ,Fossil fuel energy consumption (% of total),EG.USE.COMM.FO.ZS,62.78371458,60.34155619,65.88615434,65.04972115,67.11899812,66.02251676,66.59024137,70.29155071,74.40872646,72.98706948,70.51915044,70.10334273,73.87067908,73.17187219,70.14086096,66.61526519,0,0,0,0,0,0,0
Kyrgyz Republic,KGZ,Population density (people per sq. km of land area),EN.POP.DNST,25.53890511,25.78244526,26.02035454,26.2946194,26.61477059,26.91678832,27.20736705,27.46811783,27.73059958,28.10032847,28.50395725,28.9185975,29.46859228,30.12069864,30.79169969,31.4913243,32.19675704,32.88162669,33.59790928,34.35980709,35.07088634,35.72066736,36.36715328
Lao PDR,LAO,Carbon dioxide (CO2) emissions excluding LULUCF per capita (t CO2e/capita),EN.GHG.CO2.PC.CE.AR5,0.172061043,0.18638112,0.205742798,0.210602243,0.217585849,0.221926041,0.286524014,0.298205024,0.343065642,0.423077773,0.467525939,0.486447712,0.511690636,0.596576965,0.654511029,1.312535423,2.297200007,2.742048578,2.786472308,2.676274408,2.645846687,3.195489075,3.247900154
Lao PDR,LAO,GDP per capita (constant 2015 US$),NY.GDP.PCAP.KD,917.2280386,954.1235054,994.492242,1038.711928,1088.760347,1148.681539,1228.089276,1301.085975,1381.737542,1463.337967,1564.910683,1666.400862,1774.635852,1890.278613,2006.311954,2121.013391,2234.760987,2351.574417,2459.978746,2554.95638,2529.746227,2556.589126,2589.050152
Lao PDR,LAO,Energy use (kg of oil equivalent per capita),EG.USE.PCAP.KG.OE,296.8284332,305.2037883,308.9648365,314.0195747,319.0629069,324.8568175,349.3850208,377.457251,406.7275967,420.2696708,425.3694773,424.2265917,430.5176093,446.0930677,458.1925198,602.3395488,754.1302558,811.8412303,805.8820107,782.6903084,701.7287906,727.4147174,815.0865404
Lao PDR,LAO,Urban population (% of total population),SP.URB.TOTL.IN.ZS,21.977,22.993,24.044,25.126,26.242,27.186,27.748,28.316,28.893,29.475,30.064,30.66,31.264,31.872,32.487,33.108,33.736,34.368,35.004,35.645,36.29,36.939,37.592
Lao PDR,LAO,Trade (% of GDP),NE.TRD.GNFS.ZS,68.83730137,65.89943688,67.25490285,60.57209588,66.07975162,71.79264627,81.96137542,79.2126289,81.84918209,76.93082622,84.72033789,91.69869587,98.18512643,98.17914662,99.05973829,85.7983217,75.09189092,..,..,..,..,..,..
Lao PDR,LAO,Renewable energy consumption (% of total final energy consumption),EG.FEC.RNEW.ZS,81.5,81.1,80.2,78.7,74,73.9,69.8,70.7,69.3,66.4,64.8,63.6,62.4,58.6,58.2,53.3,51.7,50.6,50.2,50.5,50.6,51.5,49.2
Lao PDR,LAO,"Industry (including construction), value added (% of GDP)",NV.IND.TOTL.ZS,16.4770694,16.99371479,18.38268973,20.12014415,19.35950977,23.22878956,26.17545125,25.39302052,26.94972317,25.16309379,30.46602109,30.81597019,32.43664467,30.42770755,28.81500055,27.69334425,28.75950464,30.9124754,31.53319249,31.53138199,32.41636783,34.12997772,34.10897973
Lao PDR,LAO,Fossil fuel energy consumption (% of total),EG.USE.COMM.FO.ZS,0,0,0,0,0,0,0,0,0,0,0,0,0,0,0,0,0,0,0,0,0,0,0
Lao PDR,LAO,Population density (people per sq. km of land area),EN.POP.DNST,23.53211438,23.92323224,24.31061092,24.68780329,25.05037262,25.43120884,25.83708839,26.24019064,26.64198007,27.04350953,27.44451473,27.84484402,28.24513865,28.6455156,29.04320624,29.46986568,29.93415078,30.40791594,30.88407712,31.35890815,31.83073224,32.29286828,32.75133016
Latvia,LVA,Carbon dioxide (CO2) emissions excluding LULUCF per capita (t CO2e/capita),EN.GHG.CO2.PC.CE.AR5,3.053705307,3.280548698,3.317673611,3.459115236,3.515851112,3.586253165,3.848839479,4.050356197,3.893406671,3.618999948,4.232832989,3.996583983,3.945103988,3.86431401,3.797707071,3.866495881,3.816462766,3.825618562,4.206106973,4.104038934,3.800575548,3.941172413,3.542598821
Latvia,LVA,GDP per capita (constant 2015 US$),NY.GDP.PCAP.KD,6336.382967,6833.435432,7443.229447,8149.001836,8957.233936,10106.26262,11507.46483,12810.04095,12506.6945,10675.42517,10500.86662,11018.51524,11971.01075,12353.53861,12731.6772,13321.97531,13787.33674,14382.86127,15120.06982,15328.38599,14900.72957,16070.168,16404.97706
Latvia,LVA,Energy use (kg of oil equivalent per capita),EG.USE.PCAP.KG.OE,1618.639842,1759.370124,1763.470876,1890.176749,1961.333073,2022.797769,2114.393491,2179.776479,2106.601058,2056.154241,2149.363128,2066.714761,2171.078708,2156.588285,2177.029683,2155.852207,2172.438847,2265.216939,2403.499818,2343.515819,2251.382501,2375.518507,2256.119045
Latvia,LVA,Urban population (% of total population),SP.URB.TOTL.IN.ZS,68.067,67.95,67.85,67.8,67.9,68,67.967,67.9,67.834,67.814,67.841,67.869,67.897,67.925,67.952,67.98,68.021,68.075,68.142,68.222,68.315,68.421,68.54
Latvia,LVA,Trade (% of GDP),NE.TRD.GNFS.ZS,83.61213211,88.17682782,85.97720568,88.58155804,97.23526558,104.5171566,105.6953421,100.8809109,95.76816284,88.8320495,110.8623539,129.734758,133.2115037,129.6771849,130.0422522,126.3800144,123.3305184,128.7140033,128.2340956,125.2916317,123.883198,136.7966154,159.8443449
Latvia,LVA,Renewable energy consumption (% of total final energy consumption),EG.FEC.RNEW.ZS,35.8,35.4,34.4,34.3,36.1,36.3,34,33.1,33.7,38.4,33.1,35.5,40.4,39.6,40.2,38.1,38.5,42.6,41,41.5,43.8,44,..
Latvia,LVA,"Industry (including construction), value added (% of GDP)",NV.IND.TOTL.ZS,24.22138618,23.25145468,23.3580896,22.27661614,22.34010975,21.04003908,21.87415905,22.75206472,22.84474521,21.52229297,20.8612026,21.41890103,21.41559034,20.8210959,19.61860433,19.78345674,19.16543657,19.77672939,19.3453568,19.59885279,20.33418377,21.09183067,20.72298712
Latvia,LVA,Fossil fuel energy consumption (% of total),EG.USE.COMM.FO.ZS,63.38124789,63.66348969,63.40493239,63.62655431,62.97973078,63.17427532,64.78708485,65.13081472,65.08034581,61.11626629,65.82825714,62.89155018,58.02871698,58.91256542,56.71257196,58.96934247,0,0,0,0,0,0,0
Latvia,LVA,Population density (people per sq. km of land area),EN.POP.DNST,38.04698925,37.55877674,37.12492969,36.76788211,36.36881097,35.97793562,35.6494287,35.35965096,34.98998827,34.41703762,33.70811706,33.09992447,32.69190223,32.34362897,32.04046475,31.77924374,31.49014094,31.21230334,30.97006123,30.75549199,30.53911297,30.2826611,30.20059457
Lebanon,LBN,Carbon dioxide (CO2) emissions excluding LULUCF per capita (t CO2e/capita),EN.GHG.CO2.PC.CE.AR5,3.535527355,3.752091702,3.688537078,3.63908317,3.628460026,3.548156302,3.395419538,3.08541204,3.717539897,4.318201257,4.097603628,4.116977563,4.475946294,4.022435351,3.933754425,4.156590012,4.406695492,4.755534301,4.594126554,4.659912325,3.826232403,2.948363116,2.936936601
Lebanon,LBN,GDP per capita (constant 2015 US$),NY.GDP.PCAP.KD,5958.978368,6085.760414,6207.241339,6319.765183,6633.75258,6707.180246,6696.374282,7179.345201,7701.29823,8375.488513,8955.543362,8936.200275,8920.805698,8443.538565,7830.415111,7714.11,8019.141691,8305.574054,8388.723512,8064.048734,6440.828431,5973.419339,5909.036516
Lebanon,LBN,Energy use (kg of oil equivalent per capita),EG.USE.PCAP.KG.OE,1136.870145,1199.710236,1175.253465,1157.298816,1149.060019,1079.47193,985.7854713,823.8750048,1061.379123,1336.59417,1272.704426,1257.015336,1383.47674,1238.323834,1192.553006,1284.150182,1356.177023,1475.80821,1431.813561,1486.475749,1249.321463,972.8063504,617.482999
Lebanon,LBN,Urban population (% of total population),SP.URB.TOTL.IN.ZS,86,86.118,86.24,86.366,86.494,86.627,86.762,86.901,87.042,87.187,87.334,87.484,87.636,87.79,87.947,88.106,88.266,88.429,88.593,88.758,88.925,89.093,89.262
Lebanon,LBN,Trade (% of GDP),NE.TRD.GNFS.ZS,50.11529593,55.55680836,51.04253256,54.09083402,90.97279703,92.76265627,91.06939703,97.96770797,106.6256732,90.39783886,95.09665294,102.1398824,88.54550192,86.17432859,79.81715659,71.83904263,67.72361779,68.45542926,68.2573073,62.98091601,50.12980429,78.8286204,114.8882783
Lebanon,LBN,Renewable energy consumption (% of total final energy consumption),EG.FEC.RNEW.ZS,4.9,4.6,5.7,7,6.1,6.4,6.4,7.3,5.1,4.3,5.7,6.2,5.6,5.9,4.2,4.2,4,4,4.7,5.1,6.3,6.8,..
Lebanon,LBN,"Industry (including construction), value added (% of GDP)",NV.IND.TOTL.ZS,19.96541122,20.43071372,19.11540593,18.31213873,14.57516638,14.76003823,15.00815138,15.50987735,16.21200383,15.43951679,13.80937621,14.50621607,15.48551974,16.34379623,16.20941013,15.70518464,15.95390381,14.92687978,13.80560238,12.49911818,6.638166395,2.758632074,2.3907621
Lebanon,LBN,Fossil fuel energy consumption (% of total),EG.USE.COMM.FO.ZS,93.75254364,94.37141424,94.85906462,94.71377211,94.68660902,93.99266046,95.58643344,98.03423283,99.28329593,95.25004094,94.41574707,94.63308846,95.4053286,95.19189467,96.64752395,89.32472849,0,0,0,0,0,0,0
Lebanon,LBN,Population density (people per sq. km of land area),EN.POP.DNST,423.200391,430.2950147,436.3151515,442.3761486,449.58739,456.6082111,464.4316716,473.5208211,481.4617791,488.0045943,492.7945259,498.1446725,511.802737,561.430694,620.42913,632.6949169,618.0899316,602.1630499,584.957869,566.4314761,557.4191593,558.9562072,561.5336266
Lesotho,LSO,Carbon dioxide (CO2) emissions excluding LULUCF per capita (t CO2e/capita),EN.GHG.CO2.PC.CE.AR5,0.176504669,0.181322666,0.192111112,0.195863196,0.206379187,0.209106046,0.215160126,0.273746357,0.22298035,0.259328794,0.262892793,0.272739596,0.287314794,0.286311138,0.288833795,0.281097077,0.30566714,0.326501662,0.31594571,0.33438867,0.34704595,0.349053876,0.372597994
Lesotho,LSO,GDP per capita (constant 2015 US$),NY.GDP.PCAP.KD,725.2636687,752.2432125,760.0334432,798.5405006,817.7935979,853.9605006,893.7506866,927.2686333,971.8813668,952.7479297,995.2334325,1031.997216,1086.390348,1093.953235,1100.049937,1121.198513,1147.587488,1097.821668,1068.444629,1040.99351,944.8341187,955.2212363,967.519286
Lesotho,LSO,Energy use (kg of oil equivalent per capita),EG.USE.PCAP.KG.OE,..,..,..,..,14.2050571,16.8964239,9.768321129,9.727287807,..,..,..,..,..,..,..,..,..,..,..,..,..,..,..
Lesotho,LSO,Urban population (% of total population),SP.URB.TOTL.IN.ZS,19.548,20.067,20.597,21.137,21.689,22.249,22.82,23.304,23.796,24.293,24.798,25.31,25.704,26.101,26.502,26.908,27.317,27.73,28.153,28.585,29.028,29.48,29.943
Lesotho,LSO,Trade (% of GDP),NE.TRD.GNFS.ZS,..,..,..,..,..,..,..,165.0489488,161.1265906,158.8947376,150.1024355,149.7966067,150.2085754,133.3654898,126.2924754,129.7227731,136.3152477,146.3667713,144.4349555,140.5166335,141.0966046,139.1864795,142.3739814
Lesotho,LSO,Renewable energy consumption (% of total final energy consumption),EG.FEC.RNEW.ZS,56.7,56.5,56.2,55.9,55.4,55.3,55.5,55.3,55,54,53,42.3,40.8,46.1,43.2,46,45.1,41.5,42.5,41.6,43.2,33.6,34.9
Lesotho,LSO,"Industry (including construction), value added (% of GDP)",NV.IND.TOTL.ZS,35.16430785,37.99205688,38.70013563,36.47028812,34.66530775,33.77010711,35.48131965,39.12586171,40.56384007,33.30032239,31.46335213,33.19964991,30.81793982,29.02324456,32.16087362,33.7385657,30.58664757,28.57306173,31.13904258,30.5436539,31.07920713,32.07145827,30.48874128
Lesotho,LSO,Fossil fuel energy consumption (% of total),EG.USE.COMM.FO.ZS,..,..,..,..,0,0,0,0,..,..,..,..,..,..,..,..,..,..,..,..,..,..,..
Lesotho,LSO,Population density (people per sq. km of land area),EN.POP.DNST,66.00503953,65.90424901,65.70088933,65.38402503,64.92519763,64.33056653,64.06663373,64.33689065,64.77407773,65.24647563,65.75266798,66.33758235,67.00770751,67.7372859,68.51413043,69.32183794,70.17200264,71.05105402,71.92368248,72.77355072,73.64054677,74.49084321,75.30006588
Liberia,LBR,Carbon dioxide (CO2) emissions excluding LULUCF per capita (t CO2e/capita),EN.GHG.CO2.PC.CE.AR5,0.137426203,0.151724284,0.149638973,0.160344565,0.172606475,0.206572827,0.207259853,0.182090732,0.147343512,0.132892792,0.196605476,0.211647081,0.226455583,0.205469998,0.259689726,0.262564249,0.288690742,0.249003645,0.278215618,0.287981829,0.300341997,0.307511062,0.312657376
Liberia,LBR,GDP per capita (constant 2015 US$),NY.GDP.PCAP.KD,754.8509174,754.4223558,762.7163939,528.5673955,535.9958821,539.6653788,551.3774466,574.6093943,591.1853781,603.2562111,621.7832951,646.908727,674.3600114,717.0072804,707.1576949,692.5900824,668.0315132,671.2608998,665.8754396,636.6993848,605.0254754,621.9279831,638.0051839
Liberia,LBR,Energy use (kg of oil equivalent per capita),EG.USE.PCAP.KG.OE,..,..,..,..,..,..,..,..,..,..,..,..,..,..,..,..,..,..,..,..,..,..,..
Liberia,LBR,Urban population (% of total population),SP.URB.TOTL.IN.ZS,44.331,44.673,45.017,45.361,45.706,46.051,46.396,46.742,47.088,47.445,47.813,48.193,48.583,48.985,49.397,49.82,50.254,50.697,51.151,51.615,52.089,52.573,53.065
Liberia,LBR,Trade (% of GDP),NE.TRD.GNFS.ZS,..,..,..,..,..,..,..,..,..,..,..,..,..,..,..,..,..,..,..,..,..,..,..
Liberia,LBR,Renewable energy consumption (% of total final energy consumption),EG.FEC.RNEW.ZS,91.3,91.6,91.1,90.3,89.6,87.8,87.6,89.8,91.8,91.8,88.6,87.1,86.2,87.5,91.2,91.9,92.8,93.6,94.4,89.7,93,93.2,92.8
Liberia,LBR,"Industry (including construction), value added (% of GDP)",NV.IND.TOTL.ZS,4.24715103,4.186181015,3.243096009,4.149037433,7.726989967,7.218187566,7.703261841,7.929315368,7.094959444,5.009739819,4.999614615,8.300116764,14.58892598,19.51825415,18.55481,16.82484548,13.770442,15.44165143,16.92386495,16.98960702,16.94895131,18.21779055,20.68854727
Liberia,LBR,Fossil fuel energy consumption (% of total),EG.USE.COMM.FO.ZS,..,..,..,..,..,..,..,..,..,..,..,..,..,..,..,..,..,..,..,..,..,..,..
Liberia,LBR,Population density (people per sq. km of land area),EN.POP.DNST,30.3998858,31.30541944,32.13021179,32.38716777,32.77504153,34.27133513,36.24155939,38.09229651,39.66988164,40.93675249,42.1396387,43.82452243,45.40119394,46.41028862,47.38676287,48.37449128,49.37300664,50.34182932,51.33644103,52.36421304,53.46203281,54.6026059,55.78585963
Libya,LBY,Carbon dioxide (CO2) emissions excluding LULUCF per capita (t CO2e/capita),EN.GHG.CO2.PC.CE.AR5,9.290048051,9.021328035,9.058058496,9.571683657,9.278307206,9.852259798,9.610747848,8.804120975,9.163938975,9.465536702,9.798272934,6.973637766,10.17168857,9.930419368,9.615120117,8.372966244,7.739102062,8.238269002,8.380616012,8.317972307,6.503066753,7.849001601,7.897029336
Libya,LBY,GDP per capita (constant 2015 US$),NY.GDP.PCAP.KD,10853.80595,10467.87761,10170.30958,11267.06276,11529.10866,12628.89615,13176.77589,13712.96026,13403.00046,12549.08543,12913.93349,6569.594776,12599.25888,10126.31493,7644.248439,7458.489178,7236.164099,9435.6006,10020.91658,8768.410487,6102.79864,7733.390076,7008.206484
Libya,LBY,Energy use (kg of oil equivalent per capita),EG.USE.PCAP.KG.OE,2976.836507,3074.780588,3089.632828,3033.310814,3051.033455,3114.985643,2733.383007,2363.562475,2578.959429,2784.554546,3131.506083,2631.727946,3101.476813,2747.590738,3550.574282,3230.977572,3118.867678,3485.709594,3055.563904,3413.933852,1687.139661,2368.630389,2539.198138
Libya,LBY,Urban population (% of total population),SP.URB.TOTL.IN.ZS,76.387,76.502,76.629,76.768,76.919,77.08,77.253,77.437,77.632,77.837,78.052,78.277,78.512,78.756,79.009,79.27,79.54,79.817,80.102,80.393,80.691,80.994,81.302
Libya,LBY,Trade (% of GDP),NE.TRD.GNFS.ZS,45.28109377,43.17344961,78.85975704,90.61273052,96.12933208,90.86088969,97.73810112,102.7323155,103.242158,107.6209305,98.07721307,63.00543529,98.22431892,106.3343609,76.52488264,56.90490733,41.11017606,47.54896619,63.7811336,78.99396919,50.97579344,164.28407,156.3216847
Libya,LBY,Renewable energy consumption (% of total final energy consumption),EG.FEC.RNEW.ZS,2,2.9,2.9,2.9,2.8,2.7,2.9,3.1,2.9,2.6,2.5,3.2,2.6,2.4,2.3,2.9,2.8,2.9,2.9,3,3.2,3.1,..
Libya,LBY,"Industry (including construction), value added (% of GDP)",NV.IND.TOTL.ZS,..,..,65.83038598,70.89381321,76.64251376,80.97429439,86.66955501,84.72750767,85.92039285,73.79725447,75.74498699,53.8989087,73.73692992,65.12375891,46.76927755,34.82896933,26.07707627,38.98001611,49.67675801,49.97761793,15.95020364,74.91210084,76.83807986
Libya,LBY,Fossil fuel energy consumption (% of total),EG.USE.COMM.FO.ZS,99.34093213,97.28846113,98.80032439,..,..,96.54406478,..,..,..,..,..,81.08967801,89.17142755,..,77.60554736,56.63301267,0,0,0,0,0,0,0
Libya,LBY,Population density (people per sq. km of land area),EN.POP.DNST,3.01500449,3.071052093,3.130596633,3.193674483,3.260336793,3.329732771,3.398735465,3.469304477,3.543784171,3.61838094,3.692919172,3.605034839,3.511899701,3.583111495,3.652802437,3.712231038,3.769238551,3.829847574,3.892525887,3.950483081,4.004114143,4.05513657,4.10550769
Liechtenstein,LIE,Carbon dioxide (CO2) emissions excluding LULUCF per capita (t CO2e/capita),EN.GHG.CO2.PC.CE.AR5,..,..,..,..,..,..,..,..,..,..,..,..,..,..,..,..,..,..,..,..,..,..,..
Liechtenstein,LIE,GDP per capita (constant 2015 US$),NY.GDP.PCAP.KD,..,..,..,..,..,..,..,..,..,..,..,..,..,..,..,167187.1573,..,..,..,..,..,..,..
Liechtenstein,LIE,Energy use (kg of oil equivalent per capita),EG.USE.PCAP.KG.OE,..,..,..,..,..,..,..,..,..,..,..,..,..,..,..,..,..,..,..,..,..,..,..
Liechtenstein,LIE,Urban population (% of total population),SP.URB.TOTL.IN.ZS,15.13,14.962,14.906,14.85,14.795,14.739,14.684,14.629,14.574,14.519,14.464,14.41,14.367,14.334,14.313,14.303,14.303,14.315,14.338,14.371,14.416,14.471,14.538
Liechtenstein,LIE,Trade (% of GDP),NE.TRD.GNFS.ZS,..,..,..,..,..,..,..,..,..,..,..,..,..,..,..,..,..,..,..,..,..,..,..
Liechtenstein,LIE,Renewable energy consumption (% of total final energy consumption),EG.FEC.RNEW.ZS,54,51.6,51.3,50.2,50.3,49.9,50.8,53.4,53,55.1,52.3,55.3,55.5,53.5,55,55.5,55.8,55.3,56.8,56.1,55.2,53.6,56.9
Liechtenstein,LIE,"Industry (including construction), value added (% of GDP)",NV.IND.TOTL.ZS,..,..,..,..,..,..,..,..,..,..,..,..,..,39.30458267,39.64717263,37.26026489,41.95437832,44.07861714,41.75503469,44.29522857,40.30361983,40.77639021,40.62797201
Liechtenstein,LIE,Fossil fuel energy consumption (% of total),EG.USE.COMM.FO.ZS,..,..,..,..,..,..,..,..,..,..,..,..,..,..,..,..,..,..,..,..,..,..,..
Liechtenstein,LIE,Population density (people per sq. km of land area),EN.POP.DNST,204.03125,207.4625,210.5875,212.99375,215.29375,217.20625,218.98125,220.3875,221.70625,223.3875,225.1375,226.95,229.10625,231.15,232.8,234.3375,235.725,237.2625,239.0375,241.01875,243.13125,244.8875,246.83125
Lithuania,LTU,Carbon dioxide (CO2) emissions excluding LULUCF per capita (t CO2e/capita),EN.GHG.CO2.PC.CE.AR5,3.330698698,3.569907728,3.621712851,3.657604958,3.868643723,4.200656849,4.340426599,4.817079473,4.949079663,4.175703686,4.532683818,4.728354108,4.84698102,4.512081047,4.49695685,4.691545387,4.697592382,4.911246205,4.971587684,5.084826557,5.070935525,5.102229755,4.64398887
Lithuania,LTU,GDP per capita (constant 2015 US$),NY.GDP.PCAP.KD,6384.308654,6854.525128,7374.097971,8218.693363,8851.925989,9692.868538,10577.21455,11889.35452,12324.51973,10612.9204,10884.11619,11836.72004,12516.61841,13145.80693,13753.1896,14269.80399,14823.10715,15695.99933,16604.90214,17431.72391,17443.65526,18569.70572,18884.51525
Lithuania,LTU,Energy use (kg of oil equivalent per capita),EG.USE.PCAP.KG.OE,2040.580886,2388.281422,2578.770975,2714.295086,2784.894036,2668.049724,2669.903958,2927.728514,2978.883257,2771.818699,2276.517761,2412.977601,2468.164584,2352.913373,2376.275378,2420.605551,2504.983838,2653.399843,2711.161868,2707.607647,2674.068404,2774.319795,2453.939933
Lithuania,LTU,Urban population (% of total population),SP.URB.TOTL.IN.ZS,66.986,66.919,66.828,66.737,66.646,66.635,66.706,66.777,66.848,66.842,66.757,66.741,66.864,66.986,67.108,67.23,67.366,67.516,67.679,67.855,68.046,68.249,68.465
Lithuania,LTU,Trade (% of GDP),NE.TRD.GNFS.ZS,83.19149427,93.48713737,100.3322295,98.09140432,104.0720707,117.4496912,124.613633,116.2958103,126.7597078,105.0402512,131.6265074,149.6453069,156.6389257,156.6266379,143.2901158,138.195575,134.6904497,144.9183931,147.2021325,148.374996,135.7965656,154.8067277,175.6516122
Lithuania,LTU,Renewable energy consumption (% of total final energy consumption),EG.FEC.RNEW.ZS,17.2,17.6,17.9,18.1,18.1,17.5,17.5,17.1,18.3,20.1,21.5,22.7,23.9,26.3,27.7,29,31.5,33.8,33.7,33.5,31.7,33.2,..
Lithuania,LTU,"Industry (including construction), value added (% of GDP)",NV.IND.TOTL.ZS,26.50084845,27.21467166,26.39882123,27.96306232,29.52785582,29.72360685,30.17054789,29.64501628,29.20090863,25.0207491,26.21165181,28.35343171,28.20019993,27.62426892,27.72644118,26.96369786,25.99746022,25.72045768,25.57887872,25.25641494,24.78769007,24.85875092,25.63986959
Lithuania,LTU,Fossil fuel energy consumption (% of total),EG.USE.COMM.FO.ZS,58.58862141,57.35860265,53.36164398,52.06210589,53.25392477,59.76240572,61.05636411,60.96047225,60.19058081,55.35130094,74.27278421,73.8607386,72.88450958,70.04905144,68.19486523,-61.37885498,0,0,0,0,0,0,0
Lithuania,LTU,Population density (people per sq. km of land area),EN.POP.DNST,55.83178047,55.373612,54.93087109,54.48648692,53.87803127,53.00778558,52.1682993,51.55223357,51.02881532,50.46535301,49.4181412,48.31533012,47.69344545,47.24770642,46.88352753,46.46622506,45.93284059,45.37984707,45.01357177,44.89123283,44.87973491,44.85513496,45.23095968
Luxembourg,LUX,Carbon dioxide (CO2) emissions excluding LULUCF per capita (t CO2e/capita),EN.GHG.CO2.PC.CE.AR5,20.17121247,21.14059227,22.4846753,23.14748799,25.933922,26.04297894,25.26674805,23.62846958,22.94587128,21.31390586,21.013062359499997,19.700991002333332,18.25096463208333,16.386801564749998,14.709486224999997,13.142865484625002,12.039242180999999,11.49161853875,11.162058285833332,10.665769090625,8.297736639,8.183460301333334,6.6724544219999995
Luxembourg,LUX,GDP per capita (constant 2015 US$),NY.GDP.PCAP.KD,92527.71087,94243.70684,96269.57975,97597.99732,100292.5669,101222.0444,105614.1789,112417.877,110094.7915,104574.349,106544.0574,105290.249,104487.7443,105338.9555,105583.9373,105462.0126,108351.4518,107142.1267,106788.7287,107591.9659,105274.2472,110873.1852,107469.7551
Luxembourg,LUX,Energy use (kg of oil equivalent per capita),EG.USE.PCAP.KG.OE,7682.155552,7986.413895,8205.474696,8553.03438,9381.203821,9429.924653,9172.055983,8779.50608,8625.433336,7958.76293,8335.835007,8062.979119,7723.784323,7320.721679,6878.681452,6548.759621,6342.68338,6313.353712,6414.364783,6376.866966,5435.815706,5631.087257,4862.947408
Luxembourg,LUX,Urban population (% of total population),SP.URB.TOTL.IN.ZS,84.216,84.843,85.299,85.743,86.177,86.598,87.009,87.409,87.8,88.178,88.547,88.906,89.249,89.574,89.884,90.179,90.46,90.727,90.981,91.223,91.453,91.672,91.881
Luxembourg,LUX,Trade (% of GDP),NE.TRD.GNFS.ZS,272.4123268,270.7656304,250.6891982,244.9779461,265.2268849,284.0774769,305.8795475,307.4850201,292.2134808,263.5327015,293.6718769,308.7144539,311.7868352,320.5335063,333.4288532,351.1319744,348.4374094,353.793992,361.8654452,382.6607806,375.5813964,397.5061809,412.1771699
Luxembourg,LUX,Renewable energy consumption (% of total final energy consumption),EG.FEC.RNEW.ZS,6.8,3.4,1.3,1.3,1.4,1.9,2.1,3.6,4,3.7,3.7,3.8,4.2,5.7,6.8,9.1,13.5,15.3,16,16.4,20.8,20.5,..
Luxembourg,LUX,"Industry (including construction), value added (% of GDP)",NV.IND.TOTL.ZS,16.65467895,16.31385305,16.10805189,16.2313624,15.43934602,14.46612736,13.52057912,14.47596844,12.80514739,11.00660492,10.99797265,10.70843828,10.42671879,10.44294198,10.81088063,11.53962343,12.09593256,10.81833686,10.97207843,11.60046386,11.34277534,10.5920031,9.113799153
Luxembourg,LUX,Fossil fuel energy consumption (% of total),EG.USE.COMM.FO.ZS,83.38564304,84.94548849,89.84097837,89.66399498,91.31897434,91.15822864,90.31912594,88.02920465,86.98306785,88.62658222,87.89035703,86.93768748,87.19761991,84.40710174,83.11884303,80.55793957,0,0,0,0,0,0,0
Luxembourg,LUX,Population density (people per sq. km of land area),EN.POP.DNST,169.4724331,171.5019849,173.3081889,175.4270799,177.9382861,180.681774,183.5868493,186.4441475,189.8067944,193.3543345,196.9162465,201.342029,206.2358708,211.0578529,216.0915299,221.2518353,226.0722637,231.6353721,236.1466094,240.827591,244.8742649,248.6206816,253.6854331
"Macao SAR, China",MAC,Carbon dioxide (CO2) emissions excluding LULUCF per capita (t CO2e/capita),EN.GHG.CO2.PC.CE.AR5,3.432652113,3.643235769,3.955063869,3.957844905,4.473718936,4.322914467,4.076568451,3.699942407,2.954318476,3.165607477,3.0430074491999997,2.8295184378499996,2.736548394658333,2.6449125695249998,2.800117955833333,3.4508243895166664,3.1186475098249997,3.67222843435,2.7251606212,2.7684151783749997,2.7571430306416667,2.5846074481166665,2.5870072344
"Macao SAR, China",MAC,GDP per capita (constant 2015 US$),NY.GDP.PCAP.KD,31763.2938,32432.11464,34959.53288,38571.49105,47651.10701,49454.30911,53221.56561,58352.9909,58122.60758,59490.45124,74158.88183,88121.75266,93164.01552,98998.08804,92322.15026,70070.2918,68570.46846,75807.89275,79378.17298,75835.64532,33952.47987,42121.72009,34121.90311
"Macao SAR, China",MAC,Energy use (kg of oil equivalent per capita),EG.USE.PCAP.KG.OE,..,..,..,..,..,..,..,..,..,..,..,..,..,..,..,..,..,..,..,..,..,..,..
"Macao SAR, China",MAC,Urban population (% of total population),SP.URB.TOTL.IN.ZS,100,100,100,100,100,100,100,100,100,100,100,100,100,100,100,100,100,100,100,100,100,100,100
"Macao SAR, China",MAC,Trade (% of GDP),NE.TRD.GNFS.ZS,147.7625117,150.0235883,152.382641,150.7883955,148.9037502,136.3722219,128.7856891,130.6705988,126.6071312,113.5551133,119.9400877,122.8883894,123.7133418,121.4225517,118.635352,118.4983375,112.1844682,114.9257754,115.8654807,114.7030638,121.500363,167.6887458,168.0810225
"Macao SAR, China",MAC,Renewable energy consumption (% of total final energy consumption),EG.FEC.RNEW.ZS,0.2,0.9,1.4,2.4,2.5,2.3,2.8,3.4,4.7,3,5.5,6.4,11.1,16.6,11.4,5.4,5.4,3.9,8.4,8.4,11,13.6,11
"Macao SAR, China",MAC,"Industry (including construction), value added (% of GDP)",NV.IND.TOTL.ZS,11.45873568,9.820002903,9.233367106,9.549941796,8.417465039,10.97161628,14.10170232,13.78449329,11.80331952,7.31595528,4.808470909,4.160602224,4.035006375,3.719346479,5.039268807,7.695964505,6.620618076,4.996772845,4.090661172,4.213344131,8.485165777,7.68616442,9.251920664
"Macao SAR, China",MAC,Fossil fuel energy consumption (% of total),EG.USE.COMM.FO.ZS,..,..,..,..,..,..,..,..,..,..,..,..,..,..,..,..,..,..,..,..,..,..,..
"Macao SAR, China",MAC,Population density (people per sq. km of land area),EN.POP.DNST,21530,16688.46154,16237.03704,16429.62963,16239.28571,16910.71429,17444.05594,17839.0411,18517.12329,18135.59322,18080.80808,18381.2709,18993.31104,19534.65347,20518.15182,21148.02632,21393.44262,21051.94805,20027.35562,20425.53191,20832.82675,20681.81818,20524.24242
Madagascar,MDG,Carbon dioxide (CO2) emissions excluding LULUCF per capita (t CO2e/capita),EN.GHG.CO2.PC.CE.AR5,0.102571163,0.100411327,0.066439076,0.085735531,0.090070151,0.093320843,0.086883985,0.088751268,0.089366961,0.082414114,0.088719733,0.100520105,0.121483539,0.126465773,0.126520593,0.13442168,0.124548122,0.132598562,0.122804477,0.141756315,0.107354689,0.137485723,0.13108604
Madagascar,MDG,GDP per capita (constant 2015 US$),NY.GDP.PCAP.KD,465.5295098,478.4056149,406.7012221,433.6010403,443.278655,450.9552309,461.5403379,473.7854623,490.9639354,457.7897549,447.417143,441.7551584,442.6415001,440.6746589,443.3438699,445.3200695,451.1565943,456.8518596,459.3303678,467.2774135,422.9242554,431.5991031,438.5162634
Madagascar,MDG,Energy use (kg of oil equivalent per capita),EG.USE.PCAP.KG.OE,255.7099865,254.1678323,235.9047024,247.0539249,250.2459933,250.7808072,250.8347425,254.4415172,259.1972659,253.6276129,255.4867931,259.2933148,265.2420595,268.4940739,271.2816858,275.4307685,293.322518,299.4537102,292.8209058,313.7750022,301.7486447,308.9534752,308.6725396
Madagascar,MDG,Urban population (% of total population),SP.URB.TOTL.IN.ZS,27.121,27.391,27.663,27.936,28.211,28.814,29.425,30.043,30.67,31.301,31.938,32.58,33.227,33.878,34.534,35.193,35.856,36.522,37.191,37.861,38.534,39.207,39.882
Madagascar,MDG,Trade (% of GDP),NE.TRD.GNFS.ZS,42.77712266,41.03512609,50.18169194,34.03060292,48.77538189,59.13008494,62.10283894,66.70273536,74.35735396,62.4116976,57.87489451,56.4830926,52.65171408,56.36758179,61.96943221,61.22037884,60.83469848,65.34340151,67.84150467,62.60132305,49.01070737,55.21585859,70.54713441
Madagascar,MDG,Renewable energy consumption (% of total final energy consumption),EG.FEC.RNEW.ZS,82.2,84.1,87.2,84.8,84.3,84.9,85.9,86.2,86.4,87.2,86.7,84.5,83.3,81.4,82.2,83.9,83.8,81.9,84.2,82.5,84.7,83.6,83.1
Madagascar,MDG,"Industry (including construction), value added (% of GDP)",NV.IND.TOTL.ZS,..,..,..,..,..,..,..,18.90683075,20.46859544,18.83320963,18.00752056,17.85327281,17.27608432,17.90961382,19.24978287,18.95088473,19.40994447,20.11235766,21.48195747,22.44549735,19.46618711,22.25009462,23.35681615
Madagascar,MDG,Fossil fuel energy consumption (% of total),EG.USE.COMM.FO.ZS,0,0,0,0,0,0,0,0,0,0,0,0,0,0,0,0,0,0,0,0,0,0,0
Madagascar,MDG,Population density (people per sq. km of land area),EN.POP.DNST,28.40103518,29.28936789,30.17834199,31.07585721,31.9954053,32.94649895,33.92872201,34.93926987,35.98005296,37.05210304,38.14585411,39.22739109,40.32767212,41.43913716,42.56505328,43.7035098,44.8606944,46.0439584,47.25838089,48.50387418,49.76547955,51.03314369,52.31567721
Malawi,MWI,Carbon dioxide (CO2) emissions excluding LULUCF per capita (t CO2e/capita),EN.GHG.CO2.PC.CE.AR5,0.274276768,0.272792563,0.263197323,0.258735037,0.251705159,0.277935466,0.287391918,0.300338611,0.306709509,0.288910895,0.302749213,0.376455402,0.362422235,0.311388275,0.299105895,0.286773876,0.278765962,0.298413805,0.298077281,0.293554757,0.268727864,0.310621034,0.289167128
Malawi,MWI,GDP per capita (constant 2015 US$),NY.GDP.PCAP.KD,418.592985,388.2600398,385.3089802,397.2248468,408.0649161,410.2679796,417.8776898,445.2543054,465.551473,489.6314188,508.0886506,517.8337366,512.740318,525.3576455,539.5626019,539.6053632,538.2219908,544.7957292,553.5287909,569.8662494,559.4470861,569.9689673,560.6357597
Malawi,MWI,Energy use (kg of oil equivalent per capita),EG.USE.PCAP.KG.OE,..,..,..,..,..,..,..,..,..,..,..,..,..,..,..,..,..,..,..,..,..,..,..
Malawi,MWI,Urban population (% of total population),SP.URB.TOTL.IN.ZS,14.61,14.698,14.786,14.875,14.964,15.054,15.144,15.235,15.326,15.429,15.544,15.672,15.812,15.966,16.132,16.313,16.506,16.714,16.937,17.174,17.427,17.695,17.98
Malawi,MWI,Trade (% of GDP),NE.TRD.GNFS.ZS,..,..,..,..,..,..,..,..,..,..,..,..,..,..,..,..,..,..,..,..,..,..,..
Malawi,MWI,Renewable energy consumption (% of total final energy consumption),EG.FEC.RNEW.ZS,82.6,83.1,83.3,82.8,82.4,83.2,82.8,82.2,80.4,80,81.2,80.2,80.2,79.8,82.8,81,78.9,76.9,73.2,70.9,71.5,71.1,62.9
Malawi,MWI,"Industry (including construction), value added (% of GDP)",NV.IND.TOTL.ZS,19.04422144,17.8929694,19.80516022,21.18422955,18.44393458,17.52114531,19.21180627,21.29916384,18.93788918,18.06813119,17.93172882,18.16619967,17.71852208,17.4239449,17.26492671,17.55617213,17.65584221,17.74796248,18.39079401,18.49900692,19.0817403,18.42397311,16.90734354
Malawi,MWI,Fossil fuel energy consumption (% of total),EG.USE.COMM.FO.ZS,..,..,..,..,..,..,..,..,..,..,..,..,..,..,..,..,..,..,..,..,..,..,..
Malawi,MWI,Population density (people per sq. km of land area),EN.POP.DNST,120.0248409,122.9641281,126.0123038,129.2063428,132.5916101,136.1904009,139.9947073,144.000244,148.2437102,152.6918541,157.2598961,161.9115613,166.6268244,171.4235893,176.2997242,181.2217543,186.2297306,191.3419071,196.5218604,201.8005091,207.190157,212.6353203,218.166398
Malaysia,MYS,Carbon dioxide (CO2) emissions excluding LULUCF per capita (t CO2e/capita),EN.GHG.CO2.PC.CE.AR5,5.694037256,5.883041525,6.080511974,6.344348665,6.71601264,7.011580824,7.107708638,7.590838105,7.841049597,7.039383564,7.522902189,7.486743297,7.41258985,7.862517944,8.192060128,8.098172953,7.787692769,7.351561292,7.728767131,7.631655249,7.477034667,7.552400286,7.907148055
Malaysia,MYS,GDP per capita (constant 2015 US$),NY.GDP.PCAP.KD,6455.614198,6334.927957,6516.906716,6732.920495,7025.34558,7234.024427,7469.810692,7769.596934,7976.117854,7700.461113,8118.922705,8400.322487,8710.526714,8964.807249,9341.73056,9648.679794,9901.479602,10293.76292,10610.19502,10902.98349,10171.46578,10388.26671,11174.21008
Malaysia,MYS,Energy use (kg of oil equivalent per capita),EG.USE.PCAP.KG.OE,2102.392125,2135.788405,2154.461906,2254.16676,2371.200287,2515.148727,2472.126833,2584.765826,2678.819498,2483.792734,2529.591689,2591.224708,2587.431704,2869.769116,2879.923522,2706.926963,2759.172283,2617.764623,2839.452448,2878.298885,2722.603166,2793.499535,2867.096519
Malaysia,MYS,Urban population (% of total population),SP.URB.TOTL.IN.ZS,61.977,62.922,63.856,64.78,65.694,66.594,67.483,68.36,69.225,70.075,70.912,71.609,72.275,72.93,73.577,74.213,74.84,75.447,76.036,76.607,77.16,77.696,78.214
Malaysia,MYS,Trade (% of GDP),NE.TRD.GNFS.ZS,220.406789,203.364636,199.3562327,194.1951291,210.3742659,203.8546446,202.5771468,192.4655064,176.6683248,162.5589705,157.9447649,154.9376846,147.8417548,142.7209915,138.3122312,131.3700724,126.89901,133.1551734,130.4026255,123.028562,116.7881824,134.0359947,146.5054183
Malaysia,MYS,Renewable energy consumption (% of total final energy consumption),EG.FEC.RNEW.ZS,4.4,4.2,3.5,3.3,3.2,3,3.1,2.8,3,2.3,2,2.2,2.5,2.8,3,3.4,4.4,5.2,5.3,5.7,7,7.5,..
Malaysia,MYS,"Industry (including construction), value added (% of GDP)",NV.IND.TOTL.ZS,48.32057149,46.202695,45.1153797,46.5786627,48.5303176,46.36832249,46.51565726,44.59599603,45.1050654,40.96782384,40.49893235,39.82426873,40.13500101,39.88537365,39.92442448,38.44966979,37.6832735,38.11471636,38.29143917,37.47655524,35.93473853,37.68268618,39.0948343
Malaysia,MYS,Fossil fuel energy consumption (% of total),EG.USE.COMM.FO.ZS,96.15679617,96.37369109,96.84996403,97.22289297,97.35200024,97.94129123,97.85128523,..,99.11486596,99.46847286,98.09173653,98.03046754,98.13870082,98.10797813,98.0495569,67.13346159,0,0,0,0,0,0,0
Malaysia,MYS,Population density (people per sq. km of land area),EN.POP.DNST,69.90660782,71.60717699,73.36014914,75.11673109,76.87345001,78.63664891,80.40757571,82.1743692,83.91434789,85.60273322,87.21891949,88.75982042,90.2840694,91.84070918,93.42911886,95.06254147,96.75752549,98.48012175,100.1703455,101.7823649,103.1488601,104.3445412,105.6018658
Maldives,MDV,Carbon dioxide (CO2) emissions excluding LULUCF per capita (t CO2e/capita),EN.GHG.CO2.PC.CE.AR5,2.254458033,1.960476624,2.335262811,1.947445285,2.451121883,2.234449089,2.66495885,2.705259817,2.843204331,2.825640658,2.920242134,3.062027329,3.72810986,4.052290849,5.301764676,3.709646529,3.910824979,4.004477544,4.501806176,5.065907232,5.003007261,5.103515617,5.305796919
Maldives,MDV,GDP per capita (constant 2015 US$),NY.GDP.PCAP.KD,7037.085452,6647.650389,7012.255686,7845.293073,8174.416077,7141.883769,8620.728153,8933.171669,9396.497343,8313.40983,8569.524945,9005.813908,8907.661356,9213.327922,9612.078621,9644.90655,9909.076694,10263.29912,10793.89414,11194.92537,7295.602213,9759.221933,10939.99632
Maldives,MDV,Energy use (kg of oil equivalent per capita),EG.USE.PCAP.KG.OE,..,..,..,..,829.4267334,734.2647073,917.6328895,921.4771988,..,..,..,..,..,..,..,..,..,..,..,..,..,..,..
Maldives,MDV,Urban population (% of total population),SP.URB.TOTL.IN.ZS,27.706,28.859,30.042,31.252,32.49,33.75,34.794,35.2,35.61,36.021,36.434,36.849,37.267,37.685,38.106,38.529,38.954,39.38,39.808,40.238,40.669,41.102,41.536
Maldives,MDV,Trade (% of GDP),NE.TRD.GNFS.ZS,..,..,..,..,..,..,..,..,..,..,..,..,..,..,165.9792512,143.7205067,144.3802123,141.9121106,142.4911285,137.1252309,114.3619029,142.6072967,162.2435705
Maldives,MDV,Renewable energy consumption (% of total final energy consumption),EG.FEC.RNEW.ZS,2.3,2.3,1.8,2.2,1.7,2,1.6,1.5,1.5,1.5,1.4,1.3,1.2,1.3,1.2,1.5,1.2,1.3,1.3,1.3,1.6,1.4,1.2
Maldives,MDV,"Industry (including construction), value added (% of GDP)",NV.IND.TOTL.ZS,..,..,..,12.37545926,11.05881252,11.73192936,9.517634289,8.745513433,11.44930718,9.620246846,9.431755806,10.07448199,9.790791627,8.058403066,8.413910755,10.7232266,11.27414928,11.42519846,13.0536487,11.94254378,12.56051391,9.192297596,9.918601294
Maldives,MDV,Fossil fuel energy consumption (% of total),EG.USE.COMM.FO.ZS,..,..,..,..,0,0,0,0,..,..,..,..,..,..,..,..,..,..,..,..,..,..,..
Maldives,MDV,Population density (people per sq. km of land area),EN.POP.DNST,940.0633333,955.89,972.0533333,988.3033333,1004.71,1021.43,1046.17,1081.596667,1120.566667,1160.916667,1202.64,1245.58,1289.393333,1333.566667,1378.723333,1427.18,1477.693333,1527.623333,1576.996667,1625.77,1673.726667,1720.513333,1747.02
Mali,MLI,Carbon dioxide (CO2) emissions excluding LULUCF per capita (t CO2e/capita),EN.GHG.CO2.PC.CE.AR5,0.069416028,0.069525606,0.070654009,0.07014609,0.069735268,0.06985927,0.081886249,0.09334078,0.104981118,0.130406849,0.125203839,0.132703473,0.135802059,0.158840845,0.161945436,0.188473934,0.236576084,0.255735991,0.265497116,0.296429654,0.298367364,0.294729959,0.296676063
Mali,MLI,GDP per capita (constant 2015 US$),NY.GDP.PCAP.KD,596.578639,667.9205304,667.6018098,705.686954,693.861122,721.8979871,745.0875001,748.9261584,772.0919752,781.9722868,809.3738876,815.124267,787.1497241,782.7024503,816.0046555,838.1198694,860.7530755,878.5613484,892.9783228,909.7510697,872.3897211,872.3328037,876.1683019
Mali,MLI,Energy use (kg of oil equivalent per capita),EG.USE.PCAP.KG.OE,..,..,..,..,..,..,..,..,..,..,..,..,..,..,..,..,..,..,..,..,..,..,..
Mali,MLI,Urban population (% of total population),SP.URB.TOTL.IN.ZS,28.356,29.075,29.806,30.547,31.3,32.06,32.832,33.612,34.403,35.2,35.999,36.799,37.599,38.398,39.196,39.991,40.783,41.572,42.356,43.136,43.909,44.677,45.437
Mali,MLI,Trade (% of GDP),NE.TRD.GNFS.ZS,55.42257543,60.20080302,57.82929137,58.6281417,40.13036215,41.65574214,45.43980769,44.20771033,51.60617846,39.1346823,47.01966357,43.03095252,49.10382126,54.52649546,51.495451,53.57517601,53.61261936,49.49199849,50.69984625,53.99871328,56.04154744,56.71505256,61.66369797
Mali,MLI,Renewable energy consumption (% of total final energy consumption),EG.FEC.RNEW.ZS,83.5,82.1,83.6,85.8,81.5,82.3,81.7,78.9,75,78.7,84,83.6,81.2,84.8,84.6,81.2,77.9,77,77.2,74.9,72.8,71.2,71.1
Mali,MLI,"Industry (including construction), value added (% of GDP)",NV.IND.TOTL.ZS,21.52094779,22.67033855,22.6011138,22.75920793,24.18831415,26.37386242,29.64872243,27.3213023,26.48187537,26.75073957,26.58217495,24.26284536,23.90810288,22.79707628,23.43866091,22.35553203,21.89082394,22.17433863,23.20803172,23.08297411,26.73895369,25.78093863,24.79649664
Mali,MLI,Fossil fuel energy consumption (% of total),EG.USE.COMM.FO.ZS,..,..,..,..,..,..,..,..,..,..,..,..,..,..,..,..,..,..,..,..,..,..,..
Mali,MLI,Population density (people per sq. km of land area),EN.POP.DNST,9.473352511,9.762543538,10.07060376,10.39588507,10.7380072,11.09552365,11.46554143,11.84878994,12.24463567,12.65011105,13.06779928,13.49711848,13.89704308,14.3089314,14.76841066,15.23780887,15.72811529,16.23764414,16.7531532,17.26649538,17.79545481,18.34847852,18.90905515
Malta,MLT,Carbon dioxide (CO2) emissions excluding LULUCF per capita (t CO2e/capita),EN.GHG.CO2.PC.CE.AR5,5.472625337,6.347639354,5.869398867,6.556743656,6.496157182,6.524215395,6.562663456,6.697170563,6.674743941,6.105552552,6.260916556,6.203455466,6.487424648,5.608625032,5.465752824,3.764125884,3.00392735,3.335645442,3.238872253,3.319825684,3.143222953,3.140596352,3.312854327
Malta,MLT,GDP per capita (constant 2015 US$),NY.GDP.PCAP.KD,17178.2855,16920.73091,17255.42736,17775.58681,17728.49151,18123.2975,18479.23051,19342.39191,20064.43979,19635.87646,20750.60537,20867.83904,21529.49277,22626.46595,23865.9809,25529.68131,25969.44108,28546.77805,29536.89506,29522.65245,27890.36511,31437.50302,31979.60904
Malta,MLT,Energy use (kg of oil equivalent per capita),EG.USE.PCAP.KG.OE,1731.675152,2001.300942,1851.864129,2071.449527,2066.571639,2101.87985,2095.17873,2131.222962,2153.749038,1953.434088,2022.688949,2002.2597,2102.784198,1822.112902,1793.378774,1448.872265,1311.667326,1451.209231,1407.696371,1440.482792,1336.72896,1363.05571,1456.245248
Malta,MLT,Urban population (% of total population),SP.URB.TOTL.IN.ZS,92.368,92.641,92.905,93.16,93.407,93.645,93.784,93.857,93.929,94.001,94.072,94.141,94.211,94.279,94.347,94.414,94.48,94.546,94.612,94.678,94.744,94.81,94.875
Malta,MLT,Trade (% of GDP),NE.TRD.GNFS.ZS,189.600621,161.3243717,162.5257519,154.5734903,155.8898508,157.5493732,182.4340912,184.8313448,185.7493499,163.5572489,178.2327535,192.0283835,199.2134731,187.4311871,181.3005668,207.1963982,213.3593919,213.0478785,228.0985507,233.0704419,256.402967,220.7387014,243.4153823
Malta,MLT,Renewable energy consumption (% of total final energy consumption),EG.FEC.RNEW.ZS,0,0,0.1,0.1,0.1,0.1,0.2,0.2,0.2,0.3,1.2,2,2.7,3.2,4.5,6,9.2,7.3,7.6,7.4,9.2,8.6,..
Malta,MLT,"Industry (including construction), value added (% of GDP)",NV.IND.TOTL.ZS,26.99738475,23.84974371,24.76908814,24.53600806,22.22741921,20.73944586,19.80272251,18.50926725,19.30242375,17.65525744,17.4439389,16.44576293,15.07460962,14.55952964,13.07599998,12.09030469,12.27869719,11.45605694,11.51581159,12.06647137,12.26911755,12.02075696,11.89600842
Malta,MLT,Fossil fuel energy consumption (% of total),EG.USE.COMM.FO.ZS,..,..,99.97002687,99.96469471,99.95163474,..,98.03899623,..,94.77933006,96.49385661,99.16131001,98.79581018,98.45484547,97.99925765,97.38233356,82.39871616,0,0,0,0,0,0,0
Malta,MLT,Population density (people per sq. km of land area),EN.POP.DNST,1219.021875,1228.2125,1237.403125,1245.56875,1253.9625,1261.98125,1266.5875,1271.0125,1279.309375,1288.990625,1295.3375,1300.8375,1312.5875,1327.53125,1354.628125,1388.1875,1420.328125,1459.70625,1512.196875,1574.725,1610.90625,1619.21875,1659.728125
Marshall Islands,MHL,Carbon dioxide (CO2) emissions excluding LULUCF per capita (t CO2e/capita),EN.GHG.CO2.PC.CE.AR5,0,0,0,0,0,0,0,0.001921783,0.005765904,0.009611873,0.009607255,0.00770609,0.005834419,0.003946252,0.002008193,0,0,0,0,0,0,0,0
Marshall Islands,MHL,GDP per capita (constant 2015 US$),NY.GDP.PCAP.KD,3040.596774,3224.79119,3322.411279,3256.972443,3234.152652,3284.784033,3285.120788,3403.478428,3146.261772,3262.269555,3441.318884,3433.062978,3420.914448,3602.928119,3620.772753,3764.344262,3946.844411,4190.934686,4542.342939,5162.815007,5172.575282,5405.274736,5516.880006
Marshall Islands,MHL,Energy use (kg of oil equivalent per capita),EG.USE.PCAP.KG.OE,..,..,..,..,559.9428472,558.7022695,577.011848,614.9706928,..,..,..,..,..,..,..,..,..,..,..,..,..,..,..
Marshall Islands,MHL,Urban population (% of total population),SP.URB.TOTL.IN.ZS,68.58,69.101,69.618,70.13,70.637,71.138,71.635,72.126,72.613,73.093,73.568,74.038,74.498,74.946,75.384,75.811,76.228,76.634,77.031,77.417,77.794,78.162,78.52
Marshall Islands,MHL,Trade (% of GDP),NE.TRD.GNFS.ZS,130.0831167,118.7343605,102.3205517,117.0246743,114.0231001,124.7010145,112.4085196,114.5277076,122.046794,128.8622354,144.8049659,153.2401625,157.5171002,161.9197425,149.8534946,138.4898204,116.3263627,125.1452504,128.4822727,153.0077286,107.8259719,117.6223252,118.8353197
Marshall Islands,MHL,Renewable energy consumption (% of total final energy consumption),EG.FEC.RNEW.ZS,19.6,19.1,18.6,18.6,18.4,18.4,17,15.2,14.8,14,13.7,12.3,12,12.4,12.2,11.7,12.1,12,12,12.1,12,12.1,12.2
Marshall Islands,MHL,"Industry (including construction), value added (% of GDP)",NV.IND.TOTL.ZS,12.73736595,10.62283661,14.75719915,11.67427371,10.30007524,8.122753623,11.37695531,13.26019934,12.72251023,13.62837302,14.62290503,13.53737667,13.34742667,13.88433476,14.5738172,11.29885683,15.29697721,13.01230697,12.19868182,14.41717475,13.34536807,10.64943994,8.49952644
Marshall Islands,MHL,Fossil fuel energy consumption (% of total),EG.USE.COMM.FO.ZS,..,..,..,..,0,0,0,0,..,..,..,..,..,..,..,..,..,..,..,..,..,..,..
Marshall Islands,MHL,Population density (people per sq. km of land area),EN.POP.DNST,281.7,284.0166667,285.6944444,286.8833333,287.7277778,288.3666667,288.8444444,289.0833333,289.0555556,288.9944444,289.1333333,288.3722222,285.6611111,281.5611111,276.6444444,271.1111111,265.05,258.4944444,251.5833333,244.4833333,237.2555556,229.8166667,222.65
Mauritania,MRT,Carbon dioxide (CO2) emissions excluding LULUCF per capita (t CO2e/capita),EN.GHG.CO2.PC.CE.AR5,0.408159205,0.434380086,0.472020024,0.482683011,0.518011172,0.523943208,0.565524976,0.607068924,0.663311834,0.640198901,0.623863708,0.652104838,0.706735554,0.626995344,0.698815179,0.690047477,0.636853056,0.887711965,0.90631293,0.966782073,0.980146,0.969719574,0.980302676
Mauritania,MRT,GDP per capita (constant 2015 US$),NY.GDP.PCAP.KD,1304.644391,1262.655673,1252.103005,1308.563076,1338.667681,1418.532021,1637.041913,1563.606288,1514.265501,1469.054269,1460.191797,1472.552456,1488.971776,1502.901424,1520.646216,1554.948979,1528.051523,1576.068578,1602.902256,1605.135236,1553.306156,1520.311179,1576.756241
Mauritania,MRT,Energy use (kg of oil equivalent per capita),EG.USE.PCAP.KG.OE,..,..,..,..,..,..,..,..,..,..,..,..,..,..,..,..,..,..,..,..,..,..,..
Mauritania,MRT,Urban population (% of total population),SP.URB.TOTL.IN.ZS,38.091,38.616,39.48,40.351,41.229,42.111,42.998,43.89,44.788,45.686,46.588,47.493,48.4,49.306,50.203,51.089,51.962,52.824,53.672,54.507,55.327,56.133,56.923
Mauritania,MRT,Trade (% of GDP),NE.TRD.GNFS.ZS,58.94037477,60.70121246,56.7855296,55.31802433,75.21880468,88.23509956,82.78850121,86.06405568,94.120211,82.0086176,93.42074513,98.4853296,110.7881227,102.3988242,91.61037136,77.34678649,73.15326167,78.81498018,89.14672949,93.48669414,86.77616813,88.30687376,102.0258991
Mauritania,MRT,Renewable energy consumption (% of total final energy consumption),EG.FEC.RNEW.ZS,44.4,44.2,42.1,40.2,38.6,38.8,39.1,35.6,35.8,33.4,34,33.3,31.9,35.1,31,28.3,31.7,25.5,21.6,21.2,20.9,22.1,19.6
Mauritania,MRT,"Industry (including construction), value added (% of GDP)",NV.IND.TOTL.ZS,29.95185026,29.03614524,28.42029888,26.73455099,27.53211742,33.19032581,43.86966537,37.00524769,36.48908844,32.75441348,38.19290578,44.10790377,37.47417814,38.60977013,28.43737066,22.7465106,25.21976004,23.74562923,23.63503872,28.59843509,33.64653877,32.08189289,29.13755033
Mauritania,MRT,Fossil fuel energy consumption (% of total),EG.USE.COMM.FO.ZS,..,..,..,..,..,..,..,..,..,..,..,..,..,..,..,..,..,..,..,..,..,..,..
Mauritania,MRT,Population density (people per sq. km of land area),EN.POP.DNST,2.535598137,2.598971573,2.657082565,2.718585427,2.783219171,2.851517415,2.923896381,3.000930436,3.088453478,3.186618803,3.289963132,3.398477734,3.511238964,3.623089163,3.733883768,3.847830601,3.96493354,4.085184826,4.208484525,4.334634714,4.463113418,4.593843019,4.730413311
Mauritius,MUS,Carbon dioxide (CO2) emissions excluding LULUCF per capita (t CO2e/capita),EN.GHG.CO2.PC.CE.AR5,2.058012947,2.159013681,2.188572173,2.275068611,2.280174578,2.424824181,2.69149981,2.753563563,2.802701666,2.755427363,2.938819578,2.918866436,2.980216294,3.064673329,3.163554307,3.168553757,3.225170861,3.332708772,3.30442162,3.327369598,2.965764992,3.153907263,3.207149494
Mauritius,MUS,GDP per capita (constant 2015 US$),NY.GDP.PCAP.KD,5671.02955,5814.748346,5867.77363,6170.648767,6397.593462,6472.873886,6756.22956,7110.694939,7466.694658,7693.764344,8011.455172,8324.783283,8591.967159,8859.212183,9181.615754,9507.871337,9868.327166,10247.69606,10652.48369,10956.94502,9362.874359,9679.121239,10552.29056
Mauritius,MUS,Energy use (kg of oil equivalent per capita),EG.USE.PCAP.KG.OE,851.2436821,886.7921615,873.2217132,909.0895641,919.8380837,945.7547203,1006.020629,1007.594699,1026.707093,999.514481,1050.757672,1053.558014,1066.25425,1085.550196,1104.475355,1136.149191,1135.898027,1156.155179,1142.144241,1163.151792,1025.837442,1072.429457,1095.738797
Mauritius,MUS,Urban population (% of total population),SP.URB.TOTL.IN.ZS,42.67,42.559,42.447,42.335,42.223,42.112,42,41.889,41.777,41.666,41.555,41.444,41.332,41.222,41.111,41,40.91,40.841,40.793,40.766,40.76,40.775,40.81
Mauritius,MUS,Trade (% of GDP),NE.TRD.GNFS.ZS,120.6876488,128.054579,118.2304704,108.6555793,107.0276983,121.608744,127.0628618,120.8764513,115.4893159,104.429729,113.4570736,117.5389464,119.5001198,113.3088331,110.5897075,107.1459794,100.0169787,99.70181512,96.63391641,95.84579815,83.23961735,92.25909396,112.5847579
Mauritius,MUS,Renewable energy consumption (% of total final energy consumption),EG.FEC.RNEW.ZS,20.4,20.1,17.9,18.9,19.1,17.6,16.4,15.7,12.7,12.8,12.8,12,11.4,11.4,10.6,11.5,10.3,9.4,9.2,8.9,9.4,8.6,..
Mauritius,MUS,"Industry (including construction), value added (% of GDP)",NV.IND.TOTL.ZS,25.64026675,26.38740362,25.62399873,24.91525779,24.08620091,23.05396982,22.33633957,22.54526647,23.33757836,23.34964834,22.47196849,21.59977257,20.93975656,20.32691151,19.7179475,19.19317901,18.58451365,17.7627252,17.59954564,16.91088598,16.6414183,18.23887287,18.10622811
Mauritius,MUS,Fossil fuel energy consumption (% of total),EG.USE.COMM.FO.ZS,73.8611897,73.52558478,75.41839385,75.83916377,75.46051908,77.39566882,79.54170861,80.32411227,79.42503648,81.04460029,81.86571993,82.43594267,83.27225206,84.47094738,85.05562342,83.34124636,0,0,0,0,0,0,0
Mauritius,MUS,Population density (people per sq. km of land area),EN.POP.DNST,584.6665025,589.3039409,593.4093596,597.7192118,601.4793103,605.0512315,607.879803,610.6551724,612.8674877,614.4970443,615.9605911,627.1427141,628.8843265,630.4091137,631.551327,632.3880821,632.8227341,633.3935904,633.7391087,633.9434151,633.9579369,634.1181773,632.2098147
Mexico,MEX,Carbon dioxide (CO2) emissions excluding LULUCF per capita (t CO2e/capita),EN.GHG.CO2.PC.CE.AR5,4.022424128,3.94369284,3.948182498,4.085240499,4.123198267,4.227225614,4.3253701,4.328612919,4.278766446,4.120959373,4.197385594,4.221660945,4.333449457,4.174393146,4.014016499,4.049650297,4.059954315,4.05637657,3.821488468,3.858565472,3.373961292,3.547866593,3.622837319
Mexico,MEX,GDP per capita (constant 2015 US$),NY.GDP.PCAP.KD,9581.969702,9398.350744,9242.278861,9221.996667,9421.289761,9491.517303,9813.828042,9877.695327,9826.342185,9074.118815,9389.06722,9575.934378,9782.517763,9738.710597,9862.481253,10021.23861,10100.50212,10193.77272,10296.86909,10159.44484,9234.643624,9728.056801,10013.36686
Mexico,MEX,Energy use (kg of oil equivalent per capita),EG.USE.PCAP.KG.OE,1541.322975,1563.127082,1556.554516,1644.23441,1651.99433,1718.636694,1723.717638,1693.778807,1678.232873,1616.7937,1581.826225,1632.538336,1652.16322,1633.00512,1582.666661,1539.138267,1525.383745,1478.438965,1493.478822,1469.653503,1366.427226,1417.705591,1525.735161
Mexico,MEX,Urban population (% of total population),SP.URB.TOTL.IN.ZS,74.722,75.045,75.365,75.682,75.997,76.308,76.616,76.92,77.222,77.52,77.815,78.111,78.405,78.699,78.993,79.285,79.577,79.867,80.156,80.444,80.731,81.016,81.3
Mexico,MEX,Trade (% of GDP),NE.TRD.GNFS.ZS,49.91040919,44.74010901,45.20982926,48.70041687,52.04062003,52.56264465,54.48211609,55.2585244,56.36528187,54.59174213,59.27338454,62.16238727,64.2579319,62.69167477,64.09840903,70.41297467,75.69030341,76.95212604,80.21266166,77.46197226,76.8545557,83.06929763,88.82693478
Mexico,MEX,Renewable energy consumption (% of total final energy consumption),EG.FEC.RNEW.ZS,12.2,11.3,10.7,10.2,10.2,10.3,9.8,9.5,9.8,9.2,9.4,9.1,9,9.2,9.8,9.2,9.2,10.1,10.3,10.3,12.3,13,..
Mexico,MEX,"Industry (including construction), value added (% of GDP)",NV.IND.TOTL.ZS,34.38680033,33.30840376,32.86450049,31.50066168,33.00628682,33.05313764,34.38566667,34.02450195,34.84806239,31.99931389,32.53948704,33.82310221,34.09634248,32.16827512,31.91755412,30.8402536,30.6167914,31.95868467,32.04386544,31.83829613,30.99998039,31.96952899,33.13722271
Mexico,MEX,Fossil fuel energy consumption (% of total),EG.USE.COMM.FO.ZS,86.09083839,87.61628161,87.39775972,86.78694439,86.02093505,87.06760897,88.05906069,87.58195979,86.99676901,89.98294296,87.99242429,88.29007121,90.44603248,90.02831193,89.51699982,90.90222947,0,0,0,0,0,0,0
Mexico,MEX,Population density (people per sq. km of land area),EN.POP.DNST,50.73461354,51.49263047,52.23829008,52.97384964,53.7020659,54.43118599,55.17305795,55.95532807,56.77835747,57.61450706,58.450009,59.28316263,60.09321639,60.87788935,61.61900306,62.28159469,62.88811492,63.47902827,64.08277528,64.69455593,65.22752849,65.66431647,66.16071247
"Micronesia, Fed. Sts.",FSM,Carbon dioxide (CO2) emissions excluding LULUCF per capita (t CO2e/capita),EN.GHG.CO2.PC.CE.AR5,0,0,0,0,0,0,0,0,0,0,0,0,0,0,0,0,0,0,0,0,0,0,0
"Micronesia, Fed. Sts.",FSM,GDP per capita (constant 2015 US$),NY.GDP.PCAP.KD,2774.794947,2826.842718,2840.207522,2889.046696,2809.065859,2879.621787,2895.035423,2863.835288,2819.079274,2875.738664,2952.115802,3041.777179,2979.680618,2863.903474,2790.770107,2911.16211,2915.627168,2928.722779,2917.31795,3026.122351,2958.48866,3030.846542,2929.912663
"Micronesia, Fed. Sts.",FSM,Energy use (kg of oil equivalent per capita),EG.USE.PCAP.KG.OE,..,..,..,..,..,..,..,..,..,..,..,..,..,..,..,..,..,..,..,..,..,..,..
"Micronesia, Fed. Sts.",FSM,Urban population (% of total population),SP.URB.TOTL.IN.ZS,22.33,22.33,22.33,22.33,22.33,22.33,22.324,22.317,22.311,22.305,22.298,22.305,22.324,22.355,22.399,22.456,22.526,22.608,22.703,22.812,22.933,23.068,23.217
"Micronesia, Fed. Sts.",FSM,Trade (% of GDP),NE.TRD.GNFS.ZS,90.58883243,95.73205727,89.81441316,94.79352605,93.71763599,92.51955495,95.32242994,98.67244162,109.2894757,108.7878178,105.8136531,106.9046224,111.3589145,113.2613463,105.8599711,105.2964723,102.8846769,103.181727,103.4067857,95.84939086,85.30981634,87.24811065,87.70132269
"Micronesia, Fed. Sts.",FSM,Renewable energy consumption (% of total final energy consumption),EG.FEC.RNEW.ZS,1.3,1.4,1.6,0.9,1,1.4,1.4,1.2,1.4,1.1,2,1.6,1.4,1.4,1.5,1.7,1.9,1.7,2,2,2,2.1,2
"Micronesia, Fed. Sts.",FSM,"Industry (including construction), value added (% of GDP)",NV.IND.TOTL.ZS,8.182514989,8.253693703,6.786900063,6.637007508,6.118858123,5.251318613,4.054556663,3.15019596,3.759256775,6.88639333,7.235469572,8.162566463,8.338153826,7.307297525,6.030484428,6.113275653,6.046953846,5.429415042,4.866454082,4.817918782,4.873523438,5.002324465,5.018645003
"Micronesia, Fed. Sts.",FSM,Fossil fuel energy consumption (% of total),EG.USE.COMM.FO.ZS,..,..,..,..,..,..,..,..,..,..,..,..,..,..,..,..,..,..,..,..,..,..,..
"Micronesia, Fed. Sts.",FSM,Population density (people per sq. km of land area),EN.POP.DNST,160.0628571,160.5214286,160.64,160.4071429,159.8928571,159.16,158.1842857,156.9714286,155.6228571,154.2242857,153.6285714,153.8542857,154.1285714,154.4585714,154.8514286,155.3085714,155.8214286,156.4014286,157.0128571,157.5457143,158.4514286,159.4628571,160.1628571
Moldova,MDA,Carbon dioxide (CO2) emissions excluding LULUCF per capita (t CO2e/capita),EN.GHG.CO2.PC.CE.AR5,2.356677749,2.459995854,2.509595948,2.710045956,2.723907925,2.882811783,2.814784064,2.791219703,2.762203307,2.724195374,2.970317438,2.982522803,2.919354591,2.619810474,2.812673319,2.925340041,3.003760721,3.013368593,3.272307248,3.418030916,3.356494746,3.716375126,3.739973915
Moldova,MDA,GDP per capita (constant 2015 US$),NY.GDP.PCAP.KD,1346.915672,1432.276893,1547.574212,1654.366293,1781.191453,1919.445508,2017.177301,2082.512601,2249.225897,2116.943575,2269.511161,2402.944463,2389.086661,2605.8503,2737.801851,2749.551371,2910.954869,3085.333058,3267.996104,3438.677327,3188.916916,3688.167294,3611.954848
Moldova,MDA,Energy use (kg of oil equivalent per capita),EG.USE.PCAP.KG.OE,985.928952,1046.101541,1063.47434,1157.570825,1166.211911,1219.633344,1197.85781,1173.389147,1168.165125,1111.421973,1302.533786,1322.407042,1316.7686,1184.750179,1277.139364,1307.99462,1356.312693,1397.599098,1495.573144,1500.039485,1461.474433,1611.527923,1422.635753
Moldova,MDA,Urban population (% of total population),SP.URB.TOTL.IN.ZS,44.589,44.189,43.789,43.389,42.99,42.775,42.744,42.713,42.682,42.651,42.62,42.589,42.558,42.527,42.496,42.49,42.511,42.557,42.629,42.726,42.849,42.998,43.173
Moldova,MDA,Trade (% of GDP),NE.TRD.GNFS.ZS,126.1631001,124.5007396,129.8395255,140.0565299,132.6990697,143.0235685,137.1547638,142.720539,134.4216013,110.3633269,87.9378519,98.61759653,96.30640983,95.68729683,94.22829197,88.96641546,89.00468372,88.62339028,87.44678743,87.63223711,79.26572212,88.47088654,112.1176716
Moldova,MDA,Renewable energy consumption (% of total final energy consumption),EG.FEC.RNEW.ZS,5.7,5.6,5.8,5.9,4.8,4.3,5,4.4,4.9,4.8,20,20.4,22.1,23.8,24.3,24.7,25.3,26.1,25.3,22,22.3,21.4,..
Moldova,MDA,"Industry (including construction), value added (% of GDP)",NV.IND.TOTL.ZS,19.14766937,21.96913728,20.38476213,20.67288099,20.71753247,19.16759004,18.77790365,19.44239191,19.12173485,17.16287409,20.43389172,20.91072042,21.31451091,21.60325754,21.1263772,21.10766573,21.19446461,21.01887677,22.14797636,21.92334893,23.134523,20.63126068,19.09082181
Moldova,MDA,Fossil fuel energy consumption (% of total),EG.USE.COMM.FO.ZS,91.4662879,90.95231632,89.46724993,87.78955226,89.27814193,88.7532521,87.99411289,89.14645914,88.89267093,92.42786425,84.99734803,83.16975755,82.1328181,78.22686155,80.22457429,81.54914934,0,0,0,0,0,0,0
Moldova,MDA,Population density (people per sq. km of land area),EN.POP.DNST,101.8444824,101.6169865,101.381934,101.1320584,100.8469896,100.5668883,100.287778,100.0556619,99.86538796,99.73937411,99.77878482,99.72109318,99.67327595,99.57718425,99.51648849,98.75606783,97.61416583,95.90938838,94.25439467,92.75609357,91.74732605,90.36129773,88.05425358
Monaco,MCO,Carbon dioxide (CO2) emissions excluding LULUCF per capita (t CO2e/capita),EN.GHG.CO2.PC.CE.AR5,..,..,..,..,..,..,..,..,..,..,..,..,..,..,..,..,..,..,..,..,..,..,..
Monaco,MCO,GDP per capita (constant 2015 US$),NY.GDP.PCAP.KD,120456.5063,123122.1229,124481.8802,126022.2391,129403.405,132253.2184,140615.1788,162028.4806,163243.7522,142375.532,141814.7866,148272.712,146472.6779,157167.975,165288.2003,170437.1012,173120.1898,165781.7791,173041.7611,185582.7557,161262.9259,194674.7776,213937.0063
Monaco,MCO,Energy use (kg of oil equivalent per capita),EG.USE.PCAP.KG.OE,..,..,..,..,..,..,..,..,..,..,..,..,..,..,..,..,..,..,..,..,..,..,..
Monaco,MCO,Urban population (% of total population),SP.URB.TOTL.IN.ZS,100,100,100,100,100,100,100,100,100,100,100,100,100,100,100,100,100,100,100,100,100,100,100
Monaco,MCO,Trade (% of GDP),NE.TRD.GNFS.ZS,..,..,..,..,..,..,..,..,..,..,..,..,..,..,..,..,..,..,..,..,..,..,..
Monaco,MCO,Renewable energy consumption (% of total final energy consumption),EG.FEC.RNEW.ZS,..,..,..,..,..,..,..,..,..,..,..,..,..,..,..,..,..,..,..,..,..,..,..
Monaco,MCO,"Industry (including construction), value added (% of GDP)",NV.IND.TOTL.ZS,..,..,..,..,..,..,..,..,..,..,12.92234736,12.82520232,13.01624234,13.9971637,12.62918561,17.59173987,18.25599097,12.80195358,13.14703707,13.03616102,14.89614445,12.54577624,12.27578945
Monaco,MCO,Fossil fuel energy consumption (% of total),EG.USE.COMM.FO.ZS,..,..,..,..,..,..,..,..,..,..,..,..,..,..,..,..,..,..,..,..,..,..,..
Monaco,MCO,Population density (people per sq. km of land area),EN.POP.DNST,16011.34682,16007.4001,15995.0666,15971.38629,15938.33251,15890.47854,15814.99753,15706.46275,15705.96941,15966.45289,16360.63148,16746.91663,17124.32166,17487.41983,17823.38431,18133.69512,18389.73853,18588.06117,18822.89097,18800.69068,18771.58362,18487.04415,18680.90211
Mongolia,MNG,Carbon dioxide (CO2) emissions excluding LULUCF per capita (t CO2e/capita),EN.GHG.CO2.PC.CE.AR5,3.785916253,3.72751371,3.943606992,3.774551741,3.817953351,4.387702762,4.95378565,5.077271941,4.996176984,5.175735708,5.442700745,5.827011069,6.218533263,6.615325019,6.59056877,5.954545695,6.188019124,6.691792766,7.154410167,7.751999665,6.765560513,7.343499399,7.540011672
Mongolia,MNG,GDP per capita (constant 2015 US$),NY.GDP.PCAP.KD,1598.31282,1625.461523,1680.653353,1775.649067,1942.362637,2060.261682,2209.743218,2403.724163,2576.712958,2498.729675,2611.673266,3010.816427,3318.164966,3628.907081,3830.35892,3838.92127,3817.919627,3956.204944,4183.855664,4337.816709,4066.034109,4063.536698,4205.885545
Mongolia,MNG,Energy use (kg of oil equivalent per capita),EG.USE.PCAP.KG.OE,979.2555853,971.4066795,1025.680162,988.432178,1007.310896,1151.954611,1301.099282,1341.9562,1326.194231,1354.689169,1411.626692,1521.093537,1558.690252,1750.802162,1763.805247,1516.3411,1588.341265,1603.821551,1772.470145,2018.310917,1771.644056,1923.654262,1890.631139
Mongolia,MNG,Urban population (% of total population),SP.URB.TOTL.IN.ZS,57.133,58.222,59.304,60.378,61.443,62.494,63.535,64.564,65.581,66.58,67.567,67.963,68.03,68.097,68.163,68.23,68.297,68.363,68.445,68.543,68.657,68.785,68.93
Mongolia,MNG,Trade (% of GDP),NE.TRD.GNFS.ZS,121.8866098,115.8183269,118.5172531,120.2993935,131.3293182,122.3814599,112.9299831,117.8804264,121.1980134,107.8137572,103.3500317,126.9992286,109.5885643,100.3119897,109.3223119,89.65366348,101.0552372,115.9329019,126.3558732,124.3965146,112.8386476,119.0980784,136.3279299
Mongolia,MNG,Renewable energy consumption (% of total final energy consumption),EG.FEC.RNEW.ZS,5.7,6.1,6.5,6.1,5.8,5.3,4.5,4.7,4.7,4.4,4.5,4,3,3,3.3,3.5,3.4,1.8,2.1,2.3,2.9,3,..
Mongolia,MNG,"Industry (including construction), value added (% of GDP)",NV.IND.TOTL.ZS,22.19614216,21.94188322,22.48462714,25.21995515,28.33344037,32.4965006,38.69260634,37.73477586,30.85103566,30.05655853,33.19424749,31.33374856,30.77159311,30.50689238,31.49762327,31.51587758,33.17807153,37.41841161,37.97567033,38.09269776,37.04967085,37.07557212,35.31221757
Mongolia,MNG,Fossil fuel energy consumption (% of total),EG.USE.COMM.FO.ZS,96.24966574,95.73470833,95.7209036,95.57012295,95.70599748,96.28294951,96.42953811,96.62596533,96.64320799,96.82322334,96.72530269,96.9443563,97.22925005,96.04860638,95.84692798,99.80285916,0,0,0,0,0,0,0
Mongolia,MNG,Population density (people per sq. km of land area),EN.POP.DNST,1.543388397,1.562421138,1.582632369,1.595417922,1.613703658,1.631713237,1.64830525,1.670573572,1.697117336,1.727881377,1.758579165,1.789252539,1.823536009,1.861618441,1.902782111,1.943717132,1.983525631,2.022094128,2.060156493,2.098350434,2.136237218,2.172536624,2.204639457
Montenegro,MNE,Carbon dioxide (CO2) emissions excluding LULUCF per capita (t CO2e/capita),EN.GHG.CO2.PC.CE.AR5,..,..,..,..,..,..,..,..,..,..,..,..,..,..,..,..,..,..,..,..,..,..,..
Montenegro,MNE,GDP per capita (constant 2015 US$),NY.GDP.PCAP.KD,4431.60047,4462.349901,4529.123306,4623.076064,4819.14786,5013.195901,5435.886221,5798.064973,6205.821247,5833.659544,5982.199285,6166.203223,5987.891597,6188.758489,6287.462824,6491.192806,6675.134578,6982.941317,7332.186142,7626.254023,6460.591632,7321.235287,7808.547633
Montenegro,MNE,Energy use (kg of oil equivalent per capita),EG.USE.PCAP.KG.OE,..,..,..,..,..,1662.812049,1841.679437,1828.433934,1965.215934,1555.005017,1820.452494,1811.216125,1701.468279,1574.55137,1532.342795,1599.593892,1552.233072,1625.496083,1679.559764,1737.593199,1625.86285,1730.511512,1674.128603
Montenegro,MNE,Urban population (% of total population),SP.URB.TOTL.IN.ZS,58.544,59.559,60.568,61.568,62.127,62.465,62.803,63.139,63.475,63.808,64.14,64.472,64.804,65.137,65.471,65.806,66.141,66.477,66.813,67.15,67.488,67.826,68.164
Montenegro,MNE,Trade (% of GDP),NE.TRD.GNFS.ZS,87.92520214,100.4093861,95.22940002,77.59838901,100.109655,104.6251393,117.9947355,128.7461586,132.3402717,99.42502821,99.78032633,106.658854,111.7660445,102.7709302,100.12762,102.6889774,103.6729451,105.554965,109.6092968,108.8445775,87.00601808,105.0299932,125.8986046
Montenegro,MNE,Renewable energy consumption (% of total final energy consumption),EG.FEC.RNEW.ZS,..,..,..,..,..,47.6,44.8,42.3,38.8,49.2,49.1,42.8,45.9,49.3,46,43,43.9,37.8,40.6,38.7,39.6,39.6,..
Montenegro,MNE,"Industry (including construction), value added (% of GDP)",NV.IND.TOTL.ZS,21.25900465,22.31432079,21.59535062,19.3294873,18.97294439,17.34154493,17.6826545,17.00298387,17.69478741,17.34875677,17.14840213,15.09421306,14.89050526,15.45724719,14.30364826,14.35346224,15.65498149,14.86137418,15.93412579,16.12944145,17.29468006,14.83549527,12.96530497
Montenegro,MNE,Fossil fuel energy consumption (% of total),EG.USE.COMM.FO.ZS,..,..,..,..,..,55.20556814,59.63367046,56.89872478,63.91756727,55.45580623,64.73790282,63.3695614,61.49066942,63.96491499,64.71329926,65.70165474,0,0,0,0,0,0,0
Montenegro,MNE,Population density (people per sq. km of land area),EN.POP.DNST,..,..,..,..,..,..,45.7267658,45.78996283,45.87130112,45.96981413,46.05412639,46.12230483,46.20208178,46.28899628,46.37501859,46.44245353,46.49464684,46.54141264,46.57531599,46.59873606,46.5866171,46.47234201,46.36364312
Morocco,MAR,Carbon dioxide (CO2) emissions excluding LULUCF per capita (t CO2e/capita),EN.GHG.CO2.PC.CE.AR5,1.180592705,1.283423848,1.310405299,1.288041171,1.429318408,1.470577384,1.474334197,1.475152621,1.564744031,1.527908563,1.60244785,1.709479668,1.754884637,1.730734062,1.737988082,1.766401634,1.741575653,1.801215763,1.818725907,1.984316987,1.846873383,1.978825712,1.883168032
Morocco,MAR,GDP per capita (constant 2015 US$),NY.GDP.PCAP.KD,1957.141357,2078.966064,2127.50708,2229.576172,2301.081787,2342.154785,2489.99292,2540.615234,2648.585693,2710.666504,2767.042236,2879.539307,2927.450439,3008.185547,3051.458984,3146.247803,3124.425049,3242.644287,3304.711914,3364.739502,3090.894287,3309.130859,3325.560547
Morocco,MAR,Energy use (kg of oil equivalent per capita),EG.USE.PCAP.KG.OE,387.6743264,405.3857336,406.6348383,399.7363684,463.8948607,484.7979088,486.5827301,495.4718136,507.9323233,504.8585976,526.0985283,559.3532791,559.6565392,554.3220767,555.5910403,563.6031066,558.0620239,577.5820989,577.1785729,614.5027336,575.6992968,616.0513933,602.9944778
Morocco,MAR,Urban population (% of total population),SP.URB.TOTL.IN.ZS,53.335,53.662,53.99,54.317,54.644,55.174,55.746,56.317,56.886,57.452,58.018,58.581,59.142,59.7,60.256,60.809,61.36,61.908,62.453,62.994,63.532,64.065,64.596
Morocco,MAR,Trade (% of GDP),NE.TRD.GNFS.ZS,53.44030584,53.49157102,54.31012791,52.33185827,55.55163847,61.49382769,64.67219778,71.34964678,77.83447164,62.37095602,69.54197961,76.82587149,78.2221019,73.85775653,71.89356675,67.28867593,71.12266038,74.17335788,77.25488752,75.99811588,68.84380339,75.52341718,101.1323821
Morocco,MAR,Renewable energy consumption (% of total final energy consumption),EG.FEC.RNEW.ZS,15.5,15.3,15.1,16.1,22.4,20,18.2,16.6,14.4,14.2,13.9,11.8,10.9,11.6,11.1,11.2,11.1,10.4,10.9,10.7,11.1,10.9,..
Morocco,MAR,"Industry (including construction), value added (% of GDP)",NV.IND.TOTL.ZS,24.3526302,22.86969299,22.63612244,23.32480131,24.00298761,23.68120688,22.75308141,22.42293928,24.31558226,22.25957486,23.71191269,24.50651919,24.26597735,24.15312888,25.81326751,25.62268173,25.68510458,25.40545481,25.24135381,25.24995241,26.04364339,25.95390905,25.91130939
Morocco,MAR,Fossil fuel energy consumption (% of total),EG.USE.COMM.FO.ZS,86.52857641,87.54590736,87.79542677,87.14549869,82.24495835,84.95150001,85.5182876,85.98582296,86.97609471,86.96760323,87.09740193,88.62996279,89.09182771,88.31820404,88.36457319,72.86096243,0,0,0,0,0,0,0
Morocco,MAR,Population density (people per sq. km of land area),EN.POP.DNST,63.68683621,64.56339458,65.42267981,66.25905221,67.11408918,68.02183285,68.94729554,69.87781313,70.81955411,71.76961237,72.747067,73.74543581,74.73726417,75.70596236,76.64077974,77.5433296,78.47514452,79.42279184,80.30419001,81.13577862,81.97223392,82.801797,83.64119202
Mozambique,MOZ,Carbon dioxide (CO2) emissions excluding LULUCF per capita (t CO2e/capita),EN.GHG.CO2.PC.CE.AR5,0.086642585,0.102299478,0.10481404,0.130225771,0.140123797,0.131275872,0.13598827,0.152370144,0.144323516,0.151957786,0.156805215,0.17968172,0.193172395,0.204254329,0.224530532,0.243250117,0.304761605,0.295085707,0.277552597,0.288692621,0.259224951,0.292940538,0.307083674
Mozambique,MOZ,GDP per capita (constant 2015 US$),NY.GDP.PCAP.KD,287.3906303,317.1857036,340.1353702,356.5211574,377.0649581,391.6997582,420.5264628,442.0495741,460.9472949,475.7881781,494.1628591,514.8699572,540.2945178,559.3939537,585.2667161,610.5637747,620.779715,618.3976944,621.1537342,617.13932,591.80406,588.2158547,596.0588895
Mozambique,MOZ,Energy use (kg of oil equivalent per capita),EG.USE.PCAP.KG.OE,396.0280409,407.1455688,409.4550471,421.1304748,426.3789455,424.4912782,428.6925219,338.4661913,338.6616642,358.8798599,317.8812307,370.8705383,364.8286696,380.5824197,383.3226354,385.1465671,380.805586,371.7391255,366.2414524,359.7532608,342.9456516,353.107427,358.6376944
Mozambique,MOZ,Urban population (% of total population),SP.URB.TOTL.IN.ZS,29.098,29.277,29.457,29.637,29.818,29.999,30.182,30.364,30.832,31.328,31.83,32.336,32.846,33.36,33.878,34.4,34.926,35.455,35.988,36.528,37.074,37.628,38.187
Mozambique,MOZ,Trade (% of GDP),NE.TRD.GNFS.ZS,47.9208808,50.41530958,73.30916276,70.16835995,72.05200016,72.00926098,67.34989769,66.12038218,64.9814165,67.89857277,73.83735327,84.40621193,105.9345881,109.3853766,116.3568552,98.76120365,110.3943582,105.7456407,124.6074575,105.5911714,99.90614605,112.0789645,135.2795784
Mozambique,MOZ,Renewable energy consumption (% of total final energy consumption),EG.FEC.RNEW.ZS,93.6,93,93.2,92.7,92.9,93.7,93.1,87.5,88.1,86.1,84.9,85.4,84.5,83.1,81.2,80.1,77.4,78.2,79,77.5,80.2,76.9,..
Mozambique,MOZ,"Industry (including construction), value added (% of GDP)",NV.IND.TOTL.ZS,19.52922836,21.39385586,17.08210026,18.87681298,19.80666236,18.60613835,19.81623201,19.50853482,17.16774457,16.9004328,16.8681863,16.50933725,16.87400388,16.44572461,17.48846836,18.6152107,20.56698301,23.6070708,25.33392006,23.88826282,21.75399072,21.94117731,23.24259499
Mozambique,MOZ,Fossil fuel energy consumption (% of total),EG.USE.COMM.FO.ZS,6.731142508,6.55830996,5.911134902,6.75866379,6.638649431,5.919194152,6.139507352,9.291569068,8.816052304,9.176629258,10.84549685,10.66843701,9.830294478,10.41234415,14.85491668,23.68404478,0,0,0,0,0,0,0
Mozambique,MOZ,Population density (people per sq. km of land area),EN.POP.DNST,23.05457031,23.57350009,24.10836746,24.6604377,25.22993082,25.82030189,26.43389583,27.07041761,27.74617361,28.47445891,29.24697347,30.07329663,30.94921794,31.85687708,32.79391007,33.75921565,34.76322516,35.81778911,36.90155396,38.002467,39.14607187,40.32121875,41.52730995
Myanmar,MMR,Carbon dioxide (CO2) emissions excluding LULUCF per capita (t CO2e/capita),EN.GHG.CO2.PC.CE.AR5,0.221709286,0.191692848,0.191284718,0.234800928,0.225839756,0.236951674,0.218722831,0.226840317,0.172648545,0.159971775,0.176010378,0.185609741,0.251965159,0.282921767,0.350014366,0.38628821,0.446004264,0.650061476,0.640911802,0.652954682,0.654628004,0.596140244,0.602575076
Myanmar,MMR,GDP per capita (constant 2015 US$),NY.GDP.PCAP.KD,298.5904645,328.9738727,364.8558002,411.4987641,463.3301357,522.0995448,586.0855799,651.7297309,714.620419,785.6348532,854.932478,895.5125388,953.1230819,1024.690605,1099.243878,1166.733055,1225.37914,1290.56409,1361.568313,1440.989882,1301.313864,1136.995661,1174.766979
Myanmar,MMR,Energy use (kg of oil equivalent per capita),EG.USE.PCAP.KG.OE,283.525751,274.124812,280.5242424,301.406139,314.736266,312.7745473,314.3535009,323.4434594,309.2941977,290.5724844,278.4834538,279.9982956,303.8549629,317.0285887,345.0594574,353.4068269,376.1371986,429.2115827,429.0323168,426.0342363,420.3526555,404.3143688,399.5211852
Myanmar,MMR,Urban population (% of total population),SP.URB.TOTL.IN.ZS,27.025,27.208,27.391,27.575,27.76,27.946,28.132,28.319,28.507,28.695,28.885,29.075,29.266,29.457,29.65,29.858,30.082,30.322,30.579,30.852,31.141,31.448,31.771
Myanmar,MMR,Trade (% of GDP),NE.TRD.GNFS.ZS,..,..,..,..,..,..,..,..,..,..,..,..,..,..,..,..,..,..,..,..,..,..,..
Myanmar,MMR,Renewable energy consumption (% of total final energy consumption),EG.FEC.RNEW.ZS,80.2,82.5,83,79.9,80.2,79.6,81.3,80.5,85.6,85.8,84.6,83.8,78.1,75.6,72,70,68.8,59.5,59.4,58.5,59.2,62.9,..
Myanmar,MMR,"Industry (including construction), value added (% of GDP)",NV.IND.TOTL.ZS,9.692261136,10.58049433,13.00689549,14.2582574,16.36636196,17.51220464,19.23729302,20.40912967,22.66581542,24.5320051,26.46806427,31.29164883,32.3730208,32.3622196,34.4897148,34.46882126,34.80950488,36.80092112,36.9634615,38.41261109,37.54391555,37.31088999,38.24713577
Myanmar,MMR,Fossil fuel energy consumption (% of total),EG.USE.COMM.FO.ZS,27.18382103,23.63124929,24.08166783,27.12777748,30.19874875,29.5937059,29.98543851,31.92538272,28.72271292,23.56940356,21.79661988,21.61388607,27.84235669,32.0359602,48.90121445,46.68736495,0,0,0,0,0,0,0
Myanmar,MMR,Population density (people per sq. km of land area),EN.POP.DNST,69.30079414,70.03571166,70.74188726,71.40678765,72.03448318,72.6067788,73.12521615,73.63974018,74.07018567,74.4840946,75.04574289,75.64759908,76.30321672,76.96248239,77.60402095,78.22786795,78.88675511,79.50201149,80.08617588,80.6507017,81.23021129,81.79800205,82.36442153
Namibia,NAM,Carbon dioxide (CO2) emissions excluding LULUCF per capita (t CO2e/capita),EN.GHG.CO2.PC.CE.AR5,1.071400882,1.327806282,1.131129066,1.196580483,1.252212831,1.317971994,1.283104271,1.302982265,1.470990535,1.483445124,1.509187316,1.571337053,1.617749313,1.68319047,1.7022333,1.741355347,1.745768,1.669543448,1.635182497,1.598343554,1.420827467,1.406878659,1.472421342
Namibia,NAM,GDP per capita (constant 2015 US$),NY.GDP.PCAP.KD,3083.596579,3055.404448,3145.945663,3232.305897,3582.895033,3627.750598,3834.998947,3987.617961,4036.381875,3989.207114,4165.129902,4302.724514,4420.967414,4549.267591,4701.956942,4774.106509,4648.627135,4476.733244,4400.475377,4243.092745,3787.49944,3809.807534,3905.551352
Namibia,NAM,Energy use (kg of oil equivalent per capita),EG.USE.PCAP.KG.OE,576.4802423,664.1853602,601.6737376,618.7813049,659.4426485,702.4193464,693.0158019,697.0144694,758.3587306,775.7972595,653.1265746,657.4834711,667.491795,671.7775446,691.051617,716.9803138,759.4616683,714.9695227,733.1925985,718.3866434,678.3324928,680.9180084,692.4613564
Namibia,NAM,Urban population (% of total population),SP.URB.TOTL.IN.ZS,32.373,32.898,33.766,34.709,35.666,36.632,37.61,38.598,39.597,40.601,41.616,42.637,43.693,44.756,45.826,46.9,47.961,49.005,50.032,51.042,52.033,53.005,53.956
Namibia,NAM,Trade (% of GDP),NE.TRD.GNFS.ZS,85.13224429,88.58410184,94.41522289,95.95247438,81.86226059,80.68038029,86.83396933,104.9793038,119.6444982,123.7628443,108.0724772,102.1891478,100.2134088,97.72490423,103.080137,97.23903179,93.96618796,81.2196661,81.7138653,82.90115074,76.9252424,83.54430309,99.26255478
Namibia,NAM,Renewable energy consumption (% of total final energy consumption),EG.FEC.RNEW.ZS,34.8,30.4,33.8,33.3,34.8,34.6,35.8,36.5,32.5,33.4,31.2,31.6,31.9,30.7,30.2,29.3,29.2,30.2,30.9,30.2,31.2,30,..
Namibia,NAM,"Industry (including construction), value added (% of GDP)",NV.IND.TOTL.ZS,23.47216566,26.4736692,27.09475894,24.04608419,25.08060975,24.78349542,30.12276344,31.81276891,34.19056171,28.75194508,27.42906842,29.32889118,29.98075467,26.5483435,26.63010297,27.56365362,27.51340327,26.07701809,26.86990462,27.05058111,25.81873495,24.44759679,27.11172556
Namibia,NAM,Fossil fuel energy consumption (% of total),EG.USE.COMM.FO.ZS,60.45063894,65.4839648,61.96947667,62.50920382,60.35254241,60.53779072,59.98870511,61.08479224,62.44899883,61.57070503,74.93147739,74.7744495,74.24984287,76.64155681,75.40345626,75.54033298,0,0,0,0,0,0,0
Namibia,NAM,Population density (people per sq. km of land area),EN.POP.DNST,2.208999259,2.255642605,2.295630944,2.329026224,2.358928203,2.388686854,2.419424504,2.451869936,2.486433699,2.523283412,2.562658359,2.607009681,2.665711961,2.735983675,2.808413803,2.883916967,2.962762817,3.044920988,3.130521444,3.219392924,3.314460275,3.413800726,3.509895663
Nauru,NRU,Carbon dioxide (CO2) emissions excluding LULUCF per capita (t CO2e/capita),EN.GHG.CO2.PC.CE.AR5,0,0,0,0,0,0,0,0,0,0,0,0,0,0,0,0,0,0,0,0,0,0,0
Nauru,NRU,GDP per capita (constant 2015 US$),NY.GDP.PCAP.KD,6090.657324,5700.165312,5156.212165,5182.712966,4958.594942,4946.368309,5366.349768,4181.643169,5039.43231,4751.284074,4730.930011,5382.4533,6632.106077,6710.625312,7649.089713,7703.431499,7898.227701,7309.381386,7124.017604,7655.243403,7769.406946,8282.366839,8460.347739
Nauru,NRU,Energy use (kg of oil equivalent per capita),EG.USE.PCAP.KG.OE,..,..,..,..,..,..,..,..,..,..,..,..,..,..,..,..,..,..,..,..,..,..,..
Nauru,NRU,Urban population (% of total population),SP.URB.TOTL.IN.ZS,100,100,100,100,100,100,100,100,100,100,100,100,100,100,100,100,100,100,100,100,100,100,100
Nauru,NRU,Trade (% of GDP),NE.TRD.GNFS.ZS,..,..,..,..,..,..,..,..,166.1295502,145.4982391,100.2540883,129.561772,120.7197091,179.3478261,198.0150621,201.1377878,170.6143846,142.7128175,140.7022963,156.2675345,135.1488081,110.7181452,167.5395697
Nauru,NRU,Renewable energy consumption (% of total final energy consumption),EG.FEC.RNEW.ZS,0,0,0,0,0,0,0.1,0.1,0.1,0,0,0,0.1,0.1,0,0.1,0.2,0.6,0.7,0.6,1.3,1.6,1.9
Nauru,NRU,"Industry (including construction), value added (% of GDP)",NV.IND.TOTL.ZS,..,..,..,..,..,..,..,..,..,..,..,..,..,..,..,..,..,..,..,..,..,..,..
Nauru,NRU,Fossil fuel energy consumption (% of total),EG.USE.COMM.FO.ZS,..,..,..,..,..,..,..,..,..,..,..,..,..,..,..,..,..,..,..,..,..,..,..
Nauru,NRU,Population density (people per sq. km of land area),EN.POP.DNST,508.4,506.5,504.1,502.95,503,502.45,501.7,501,500.45,500.8,502.15,504.9,513.35,525.85,537.1,547.7,557.5,566.2,573.85,579.35,582.15,585.45,590.05
Nepal,NPL,Carbon dioxide (CO2) emissions excluding LULUCF per capita (t CO2e/capita),EN.GHG.CO2.PC.CE.AR5,0.139298831,0.146508074,0.11781761,0.131886485,0.11249332,0.124506556,0.102098875,0.104205194,0.114301436,0.149552672,0.174991164,0.195175633,0.226065706,0.228191407,0.265672944,0.26313965,0.385015994,0.4712034,0.530230232,0.473719634,0.56808237,0.562887002,0.579560737
Nepal,NPL,GDP per capita (constant 2015 US$),NY.GDP.PCAP.KD,547.2210823,564.2862292,556.4384545,570.2896736,589.4699287,603.1901086,617.4776386,633.2261291,666.8650954,692.4000008,721.2652214,742.6172527,775.3105785,801.0390608,846.6655418,875.5436355,875.1889437,951.8572986,1021.914922,1077.117965,1031.536188,1062.788843,1113.554623
Nepal,NPL,Energy use (kg of oil equivalent per capita),EG.USE.PCAP.KG.OE,330.3528525,335.7519608,334.3571598,338.9999853,339.5481173,347.1407482,343.7707533,347.5167152,356.9843044,365.0251127,373.4421813,384.8824904,368.9506068,413.9947086,431.030291,426.3255231,458.2655485,484.1575158,504.622834,482.7611586,524.6012664,524.354689,519.9506041
Nepal,NPL,Urban population (% of total population),SP.URB.TOTL.IN.ZS,13.397,13.947,14.24,14.538,14.841,15.149,15.462,15.781,16.105,16.434,16.768,17.108,17.458,17.815,18.182,18.557,18.942,19.336,19.74,20.153,20.576,21.008,21.451
Nepal,NPL,Trade (% of GDP),NE.TRD.GNFS.ZS,55.710589,55.79992108,46.2307185,44.24788362,46.14728672,44.06294748,44.76198776,44.57927502,46.03620635,47.07944776,45.98490577,36.29675889,37.92190606,41.86537574,45.98264161,46.66573039,42.11548612,44.64241062,48.44738695,49.24952659,40.91887412,43.05380479,48.97340148
Nepal,NPL,Renewable energy consumption (% of total final energy consumption),EG.FEC.RNEW.ZS,88.3,87.8,90,89.4,90.3,89.5,91.2,91.3,90.5,88.9,87.3,87,84.7,86,84,85.2,79.4,76.8,75,78.2,73.1,73.7,..
Nepal,NPL,"Industry (including construction), value added (% of GDP)",NV.IND.TOTL.ZS,20.73557003,16.6609083,16.94682474,16.97130006,16.65732027,16.46708923,16.06796681,15.87314018,16.04998664,15.06680347,14.20076226,13.3934706,13.97716181,13.79833756,13.56456523,13.16165463,12.65541777,12.86258589,13.20063963,13.01067541,12.04731993,11.79204255,12.18122847
Nepal,NPL,Fossil fuel energy consumption (% of total),EG.USE.COMM.FO.ZS,11.97178309,12.35048872,10.15595112,10.60820131,9.703645764,10.64508879,8.829667696,8.61433391,9.884681516,11.03896203,12.59686197,12.98418851,15.10666832,13.4509358,15.17382788,14.42749184,0,0,0,0,0,0,0
Nepal,NPL,Population density (people per sq. km of land area),EN.POP.DNST,171.2348029,174.0268434,176.6932752,179.2030555,181.4904499,183.5330171,185.3186257,186.8747262,188.2806906,189.5572724,190.7356261,191.5904709,192.0817231,192.4659644,193.0405999,194.0957726,195.0154308,195.4046599,195.88203,198.2146076,202.0688804,205.6156958,207.2928915
Netherlands,NLD,Carbon dioxide (CO2) emissions excluding LULUCF per capita (t CO2e/capita),EN.GHG.CO2.PC.CE.AR5,11.10887919,11.31243075,11.26412779,11.36160054,11.47331013,11.16431824,10.87382245,10.92162252,10.94466463,10.57329689,10.6446362375,9.605485287666665,9.134529723333332,8.694704472749999,7.994284180833334,8.042538721083334,7.7740714302499985,7.3180872211666665,6.780071628483334,6.2571238626875,5.355673680275,5.250447788029166,4.5072312936
Netherlands,NLD,GDP per capita (constant 2015 US$),NY.GDP.PCAP.KD,40665.33817,41297.31988,41135.41907,40981.8477,41663.14778,42411.34538,43841.12234,45445.52287,46227.21116,44304.41193,44659.27284,45239.73189,44631.87454,44487.03063,45042.06695,45793.81354,46655.03634,47670.10573,48463.02997,49254.01589,47086.58042,49780.84405,51777.54316
Netherlands,NLD,Energy use (kg of oil equivalent per capita),EG.USE.PCAP.KG.OE,4695.370096,4783.238064,4804.577382,4959.465815,4985.680177,4893.732961,4840.78434,4812.364651,4755.094203,4665.864277,4978.869388,4611.914538,4599.205919,4488.604064,4215.352621,4298.592871,4352.446531,4365.203853,4251.167167,4129.409095,3975.378136,4057.791292,3570.12032
Netherlands,NLD,Urban population (% of total population),SP.URB.TOTL.IN.ZS,76.795,77.83,79.113,80.341,81.514,82.63,83.636,84.539,85.402,86.288,87.134,87.879,88.588,89.187,89.69,90.173,90.635,91.077,91.49,91.876,92.236,92.572,92.886
Netherlands,NLD,Trade (% of GDP),NE.TRD.GNFS.ZS,125.6670301,119.4754639,112.7500244,111.3045032,116.95816,122.2558495,127.1956135,129.7982417,130.15205,115.1096604,130.0817079,141.7570993,149.3932231,150.6518502,151.7158911,160.3258126,150.9655292,159.6460597,163.5591466,160.6766719,152.2332304,163.1548427,184.1074843
Netherlands,NLD,Renewable energy consumption (% of total final energy consumption),EG.FEC.RNEW.ZS,1.7,1.8,1.9,1.9,2.2,2.7,3.1,3.7,3.9,4.4,3.9,4.7,4.9,5,5.6,5.8,5.6,6.4,7.4,8.6,10.7,12.2,..
Netherlands,NLD,"Industry (including construction), value added (% of GDP)",NV.IND.TOTL.ZS,21.09971229,21.2866582,20.51119405,20.03297721,19.95511435,20.27979361,20.47224927,20.43129541,20.78369535,19.58319382,18.9533173,19.32095858,19.32267043,18.68707433,17.68187826,17.41481031,16.96407123,17.12101175,17.32410485,17.11275575,17.37947709,17.70612977,18.65639653
Netherlands,NLD,Fossil fuel energy consumption (% of total),EG.USE.COMM.FO.ZS,94.72018544,95.30722566,95.32862733,95.49304174,95.90730963,94.87667431,94.36714996,94.58581178,94.12828422,94.00691437,94.54845841,92.68107418,92.16725024,93.83025069,93.29818877,92.03582274,0,0,0,0,0,0,0
Netherlands,NLD,Population density (people per sq. km of land area),EN.POP.DNST,471.7272808,475.3015403,478.3450533,480.6072867,482.2801836,483.4084123,484.1854562,485.2398104,487.1324941,490.0796917,492.5998814,495.0496441,496.8849941,498.7958445,500.5938854,503.1162162,505.8008316,508.8,511.7797446,515.1432729,518.013068,520.7319275,525.7196911
New Caledonia,NCL,Carbon dioxide (CO2) emissions excluding LULUCF per capita (t CO2e/capita),EN.GHG.CO2.PC.CE.AR5,9.749527114,9.606204465,10.45875747,11.08425794,9.705545314,10.65385607,10.5874844,10.86409413,10.38944154,10.33469388,13.16107377,13.10070045,12.89460412,13.94578466,16.76208289,15.89091988,16.96651295,16.51266461,21.73653898,21.94523388,22.71479646,19.66137707,20.48529724
New Caledonia,NCL,GDP per capita (constant 2015 US$),NY.GDP.PCAP.KD,..,..,..,..,..,..,..,..,..,..,..,..,..,..,..,30858.72371,..,..,..,..,..,..,..
New Caledonia,NCL,Energy use (kg of oil equivalent per capita),EG.USE.PCAP.KG.OE,..,..,..,..,..,..,..,..,..,..,..,..,..,..,..,..,..,..,..,..,..,..,..
New Caledonia,NCL,Urban population (% of total population),SP.URB.TOTL.IN.ZS,61.919,62.276,62.632,62.987,63.341,63.965,64.638,65.306,65.969,66.624,67.102,67.565,68.024,68.479,68.931,69.379,69.821,70.256,70.683,71.104,71.518,71.925,72.325
New Caledonia,NCL,Trade (% of GDP),NE.TRD.GNFS.ZS,60.36672252,58.18435233,56.13300404,61.8880339,58.58133786,61.910327,68.02051448,72.17438872,67.91747838,56.07715703,68.16848239,66.84452207,63.75339131,58.8723435,58.95779793,60.0467961,58.02961615,58.92818262,..,..,..,..,..
New Caledonia,NCL,Renewable energy consumption (% of total final energy consumption),EG.FEC.RNEW.ZS,7.5,6.7,5.3,4.9,5.2,5.1,4.5,5.8,7.8,7,4.8,5.9,6.2,6.6,4.3,5.1,3.7,5.1,4.6,5.2,6.1,8.3,9.6
New Caledonia,NCL,"Industry (including construction), value added (% of GDP)",NV.IND.TOTL.ZS,24.11925081,20.63823446,21.50970399,23.36466815,24.88881741,24.49902377,27.91384445,31.84962052,23.93105858,22.59146116,26.16236788,25.3064766,22.77912402,22.58251252,23.93170624,22.10003596,20.16111541,21.24658053,..,22.32673267,..,..,..
New Caledonia,NCL,Fossil fuel energy consumption (% of total),EG.USE.COMM.FO.ZS,..,..,..,..,..,..,..,..,..,..,..,..,..,..,..,..,..,..,..,..,..,..,..
New Caledonia,NCL,Population density (people per sq. km of land area),EN.POP.DNST,12.20448578,12.45661926,12.70437637,12.94737418,13.17571116,13.36876368,13.54195842,13.71580963,13.88539387,14.07275711,14.30973742,14.58112691,14.8595733,15.14343545,15.38424508,15.49059081,15.50454048,15.51126915,15.51099562,15.51455142,15.54573304,15.60251641,15.70694748
New Zealand,NZL,Carbon dioxide (CO2) emissions excluding LULUCF per capita (t CO2e/capita),EN.GHG.CO2.PC.CE.AR5,8.526168442,8.971343899,8.841585412,8.898217124,8.668599388,8.734270302,8.655618219,8.288673706,8.476947275,7.748896016,7.28617923535,6.855167274529166,7.021614565566666,6.7013692851375,6.498062659166666,6.161468683404167,5.699976135674999,5.608701993808333,5.241379966766667,5.1505337200625,4.56004020805,4.341450641879167,4.0570909302
New Zealand,NZL,GDP per capita (constant 2015 US$),NY.GDP.PCAP.KD,30853.80764,31718.76284,32641.82022,33517.08933,34372.58911,35126.33416,35665.35333,36414.3173,35739.35846,35370.58519,35489.76315,35957.52325,36607.14939,37267.6587,38056.26467,38665.3723,39235.36956,39722.60684,40371.54563,40655.08378,39646.34669,41273.38208,42668.04202
New Zealand,NZL,Energy use (kg of oil equivalent per capita),EG.USE.PCAP.KG.OE,4467.211386,4399.146879,4326.222954,4180.769914,4224.875676,4074.148591,4034.758218,4057.162682,4100.756066,4073.036977,4147.306161,4108.263833,4280.565372,4298.715337,4476.807125,4422.742641,4265.938395,4200.712627,4109.220685,4163.349917,3849.077967,3887.235309,3738.465021
New Zealand,NZL,Urban population (% of total population),SP.URB.TOTL.IN.ZS,86.021,86.1,86.161,86.221,86.281,86.341,86.4,86.34,86.28,86.22,86.16,86.1,86.161,86.221,86.281,86.341,86.4,86.466,86.538,86.615,86.699,86.789,86.884
New Zealand,NZL,Trade (% of GDP),NE.TRD.GNFS.ZS,68.51692688,67.23382435,62.65599456,57.91476935,58.79955227,58.01874344,59.60326504,58.42516057,64.26114485,55.01435019,58.1047406,59.17241056,56.9087672,55.98612411,55.0986551,54.85133173,52.40624781,54.14329704,55.76648149,54.45429718,43.97724229,48.54124777,53.47616277
New Zealand,NZL,Renewable energy consumption (% of total final energy consumption),EG.FEC.RNEW.ZS,26.4,24.6,26.6,25.9,28.2,26.8,27,27,26.1,28.5,29.4,30.3,28.8,28.3,29,29.3,30.1,28.4,28.9,28,28.7,28.9,..
New Zealand,NZL,"Industry (including construction), value added (% of GDP)",NV.IND.TOTL.ZS,23.58998323,23.10973336,23.85838246,23.25780958,23.55217102,23.9417689,22.99539546,22.96904212,23.41801824,21.59202345,21.373911,21.08219628,21.07963254,20.32955238,21.44477332,21.20797123,20.17323954,20.52918454,20.38195147,20.36793611,19.97783893,18.82759543,19.60444498
New Zealand,NZL,Fossil fuel energy consumption (% of total),EG.USE.COMM.FO.ZS,68.88818452,71.94212128,69.95392874,70.30170455,68.49680449,68.53246526,67.83993293,67.53485208,66.55700317,64.13457449,62.19889703,60.759023,63.35966128,61.70424431,60.86576512,59.86767533,0,0,0,0,0,0,0
New Zealand,NZL,Population density (people per sq. km of land area),EN.POP.DNST,14.65079184,14.73738179,14.99563252,15.29451977,15.5235274,15.69974555,15.89229425,16.0411682,16.17788918,16.34043523,16.52310964,16.64957654,16.74110364,16.87022901,17.15278569,17.50560176,17.90323193,18.28111352,18.61152254,18.91003,19.33158634,19.41172003,19.43374729
Nicaragua,NIC,Carbon dioxide (CO2) emissions excluding LULUCF per capita (t CO2e/capita),EN.GHG.CO2.PC.CE.AR5,0.749786019,0.784146467,0.801295712,0.867555575,0.879532979,0.823626642,0.859757273,0.878076519,0.831493351,0.801735883,0.811806639,0.837954505,0.820532877,0.774000663,0.807979307,0.892523633,0.916766597,0.898288869,0.808208647,0.81979969,0.720290584,0.779067235,0.802908603
Nicaragua,NIC,GDP per capita (constant 2015 US$),NY.GDP.PCAP.KD,1458.374901,1482.315172,1475.486354,1494.956188,1555.874257,1601.487707,1644.371936,1703.207803,1736.657406,1655.72029,1704.37875,1786.628634,1876.175972,1941.456286,2006.648696,2074.456206,2140.144059,2209.632734,2107.339626,2019.915186,1950.191812,2128.308814,2175.738991
Nicaragua,NIC,Energy use (kg of oil equivalent per capita),EG.USE.PCAP.KG.OE,500.3766308,498.4859027,492.6480774,505.003839,526.4798601,527.9588796,538.9140555,540.292721,533.8126402,523.4079353,529.0082033,531.3628157,566.8195986,576.4741336,586.817956,611.8763319,626.8230074,632.3739473,616.5169962,616.1511293,584.4810715,600.8152,608.2455467
Nicaragua,NIC,Urban population (% of total population),SP.URB.TOTL.IN.ZS,55.185,55.335,55.484,55.633,55.782,55.935,56.132,56.328,56.525,56.721,56.917,57.113,57.309,57.505,57.7,57.895,58.09,58.299,58.522,58.76,59.012,59.277,59.556
Nicaragua,NIC,Trade (% of GDP),NE.TRD.GNFS.ZS,61.29849746,57.98013155,58.09128441,62.17506589,67.19531678,71.64572371,87.30967083,93.02573023,96.79398473,86.99361045,100.3640584,111.8274539,115.1772885,110.9842079,106.6982002,98.19416459,93.81372781,96.38058644,93.98474049,94.04221592,88.63812312,106.2073908,115.4546787
Nicaragua,NIC,Renewable energy consumption (% of total final energy consumption),EG.FEC.RNEW.ZS,58.4,56.7,54.7,51.5,51.2,52.8,53.3,52.6,53.8,54.6,54.4,53.3,53.3,54.3,53,50,49.5,48.9,51.3,50.5,52.2,50.4,..
Nicaragua,NIC,"Industry (including construction), value added (% of GDP)",NV.IND.TOTL.ZS,20.15532814,21.49934041,21.46227978,20.59476094,21.39699121,20.96656319,20.87610428,20.72705849,21.96423322,21.07565918,21.96871345,23.15710146,24.54769465,25.38761465,25.09844902,25.73469791,25.79487536,24.81733548,24.99567846,24.28092012,25.79032112,27.28596204,25.9436106
Nicaragua,NIC,Fossil fuel energy consumption (% of total),EG.USE.COMM.FO.ZS,46.08416486,48.35441329,48.41923857,49.2293093,48.21795659,48.58216146,46.64888338,47.71089449,45.53744206,46.85930301,45.68173871,48.07046783,42.53383654,41.32752086,41.86873035,25.87948741,0,0,0,0,0,0,0
Nicaragua,NIC,Population density (people per sq. km of land area),EN.POP.DNST,41.73702011,42.27875187,42.79465681,43.30200266,43.81678577,44.391765,45.0295413,45.68092903,46.34031079,47.00516038,47.6769985,48.35508559,49.03844939,49.72448895,50.41126807,51.10035732,51.79213894,52.48654645,53.18331394,53.87782117,54.55598305,55.21639521,55.93031411
Niger,NER,Carbon dioxide (CO2) emissions excluding LULUCF per capita (t CO2e/capita),EN.GHG.CO2.PC.CE.AR5,0.060948962,0.059258529,0.059396829,0.062264671,0.0627778,0.058068396,0.056186386,0.058803224,0.059250425,0.071137928,0.087123958,0.085804362,0.115239481,0.109995206,0.114592549,0.108814174,0.104820936,0.092468335,0.094735599,0.103408799,0.101595384,0.116675523,0.114767822
Niger,NER,GDP per capita (constant 2015 US$),NY.GDP.PCAP.KD,392.8986169,406.9234937,412.1237932,406.3337575,393.3987815,407.1909311,415.8520221,413.4191263,429.1955428,421.6509013,441.0791661,434.9862649,463.0662655,469.6902142,482.7452474,485.6625742,495.0174372,501.6153055,519.5469935,532.1860246,533.1943289,523.2631795,566.797963
Niger,NER,Energy use (kg of oil equivalent per capita),EG.USE.PCAP.KG.OE,127.8478804,127.0883735,127.2759721,128.2624786,129.2999406,126.0312963,124.9052244,125.8749745,127.0654141,129.7769807,134.7459912,112.8798035,128.3627525,154.8121995,151.6969478,148.7865325,147.4520961,143.8315997,146.1015849,148.1228692,147.8173882,151.6880157,162.0458659
Niger,NER,Urban population (% of total population),SP.URB.TOTL.IN.ZS,16.186,16.26,16.255,16.251,16.247,16.242,16.238,16.234,16.229,16.225,16.221,16.216,16.212,16.208,16.219,16.247,16.29,16.35,16.425,16.517,16.626,16.751,16.894
Niger,NER,Trade (% of GDP),NE.TRD.GNFS.ZS,34.7127807,33.01366708,30.83438575,33.38279314,36.96410445,38.34774181,36.53137318,35.50280285,39.71124405,49.5122567,51.9459863,50.24639516,45.08596447,46.29514915,45.74160084,44.72743037,36.48810922,39.07111174,37.5388484,37.10256643,35.51299066,37.01589355,52.80614843
Niger,NER,Renewable energy consumption (% of total final energy consumption),EG.FEC.RNEW.ZS,87.6,87.7,87.7,87,87,87.5,87.4,86.2,86.1,83.2,80.7,77.2,72.7,78.7,78.1,78.9,80.2,82,82,80.7,81.9,79.6,..
Niger,NER,"Industry (including construction), value added (% of GDP)",NV.IND.TOTL.ZS,18.09837916,17.20907195,16.5393297,17.30875231,17.75346729,16.32748792,16.62656863,19.67498641,21.25456237,22.33975655,23.00034119,22.77951052,26.53723973,26.04650195,23.60596024,22.53832868,21.24519507,21.07215369,19.69767795,20.58618049,20.23878495,20.83428155,18.88851252
Niger,NER,Fossil fuel energy consumption (% of total),EG.USE.COMM.FO.ZS,14.34574318,13.78279589,14.2733322,15.07049386,16.11406419,14.02356221,13.68343736,14.24087291,15.26689916,17.28549595,21.09284197,24.15120735,29.51366429,26.73650579,23.82343917,-2.14899996,0,0,0,0,0,0,0
Niger,NER,Population density (people per sq. km of land area),EN.POP.DNST,9.086310887,9.410789453,9.749067656,10.10261625,10.47275282,10.85986579,11.26437278,11.68675298,12.12750849,12.58678061,13.06452593,13.55986658,14.08128918,14.62058735,15.17005526,15.7412947,16.33042788,16.9222752,17.51643562,18.11617352,18.72393858,19.3432857,19.98261072
Nigeria,NGA,Carbon dioxide (CO2) emissions excluding LULUCF per capita (t CO2e/capita),EN.GHG.CO2.PC.CE.AR5,0.79365897,0.821769348,0.725466824,0.784874816,0.737360548,0.710620274,0.62268688,0.551614216,0.583368075,0.501455531,0.568500716,0.609298897,0.583423583,0.644514548,0.663324079,0.616825099,0.617495985,0.594333975,0.609462081,0.619418111,0.570700372,0.599378245,0.583043144
Nigeria,NGA,GDP per capita (constant 2015 US$),NY.GDP.PCAP.KD,1421.67988,1465.457203,1644.395189,1717.214511,1824.802695,1889.251753,1949.158568,2020.833163,2098.283392,2204.607256,2315.466765,2370.976571,2403.653879,2495.341066,2583.61557,2585.733607,2481.814904,2441.712364,2431.778578,2431.535285,2337.575874,2372.573145,2398.986228
Nigeria,NGA,Energy use (kg of oil equivalent per capita),EG.USE.PCAP.KG.OE,273.9410855,282.8943079,283.6715785,296.7495145,286.2792116,305.4019354,287.9507963,281.7160323,287.0963948,260.3546797,334.6695634,376.0698646,356.7280944,350.9735487,348.5058441,319.5808544,330.718925,316.0890057,299.7500414,330.3255379,323.1308932,334.2854504,333.0607296
Nigeria,NGA,Urban population (% of total population),SP.URB.TOTL.IN.ZS,34.84,35.669,36.508,37.356,38.212,39.074,39.943,40.819,41.702,42.588,43.48,44.366,45.246,46.118,46.982,47.838,48.683,49.519,50.344,51.157,51.958,52.746,53.521
Nigeria,NGA,Trade (% of GDP),NE.TRD.GNFS.ZS,..,..,..,..,..,..,..,..,..,..,..,..,..,..,..,..,..,..,..,..,..,..,..
Nigeria,NGA,Renewable energy consumption (% of total final energy consumption),EG.FEC.RNEW.ZS,86,84.5,84.5,82.9,84,83.9,85.8,87.1,85.7,88.1,86,84.1,83.9,81.4,79.9,81.3,81.1,81.6,80.8,80.1,81.8,80.3,..
Nigeria,NGA,"Industry (including construction), value added (% of GDP)",NV.IND.TOTL.ZS,33.82300329,28.27626627,23.04083719,26.0024149,28.39004006,28.20158345,25.7516356,24.34471784,24.7142489,21.23676148,25.31745224,28.27779989,27.0730175,25.74232124,24.64360859,20.1607829,18.17313173,22.31511719,25.73330658,27.38253705,28.22050552,31.40753404,30.77556872
Nigeria,NGA,Fossil fuel energy consumption (% of total),EG.USE.COMM.FO.ZS,45.84899351,48.90905021,48.6589058,52.25654208,53.39508539,51.49496911,48.72384904,44.75868158,46.10590845,41.85925392,38.86785666,37.54155994,39.87969387,39.20123589,39.25004122,41.78178366,0,0,0,0,0,0,0
Nigeria,NGA,Population density (people per sq. km of land area),EN.POP.DNST,138.7644455,142.5854991,146.5485128,150.6446677,154.8766922,159.2248899,163.6827454,168.2831681,173.0349199,177.9257815,182.9692304,188.1700078,193.4633607,198.7872273,204.109616,209.3523919,214.5917191,219.8739298,225.0170241,230.0093778,234.9618246,239.9390472,245.0134458
North Macedonia,MKD,Carbon dioxide (CO2) emissions excluding LULUCF per capita (t CO2e/capita),EN.GHG.CO2.PC.CE.AR5,4.459841587,4.531564975,4.30154686,4.667861425,4.563517453,4.818608409,4.837317798,5.225138721,5.144426077,4.656618245,4.7140777,5.287400937,4.985021927,4.575090653,4.355229075,4.15047871,3.999762893,4.205814952,3.995657079,4.628031693,4.087011428,4.166208521,4.577138764
North Macedonia,MKD,GDP per capita (constant 2015 US$),NY.GDP.PCAP.KD,3283.379341,3169.325144,3240.110645,3307.920408,3473.765448,3657.563077,3866.746506,4140.633548,4392.550716,4405.200458,4582.365175,4711.130279,4708.051685,4863.680887,5053.750012,5262.686719,5429.946784,5510.818629,5698.393345,5961.584754,5743.726494,6064.923151,6250.62721
North Macedonia,MKD,Energy use (kg of oil equivalent per capita),EG.USE.PCAP.KG.OE,1316.525513,1266.250098,1251.053245,1379.165385,1362.184497,1453.504361,1486.595749,1550.394715,1540.697797,1437.831856,1475.242775,1619.762476,1549.523431,1441.72181,1404.882811,1387.979624,1408.22019,1438.491959,1370.121651,1503.513369,1388.546464,1455.088402,1476.135426
North Macedonia,MKD,Urban population (% of total population),SP.URB.TOTL.IN.ZS,58.548,58.339,58.13,57.921,57.711,57.532,57.383,57.264,57.175,57.117,57.089,57.092,57.125,57.189,57.284,57.408,57.563,57.748,57.963,58.208,58.482,58.786,59.118
North Macedonia,MKD,Trade (% of GDP),NE.TRD.GNFS.ZS,80.16014736,71.47821057,71.53348467,71.06932049,80.870485,85.84100348,92.55166647,106.092966,111.5700547,87.17675377,97.88106912,113.1919101,112.2148347,104.85723,112.537929,113.6984439,116.1854084,124.1372839,133.2152076,138.5762318,128.2412443,146.7214115,166.1473574
North Macedonia,MKD,Renewable energy consumption (% of total final energy consumption),EG.FEC.RNEW.ZS,19.4,15.2,14.6,17.3,18.2,19,19.8,15.7,15.6,18.4,22.3,18.6,18.3,21.2,21.2,23.9,21.4,19,20.9,17,20,19.5,..
North Macedonia,MKD,"Industry (including construction), value added (% of GDP)",NV.IND.TOTL.ZS,21.40633672,20.58654559,19.37806722,22.48840689,21.03844209,20.36200709,21.66258512,20.58092355,19.53312926,18.97270285,21.04226885,21.592422,21.0808587,22.14046476,22.82257866,23.92218322,23.96304609,24.25894588,24.05042988,23.70348341,22.74339589,22.58059209,23.02446807
North Macedonia,MKD,Fossil fuel energy consumption (% of total),EG.USE.COMM.FO.ZS,87.31730655,89.80503594,88.40623624,86.21743841,85.01377377,81.30945032,82.96705168,83.70256181,83.31848215,84.36726705,81.35001089,81.6682682,81.33437035,79.05223417,77.33296889,76.88077663,0,0,0,0,0,0,0
North Macedonia,MKD,Population density (people per sq. km of land area),EN.POP.DNST,79.68344475,80.01895399,79.43991349,79.54089658,79.28375934,78.85686197,78.42261109,78.59425287,78.14082442,77.66780333,77.17279937,76.81990484,76.51946868,76.23774782,76.03318795,75.82989691,75.58735131,75.28378271,74.90289453,74.39579699,73.59730373,72.84353688,72.62934179
Northern Mariana Islands,MNP,Carbon dioxide (CO2) emissions excluding LULUCF per capita (t CO2e/capita),EN.GHG.CO2.PC.CE.AR5,0,0,0,0,0,0,0,0,0,0,0,0,0,0,0,0,0,0,0,0,0,0,0
Northern Mariana Islands,MNP,GDP per capita (constant 2015 US$),NY.GDP.PCAP.KD,..,..,24066.53616,24650.04055,24445.46184,21882.29279,20940.16198,20117.70373,18451.39055,15710.58073,16293.30595,15226.13088,15457.42582,16015.03492,16869.52704,17665.10075,23158.5745,28989.34702,23756.60758,21451.44016,15410.11869,16365.01674,19461.86111
Northern Mariana Islands,MNP,Energy use (kg of oil equivalent per capita),EG.USE.PCAP.KG.OE,..,..,..,..,..,..,..,..,..,..,..,..,..,..,..,..,..,..,..,..,..,..,..
Northern Mariana Islands,MNP,Urban population (% of total population),SP.URB.TOTL.IN.ZS,90.152,90.235,90.316,90.398,90.478,90.558,90.638,90.716,90.795,90.872,90.949,91.028,91.108,91.19,91.273,91.357,91.443,91.53,91.618,91.708,91.798,91.89,91.983
Northern Mariana Islands,MNP,Trade (% of GDP),NE.TRD.GNFS.ZS,..,..,151.9470405,152.7037934,178.0991736,174.5523091,159.6969697,128.5714286,100.8519702,84.52830189,92.61576971,105.0754458,114.8793566,120.0777202,119.8317308,122.7472527,152.8455285,131.4102564,108.7624904,104.749788,78.98383372,78.88402626,93.15693431
Northern Mariana Islands,MNP,Renewable energy consumption (% of total final energy consumption),EG.FEC.RNEW.ZS,0,0,0,0,0,0,0,0,0,0,0,0,0,0,0,0,0,0,0,0,0.3,0.5,0.5
Northern Mariana Islands,MNP,"Industry (including construction), value added (% of GDP)",NV.IND.TOTL.ZS,..,..,..,..,..,..,..,..,..,..,..,..,..,..,..,..,..,..,..,..,..,..,..
Northern Mariana Islands,MNP,Fossil fuel energy consumption (% of total),EG.USE.COMM.FO.ZS,..,..,..,..,..,..,..,..,..,..,..,..,..,..,..,..,..,..,..,..,..,..,..
Northern Mariana Islands,MNP,Population density (people per sq. km of land area),EN.POP.DNST,148.6,147.7913043,145.1695652,142.2195652,138.9956522,135.5521739,131.9173913,128.1326087,124.2391304,120.2717391,117.5891304,116.5391304,115.726087,114.6913043,113.4304348,111.9869565,110.376087,108.6065217,106.6891304,104.6282609,103.3217391,102.1282609,100.1695652
Norway,NOR,Carbon dioxide (CO2) emissions excluding LULUCF per capita (t CO2e/capita),EN.GHG.CO2.PC.CE.AR5,9.300691811,9.367574773,9.163054886,9.736344309,9.775888465,9.368326588,9.443156005,9.53568508,9.878818308,9.345052919,9.3235683085,8.72636289395,8.242106703983334,7.9595641250625,7.6224252025,7.432215910729166,7.013498756624999,6.700512886116667,6.3348425815,5.88056616125,5.447823905066667,5.2467743374166655,4.8988304652000005
Norway,NOR,GDP per capita (constant 2015 US$),NY.GDP.PCAP.KD,67846.59686,68899.5269,69472.98368,69719.31226,72090.98629,73524.25492,74729.7366,76115.70668,75535.2118,73141.30733,72804.39562,72660.67541,73661.67858,73515.91449,74180.32387,74809.9658,75017.49448,76247.41164,76373.64746,76712.28712,75287.20595,77812.71156,79620.16355
Norway,NOR,Energy use (kg of oil equivalent per capita),EG.USE.PCAP.KG.OE,5826.122323,5954.819117,5502.089299,5934.590798,6231.94031,6319.925459,6319.154528,5864.300444,6412.35151,6200.502446,6455.316685,5501.955936,5805.467589,6047.180575,5525.576039,4930.481376,5368.576472,5673.509315,5539.190119,5220.688661,5145.722219,5298.876628,4651.486708
Norway,NOR,Urban population (% of total population),SP.URB.TOTL.IN.ZS,76.02,76.378,76.733,77.084,77.399,77.675,77.95,78.234,78.526,78.815,79.102,79.455,79.874,80.286,80.692,81.091,81.485,81.871,82.248,82.616,82.974,83.323,83.664
Norway,NOR,Trade (% of GDP),NE.TRD.GNFS.ZS,74.31251872,73.15830391,67.51701409,66.32075094,68.67195377,70.46945049,71.65992995,71.94202631,74.78527993,67.46431546,68.23951936,69.59873363,68.49855284,67.97279259,69.13737722,70.43185654,69.1168424,69.10878176,70.00319579,70.89582053,65.35397904,71.22271378,82.60947984
Norway,NOR,Renewable energy consumption (% of total final energy consumption),EG.FEC.RNEW.ZS,60.2,59.6,59.5,56.2,56.9,58.6,57,57.4,58.5,56.7,56,56,56.9,56.6,55.8,56.5,57.7,58.9,58.9,59.8,60.9,61.4,..
Norway,NOR,"Industry (including construction), value added (% of GDP)",NV.IND.TOTL.ZS,36.79982931,35.56961476,33.61632074,33.81378552,35.42608646,38.38041058,40.05629989,37.61926027,40.81159056,34.86907471,35.30948421,37.62458055,37.47657624,36.27393147,34.67383521,31.59863177,28.53061663,30.49336719,32.64461227,29.82445898,26.88316734,37.90192304,49.12889713
Norway,NOR,Fossil fuel energy consumption (% of total),EG.USE.COMM.FO.ZS,54.34360327,55.64902666,53.52061127,58.87464106,51.74257624,50.48254031,52.3316708,56.16885462,64.94429053,65.99682015,67.7236819,58.86074824,58.80961113,65.61167162,58.7135472,67.19909359,0,0,0,0,0,0,0
Norway,NOR,Population density (people per sq. km of land area),EN.POP.DNST,12.29579952,12.35817974,12.4250063,12.49809716,12.57217093,12.65808884,12.76044781,12.89317005,13.05486743,13.22054846,13.38626233,13.56103865,13.74032975,13.91208868,14.07044491,14.20793848,14.33542438,14.45257626,14.54888964,14.6479975,14.76721523,14.84700909,14.98099487
Oman,OMN,Carbon dioxide (CO2) emissions excluding LULUCF per capita (t CO2e/capita),EN.GHG.CO2.PC.CE.AR5,11.53185334,12.32866869,13.02972864,13.61475356,13.21403963,13.43299176,16.75886106,17.73043381,17.02931892,17.54550578,18.67412816,19.41677016,19.01166754,18.42297934,18.74551992,18.95483638,18.60803662,18.14948486,18.55991363,18.80759472,18.17522488,19.57026716,19.23172381
Oman,OMN,GDP per capita (constant 2015 US$),NY.GDP.PCAP.KD,19881.73643,20546.05541,20150.1132,19485.64415,19534.86014,19629.04515,20096.39656,20642.74896,22007.7339,22819.19773,22766.05036,20993.90794,19824.12155,19299.94005,18726.20269,18808.30779,18830.60572,18277.94556,18269.67694,18089.58667,17743.88588,18291.3388,18792.44606
Oman,OMN,Energy use (kg of oil equivalent per capita),EG.USE.PCAP.KG.OE,3286.265995,3303.972682,3469.435062,3565.244323,3658.507554,4030.081853,6138.773443,6889.717212,5927.850539,5912.235732,6736.894127,7155.542087,6702.985869,6348.554612,6076.177061,6027.445976,5557.312598,5765.190419,5543.482086,5104.140964,5696.165497,5933.45047,5867.320056
Oman,OMN,Urban population (% of total population),SP.URB.TOTL.IN.ZS,71.569,71.549,71.529,71.509,71.827,72.4,72.967,73.527,74.08,74.624,75.161,76.183,77.564,78.882,80.145,81.35,82.5,83.56,84.539,85.443,86.276,87.044,87.75
Oman,OMN,Trade (% of GDP),NE.TRD.GNFS.ZS,81.41328224,84.52700249,83.65374858,84.84663673,88.61130713,86.76130204,86.14570799,94.86578898,94.76190299,91.62793533,96.38655462,101.6417319,102.0747604,112.5435218,102.2787211,96.37758019,82.8642642,88.95314802,89.27921783,86.47820103,91.8758908,95.94948773,105.7450093
Oman,OMN,Renewable energy consumption (% of total final energy consumption),EG.FEC.RNEW.ZS,0,0,0,0,0,0,0,0,0,0,0,0,0,0,0,0,0,0,0,0,0.1,0.1,..
Oman,OMN,"Industry (including construction), value added (% of GDP)",NV.IND.TOTL.ZS,56.16441557,53.2718052,52.82623158,52.59040389,53.36382049,60.28537107,60.29344393,57.72070107,63.59971535,57.5651554,63.27330932,68.18724872,67.5381672,64.92868793,62.05629187,53.09853524,47.94024994,49.59439552,53.89353115,51.37923295,47.14772229,51.92697165,59.48520777
Oman,OMN,Fossil fuel energy consumption (% of total),EG.USE.COMM.FO.ZS,..,..,99.56171651,..,99.12017159,99.92129284,99.98600989,99.9426351,..,99.64960504,..,99.99078786,99.56735143,..,99.99430482,71.47864594,0,0,0,0,0,0,0
Oman,OMN,Population density (people per sq. km of land area),EN.POP.DNST,7.373605816,7.464352181,7.551340872,7.637466882,7.770019386,7.947663974,8.125347334,8.304277868,8.486361874,8.674180937,8.909357027,9.941075929,11.46076252,12.38744103,12.93195153,13.52147011,14.18700162,14.66040711,14.85582229,14.83438126,14.61226817,14.54094992,15.28344426
Pakistan,PAK,Carbon dioxide (CO2) emissions excluding LULUCF per capita (t CO2e/capita),EN.GHG.CO2.PC.CE.AR5,0.722280672,0.715435117,0.694198814,0.702938338,0.76719872,0.763118546,0.808545331,0.877730305,0.825057688,0.823380769,0.781107932,0.761781093,0.756405714,0.761674184,0.789553024,0.820351031,0.893837153,0.955178532,0.891393768,0.862094996,0.946681903,0.988583071,0.897331151
Pakistan,PAK,GDP per capita (constant 2015 US$),NY.GDP.PCAP.KD,1049.542297,1057.867678,1059.04171,1090.27524,1146.996328,1201.233594,1243.941426,1265.355675,1258.051889,1269.074321,1256.694822,1261.831619,1275.488069,1309.700804,1343.307781,1380.470208,1452.186583,1495.261875,1561.681698,1573.833083,1526.005975,1595.027922,1642.28067
Pakistan,PAK,Energy use (kg of oil equivalent per capita),EG.USE.PCAP.KG.OE,411.5405233,407.9522268,404.2922415,412.7937305,431.6366441,436.0217081,443.8653508,457.1666537,437.7930914,433.232502,429.2901505,422.8067831,419.5119941,421.5471981,433.4183157,437.1132549,446.8314971,456.0173609,453.5139786,431.5157573,454.250318,465.0294914,470.7234965
Pakistan,PAK,Urban population (% of total population),SP.URB.TOTL.IN.ZS,32.982,33.18,33.38,33.58,33.781,33.982,34.184,34.387,34.59,34.793,34.997,35.202,35.408,35.613,35.819,36.026,36.234,36.442,36.666,36.907,37.165,37.44,37.731
Pakistan,PAK,Trade (% of GDP),NE.TRD.GNFS.ZS,21.45996389,23.57720743,23.12901595,24.65015852,24.80833485,29.87849406,33.04971937,30.78788143,34.34896081,33.32688729,31.98900205,32.36263828,31.31897328,30.89027434,29.46982569,26.68818602,24.70157805,25.472035,27.62605708,28.90557699,26.71628073,27.03042041,33.03135348
Pakistan,PAK,Renewable energy consumption (% of total final energy consumption),EG.FEC.RNEW.ZS,51,51.5,51.4,50.1,47.9,48,47,44.9,46.6,46.4,47.4,46.8,47.2,48.1,47.2,45.9,43.7,42.1,43.4,45.9,42.7,41.6,..
Pakistan,PAK,"Industry (including construction), value added (% of GDP)",NV.IND.TOTL.ZS,17.18363478,17.59349428,17.15888767,17.38858336,18.90714529,19.93302931,20.19911966,19.94495532,21.19554845,20.33724676,20.96501978,21.18648095,21.95837207,20.89102951,20.86599123,19.60261467,18.15011797,18.09932709,18.58905159,19.56389458,18.58946354,18.8964082,20.41259555
Pakistan,PAK,Fossil fuel energy consumption (% of total),EG.USE.COMM.FO.ZS,58.87193592,58.24916647,57.51444642,57.89188008,59.70933464,60.0888356,60.89169529,62.20409845,61.34211991,60.74305425,59.91244582,59.35115379,59.16680049,59.1306969,59.60965199,45.09894396,0,0,0,0,0,0,0
Pakistan,PAK,Population density (people per sq. km of land area),EN.POP.DNST,200.9121095,206.609209,211.7353531,216.7785492,222.195413,227.6011986,233.0877568,239.3280809,245.821805,252.148887,258.4566301,264.3032184,269.389691,273.8091246,277.9481203,281.8738105,285.5682713,289.6351793,294.3764166,299.3992567,304.8486742,310.6550968,316.1330778
Palau,PLW,Carbon dioxide (CO2) emissions excluding LULUCF per capita (t CO2e/capita),EN.GHG.CO2.PC.CE.AR5,110.6476171,122.1372468,74.04501872,87.39508622,76.78102926,87.55234876,86.64829276,71.68169102,73.53358935,116.190069,114.7368993,131.0819781,202.8651844,103.3714869,71.56082416,67.26505346,64.29735349,67.16258702,69.07488492,71.26081582,71.74010791,74.7342968,78.72627963
Palau,PLW,GDP per capita (constant 2015 US$),NY.GDP.PCAP.KD,12100.4308,12771.14024,13307.92034,12776.77075,13172.17552,13622.55635,13762.64067,14215.1688,13641.26202,12853.68464,12955.26959,13857.90949,14278.82791,13937.07968,14546.65245,15690.75971,15598.02218,15076.81646,15091.70766,15135.48759,14232.24194,12275.27107,12129.80098
Palau,PLW,Energy use (kg of oil equivalent per capita),EG.USE.PCAP.KG.OE,..,..,..,..,..,..,..,..,..,..,..,..,..,..,..,..,..,..,..,..,..,..,..
Palau,PLW,Urban population (% of total population),SP.URB.TOTL.IN.ZS,70.338,70.093,69.847,69.6,70.383,71.152,71.91,72.655,73.389,74.109,74.817,75.511,76.194,76.862,77.517,78.159,78.775,79.365,79.93,80.47,80.988,81.483,81.956
Palau,PLW,Trade (% of GDP),NE.TRD.GNFS.ZS,..,..,..,..,..,161.4693973,161.5228648,149.2264449,142.823958,134.5609954,138.962919,144.7134088,145.3422839,139.0105513,141.1714678,131.2312248,127.407328,127.9232493,116.8875151,115.0486484,107.24157,80.72982347,87.73756207
Palau,PLW,Renewable energy consumption (% of total final energy consumption),EG.FEC.RNEW.ZS,0,0,0,0,0,0,0,0,0,0,0,0,0,0,0.3,0.4,0.6,0.6,0.6,0.9,0.9,0.9,0.9
Palau,PLW,"Industry (including construction), value added (% of GDP)",NV.IND.TOTL.ZS,14.51612256,18.04789484,21.41474375,17.51773908,15.15509196,13.39927474,11.54323349,10.8011504,8.910841871,8.761618543,9.771313086,8.52947521,8.116659807,7.800636977,7.534077847,7.977554364,10.17962045,8.193277311,8.936936637,11.2403065,12.73786559,11.69881685,11.77314077
Palau,PLW,Fossil fuel energy consumption (% of total),EG.USE.COMM.FO.ZS,..,..,..,..,..,..,..,..,..,..,..,..,..,..,..,..,..,..,..,..,..,..,..
Palau,PLW,Population density (people per sq. km of land area),EN.POP.DNST,41.69130435,42.06956522,42.39782609,42.73695652,43.08695652,43.08478261,42.59347826,41.96086957,41.32391304,40.67173913,39.99130435,39.3,38.61956522,38.36521739,38.51086957,38.63043478,38.68913043,38.72173913,38.72608696,38.69130435,38.67826087,38.65869565,38.60652174
Panama,PAN,Carbon dioxide (CO2) emissions excluding LULUCF per capita (t CO2e/capita),EN.GHG.CO2.PC.CE.AR5,1.723742172,2.020663051,1.728189678,1.717533381,1.693551984,2.142754086,2.218739778,2.174697235,2.07261627,2.43326962,2.529285235,2.70623703,2.778741325,2.682017677,2.766937446,2.683966177,2.646183278,2.475341614,2.381150039,3.094268779,2.233011224,2.501953213,2.726361937
Panama,PAN,GDP per capita (constant 2015 US$),NY.GDP.PCAP.KD,6856.14919,6787.862679,6825.177474,7037.081657,7468.765931,7935.871351,8557.980177,9507.646411,10288.15499,10267.06332,10698.07176,11761.49885,12668.29455,13236.83068,13611.54908,14082.65485,14474.12436,15045.54564,15375.64351,15602.54209,12647.08266,14552.94016,15917.42754
Panama,PAN,Energy use (kg of oil equivalent per capita),EG.USE.PCAP.KG.OE,790.9193873,887.1078647,790.8601329,774.4166971,755.9909322,838.6359364,874.5660698,858.0481287,806.6720892,871.5268138,948.3048377,1037.631565,1052.699259,1002.335964,1035.012938,1024.977599,1045.765829,1035.95086,1026.389906,1162.836084,936.0654494,1033.317593,1062.699256
Panama,PAN,Urban population (% of total population),SP.URB.TOTL.IN.ZS,62.198,62.497,62.794,63.091,63.387,63.682,63.976,64.268,64.56,64.851,65.14,65.437,65.741,66.052,66.371,66.696,67.027,67.365,67.709,68.059,68.414,68.775,69.141
Panama,PAN,Trade (% of GDP),NE.TRD.GNFS.ZS,139.1979349,135.5843511,126.0244824,117.2674789,124.7617565,139.2111651,141.4725713,148.6656011,164.5862861,137.0460216,145.4487188,158.2083953,153.2086204,133.0715689,114.9706049,96.57915734,84.39597187,84.04753724,86.13096151,80.42865056,68.70042351,80.13346352,93.68717875
Panama,PAN,Renewable energy consumption (% of total final energy consumption),EG.FEC.RNEW.ZS,27.7,24,28.7,27.4,28.2,22.8,22.1,22.8,23.4,20.4,20.6,19.7,21.2,20.7,19.8,22,22.1,23.6,24.5,19,28.5,28,..
Panama,PAN,"Industry (including construction), value added (% of GDP)",NV.IND.TOTL.ZS,18.30155726,16.40372211,15.58684226,16.7622316,17.11432046,16.94188827,17.05902417,17.39513625,19.44227763,18.84512932,18.77406211,19.37558397,20.98124689,24.41550784,25.77790375,26.5789491,27.41582125,28.25456213,28.32646061,28.41593273,23.43878089,26.3633167,26.46613983
Panama,PAN,Fossil fuel energy consumption (% of total),EG.USE.COMM.FO.ZS,75.7460269,80.6861402,75.38017869,78.1730583,74.27490204,77.26599806,78.63409448,78.41430804,76.52364119,81.52183528,85.31701352,84.43139513,82.29633028,82.77091278,84.40999387,83.07738093,0,0,0,0,0,0,0
Panama,PAN,Population density (people per sq. km of land area),EN.POP.DNST,40.49460586,41.29051655,42.09502287,42.90835351,43.73358892,44.56585956,45.39983858,46.24011299,47.08969599,47.94701372,48.80999462,49.68395211,50.56841539,51.45721012,52.5108068,53.42734754,54.35895845,55.29825958,56.18576436,57.08681585,57.87626045,58.57919925,59.32559989
Papua New Guinea,PNG,Carbon dioxide (CO2) emissions excluding LULUCF per capita (t CO2e/capita),EN.GHG.CO2.PC.CE.AR5,0.53196062,0.625563527,0.693247454,0.739533347,0.761467886,0.800118729,0.787984682,0.758758901,0.710218374,0.66829696,0.554252604,0.568571482,0.527149414,0.551110013,0.649608533,0.683144452,0.738697647,0.708650471,0.719600899,0.742303317,0.607503495,0.555114125,0.569685752
Papua New Guinea,PNG,GDP per capita (constant 2015 US$),NY.GDP.PCAP.KD,1989.578822,1920.780039,1854.418317,1832.678703,1821.847411,1875.822735,1915.234941,2000.972619,1934.032016,2003.241097,2140.50939,2102.031921,2139.480967,2162.105926,2391.357803,2484.59634,2557.09463,2584.888364,2518.458993,2572.56178,2438.611379,2378.371682,2467.234888
Papua New Guinea,PNG,Energy use (kg of oil equivalent per capita),EG.USE.PCAP.KG.OE,..,..,..,..,..,..,..,..,..,..,..,..,..,..,..,..,..,..,..,..,..,..,..
Papua New Guinea,PNG,Urban population (% of total population),SP.URB.TOTL.IN.ZS,13.204,13.182,13.164,13.146,13.127,13.109,13.091,13.073,13.055,13.037,13.019,13,12.982,12.978,12.988,13.012,13.05,13.102,13.169,13.25,13.345,13.456,13.582
Papua New Guinea,PNG,Trade (% of GDP),NE.TRD.GNFS.ZS,115.421838,117.5803671,118.9191103,123.449069,131.082911,..,..,..,..,..,..,..,..,..,..,..,..,..,..,..,..,..,..
Papua New Guinea,PNG,Renewable energy consumption (% of total final energy consumption),EG.FEC.RNEW.ZS,66.4,63.4,62.5,60.4,57.5,58.6,58.9,57.1,56.9,56,55.2,54.7,55.5,58.3,56.9,55.3,54.8,54.7,53.4,53.2,53.6,54.5,54.6
Papua New Guinea,PNG,"Industry (including construction), value added (% of GDP)",NV.IND.TOTL.ZS,39.32907414,38.49061685,34.90540946,35.25167329,36.99062557,..,35.3656203,34.53979774,34.38598701,29.77164175,33.16880986,31.33622035,27.57318033,26.54054718,32.78483362,34.80493013,34.72997158,36.35985974,36.92404507,36.71108094,33.04708376,34.03954822,40.27919961
Papua New Guinea,PNG,Fossil fuel energy consumption (% of total),EG.USE.COMM.FO.ZS,..,..,..,..,..,..,..,..,..,..,..,..,..,..,..,..,..,..,..,..,..,..,..
Papua New Guinea,PNG,Population density (people per sq. km of land area),EN.POP.DNST,12.22687806,12.6494612,13.08131211,13.52293645,13.97350395,14.43250673,14.90023407,15.3763746,15.86141854,16.35480723,16.85625359,17.35491322,17.84522811,18.33391777,18.8213598,19.30673056,19.7891578,20.26832575,20.74485051,21.2185002,21.67501215,22.1103564,22.53051495
Paraguay,PRY,Carbon dioxide (CO2) emissions excluding LULUCF per capita (t CO2e/capita),EN.GHG.CO2.PC.CE.AR5,0.713368784,0.72774216,0.75117917,0.765671455,0.765639572,0.697986838,0.744375991,0.700041335,0.810018715,0.827121284,0.909851235,0.933250049,0.913429319,0.938378874,0.976982644,1.078111537,1.198855648,1.332631818,1.35663323,1.304194069,1.202349154,1.340403358,1.209783825
Paraguay,PRY,GDP per capita (constant 2015 US$),NY.GDP.PCAP.KD,4074.489533,3972.884279,3916.440223,4035.718339,4151.345848,4193.280865,4349.311971,4540.382359,4788.663188,4727.596858,5191.050143,5342.190157,5230.262449,5583.122745,5794.476444,5879.337923,6041.958794,6243.133631,6354.239201,6243.536209,6109.196081,6278.110067,6218.197907
Paraguay,PRY,Energy use (kg of oil equivalent per capita),EG.USE.PCAP.KG.OE,756.7129745,756.5211312,740.2399309,747.2134677,745.1413054,727.7261145,742.1378108,748.8087329,795.139781,803.8424032,845.8134559,846.3780699,838.7258519,834.8644123,859.8641315,925.1934116,1072.606284,1116.339463,1130.483678,1105.562537,1056.54063,1094.065945,1044.985068
Paraguay,PRY,Urban population (% of total population),SP.URB.TOTL.IN.ZS,55.331,55.966,56.6,56.977,57.305,57.633,57.96,58.286,58.612,58.937,59.261,59.584,59.907,60.197,60.474,60.75,61.026,61.3,61.585,61.879,62.183,62.496,62.818
Paraguay,PRY,Trade (% of GDP),NE.TRD.GNFS.ZS,78.64472976,72.60569901,79.44156565,81.12736377,80.10444662,85.02196365,84.7335313,79.00113742,80.77757466,70.84198186,81.25752337,78.49212385,74.76495746,73.36987138,69.08372496,66.91506553,67.75931523,71.0801344,72.06922363,71.22216173,62.76021747,69.74227302,73.73790502
Paraguay,PRY,Renewable energy consumption (% of total final energy consumption),EG.FEC.RNEW.ZS,70.4,69.8,67.7,67,66.8,68.8,66.5,68.4,65.8,65.4,63.6,62.5,63.4,62.5,62.5,60.5,62.5,60.1,59.2,60.1,61.5,58.8,..
Paraguay,PRY,"Industry (including construction), value added (% of GDP)",NV.IND.TOTL.ZS,35.563533,38.56191185,42.17102755,40.27338267,38.40528806,39.28938865,38.30579032,37.10112364,36.76884845,37.38083932,34.60391551,34.03456239,34.51409814,33.23292499,33.60807585,34.58225375,34.49678032,34.39375891,33.55617521,33.48931143,34.20429922,34.67968973,34.25396576
Paraguay,PRY,Fossil fuel energy consumption (% of total),EG.USE.COMM.FO.ZS,28.13686806,28.75042168,30.44559843,30.86124918,31.02453221,28.9710569,30.06528952,30.73234623,29.80585521,30.24521928,32.27525896,33.32572752,34.16597665,33.25253542,33.37231262,33.52560195,0,0,0,0,0,0,0
Paraguay,PRY,Population density (people per sq. km of land area),EN.POP.DNST,12.83883212,13.05735968,13.24270828,13.40658445,13.56198087,13.71280393,13.8564007,13.99291719,14.12930783,14.27444249,14.44241379,14.63535364,14.84270828,15.05775233,15.27765165,15.50239869,15.72898565,15.95434181,16.17765417,16.39833375,16.62154291,16.82401712,17.07135966
Peru,PER,Carbon dioxide (CO2) emissions excluding LULUCF per capita (t CO2e/capita),EN.GHG.CO2.PC.CE.AR5,1.089696192,0.998950439,1.029704506,0.998894508,1.142351822,1.132899046,1.111596321,1.20469884,1.357601042,1.4523921,1.576063056,1.678015141,1.662026792,1.687431641,1.767954165,1.802252968,1.862576294,1.762385946,1.73484299,1.792318929,1.447017546,1.606613873,1.703078538
Peru,PER,GDP per capita (constant 2015 US$),NY.GDP.PCAP.KD,3286.273085,3261.664251,3398.749914,3502.791657,3640.602999,3835.132193,4091.362686,4407.791217,4778.526422,4801.171537,5167.392593,5453.457187,5740.043463,6021.461428,6103.918647,6231.711503,6392.254749,6457.419403,6593.144375,6626.260835,5831.830248,6547.847182,6667.516956
Peru,PER,Energy use (kg of oil equivalent per capita),EG.USE.PCAP.KG.OE,506.0079249,483.0985507,478.0853677,464.5807894,499.9050305,525.1295262,503.2432233,531.6589446,581.604189,583.138421,603.4554325,688.0598342,731.9756083,698.0538205,728.635674,743.0112092,764.054758,762.0427562,783.8902058,798.439604,666.6663633,775.1346287,826.7056467
Peru,PER,Urban population (% of total population),SP.URB.TOTL.IN.ZS,73.042,73.448,73.85,74.249,74.644,75.034,75.421,75.803,76.052,76.241,76.43,76.617,76.804,76.989,77.173,77.357,77.539,77.72,77.907,78.099,78.297,78.5,78.708
Peru,PER,Trade (% of GDP),NE.TRD.GNFS.ZS,35.53803216,35.06440143,35.24918133,37.62461033,41.93607827,47.35731748,51.78505603,55.68811328,58.43376739,48.11192962,51.67280894,55.98828028,52.61989526,49.78714245,46.85312109,45.16276869,45.3888412,47.51355036,48.63147017,46.94350538,44.2459672,55.42724937,57.29697596
Peru,PER,Renewable energy consumption (% of total final energy consumption),EG.FEC.RNEW.ZS,38.6,41.2,40.2,40.9,37.8,38.4,38.7,36,33.7,32.9,32.2,30.6,30.8,28.4,28.6,27.4,27.2,27.6,27.9,27.1,31.6,30.6,..
Peru,PER,"Industry (including construction), value added (% of GDP)",NV.IND.TOTL.ZS,29.0341337,29.03515644,29.44403216,29.88934946,32.65009762,34.35666742,37.45775499,37.69897996,36.32693447,33.55168254,35.7720066,37.23610028,35.53355336,33.85943675,31.70140393,30.33787987,30.55655058,31.29788412,31.6240835,30.44919578,30.31928571,35.73833431,34.93142992
Peru,PER,Fossil fuel energy consumption (% of total),EG.USE.COMM.FO.ZS,63.48240144,61.16301008,61.34544946,60.44216727,64.49599827,66.16631589,64.08541948,66.48933404,68.92451085,68.66360071,72.59481349,69.60970428,72.46540168,74.615671,86.2064667,32.85508565,0,0,0,0,0,0,0
Peru,PER,Population density (people per sq. km of land area),EN.POP.DNST,20.77994609,21.06609453,21.31891953,21.54725781,21.75952344,21.95404688,22.12850859,22.28960859,22.43675078,22.57563359,22.72345234,22.89381719,23.08622344,23.29524922,23.52798906,23.795,24.11444844,24.47237266,24.9199875,25.35101797,25.65513984,25.90303281,26.15268594
Philippines,PHL,Carbon dioxide (CO2) emissions excluding LULUCF per capita (t CO2e/capita),EN.GHG.CO2.PC.CE.AR5,0.932441191,0.880483905,0.877841282,0.882266978,0.875840435,0.896020429,0.792682424,0.844793242,0.838628468,0.833016102,0.881750416,0.860716468,0.893216298,0.954798182,1.002138153,1.074529342,1.136202587,1.254372781,1.290932531,1.334754958,1.211622667,1.287227915,1.321805599
Philippines,PHL,GDP per capita (constant 2015 US$),NY.GDP.PCAP.KD,1793.347611,1807.708925,1837.254293,1892.82162,1978.344891,2037.877661,2110.420448,2209.346511,2264.946291,2256.725548,2373.143121,2416.752121,2533.74142,2654.415069,2776.920059,2909.85818,3076.337419,3247.450388,3410.93648,3575.881709,3198.6669,3350.975876,3577.701366
Philippines,PHL,Energy use (kg of oil equivalent per capita),EG.USE.PCAP.KG.OE,487.4027795,454.033055,451.2844687,442.5687891,430.0749233,434.4700891,423.3560124,425.6250193,439.081887,420.717035,431.460692,428.3297866,437.4664062,443.2697193,465.6258864,499.0707763,520.9808508,544.4751998,554.4982835,551.8665498,518.1567758,530.9879807,550.793804
Philippines,PHL,Urban population (% of total population),SP.URB.TOTL.IN.ZS,46.135,46.05,45.965,45.88,45.795,45.71,45.625,45.54,45.455,45.371,45.332,45.522,45.712,45.903,46.093,46.284,46.475,46.682,46.907,47.149,47.408,47.684,47.977
Philippines,PHL,Trade (% of GDP),NE.TRD.GNFS.ZS,85.15336846,84.90038862,83.84480409,87.57464436,87.12528482,83.84567457,80.85053867,73.64497999,67.68107077,60.88659079,66.10427851,60.7958367,57.84200551,55.82478123,57.46817209,59.14159211,61.77606577,68.16836974,72.1633983,68.84184226,58.1695603,63.48460981,72.42968361
Philippines,PHL,Renewable energy consumption (% of total final energy consumption),EG.FEC.RNEW.ZS,33.9,32.9,31.8,30.9,30.2,31.3,33.3,32.4,33.9,34.1,32.7,33.8,34.1,33.1,32.4,30.8,28.6,27.8,27.6,26.9,29.1,28,..
Philippines,PHL,"Industry (including construction), value added (% of GDP)",NV.IND.TOTL.ZS,34.97528477,34.89761526,34.78343526,34.54056403,33.61869621,33.81367631,33.46258533,33.00086093,32.76528841,31.52254268,32.33955605,31.33868278,31.39949336,30.77544663,31.04744448,30.48195098,30.28591717,30.12655058,30.56374015,30.32750788,28.39991759,28.88980912,29.22123994
Philippines,PHL,Fossil fuel energy consumption (% of total),EG.USE.COMM.FO.ZS,54.68270537,56.26234469,57.85055719,59.37318543,58.86146098,58.73980152,57.18345196,57.10188904,56.78385765,54.1057885,58.42124914,57.86598906,58.71187661,60.79785164,61.60337208,43.30260342,0,0,0,0,0,0,0
Philippines,PHL,Population density (people per sq. km of land area),EN.POP.DNST,267.0469766,273.0036154,278.5957306,284.1729047,289.7491498,295.1871818,300.194473,305.4471744,310.8934333,316.5450917,323.0946272,329.5053627,335.9677768,342.3427441,348.0133146,353.1978133,357.969343,362.6109032,367.1237448,371.6157997,375.8971862,379.3170004,382.2126237
Poland,POL,Carbon dioxide (CO2) emissions excluding LULUCF per capita (t CO2e/capita),EN.GHG.CO2.PC.CE.AR5,8.18162355,8.098441344,7.912642422,8.252764002,8.314749204,8.307991692,8.671182842,8.664067369,8.512780034,8.160671519,8.657718463,8.588679555,8.39923607,8.282530931,7.959281522,8.048854417,8.340905303,8.695218248,8.678514013,8.220176358,7.913532738,8.75705916,8.616969824
Poland,POL,GDP per capita (constant 2015 US$),NY.GDP.PCAP.KD,7401.576976,7494.960895,7640.993078,7915.554244,8323.387738,8598.576812,9137.658508,9760.70426,10187.20179,10446.52891,10808.39757,11370.31343,11542.23534,11628.22868,12093.16228,12637.52203,13026.1859,13695.64528,14551.08503,15221.30906,15090.22284,16368.62397,17303.64494
Poland,POL,Energy use (kg of oil equivalent per capita),EG.USE.PCAP.KG.OE,2321.776433,2338.142938,2312.594785,2375.411538,2383.780411,2414.282372,2538.761124,2529.619078,2563.585185,2463.270434,2642.068812,2652.990806,2563.690892,2567.182085,2473.797707,2498.774066,2614.971605,2734.427276,2865.526831,2761.072462,2710.956062,2920.113525,2798.007746
Poland,POL,Urban population (% of total population),SP.URB.TOTL.IN.ZS,61.716,61.761,61.787,61.676,61.564,61.452,61.341,61.229,61.116,61.004,60.892,60.78,60.654,60.529,60.403,60.278,60.178,60.105,60.058,60.037,60.043,60.075,60.134
Poland,POL,Trade (% of GDP),NE.TRD.GNFS.ZS,60.61072094,57.87853127,60.79679906,69.21344798,70.98157657,70.31147909,77.70080354,80.74539906,80.57468156,74.96859653,82.22585232,86.92368928,88.82990331,90.41750724,92.03401971,92.25542727,96.86590281,100.5658952,102.4424622,101.5810338,99.25909123,110.874283,123.0213329
Poland,POL,Renewable energy consumption (% of total final energy consumption),EG.FEC.RNEW.ZS,6.9,7.3,7.5,7.3,7.3,7.2,7.2,7.3,8,8.8,9.5,10.4,10.9,11.4,11.6,11.9,11.3,11.1,15.1,15.6,16.1,15.2,..
Poland,POL,"Industry (including construction), value added (% of GDP)",NV.IND.TOTL.ZS,28.77183973,27.35051986,26.65472041,27.5111441,29.18527875,29.05889803,29.20218936,29.27545127,28.81653168,29.96131267,29.69749939,30.394166,30.22816571,28.67683335,29.93512398,30.99393003,30.67348711,28.80907596,28.86146172,28.83152422,28.56694862,28.48599934,29.1814825
Poland,POL,Fossil fuel energy consumption (% of total),EG.USE.COMM.FO.ZS,96.1618343,95.9112339,95.93668257,96.23133226,95.94957642,95.98914543,95.75304,95.12885856,94.15759267,93.27710018,92.3871757,92.12947592,91.08084359,91.09273684,90.07373172,89.98178978,0,0,0,0,0,0,0
Poland,POL,Population density (people per sq. km of land area),EN.POP.DNST,124.9098208,124.8753665,124.8175389,124.7536899,124.6440832,124.5893154,124.5144522,124.446853,124.4719523,124.5644606,124.2092007,124.2962969,124.3000588,124.2291107,124.1442732,124.0615696,124.008253,124.0237304,124.0315838,124.0255954,122.5484206,120.8152859,120.2971316
Portugal,PRT,Carbon dioxide (CO2) emissions excluding LULUCF per capita (t CO2e/capita),EN.GHG.CO2.PC.CE.AR5,6.259702477,6.143366579,6.516372797,6.020038014,6.1734031,6.472785298,5.99647149,5.83221189,5.626804703,5.548517176,5.050165041,4.882273935,4.748363361,4.618154121,4.597847797,5.008304631,4.908259706,5.369125171,4.985568595,4.537857918,3.974553565,3.779515416,3.785455552
Portugal,PRT,GDP per capita (constant 2015 US$),NY.GDP.PCAP.KD,18822.09331,19053.08995,19095.11025,18846.54119,19137.83709,19251.71451,19529.31221,19979.57062,20014.47493,19371.13188,19698.68367,19389.63959,18679.76268,18597.72146,18836.8968,19215.7813,19662.82312,20364.19637,20997.77449,21569.18746,19778.71385,20747.69916,22042.86821
Portugal,PRT,Energy use (kg of oil equivalent per capita),EG.USE.PCAP.KG.OE,2390.188701,2391.321137,2477.602758,2400.861398,2463.102488,2519.139019,2390.463746,2402.510665,2337.492531,2304.178484,2222.628335,2164.032199,2039.169997,2055.588166,2035.411425,2121.087266,2111.097113,2209.981351,2140.975589,2115.185705,1957.305502,1943.292697,1949.864961
Portugal,PRT,Urban population (% of total population),SP.URB.TOTL.IN.ZS,54.399,55.044,55.666,56.287,56.907,57.522,58.137,58.749,59.359,59.964,60.567,61.167,61.763,62.352,62.936,63.514,64.086,64.652,65.211,65.764,66.31,66.849,67.381
Portugal,PRT,Trade (% of GDP),NE.TRD.GNFS.ZS,67.45299799,65.09195518,62.30825942,61.13894749,63.20459367,62.94450456,68.54705312,69.94611758,72.07574292,61.49269353,67.68924019,73.00757567,75.94110672,78.03050569,80.22066907,80.63467563,79.52234648,84.80779231,86.73569549,86.77098891,76.50864072,85.87354521,101.3641473
Portugal,PRT,Renewable energy consumption (% of total final energy consumption),EG.FEC.RNEW.ZS,20.1,20.8,18.3,22.1,19.9,18.1,22.3,23.1,23.2,24.9,27.8,27.2,25.5,30.2,30.5,27.2,29,24.4,27.5,28.2,31.3,32.3,..
Portugal,PRT,"Industry (including construction), value added (% of GDP)",NV.IND.TOTL.ZS,24.4615744,24.14388424,23.49698865,22.62971502,22.23695662,21.38330861,21.14765296,21.15335285,20.38627976,19.85719046,19.9335311,19.3319728,19.08675839,18.88309738,18.98504401,19.59384983,19.44817809,19.24938331,19.38204354,18.88608319,19.39453334,19.31283696,18.40324301
Portugal,PRT,Fossil fuel energy consumption (% of total),EG.USE.COMM.FO.ZS,84.03297743,83.38213442,85.25284402,81.77021159,82.75214557,84.11764961,80.81174575,79.23773811,78.62915491,78.08251226,75.12563051,75.65478978,75.80654224,73.43074253,72.78057369,77.40885043,0,0,0,0,0,0,0
Portugal,PRT,Population density (people per sq. km of land area),EN.POP.DNST,112.4579016,113.2537923,113.8757486,114.3040546,114.5777158,114.8281404,115.0353996,115.2614409,115.4277577,115.3864723,115.4394585,115.2697893,114.8034065,114.1561287,113.5417704,113.0725196,112.7163842,112.4418158,112.261936,112.2885828,112.406676,113.1135105,113.9049578
Puerto Rico (US),PRI,Carbon dioxide (CO2) emissions excluding LULUCF per capita (t CO2e/capita),EN.GHG.CO2.PC.CE.AR5,6.608924305,6.510780685,5.268089738,6.830515186,6.841765011,6.885581633,4.459249861,4.746926708,4.093897523,3.735633259,3.606880451,3.158904486,3.096793402,3.012094144,3.211030798,3.421931694,3.260888304,3.409661617,4.16234893,3.816039708,3.805929443,3.878339209,3.923249228
Puerto Rico (US),PRI,GDP per capita (constant 2015 US$),NY.GDP.PCAP.KD,26131.96306,27722.36719,27940.38262,27937.81659,30375.78958,29815.21642,29519.73868,29347.846,28976.13105,28565.76792,28569.50771,28706.02075,28968.69421,29115.35492,29141.20386,29242.04147,29326.57488,29061.55638,28808.85186,29185.097,28144.72232,28416.62313,29643.74089
Puerto Rico (US),PRI,Energy use (kg of oil equivalent per capita),EG.USE.PCAP.KG.OE,..,..,..,..,..,..,..,..,..,..,..,..,..,..,..,..,..,..,..,..,..,..,..
Puerto Rico (US),PRI,Urban population (% of total population),SP.URB.TOTL.IN.ZS,94.387,94.333,94.278,94.224,94.168,94.112,94.056,93.999,93.942,93.884,93.825,93.773,93.726,93.686,93.651,93.624,93.602,93.587,93.578,93.576,93.581,93.592,93.61
Puerto Rico (US),PRI,Trade (% of GDP),NE.TRD.GNFS.ZS,106.1695121,109.8856497,106.3294868,118.8401575,117.0008638,113.7447947,117.728478,117.5957791,116.2779944,105.2621968,104.1532283,108.5584001,103.3111866,104.8922401,102.3854565,108.8806342,110.2740455,113.1316206,106.0011034,107.5714568,103.5096174,96.74630215,98.25866517
Puerto Rico (US),PRI,Renewable energy consumption (% of total final energy consumption),EG.FEC.RNEW.ZS,0.6,0.5,0.5,0.5,0.5,0.6,0.5,0.5,0.5,0.5,0.4,0.7,0.5,1.4,1.6,1.9,1.9,2.3,1.4,2.4,2.5,2.6,2.5
Puerto Rico (US),PRI,"Industry (including construction), value added (% of GDP)",NV.IND.TOTL.ZS,46.06186529,48.33315031,49.24570846,49.00330628,47.94334048,47.23235667,46.85990165,46.77826207,47.39822596,49.40136286,50.90123835,49.78470718,49.63845742,49.26393363,49.93391628,50.93827841,51.15151236,50.22944692,50.6557671,50.84441206,50.31692732,50.48042501,48.22339752
Puerto Rico (US),PRI,Fossil fuel energy consumption (% of total),EG.USE.COMM.FO.ZS,..,..,..,..,..,..,..,..,..,..,..,..,..,..,..,..,..,..,..,..,..,..,..
Puerto Rico (US),PRI,Population density (people per sq. km of land area),EN.POP.DNST,429.6059752,430.5269448,431.0824126,431.3523112,431.4405862,430.8187148,428.9981962,426.4932356,423.9984216,421.692221,419.8945885,416.399549,412.7446449,409.4055242,404.1732807,398.5532131,392.3824126,384.5363021,370.9909808,372.3439684,369.9650507,367.8366404,363.0368658
Qatar,QAT,Carbon dioxide (CO2) emissions excluding LULUCF per capita (t CO2e/capita),EN.GHG.CO2.PC.CE.AR5,49.22843645,47.83611756,50.89924846,51.38945214,53.23560903,52.77281054,50.35396693,46.4559261,43.34932562,39.76125348,42.427812535,47.143400369541666,47.79189585075,45.965396652375,42.896889116666664,39.129706063,35.683320667749996,33.42855691041667,31.906117275333333,30.65991999125,27.163811952416665,29.629916846125,26.80803648
Qatar,QAT,GDP per capita (constant 2015 US$),NY.GDP.PCAP.KD,52234.42444,51633.96068,52752.70812,52255.3835,59990.30649,60416.78292,64676.39689,61423.08709,61213.79439,60781.87495,72333.98486,81608.57169,80621.86072,76486.9693,71756.06493,68985.2947,67294.45858,64497.69872,64410.81713,63430.46076,57769.6041,65488.51179,64315.62636
Qatar,QAT,Energy use (kg of oil equivalent per capita),EG.USE.PCAP.KG.OE,16938.72144,17811.9127,19201.30189,18983.94483,21557.47508,20198.16891,20140.34288,18323.34646,15946.7278,15063.26662,16779.92167,16473.42697,21456.06693,20642.14232,17814.54311,16427.75654,15178.85621,16718.23705,16139.77083,15760.7369,14869.25011,17100.75061,16683.66361
Qatar,QAT,Urban population (% of total population),SP.URB.TOTL.IN.ZS,96.311,96.506,96.692,96.868,97.09,97.396,97.671,97.917,98.139,98.336,98.501,98.602,98.697,98.785,98.868,98.945,99.015,99.078,99.135,99.188,99.235,99.278,99.318
Qatar,QAT,Trade (% of GDP),NE.TRD.GNFS.ZS,89.61265972,94.96867168,88.46972363,90.16494869,90.37242884,94.74554417,98.57091931,96.11410571,89.43284165,80.14416297,86.07028995,98.72163869,105.7462944,102.3832081,99.03437474,93.70760417,89.54760012,91.49458792,91.83844898,90.04637555,90.01909488,92.77915857,100.2136472
Qatar,QAT,Renewable energy consumption (% of total final energy consumption),EG.FEC.RNEW.ZS,0.1,0.1,0.1,0,0,0,0.1,0.1,0.1,0.1,0.1,0.1,0,0,0,0,0.1,0.1,0,0.1,0,0,..
Qatar,QAT,"Industry (including construction), value added (% of GDP)",NV.IND.TOTL.ZS,..,..,..,..,..,..,..,..,..,..,..,73.21426579,73.46916076,71.76825133,69.75794746,57.4407932,53.20526006,56.68796532,60.38152349,57.16456608,52.33343072,59.9840088,65.34889949
Qatar,QAT,Fossil fuel energy consumption (% of total),EG.USE.COMM.FO.ZS,99.95439934,99.93826226,99.96016488,99.96514108,99.95766733,99.95831747,99.9878432,99.95715645,99.95787791,99.99372461,..,..,..,..,..,52.94986436,0,0,0,0,0,0,0
Qatar,QAT,Population density (people per sq. km of land area),EN.POP.DNST,55.5546081,58.39147287,61.25796727,64.1414298,66.60913006,71.09457364,83.79250646,104.0994832,122.9059432,138.5790698,139.2620155,139.9449612,148.3581395,165.0668389,187.2711053,204.0519582,215.5885988,221.5683203,224.6069626,229.6481288,243.1808529,218.0078329,231.2735422
Romania,ROU,Carbon dioxide (CO2) emissions excluding LULUCF per capita (t CO2e/capita),EN.GHG.CO2.PC.CE.AR5,4.340673078,4.717280025,4.758262306,4.994821159,4.921403142,4.900775973,5.229586444,5.127687224,5.130116918,4.206940208,4.116023656,4.457703198,4.368663231,3.979224461,3.967009057,4.051925512,3.99419011,4.175138594,4.261570702,4.189240895,3.929562295,4.204955125,3.988859596
Romania,ROU,GDP per capita (constant 2015 US$),NY.GDP.PCAP.KD,4569.309148,4875.303106,5248.549946,5410.308358,6008.640485,6328.090223,6876.778414,7483.973758,8318.003428,7924.870581,7660.706676,8044.571949,8234.285534,8287.958441,8661.473973,8977.017482,9286.876782,10106.22696,10788.01509,11270.4758,10916.31261,11607.97712,12114.87151
Romania,ROU,Energy use (kg of oil equivalent per capita),EG.USE.PCAP.KG.OE,1615.334882,1666.724008,1755.331086,1841.574339,1807.04208,1808.187618,1881.717665,1900.483214,1925.093595,1707.812283,1724.698487,1771.703586,1736.576205,1590.193813,1579.406598,1598.691798,1604.62335,1693.373642,1717.11748,1705.257776,1669.638229,1787.095642,1655.23819
Romania,ROU,Urban population (% of total population),SP.URB.TOTL.IN.ZS,53.004,52.852,52.78,52.912,53.043,53.174,53.305,53.436,53.567,53.698,53.829,53.96,53.974,53.937,53.9,53.887,53.9,53.936,53.998,54.084,54.194,54.329,54.489
Romania,ROU,Trade (% of GDP),NE.TRD.GNFS.ZS,48.52132539,51.92859102,53.71024781,56.17952705,60.62647867,59.36054945,61.68362593,63.50515667,65.175201,58.47005837,69.95493549,76.27135644,76.59432399,81.39761317,83.37514296,83.5205767,85.89252829,87.15606457,86.49119902,84.36771216,77.92364346,86.61334943,93.62156249
Romania,ROU,Renewable energy consumption (% of total final energy consumption),EG.FEC.RNEW.ZS,16.4,13.4,14.4,15.7,17.3,18.5,17.4,18.2,20.4,22.1,24.1,21.1,21.5,23.1,24.3,23.7,24.4,23.4,23,23.5,24.1,23.6,..
Romania,ROU,"Industry (including construction), value added (% of GDP)",NV.IND.TOTL.ZS,30.26346214,32.33720698,33.32698502,32.04849373,31.83478736,32.26587428,32.97827709,34.28218255,36.77437066,36.42314204,38.30732865,40.20991596,34.42764635,32.0726085,32.57002115,30.81180708,30.12138475,29.11309332,28.911866,27.62803765,26.48734225,26.07985944,27.33527655
Romania,ROU,Fossil fuel energy consumption (% of total),EG.USE.COMM.FO.ZS,84.75752616,86.38033155,86.73481121,86.42422176,84.31277686,83.96592483,85.18667012,83.33764289,80.00378556,76.80634907,75.30552674,77.8886269,76.65369549,73.76161681,73.08670188,39.00551001,0,0,0,0,0,0,0
Romania,ROU,Population density (people per sq. km of land area),EN.POP.DNST,97.70132341,96.34743807,94.53384957,93.82181344,93.26846957,92.70234368,92.15479607,90.83901866,89.33394954,88.53119621,88.01074114,87.53324934,87.20126511,86.87429031,86.53068063,86.12489569,85.63224531,85.13871262,84.63999478,84.19527121,83.73283206,83.11047896,82.79077712
Russian Federation,RUS,Carbon dioxide (CO2) emissions excluding LULUCF per capita (t CO2e/capita),EN.GHG.CO2.PC.CE.AR5,11.46780222,11.53790307,11.52928902,12.01005529,12.06970358,12.1188174,12.4164803,12.45756927,12.36010057,11.64024617,12.22859367,12.81348852,12.69193619,12.26790427,12.13378879,12.14773716,11.96120883,12.13513139,12.66482591,13.13010236,12.59110356,13.52657132,14.0403956
Russian Federation,RUS,GDP per capita (constant 2015 US$),NY.GDP.PCAP.KD,5323.666504,5618.955566,5910.171875,6370.453613,6856.678223,7323.385254,7949.896973,8640.40625,9093.700195,8381.868164,8755.120117,9120.820313,9464.010742,9601.537109,9493.8125,9277.713867,9269.319336,9418.914063,9674.787109,9882.024414,9632.325195,10231.31836,10119.0625
Russian Federation,RUS,Energy use (kg of oil equivalent per capita),EG.USE.PCAP.KG.OE,4224.989519,4287.908295,4289.439573,4461.83176,4494.501528,4541.208635,4689.151084,4710.474521,4822.381363,4529.203199,4853.36753,5004.234393,5056.083234,4896.950298,4894.425521,4785.195725,4917.540839,4999.079908,5259.908376,5065.148209,5044.853669,5681.39248,5601.084351
Russian Federation,RUS,Urban population (% of total population),SP.URB.TOTL.IN.ZS,73.35,73.346,73.341,73.373,73.418,73.463,73.508,73.553,73.598,73.642,73.687,73.732,73.791,73.863,73.95,74.05,74.164,74.292,74.433,74.587,74.754,74.934,75.126
Russian Federation,RUS,Trade (% of GDP),NE.TRD.GNFS.ZS,68.09390704,61.11085866,59.64544573,59.12826901,56.5818524,56.71324849,54.73340187,51.70612275,53.38246604,48.43506103,50.35550549,48.03539941,47.15139039,46.2871494,47.80134126,49.35934931,46.51811984,46.87652434,51.58090037,49.22875366,45.9669082,50.58619546,42.78278643
Russian Federation,RUS,Renewable energy consumption (% of total final energy consumption),EG.FEC.RNEW.ZS,3.5,3.6,3.5,3.3,3.5,3.6,3.5,3.7,3.3,3.6,3.3,3.2,3.2,3.6,3.3,3.2,3.4,3.2,3.2,3.2,3.7,3.5,..
Russian Federation,RUS,"Industry (including construction), value added (% of GDP)",NV.IND.TOTL.ZS,33.91897032,31.83735412,29.05639281,28.65313499,31.70222243,32.62923207,31.78026059,31.2220408,30.7868817,29.32693903,29.99958822,29.41358884,29.10286807,28.19128918,27.93152706,29.79405999,29.17390507,30.67329689,32.55429805,32.15049584,29.71712458,31.78599915,32.23014357
Russian Federation,RUS,Fossil fuel energy consumption (% of total),EG.USE.COMM.FO.ZS,91.11102053,90.89618296,90.72643378,90.90480708,90.67398898,90.68245447,90.60676978,90.5376491,90.96162445,90.20404927,89.88945166,91.69254756,92.74488819,92.63988784,92.7856117,50.13906251,0,0,0,0,0,0,0
Russian Federation,RUS,Population density (people per sq. km of land area),EN.POP.DNST,8.949015709,8.911633753,8.870461463,8.830278652,8.794658032,8.761088894,8.734394184,8.71946398,8.716095689,8.718720244,8.722635522,8.732938284,8.754935894,8.781020915,8.807374242,8.832012222,8.854894739,8.871857687,8.878259765,8.881629457,8.868919885,8.838487574,8.807356534
Rwanda,RWA,Carbon dioxide (CO2) emissions excluding LULUCF per capita (t CO2e/capita),EN.GHG.CO2.PC.CE.AR5,0.082834881,0.08392568,0.097426484,0.082486353,0.077862328,0.081914817,0.080038747,0.070921964,0.069092352,0.0691024,0.070772595,0.072027542,0.078135525,0.084834685,0.084207696,0.094888137,0.101382788,0.107301554,0.116672042,0.118001553,0.11083867,0.125890473,0.118833524
Rwanda,RWA,GDP per capita (constant 2015 US$),NY.GDP.PCAP.KD,333.3550904,358.4460589,400.2704215,400.1916209,418.7809976,446.0298099,474.3645998,497.1716225,538.3253724,557.3978052,583.3714168,614.5396505,651.8528191,666.4087892,690.6103954,733.9986304,759.6062887,771.069238,817.5784379,874.6396595,826.3913083,896.2710342,948.4136876
Rwanda,RWA,Energy use (kg of oil equivalent per capita),EG.USE.PCAP.KG.OE,405.776824,406.22364,407.8291595,396.4949668,387.0661458,352.1360283,350.9033447,347.6270101,347.0089122,350.122128,349.0569874,350.4441629,354.1656092,354.8861776,352.1586412,350.1691732,347.7429843,352.1579669,355.6984201,357.419085,358.132557,365.5084799,372.9914024
Rwanda,RWA,Urban population (% of total population),SP.URB.TOTL.IN.ZS,14.926,15.829,16.777,16.904,16.908,16.912,16.917,16.921,16.925,16.93,16.934,16.938,16.943,16.947,16.967,17.004,17.056,17.125,17.211,17.313,17.432,17.568,17.721
Rwanda,RWA,Trade (% of GDP),NE.TRD.GNFS.ZS,27.48486383,29.19890944,27.60943812,29.31062424,33.4616731,34.21653834,33.22143707,35.9709732,37.60451085,36.80562801,37.27887909,39.71610248,40.540863,42.69349243,43.90273369,45.20197562,49.48490711,53.67526742,55.78412637,57.97566286,55.18795155,54.29383185,61.1450795
Rwanda,RWA,Renewable energy consumption (% of total final energy consumption),EG.FEC.RNEW.ZS,86.8,86.9,87.1,87.3,87.6,89.2,90.6,90.3,90.6,90.5,90.5,89.7,88.8,88.5,88,86.3,85.5,84.5,82.8,81.8,81.7,79.4,79.9
Rwanda,RWA,"Industry (including construction), value added (% of GDP)",NV.IND.TOTL.ZS,16.81998942,16.4383278,16.39183842,14.28732208,14.58501397,14.94982027,15.83299216,16.73348218,16.26383853,15.68858119,16.32898192,18.16784485,18.22550342,17.61685598,17.55138349,17.44666319,16.83699129,17.28422325,17.34997975,18.86474597,18.63827504,20.45229327,21.26953123
Rwanda,RWA,Fossil fuel energy consumption (% of total),EG.USE.COMM.FO.ZS,0,0,0,0,0,0,0,0,0,0,0,0,0,0,0,0,0,0,0,0,0,0,0
Rwanda,RWA,Population density (people per sq. km of land area),EN.POP.DNST,332.9522092,335.917876,340.5018241,348.0695176,357.3913255,367.0258614,376.9455209,387.1071342,397.4166599,407.8002432,418.2226591,428.6069315,438.9907175,449.6692339,460.671139,471.8290231,483.1448318,494.6112687,506.2017025,517.8801378,529.6245237,541.3563032,553.3453587
Samoa,WSM,Carbon dioxide (CO2) emissions excluding LULUCF per capita (t CO2e/capita),EN.GHG.CO2.PC.CE.AR5,1.036959573,1.111560006,1.140016588,1.155152888,1.130744326,1.164842923,1.1651013,1.261436904,1.28401374,1.295995572,1.363049999,1.374844001,1.364390477,1.405673129,1.431735129,1.628985737,1.740057691,1.758878368,1.726546618,1.919153399,1.930698675,2.007213056,2.103957521
Samoa,WSM,GDP per capita (constant 2015 US$),NY.GDP.PCAP.KD,2945.372179,3137.464038,3291.342448,3444.998577,3535.738138,3755.782428,3820.922395,3818.255038,3925.874333,3875.942917,4081.15536,4201.456637,4007.910928,3976.392893,3967.237305,4084.360838,4373.237924,4393.373163,4321.005183,4466.080755,4283.072803,3945.719489,3710.624627
Samoa,WSM,Energy use (kg of oil equivalent per capita),EG.USE.PCAP.KG.OE,..,..,..,..,300.6727553,304.8486988,303.6615186,307.2798843,..,..,..,..,..,..,..,..,..,..,..,..,..,..,..
Samoa,WSM,Urban population (% of total population),SP.URB.TOTL.IN.ZS,21.977,22.068,21.941,21.698,21.457,21.218,20.981,20.75,20.524,20.3,20.078,19.857,19.624,19.385,19.149,18.914,18.681,18.452,18.243,18.056,17.889,17.742,17.616
Samoa,WSM,Trade (% of GDP),NE.TRD.GNFS.ZS,..,..,87.91997114,76.27214877,72.52937031,76.22474427,82.46919384,83.20220418,73.88642706,75.97939216,78.56980168,81.60095501,82.73397948,77.87775174,80.50077404,74.63435501,75.21181747,74.01108076,78.93496843,83.33107958,77.4836,60.88888565,64.98318033
Samoa,WSM,Renewable energy consumption (% of total final energy consumption),EG.FEC.RNEW.ZS,59.7,52.4,49.6,52.4,48.8,48.9,46,43.2,45,43.2,41.9,40.6,40.2,42.6,41.4,37.1,36.8,35.8,36.6,34.2,35.6,36,35.9
Samoa,WSM,"Industry (including construction), value added (% of GDP)",NV.IND.TOTL.ZS,27.7265036,29.45242578,30.01209028,31.00839063,32.3616645,31.56548072,31.33195354,31.21484376,30.6045956,22.47145719,14.77778185,15.76615253,16.30707384,15.14672879,15.20952043,14.5012807,14.40868348,13.18495546,11.72041111,11.95963932,11.12237565,11.12975738,11.42476079
Samoa,WSM,Fossil fuel energy consumption (% of total),EG.USE.COMM.FO.ZS,..,..,..,..,0,0,0,0,..,..,..,..,..,..,..,..,..,..,..,..,..,..,..
Samoa,WSM,Population density (people per sq. km of land area),EN.POP.DNST,64.19964664,64.7229682,65.18409894,65.5229682,65.81236749,66.06996466,66.32826855,66.69717314,67.17561837,67.67243816,68.20600707,68.80318021,69.43392226,70.05936396,70.6844523,71.30106007,71.90777385,73.89028777,74.66978417,75.46043165,76.23884892,76.89892086,77.43201439
San Marino,SMR,Carbon dioxide (CO2) emissions excluding LULUCF per capita (t CO2e/capita),EN.GHG.CO2.PC.CE.AR5,..,..,..,..,..,..,..,..,..,..,..,..,..,..,..,..,..,..,..,..,..,..,..
San Marino,SMR,GDP per capita (constant 2015 US$),NY.GDP.PCAP.KD,55806.92197,58173.2936,57615.41006,59090.23311,58393.22367,59049.57745,60604.35089,62776.94616,61572.74357,52873.26819,49672.69778,46450.02517,42082.55545,42293.48707,42492.85092,43146.82404,43886.21469,43057.77848,42818.69627,43525.42257,40506.85211,46834.13951,51277.3461
San Marino,SMR,Energy use (kg of oil equivalent per capita),EG.USE.PCAP.KG.OE,..,..,..,..,..,..,..,..,..,..,..,..,..,..,..,..,..,..,..,..,..,..,..
San Marino,SMR,Urban population (% of total population),SP.URB.TOTL.IN.ZS,93.44,93.75,93.925,93.975,94.155,94.453,94.736,95.007,95.264,95.508,95.74,95.961,96.171,96.37,96.559,96.739,96.91,97.072,97.226,97.368,97.499,97.62,97.732
San Marino,SMR,Trade (% of GDP),NE.TRD.GNFS.ZS,..,..,..,..,..,..,..,..,..,..,..,..,..,..,..,321.3640134,320.1460891,313.8503238,309.4879564,307.2647781,304.9031676,342.470174,370.4360718
San Marino,SMR,Renewable energy consumption (% of total final energy consumption),EG.FEC.RNEW.ZS,..,..,..,..,..,..,..,..,..,..,..,..,..,..,..,..,..,..,..,..,..,..,..
San Marino,SMR,"Industry (including construction), value added (% of GDP)",NV.IND.TOTL.ZS,..,..,..,..,..,..,..,..,..,..,..,..,..,..,..,32.02416615,32.40716496,32.45303154,36.21692033,34.77865695,35.61492207,36.63555816,37.59520178
San Marino,SMR,Fossil fuel energy consumption (% of total),EG.USE.COMM.FO.ZS,..,..,..,..,..,..,..,..,..,..,..,..,..,..,..,..,..,..,..,..,..,..,..
San Marino,SMR,Population density (people per sq. km of land area),EN.POP.DNST,446.65,452.3833333,458.1833333,464.05,490.95,497.2666667,503.0666667,520.1833333,527.7,551.1,554.5,543.6666667,557.8166667,550.6833333,544.25,548.2833333,551.6833333,563.75,575.3666667,577.7166667,579.5,570.8666667,562.5833333
Sao Tome and Principe,STP,Carbon dioxide (CO2) emissions excluding LULUCF per capita (t CO2e/capita),EN.GHG.CO2.PC.CE.AR5,0.382591065,0.378479932,0.426888649,0.470698376,0.523762722,0.553084342,0.580180876,0.575132587,0.604742423,0.646039145,0.683160801,0.691627749,0.710518953,0.699981361,0.670844196,0.696486612,0.711869566,0.705416244,0.68605575,0.782128665,0.807137765,0.804195332,0.905415258
Sao Tome and Principe,STP,GDP per capita (constant 2015 US$),NY.GDP.PCAP.KD,959.938181,973.4242521,982.3290656,1036.861963,1047.057961,1089.147788,1157.086145,1170.516125,1214.141147,1225.605419,1216.350252,1214.961303,1225.694526,1263.70424,1301.321464,1298.109466,1342.533808,1375.594033,1413.843486,1420.660083,1430.841193,1428.286761,1403.233567
Sao Tome and Principe,STP,Energy use (kg of oil equivalent per capita),EG.USE.PCAP.KG.OE,..,..,..,..,240.9562157,266.0249074,265.6395272,259.2810843,..,..,..,..,..,..,..,..,..,..,..,..,..,..,..
Sao Tome and Principe,STP,Urban population (% of total population),SP.URB.TOTL.IN.ZS,53.424,54.377,55.555,56.766,57.972,59.165,60.348,61.52,62.68,63.823,64.952,66.064,67.16,68.208,69.213,70.174,71.092,71.968,72.803,73.598,74.354,75.073,75.755
Sao Tome and Principe,STP,Trade (% of GDP),NE.TRD.GNFS.ZS,..,..,..,..,..,..,..,..,..,..,..,..,..,..,..,..,..,..,..,..,..,..,..
Sao Tome and Principe,STP,Renewable energy consumption (% of total final energy consumption),EG.FEC.RNEW.ZS,54.7,55.5,55.3,51.8,48.9,47.9,47.3,47.7,46,45.4,38.2,42.4,40.1,42.8,38.4,39.2,38.1,39.2,40.6,38.6,41.6,40.8,42.5
Sao Tome and Principe,STP,"Industry (including construction), value added (% of GDP)",NV.IND.TOTL.ZS,..,..,..,..,..,..,..,..,15.61641674,16.29383407,14.689273,11.98650588,12.11110293,13.34370752,12.81634904,11.67945916,10.32952039,9.07470301,8.388262005,7.526112851,6.058836687,5.044571674,4.355406435
Sao Tome and Principe,STP,Fossil fuel energy consumption (% of total),EG.USE.COMM.FO.ZS,..,..,..,..,0,0,0,0,..,..,..,..,..,..,..,..,..,..,..,..,..,..,..
Sao Tome and Principe,STP,Population density (people per sq. km of land area),EN.POP.DNST,150.01875,152.4739583,156.16875,160.2229167,164.2760417,168.3739583,172.5395833,176.7708333,181.034375,185.2635417,189.3770833,193.384375,197.3322917,201.1958333,204.965625,208.6364583,212.1760417,215.59375,218.9447917,222.2833333,226.4947917,231.209375,235.734375
Saudi Arabia,SAU,Carbon dioxide (CO2) emissions excluding LULUCF per capita (t CO2e/capita),EN.GHG.CO2.PC.CE.AR5,16.39519458,16.18336807,16.3989211,16.41172214,16.62551323,16.84734208,17.09010387,17.34038235,18.05610705,18.33435229,20.3045213,20.29380277,20.60987293,19.80851147,20.69713694,20.50686431,19.69041808,19.47617865,19.20884231,19.30951241,18.09340366,18.98716957,18.81129406
Saudi Arabia,SAU,GDP per capita (constant 2015 US$),NY.GDP.PCAP.KD,22247.8567,21193.09229,20025.432,20765.93877,21545.89499,21838.19153,21616.33558,21196.7926,21629.84057,20577.54534,21830.14243,23314.56514,23643.02861,23057.35629,23404.7306,23256.15496,22783.03896,23035.12,24393.51883,24905.66345,22827.67194,24922.67169,26706.91793
Saudi Arabia,SAU,Energy use (kg of oil equivalent per capita),EG.USE.PCAP.KG.OE,6516.007556,6348.589354,6826.995732,6631.815857,6375.54473,6447.071902,6605.441017,6696.947473,6980.05897,7125.053005,7965.261219,7979.379966,7862.423541,7401.171303,7959.813517,7786.916517,7521.589116,7707.05633,7650.663725,7668.221659,7170.886949,7465.875732,7529.601031
Saudi Arabia,SAU,Urban population (% of total population),SP.URB.TOTL.IN.ZS,79.848,80.077,80.304,80.53,80.754,80.979,81.204,81.427,81.649,81.867,82.084,82.302,82.52,82.74,82.96,83.18,83.401,83.622,83.844,84.065,84.287,84.508,84.729
Saudi Arabia,SAU,Trade (% of GDP),NE.TRD.GNFS.ZS,68.1664488,63.56058368,64.59279741,69.83117071,75.08283666,81.95407594,89.94460468,94.8633171,96.10263087,84.85834156,82.54968502,84.35943424,81.74067855,80.25150143,78.00011112,67.10526923,57.92166351,59.53197916,59.10291047,56.79382049,47.53315923,50.88392634,56.82416477
Saudi Arabia,SAU,Renewable energy consumption (% of total final energy consumption),EG.FEC.RNEW.ZS,0,0,0,0,0,0,0,0,0,0,0,0,0,0,0,0,0,0,0,0,0.1,0.1,..
Saudi Arabia,SAU,"Industry (including construction), value added (% of GDP)",NV.IND.TOTL.ZS,53.45028219,50.78129978,51.00264127,53.96396051,56.70562094,61.73723625,62.53699103,62.69342268,66.42934316,54.64500095,58.03144017,63.08038698,61.94289828,58.97025688,56.16534048,44.60116971,42.5305962,44.88993247,49.01474395,45.72344599,38.30045451,45.9573311,53.12377059
Saudi Arabia,SAU,Fossil fuel energy consumption (% of total),EG.USE.COMM.FO.ZS,92.82661374,92.84140289,90.97810756,90.35104688,95.52935614,92.44985975,95.79707624,93.66879432,96.29866083,96.5720623,97.11416053,88.25599358,96.89822988,93.59544212,94.68128951,7.126577878,0,0,0,0,0,0,0
Saudi Arabia,SAU,Population density (people per sq. km of land area),EN.POP.DNST,7.525606948,7.92737418,8.331857151,8.739291247,9.149914639,9.564118547,9.982436537,10.40536682,10.83313268,11.26564947,11.15439296,11.6723188,12.17331848,12.85022678,13.16900251,13.87008452,14.39937758,14.41014984,14.04680721,13.98517879,14.67770237,14.32038247,14.96737855
Senegal,SEN,Carbon dioxide (CO2) emissions excluding LULUCF per capita (t CO2e/capita),EN.GHG.CO2.PC.CE.AR5,0.400250395,0.4418903,0.447353742,0.423778138,0.471641728,0.511620696,0.488187314,0.528353292,0.534784789,0.534326996,0.552209888,0.577070718,0.553187541,0.571817252,0.592286573,0.631630983,0.684837249,0.659302015,0.674554736,0.674399352,0.644121683,0.709801661,0.700103557
Senegal,SEN,GDP per capita (constant 2015 US$),NY.GDP.PCAP.KD,1048.374741,1067.368866,1042.255099,1074.385785,1098.200645,1119.050531,1118.783043,1123.998622,1138.668839,1142.653172,1153.534311,1139.744479,1154.05678,1147.385922,1180.798711,1218.006136,1257.409069,1312.109328,1355.096109,1379.608752,1361.791437,1414.539511,1433.199188
Senegal,SEN,Energy use (kg of oil equivalent per capita),EG.USE.PCAP.KG.OE,240.5696251,253.7912846,249.8862118,235.8144014,247.0171883,246.4356688,241.5896112,253.7435197,259.2346121,304.7362269,313.396782,317.4911824,302.4186215,271.0654672,284.8459819,296.7756213,287.0420224,278.0196746,274.3790327,298.5595251,280.6079033,294.1734274,315.9659328
Senegal,SEN,Urban population (% of total population),SP.URB.TOTL.IN.ZS,40.32,40.464,40.607,40.898,41.306,41.714,42.124,42.535,42.947,43.359,43.773,44.188,44.603,45.019,45.436,45.862,46.296,46.74,47.192,47.653,48.122,48.6,49.086
Senegal,SEN,Trade (% of GDP),NE.TRD.GNFS.ZS,48.68008972,49.72057806,53.14429946,50.82121989,53.65920313,54.90324357,54.13623781,59.27130435,62.76176982,52.30729088,52.4578552,57.5768786,61.975304,60.62676636,58.44252898,58.11033767,54.10816921,57.70527985,61.78983948,64.23625061,60.04687161,69.37599399,79.59982165
Senegal,SEN,Renewable energy consumption (% of total final energy consumption),EG.FEC.RNEW.ZS,47.5,45.8,43.8,43.7,39.9,40.3,43.4,40,39.8,51.3,49.5,48,49.6,42.7,42.5,39.1,36.7,36.8,34.2,36.2,38.7,35.4,..
Senegal,SEN,"Industry (including construction), value added (% of GDP)",NV.IND.TOTL.ZS,24.0081947,23.88434803,24.78379293,24.20861612,25.06737096,23.68185823,23.41521669,23.63528656,22.08172609,22.00072917,21.77617631,23.30613296,23.11179753,24.29421252,23.15260328,23.59660851,23.34405351,23.27769428,24.01344539,23.57280962,23.20904116,23.91248636,24.89997907
Senegal,SEN,Fossil fuel energy consumption (% of total),EG.USE.COMM.FO.ZS,50.29743679,53.2521839,52.60253461,51.76912482,55.07748826,55.61944844,55.16975176,53.90614236,53.67168652,44.51917808,44.58357515,46.83465861,45.76915964,52.10551222,52.92707385,29.7446178,0,0,0,0,0,0,0
Senegal,SEN,Population density (people per sq. km of land area),EN.POP.DNST,51.77509998,53.04597725,54.36147094,55.68574248,57.00775983,58.35699372,59.73143926,61.13511661,62.58224173,64.08034592,65.62828131,67.30845583,69.13465434,71.21409131,73.50595751,75.79769906,78.08923804,80.37709448,82.65983483,84.93700722,87.20313198,89.44510985,91.6797538
Serbia,SRB,Carbon dioxide (CO2) emissions excluding LULUCF per capita (t CO2e/capita),EN.GHG.CO2.PC.CE.AR5,..,..,..,..,..,..,..,..,..,..,..,..,..,..,..,..,..,..,..,..,..,..,..
Serbia,SRB,GDP per capita (constant 2015 US$),NY.GDP.PCAP.KD,3542.353739,3788.982294,4038.652546,4233.776466,4527.434977,4809.138477,5016.412841,5431.27889,5735.947716,5578.01198,5690.703269,5737.001199,5739.307502,5793.336142,5716.540478,5820.321558,6024.95753,6200.260603,6524.079685,6870.757464,6850.966778,7465.675309,7857.403271
Serbia,SRB,Energy use (kg of oil equivalent per capita),EG.USE.PCAP.KG.OE,1801.481203,1965.152521,2097.949992,2211.043372,2418.722278,2152.466052,2293.679132,2241.568128,2292.389924,2073.56721,2145.491447,2241.326782,2023.831359,2082.014932,1861.596805,2080.590601,2165.838893,2224.785153,2200.404103,2201.720121,2291.608187,2355.242308,2440.916585
Serbia,SRB,Urban population (% of total population),SP.URB.TOTL.IN.ZS,52.769,52.992,53.215,53.437,53.661,53.883,54.105,54.328,54.55,54.772,54.993,55.215,55.356,55.469,55.583,55.696,55.81,55.942,56.092,56.26,56.446,56.651,56.873
Serbia,SRB,Trade (% of GDP),NE.TRD.GNFS.ZS,21.10904388,53.89507862,54.30288289,58.29467202,72.28761625,71.99254885,75.52923536,72.71658758,75.74324629,63.50172262,73.70886159,75.74936131,82.07668143,84.33225638,88.38150233,93.52814777,97.69069404,102.7404452,105.563713,107.5773095,100.3244608,112.3422983,131.9376424
Serbia,SRB,Renewable energy consumption (% of total final energy consumption),EG.FEC.RNEW.ZS,22.1,19.6,18,15.7,14.6,16.1,15.3,14,15.5,20.7,20.5,17.4,19.5,20,23.2,21.2,20.9,20,21,21.4,26,27.2,..
Serbia,SRB,"Industry (including construction), value added (% of GDP)",NV.IND.TOTL.ZS,35.32751196,32.78360218,30.94628722,28.73936536,29.64344852,28.85821134,29.11121341,28.27912012,27.62845945,24.55223146,25.30236586,26.61820176,27.01819748,28.24955279,26.41284651,26.4213848,26.65426964,26.77326823,25.9062104,25.55461449,24.36276441,24.38475894,25.21801373
Serbia,SRB,Fossil fuel energy consumption (% of total),EG.USE.COMM.FO.ZS,85.92193682,86.43253087,87.02328434,89.15234107,90.62179614,89.90300696,90.4236822,90.19924683,90.16400195,87.67566204,86.76218044,88.89094902,86.91232394,88.41174601,83.75936457,64.55308195,0,0,0,0,0,0,0
Serbia,SRB,Population density (people per sq. km of land area),EN.POP.DNST,..,..,..,..,..,..,84.74238509,84.39948548,84.04095587,83.70463069,83.3688086,82.7408987,82.34046421,81.94092156,81.54341413,81.12717814,80.70343014,80.27507432,79.8376858,79.41041619,82.04454751,81.27394458,79.25376382
Seychelles,SYC,Carbon dioxide (CO2) emissions excluding LULUCF per capita (t CO2e/capita),EN.GHG.CO2.PC.CE.AR5,9.378659205,10.25713652,9.00708288,9.166354598,12.86329191,11.6500519,12.52836879,10.17957734,10.63871383,11.71275401,10.25732427,9.017508949,10.17972209,9.036231642,10.16539148,10.47217375,11.50754671,11.77446449,10.38320828,10.95620999,11.42674331,11.53156421,10.03103155
Seychelles,SYC,GDP per capita (constant 2015 US$),NY.GDP.PCAP.KD,11703.75352,11427.94131,11218.26065,10677.96921,10412.08689,11297.31182,12105.44753,13112.82101,12473.29218,12116.37837,12313.55669,13843.71161,14135.00106,14050.31356,14395.61581,15333.10517,16962.6754,17921.5732,18628.18623,19481.64611,17048.36173,17005.04221,15869.67388
Seychelles,SYC,Energy use (kg of oil equivalent per capita),EG.USE.PCAP.KG.OE,..,..,..,..,3103.9709,2751.695672,2872.340426,2410.828737,..,..,..,..,..,..,..,..,..,..,..,..,..,..,..
Seychelles,SYC,Urban population (% of total population),SP.URB.TOTL.IN.ZS,50.433,50.646,50.876,51.123,51.388,51.67,51.969,52.285,52.619,52.969,53.336,53.72,54.12,54.537,54.969,55.4,55.831,56.261,56.691,57.119,57.546,57.972,58.396
Seychelles,SYC,Trade (% of GDP),NE.TRD.GNFS.ZS,151.3024478,179.8849149,156.9298896,168.844235,149.5409368,171.101736,177.5669355,174.9284628,208.8429685,221.9338254,198.1626924,210.0753827,222.1782549,196.5177333,213.3544694,187.4750125,180.8661884,197.4422364,185.7075372,173.4078469,153.4833316,183.770815,189.8268354
Seychelles,SYC,Renewable energy consumption (% of total final energy consumption),EG.FEC.RNEW.ZS,1.5,1.3,1.1,1.1,1,0.9,0.9,1,0.9,0.8,0.7,0.8,0.8,1.5,1.4,1.4,1.2,1.2,1.2,1.2,1.3,1.7,1.9
Seychelles,SYC,"Industry (including construction), value added (% of GDP)",NV.IND.TOTL.ZS,41.71756776,40.37700107,43.51176125,39.39496242,21.26643813,23.5711088,23.34387485,23.01582563,22.41435194,20.18246275,19.61349124,20.69526086,19.73438194,16.54130097,15.77004697,14.20303272,13.69095288,11.7738884,11.8099756,12.21856243,14.27154538,11.75372793,11.97876434
Seychelles,SYC,Fossil fuel energy consumption (% of total),EG.USE.COMM.FO.ZS,..,..,..,..,0,0,0,0,..,..,..,..,..,..,..,..,..,..,..,..,..,..,..
Seychelles,SYC,Population density (people per sq. km of land area),EN.POP.DNST,176.3717391,176.526087,182.0065217,179.9586957,179.2934783,180.126087,183.9130435,184.8543478,189.0347826,189.7782609,195.1521739,190.0891304,191.9630435,195.5413043,198.6065217,203.0847826,205.8195652,208.3543478,210.3521739,212.2282609,214.0478261,215.7782609,260.6043478
Sierra Leone,SLE,Carbon dioxide (CO2) emissions excluding LULUCF per capita (t CO2e/capita),EN.GHG.CO2.PC.CE.AR5,0.098245528,0.116393151,0.116022838,0.118276752,0.114307757,0.103240591,0.127567666,0.115839142,0.110115456,0.108031414,0.11458023,0.137022954,0.150524799,0.16918251,0.175950009,0.144138921,0.145656103,0.138942737,0.134898604,0.129177595,0.131487188,0.131210898,0.133251869
Sierra Leone,SLE,GDP per capita (constant 2015 US$),NY.GDP.PCAP.KD,727.2409134,642.0366449,766.7886924,806.0664888,829.7597692,842.9060319,859.8242607,872.6883623,882.5414782,872.2395935,902.7698914,950.7607631,1025.04366,1146.819735,1032.237894,964.5759809,1002.778623,1010.546941,1015.66783,1046.967781,1010.252946,1045.766162,1077.088845
Sierra Leone,SLE,Energy use (kg of oil equivalent per capita),EG.USE.PCAP.KG.OE,..,..,..,..,..,..,..,..,..,..,..,..,..,..,..,..,..,..,..,..,..,..,..
Sierra Leone,SLE,Urban population (% of total population),SP.URB.TOTL.IN.ZS,35.626,35.867,36.109,36.352,36.596,36.919,37.303,37.689,38.077,38.466,38.856,39.248,39.642,40.036,40.432,40.829,41.228,41.636,42.055,42.484,42.923,43.372,43.831
Sierra Leone,SLE,Trade (% of GDP),NE.TRD.GNFS.ZS,57.5299629,35.93816034,38.91691205,46.4464373,46.1719994,47.54798345,22.08886647,21.80679927,21.25661556,23.0753396,27.95412592,43.78079693,53.38134471,53.36276461,51.11877728,36.48239582,43.0672127,41.52137823,37.37746031,37.54695411,30.58757663,42.10563627,45.03309182
Sierra Leone,SLE,Renewable energy consumption (% of total final energy consumption),EG.FEC.RNEW.ZS,93.3,91.2,88,86.5,86.5,88.1,84.4,86.3,86,86.1,84.9,81,79.1,74.6,73,74,73.6,74.6,75.9,75.4,75.1,71.1,71.6
Sierra Leone,SLE,"Industry (including construction), value added (% of GDP)",NV.IND.TOTL.ZS,26.75921137,8.020113675,8.928152728,10.4640217,11.92774718,11.41943516,25.24752283,24.32861977,22.43545752,19.40260889,20.26509963,19.68376462,23.52972161,26.43037489,20.45271174,16.64286293,19.51567955,19.5143905,17.51068634,17.92329335,17.62711507,19.14249393,20.71875627
Sierra Leone,SLE,Fossil fuel energy consumption (% of total),EG.USE.COMM.FO.ZS,..,..,..,..,..,..,..,..,..,..,..,..,..,..,..,..,..,..,..,..,..,..,..
Sierra Leone,SLE,Population density (people per sq. km of land area),EN.POP.DNST,61.2858271,65.01407592,68.87551953,71.73298698,74.19945968,76.22211139,77.92277639,79.65297866,81.66697146,83.89645331,86.21105569,88.49059296,90.76032142,93.01816293,95.26717927,97.5014547,99.8244389,102.2346772,104.662829,107.1209615,109.6225824,112.1446661,114.6689803
Singapore,SGP,Carbon dioxide (CO2) emissions excluding LULUCF per capita (t CO2e/capita),EN.GHG.CO2.PC.CE.AR5,11.301037,11.09387793,10.82800321,10.31455522,10.68552684,9.782894592,9.535541815,9.449136872,8.868875372,8.774287614,9.14883137425,9.120760081441665,8.419346588266666,8.40831595695,8.208016224166666,8.0180835978,7.323069390349999,7.561335288416667,6.891935861166667,6.7383948541250005,6.2384353124,6.424782811791667,5.934750654
Singapore,SGP,GDP per capita (constant 2015 US$),NY.GDP.PCAP.KD,34890.08114,33597.86908,34598.82675,36709.7965,39856.63562,41798.48808,44159.41018,46178.81395,44601.57993,43331.87466,48752.05154,50713.53264,51679.35272,53298.97286,54681.93365,55645.60686,56986.78531,59485.30159,61250.34767,61345.52918,59189.70386,67731.26107,68218.80533
Singapore,SGP,Energy use (kg of oil equivalent per capita),EG.USE.PCAP.KG.OE,4634.813683,5146.023239,5066.196035,6217.058806,7371.027933,4925.757576,5128.308657,4537.417169,4958.462483,5321.08305,4856.8492,4086.326071,4787.023088,5273.752922,4986.327797,5242.650433,5449.41985,5799.395295,5692.665647,5565.915193,5538.123716,5966.327635,5785.043673
Singapore,SGP,Urban population (% of total population),SP.URB.TOTL.IN.ZS,100,100,100,100,100,100,100,100,100,100,100,100,100,100,100,100,100,100,100,100,100,100,100
Singapore,SGP,Trade (% of GDP),NE.TRD.GNFS.ZS,364.3645205,349.2921057,349.746014,377.2185643,401.5237125,420.4305129,425.3633995,394.2884719,437.3267149,358.1928118,369.6855558,379.0986314,369.2129658,367.04178,360.4673192,329.4713989,302.839656,316.7944093,326.5965873,324.3949851,332.0408055,329.1613837,332.3495678
Singapore,SGP,Renewable energy consumption (% of total final energy consumption),EG.FEC.RNEW.ZS,0.3,0.6,0.6,0.6,0.5,0.5,0.5,0.5,0.5,0.5,0.5,0.5,0.5,0.6,0.6,0.7,0.7,0.7,0.8,0.9,0.9,1.1,..
Singapore,SGP,"Industry (including construction), value added (% of GDP)",NV.IND.TOTL.ZS,32.4585045,30.37966108,30.74567542,30.22480292,31.88589386,31.4076522,30.89429655,28.22577096,26.41533816,27.01631937,26.63587172,25.25959258,25.02220216,23.44272863,24.16851925,24.28802291,23.20295249,23.49663529,25.38042067,24.07072941,23.24167197,24.6140716,23.84052179
Singapore,SGP,Fossil fuel energy consumption (% of total),EG.USE.COMM.FO.ZS,98.91593477,98.16558983,98.15102109,98.39918937,98.70871637,..,..,..,..,78.36301907,..,..,98.56892364,86.99463597,93.03986515,-48.63606997,0,0,0,0,0,0,0
Singapore,SGP,Population density (people per sq. km of land area),EN.POP.DNST,6011.771642,6176.137313,6186.592593,5989.557496,6047.407837,6191.236575,6342.024496,6602.300719,6913.422857,7125.104286,7231.811966,7363.193182,7524.6983,7636.721358,7714.702398,7806.77292,7908.720733,7882.377809,7897.305322,7965.878492,7918.951253,7595.495822,7851.005571
Sint Maarten (Dutch part),SXM,Carbon dioxide (CO2) emissions excluding LULUCF per capita (t CO2e/capita),EN.GHG.CO2.PC.CE.AR5,..,..,..,..,..,..,..,..,..,..,..,..,..,..,..,..,..,..,..,..,..,..,..
Sint Maarten (Dutch part),SXM,GDP per capita (constant 2015 US$),NY.GDP.PCAP.KD,..,..,..,..,..,..,..,..,..,37548.94746,38403.07052,39615.13714,39298.98736,38889.77151,38623.19994,37839.62838,37428.70276,33945.41852,31047.72411,33877.97665,28920.3773,29834.63501,32316.87215
Sint Maarten (Dutch part),SXM,Energy use (kg of oil equivalent per capita),EG.USE.PCAP.KG.OE,..,..,..,..,..,..,..,..,..,..,..,..,..,..,..,..,..,..,..,..,..,..,..
Sint Maarten (Dutch part),SXM,Urban population (% of total population),SP.URB.TOTL.IN.ZS,100,100,100,100,100,100,100,100,100,100,100,100,100,100,100,100,100,100,100,100,100,100,100
Sint Maarten (Dutch part),SXM,Trade (% of GDP),NE.TRD.GNFS.ZS,..,..,..,..,..,..,..,..,..,..,..,..,..,..,..,..,..,..,..,..,..,..,..
Sint Maarten (Dutch part),SXM,Renewable energy consumption (% of total final energy consumption),EG.FEC.RNEW.ZS,..,..,..,..,..,..,..,..,..,..,..,..,0,0,0,0,0,0,0,0,0,0,0
Sint Maarten (Dutch part),SXM,"Industry (including construction), value added (% of GDP)",NV.IND.TOTL.ZS,..,..,..,..,..,..,..,..,..,..,..,12.93268083,11.64503882,11.26160568,7.301341058,6.96750003,6.832957975,6.877032537,6.53037877,7.270146573,7.056707728,6.028524723,..
Sint Maarten (Dutch part),SXM,Fossil fuel energy consumption (% of total),EG.USE.COMM.FO.ZS,..,..,..,..,..,..,..,..,..,..,..,..,..,..,..,..,..,..,..,..,..,..,..
Sint Maarten (Dutch part),SXM,Population density (people per sq. km of land area),EN.POP.DNST,..,..,..,..,..,..,..,..,..,..,..,1007.852941,1030.088235,1054.529412,1078.588235,1102.088235,1124.970588,1146.941176,1168,1187.794118,1206.117647,1222.676471,1239.382353
Slovak Republic,SVK,Carbon dioxide (CO2) emissions excluding LULUCF per capita (t CO2e/capita),EN.GHG.CO2.PC.CE.AR5,7.734972313,7.802553958,7.793897315,7.885436599,7.78163089,7.858108434,7.857430802,7.689657059,7.648469587,6.909393759,7.400006084,7.017748274,6.675371733,6.718688261,6.271637081,6.362991563,6.527014999,6.934600326,6.831625563,6.376854163,5.975129822,6.722368198,6.545512387
Slovak Republic,SVK,GDP per capita (constant 2015 US$),NY.GDP.PCAP.KD,8997.211996,9277.358089,9690.684683,10168.02257,10718.21019,11412.15936,12430.20155,13770.96027,14497.11144,13680.75371,14596.14778,14950.87352,15159.65704,15249.88245,15647.64918,16442.07609,16740.7414,17195.28887,17869.01492,18250.98025,17763.85638,18816.23938,18952.44529
Slovak Republic,SVK,Energy use (kg of oil equivalent per capita),EG.USE.PCAP.KG.OE,3292.778556,3456.890281,3484.031086,3468.936285,3416.398661,3504.643761,3469.449605,3321.106913,3406.383722,3107.879884,3441.256476,3339.087389,3220.505526,3260.444397,3013.302939,3131.862829,3159.568047,3316.82597,3269.57252,3128.363379,3032.642695,3305.899128,3089.145746
Slovak Republic,SVK,Urban population (% of total population),SP.URB.TOTL.IN.ZS,56.233,56.163,56.013,55.863,55.713,55.563,55.412,55.261,55.111,54.96,54.685,54.42,54.28,54.14,54,53.889,53.806,53.751,53.726,53.729,53.76,53.82,53.909
Slovak Republic,SVK,Trade (% of GDP),NE.TRD.GNFS.ZS,108.939263,121.9311312,120.599168,125.9985062,140.22246,148.7054612,164.9922057,166.5800252,162.464473,136.7143521,155.1084977,169.1780763,176.9689582,180.9031365,176.7563161,179.4260229,182.7573796,186.6446874,188.7329647,183.7226086,167.5341733,181.9046654,203.9289682
Slovak Republic,SVK,Renewable energy consumption (% of total final energy consumption),EG.FEC.RNEW.ZS,3.7,6,5.5,5.3,6.2,6.3,6.6,8.2,7.6,10,10.3,10.4,10.5,10.7,12.2,13.4,13.1,12.4,12.4,17.6,17.6,17.9,..
Slovak Republic,SVK,"Industry (including construction), value added (% of GDP)",NV.IND.TOTL.ZS,29.5100486,29.9245858,29.31774601,30.77797117,32.17088404,32.05631581,34.22533047,33.4007648,32.91638907,29.28718243,29.956655,29.92955852,30.07110484,27.95627316,29.89481377,29.93189523,28.67045334,28.07680098,28.59301653,29.14678406,28.53772755,27.41593162,26.53419582
Slovak Republic,SVK,Fossil fuel energy consumption (% of total),EG.USE.COMM.FO.ZS,72.51211854,73.0742775,72.43785299,72.17786439,72.21295727,72.10647148,70.88872993,70.91520899,70.32371021,70.00154119,67.49356232,65.94379064,63.93210301,63.78575831,62.45819247,61.46799561,0,0,0,0,0,0,0
Slovak Republic,SVK,Population density (people per sq. km of land area),EN.POP.DNST,112.0316008,111.8267568,111.7861123,111.6893369,111.6898129,111.7007692,111.7059044,111.7385031,111.8343659,112.006779,112.1088769,112.2605224,112.4517343,112.5726377,112.7006864,112.8031488,112.9533694,113.1287854,113.2855865,113.4389975,113.5363353,113.2954867,112.9732113
Slovenia,SVN,Carbon dioxide (CO2) emissions excluding LULUCF per capita (t CO2e/capita),EN.GHG.CO2.PC.CE.AR5,7.560566638,8.48157184,8.626543597,8.545231251,8.712366275,8.815960617,8.941644393,8.880632588,9.34445678,8.280853413,8.377839707,7.834159748,7.544044967,7.531191246,6.85273378,6.929433093,7.275977922,7.427549908,7.398304831,7.045444207,6.383741776,6.527649106,6.217531945
Slovenia,SVN,GDP per capita (constant 2015 US$),NY.GDP.PCAP.KD,16146.12168,16576.71588,17099.65821,17635.36086,18425.26012,19102.27766,20166.53234,21485.78099,22175.23696,20307.61883,20444.12013,20535.41558,19894.8698,19704.2186,20228.7082,20697.27485,21309.71221,22397.7635,23293.96667,23943.18009,22811.80505,24659.24994,25276.93591
Slovenia,SVN,Energy use (kg of oil equivalent per capita),EG.USE.PCAP.KG.OE,3281.078593,3484.359323,3484.570905,3539.509124,3638.843808,3763.904458,3735.024313,3757.027129,3952.122097,3514.075272,3589.608695,3580.693649,3428.897862,3334.759013,3236.590207,3195.475123,3296.735004,3390.662816,3341.099715,3267.296719,3068.819396,3144.093516,3045.944586
Slovenia,SVN,Urban population (% of total population),SP.URB.TOTL.IN.ZS,50.754,50.78,50.857,51.082,51.308,51.533,51.758,51.983,52.209,52.433,52.658,52.883,53.108,53.332,53.557,53.781,54.02,54.273,54.541,54.822,55.118,55.427,55.751
Slovenia,SVN,Trade (% of GDP),NE.TRD.GNFS.ZS,104.6203486,105.5832235,104.8804583,103.2800271,112.3999335,121.1272842,130.5179131,137.6630944,135.3870937,114.482301,128.6065754,140.3323558,143.6564486,145.1687894,146.4717051,147.2183677,148.2384481,158.7021358,162.613494,160.0442757,147.5490086,162.0827284,186.219595
Slovenia,SVN,Renewable energy consumption (% of total final energy consumption),EG.FEC.RNEW.ZS,18,18.7,16.3,16.9,17.8,18.6,17.4,18.4,17.6,19.6,20.1,19.1,20.2,22.5,22.9,21.4,21,19.7,20.6,20.9,22.7,23.4,..
Slovenia,SVN,"Industry (including construction), value added (% of GDP)",NV.IND.TOTL.ZS,30.44540549,30.59804856,30.0414822,30.29333026,30.26349153,29.81140145,30.11340673,30.59831939,29.75536785,27.38243772,26.3518668,26.54872343,27.07243904,27.13635733,27.77362038,27.62721233,27.59979562,28.03117422,28.07187297,28.5562741,28.94488141,28.17353619,28.00983047
Slovenia,SVN,Fossil fuel energy consumption (% of total),EG.USE.COMM.FO.ZS,68.92618127,68.30792265,68.65715461,68.24916338,68.00766456,66.42045587,67.87937717,66.98538408,67.47600111,67.08099328,66.48349726,64.70476935,64.98981735,63.67726698,59.65667808,60.72017119,0,0,0,0,0,0,0
Slovenia,SVN,Population density (people per sq. km of land area),EN.POP.DNST,98.75496524,98.91062562,99.03326713,99.09299901,99.15650447,99.32840119,99.64587885,100.2046673,100.3323704,101.2453712,101.6858266,101.8982925,102.1140492,102.2816783,102.3823237,102.4461092,102.5241783,102.6108719,102.9922926,103.7119346,104.4088814,104.6899644,104.8884607
Solomon Islands,SLB,Carbon dioxide (CO2) emissions excluding LULUCF per capita (t CO2e/capita),EN.GHG.CO2.PC.CE.AR5,0.535338469,0.576454217,0.592783899,0.59636944,0.603652254,0.618738097,0.609852846,0.647198074,0.645256393,0.632646326,0.672460636,0.674208104,0.64818011,0.660565262,0.606897625,0.521726891,0.488542058,0.485800791,0.499787759,0.494817667,0.491472106,0.503153066,0.518522122
Solomon Islands,SLB,GDP per capita (constant 2015 US$),NY.GDP.PCAP.KD,1747.730996,1577.66696,1504.857952,1573.855221,1664.580301,1755.728123,1796.718963,1830.236759,1911.194529,1930.456594,2058.954266,2132.019984,2105.907589,2136.720368,2085.155001,2045.478895,2084.245984,2075.3623,2061.897844,2043.075789,1930.642586,1933.170559,1932.789668
Solomon Islands,SLB,Energy use (kg of oil equivalent per capita),EG.USE.PCAP.KG.OE,..,..,..,..,122.2053429,120.0629295,120.0177382,127.9600765,..,..,..,..,..,..,..,..,..,..,..,..,..,..,..
Solomon Islands,SLB,Urban population (% of total population),SP.URB.TOTL.IN.ZS,15.813,16.201,16.597,17.001,17.413,17.832,18.259,18.694,19.138,19.589,20.048,20.508,20.97,21.433,21.896,22.36,22.823,23.286,23.749,24.21,24.67,25.128,25.584
Solomon Islands,SLB,Trade (% of GDP),NE.TRD.GNFS.ZS,58.55232809,45.11006857,45.12751003,55.9585327,62.8108139,66.57458564,69.78922717,83.7474626,87.35328346,71.88540254,96.14800497,107.2476782,104.8236306,99.60702457,93.45400648,88.1884135,85.54959688,82.19757091,88.49467973,82.99833762,60.22033764,66.63940727,78.03593096
Solomon Islands,SLB,Renewable energy consumption (% of total final energy consumption),EG.FEC.RNEW.ZS,55.3,54.1,52.8,51.5,49.9,49.7,48.9,47.4,46.7,45.8,45.1,43.6,43.8,41.8,45.9,48.6,48.7,49,48.6,48.4,49,49.1,50.1
Solomon Islands,SLB,"Industry (including construction), value added (% of GDP)",NV.IND.TOTL.ZS,..,..,..,9.50877193,9.674840846,8.59956762,9.325101128,9.984211713,10.26433915,11.82190852,12.9725252,18.65059352,18.24490966,15.64766398,16.86040019,15.55203493,15.55671081,17.60230488,17.60163772,18.12150521,17.24498692,18.05907656,18.65669889
Solomon Islands,SLB,Fossil fuel energy consumption (% of total),EG.USE.COMM.FO.ZS,..,..,..,..,0,0,0,0,..,..,..,..,..,..,..,..,..,..,..,..,..,..,..
Solomon Islands,SLB,Population density (people per sq. km of land area),EN.POP.DNST,15.73665595,16.04590925,16.35123258,16.65430511,16.95644873,17.25902108,17.56320114,17.86909611,18.17756342,18.51164702,19.04137192,19.7550911,20.49324759,21.25562701,22.04030011,22.84440872,23.66484459,24.49703466,25.3340836,26.01454091,26.59871383,27.24512326,27.90518042
"Somalia, Fed. Rep.",SOM,Carbon dioxide (CO2) emissions excluding LULUCF per capita (t CO2e/capita),EN.GHG.CO2.PC.CE.AR5,0.071333915,0.071609556,0.076889545,0.075324268,0.072152528,0.070958645,0.071705148,0.069604265,0.065720182,0.065018555,0.064607386,0.064419058,0.063308713,0.061594795,0.058128155,0.059078887,0.05785177,0.054958798,0.05350595,0.054550657,0.054680773,0.053649289,0.048657736
"Somalia, Fed. Rep.",SOM,GDP per capita (constant 2015 US$),NY.GDP.PCAP.KD,233.0323931,239.8390741,248.636454,257.9103372,266.2572719,275.4570408,284.4707899,294.2104045,304.7414488,317.0381848,329.9705049,349.5774491,369.6172048,397.1087963,417.5167969,445.5830801,458.9214768,506.5010989,498.981065,494.5593787,463.0325248,461.8420947,460.2996458
"Somalia, Fed. Rep.",SOM,Energy use (kg of oil equivalent per capita),EG.USE.PCAP.KG.OE,..,..,..,..,..,..,..,..,..,..,..,..,..,..,..,..,..,..,..,..,..,..,..
"Somalia, Fed. Rep.",SOM,Urban population (% of total population),SP.URB.TOTL.IN.ZS,33.247,33.617,33.99,34.756,35.531,36.311,37.1,34.404,36.011,37.645,39.31,41,41.558,42.117,42.679,43.245,43.816,44.391,44.971,45.554,46.141,46.731,47.324
"Somalia, Fed. Rep.",SOM,Trade (% of GDP),NE.TRD.GNFS.ZS,..,..,..,..,..,..,..,..,..,..,..,..,88.57364608,83.34099913,81.70104146,76.47933224,74.36156255,68.67564909,73.820838,70.31060836,75.68778398,79.09323138,90.75989116
"Somalia, Fed. Rep.",SOM,Renewable energy consumption (% of total final energy consumption),EG.FEC.RNEW.ZS,93.3,93.3,92.6,92.8,93,93.3,93.5,93,93.4,93.6,93.6,93.7,93.9,94.4,94.6,94.5,94.8,94.9,94.9,95,95.5,95.4,95.4
"Somalia, Fed. Rep.",SOM,"Industry (including construction), value added (% of GDP)",NV.IND.TOTL.ZS,..,..,..,..,..,..,..,..,..,..,..,..,..,..,..,..,..,..,..,..,..,..,..
"Somalia, Fed. Rep.",SOM,Fossil fuel energy consumption (% of total),EG.USE.COMM.FO.ZS,..,..,..,..,..,..,..,..,..,..,..,..,..,..,..,..,..,..,..,..,..,..,..
"Somalia, Fed. Rep.",SOM,Population density (people per sq. km of land area),EN.POP.DNST,14.08919087,14.66269168,15.22310549,15.7955128,16.38823923,16.96723946,17.49530079,18.0485574,18.59132847,19.06653649,19.54563076,19.6844295,19.8634871,20.51454395,21.26357478,22.00874008,22.87234992,23.77758313,24.6317579,25.55387987,26.54253037,27.53121274,28.37679249
South Africa,ZAF,Carbon dioxide (CO2) emissions excluding LULUCF per capita (t CO2e/capita),EN.GHG.CO2.PC.CE.AR5,7.3642784,7.513709142,7.72159136,8.115215998,8.690525633,8.815496243,8.812379675,9.103039579,9.545388393,8.833346389,8.870813228,8.390151524,8.56950729,8.645864171,8.706711224,8.110416316,8.042260059,8.151473574,8.081821301,8.031639317,6.914741347,6.967724602,6.563286881
South Africa,ZAF,GDP per capita (constant 2015 US$),NY.GDP.PCAP.KD,4700.875555,4786.48245,4916.814981,5011.622232,5187.356834,5406.075814,5650.988318,5891.420694,6009.719631,5847.058111,5953.945065,6067.124827,6121.557839,6170.876709,6155.005895,6112.273825,6095.29506,6125.692051,6117.270141,6032.829726,5569.584833,5756.195494,5783.860904
South Africa,ZAF,Energy use (kg of oil equivalent per capita),EG.USE.PCAP.KG.OE,2269.370635,2180.265934,2072.057663,2300.850526,2478.003786,2374.435502,2397.990822,2576.78504,2738.084674,2735.006185,2518.441903,2536.414176,2394.397987,2341.179232,2438.678917,2257.194676,2311.769019,2283.458154,2184.877776,2231.910747,2037.461942,2124.622974,1938.306447
South Africa,ZAF,Urban population (% of total population),SP.URB.TOTL.IN.ZS,56.891,57.368,57.898,58.446,58.993,59.536,60.077,60.616,61.154,61.687,62.218,62.746,63.272,63.793,64.312,64.828,65.341,65.85,66.355,66.856,67.354,67.847,68.335
South Africa,ZAF,Trade (% of GDP),NE.TRD.GNFS.ZS,46.22072174,49.17094519,53.46550163,45.72386257,45.64357522,47.4277814,53.76814127,57.12513914,65.9745238,49.58753533,50.40608716,54.63635044,55.58261719,58.87502763,59.49957406,56.72667614,55.8612575,53.53593183,54.48554513,53.89799641,50.75965908,56.03471384,64.78300213
South Africa,ZAF,Renewable energy consumption (% of total final energy consumption),EG.FEC.RNEW.ZS,16.2,15,13.3,11.8,11,9.7,9.3,8.7,9.7,9.2,9.4,9,8.3,7.8,7.6,7.6,7.8,7.9,8,8.7,9.8,9.7,..
South Africa,ZAF,"Industry (including construction), value added (% of GDP)",NV.IND.TOTL.ZS,28.22975551,28.53161312,28.50591602,26.89286806,26.30363667,26.01507927,24.85911763,25.29461831,26.94155611,25.74307619,25.3034631,24.83949115,24.46860024,24.55174177,24.30528201,23.73230797,23.7825373,23.6105565,23.53706084,23.62201528,23.33943841,24.86916504,24.93487258
South Africa,ZAF,Fossil fuel energy consumption (% of total),EG.USE.COMM.FO.ZS,85.8322835,92.65391626,93.88409628,90.69665796,92.05179402,95.12238457,92.51082637,91.85150196,92.49512446,89.217174,94.0613354,91.48160128,94.27928466,94.50592037,94.11882039,80.10185131,0,0,0,0,0,0,0
South Africa,ZAF,Population density (people per sq. km of land area),EN.POP.DNST,38.87569677,39.21127039,39.58437956,39.98083242,40.3856441,40.79667049,41.21563693,41.65279081,42.13586708,42.64194413,43.14935495,43.68612799,44.33518288,45.0739772,45.82911243,46.75954546,47.20140385,47.51103545,48.31710838,49.12074537,49.92406252,50.6991262,51.42108994
South Sudan,SSD,Carbon dioxide (CO2) emissions excluding LULUCF per capita (t CO2e/capita),EN.GHG.CO2.PC.CE.AR5,..,..,..,..,..,..,..,..,..,..,..,..,..,..,..,..,..,..,..,..,..,..,..
South Sudan,SSD,GDP per capita (constant 2015 US$),NY.GDP.PCAP.KD,..,..,..,..,..,..,..,..,2289.184154,2293.801669,2295.070261,2073.239818,1069.196191,1165.162027,1197.09492,1080.147186,..,..,..,..,..,..,..
South Sudan,SSD,Energy use (kg of oil equivalent per capita),EG.USE.PCAP.KG.OE,..,..,..,..,..,..,..,..,..,..,..,..,59.2749173,60.54848905,62.14842522,76.39156178,70.83268937,69.99972487,76.58516816,75.7046918,72.10830874,72.69494364,69.04336461
South Sudan,SSD,Urban population (% of total population),SP.URB.TOTL.IN.ZS,16.504,16.632,16.761,16.891,17.023,17.154,17.287,17.42,17.555,17.701,17.86,18.032,18.217,18.415,18.626,18.852,19.092,19.346,19.615,19.899,20.199,20.514,20.846
South Sudan,SSD,Trade (% of GDP),NE.TRD.GNFS.ZS,..,..,..,..,..,..,..,..,97.26629732,94.83576409,90.94344837,93.22685975,71.61981139,50.81124659,64.63451781,65.55134918,..,..,..,..,..,..,..
South Sudan,SSD,Renewable energy consumption (% of total final energy consumption),EG.FEC.RNEW.ZS,..,..,..,..,..,..,..,..,..,..,..,..,30.6,30.1,29.4,27.5,28.7,35.1,31.5,31.4,32.8,32.4,..
South Sudan,SSD,"Industry (including construction), value added (% of GDP)",NV.IND.TOTL.ZS,..,..,..,..,..,..,..,..,59.18684062,59.27782774,61.14369966,61.22564324,51.15029222,22.22482785,46.69940073,33.0945354,..,..,..,..,..,..,..
South Sudan,SSD,Fossil fuel energy consumption (% of total),EG.USE.COMM.FO.ZS,..,..,..,..,..,..,..,..,..,..,..,..,70.76717761,72.48827354,72.42846059,38.93632076,0,0,0,0,0,0,0
South Sudan,SSD,Population density (people per sq. km of land area),EN.POP.DNST,..,..,..,..,..,..,..,..,..,..,..,..,17.02125235,17.67011378,17.77898343,17.57720159,17.13813555,16.23463675,16.01914294,16.49452313,16.92982925,17.19459434,17.4405029
Spain,ESP,Carbon dioxide (CO2) emissions excluding LULUCF per capita (t CO2e/capita),EN.GHG.CO2.PC.CE.AR5,7.721380154,7.68451246,7.99691385,8.052867137,8.281144157,8.4857051,8.142867816,8.284620516,7.465994442,6.552124621,6.252951973,6.271820387,6.144501359,5.591723853,5.553410016,5.925569871,5.737016285,6.048699764,5.881108873,5.469738946,4.618810398,5.007752221,4.92760845
Spain,ESP,GDP per capita (constant 2015 US$),NY.GDP.PCAP.KD,24106.88185,24878.37845,25205.31548,25481.16537,25825.31065,26294.44738,26899.09215,27338.79542,27112.52629,25860.81426,25766.25158,25510.55797,24763.56827,24498.55595,24947.85125,25982.44162,26719.24423,27426.28102,27956.72255,28301.43939,25077.01988,26705.36291,28152.46615
Spain,ESP,Energy use (kg of oil equivalent per capita),EG.USE.PCAP.KG.OE,2991.493065,3048.843845,3095.996868,3145.402393,3226.289429,3239.544365,3190.726277,3168.95971,3015.00799,2749.855489,2735.182573,2684.343189,2677.180386,2506.255405,2458.571777,2552.401252,2563.007044,2690.497333,2666.260797,2573.904425,2303.513116,2422.467047,2408.928115
Spain,ESP,Urban population (% of total population),SP.URB.TOTL.IN.ZS,76.262,76.343,76.533,76.778,77.022,77.263,77.502,77.74,77.976,78.21,78.442,78.673,78.902,79.133,79.366,79.602,79.84,80.08,80.321,80.565,80.81,81.056,81.304
Spain,ESP,Trade (% of GDP),NE.TRD.GNFS.ZS,60.1216241,58.01388956,55.10214153,53.43578972,54.47951827,54.6991667,56.08392638,57.62694877,55.82813152,46.83669,52.69336997,58.51182289,60.5540347,61.66877264,63.39926214,63.58204122,63.18867785,66.16744614,67.0094104,66.36622504,59.44612801,66.52458894,78.62756246
Spain,ESP,Renewable energy consumption (% of total final energy consumption),EG.FEC.RNEW.ZS,7.9,8.9,7.4,8.9,8,7.3,8.5,9,9.7,12.2,14.4,14.7,15.8,16.9,17.3,16.3,16.7,15.2,16.9,16.7,19.3,19,..
Spain,ESP,"Industry (including construction), value added (% of GDP)",NV.IND.TOTL.ZS,28.02064336,27.98855281,27.76441025,27.41443384,26.96745223,27.13177793,26.8985528,26.26693555,26.18694896,24.78215081,22.98594897,21.88717027,20.79927488,20.0279432,19.86959899,19.92306221,19.79372502,19.9047199,19.73857438,19.97790558,20.11939278,20.31657485,20.93090638
Spain,ESP,Fossil fuel energy consumption (% of total),EG.USE.COMM.FO.ZS,80.96563991,80.16527338,81.77304432,81.12687027,82.14179823,83.77219879,82.59634554,83.47690494,82.11575197,79.93735324,76.21466875,76.65230406,75.18150863,72.74544099,71.73880987,73.53257023,0,0,0,0,0,0,0
Spain,ESP,Population density (people per sq. km of land area),EN.POP.DNST,81.29832465,81.94337639,83.02251924,84.50881393,85.98480508,87.4654972,88.97614934,90.61490052,92.12932237,92.97506517,93.15193096,93.50783588,93.50683713,93.16926291,92.88245537,92.90759735,92.99737171,93.22686228,93.63828109,94.31810878,94.80291069,94.93829272,95.62696363
Sri Lanka,LKA,Carbon dioxide (CO2) emissions excluding LULUCF per capita (t CO2e/capita),EN.GHG.CO2.PC.CE.AR5,0.594244955,0.580208672,0.600679035,0.644427059,0.660944896,0.713678573,0.648203301,0.689148176,0.644866753,0.61551514,0.647384567,0.757126168,0.845222395,0.720699538,0.860482241,0.939833095,1.107261068,1.091124784,1.014300877,1.099454204,1.010967654,1.025595775,0.900779947
Sri Lanka,LKA,GDP per capita (constant 2015 US$),NY.GDP.PCAP.KD,1956.933104,1896.482517,1951.225228,2052.030451,2149.106286,2268.688013,2426.348733,2573.543622,2708.585942,2787.27351,2993.014115,3232.373504,3484.79049,3728.935867,3929.92062,4057.715835,4214.74118,4436.007899,4493.035754,4455.781896,4227.233153,4357.972258,4033.145615
Sri Lanka,LKA,Energy use (kg of oil equivalent per capita),EG.USE.PCAP.KG.OE,431.6211696,410.7183986,413.944441,435.1907361,438.0223576,445.2536373,446.3037435,451.9326244,437.1798996,441.0006726,467.2912708,472.0040702,481.9248331,456.5652152,485.8429929,501.472735,542.5323335,514.1916948,508.4992767,523.4233935,511.0663638,527.1168098,473.9208256
Sri Lanka,LKA,Urban population (% of total population),SP.URB.TOTL.IN.ZS,18.38,18.365,18.349,18.334,18.319,18.303,18.288,18.272,18.257,18.242,18.226,18.211,18.196,18.198,18.218,18.256,18.311,18.384,18.476,18.585,18.713,18.86,19.026
Sri Lanka,LKA,Trade (% of GDP),NE.TRD.GNFS.ZS,88.6364417,80.89860153,76.33513178,75.33624733,79.4829449,73.60397296,71.26117849,68.60651166,63.36904361,49.14914153,..,..,..,..,..,46.91797081,46.47153703,47.1404098,49.80939675,49.42552389,37.08911886,41.22884633,46.68260802
Sri Lanka,LKA,Renewable energy consumption (% of total final energy consumption),EG.FEC.RNEW.ZS,64.2,62.9,62.1,61.3,61.6,60.1,62.2,60.2,61.6,63.5,61.9,56.4,52.9,56.9,54.2,51.3,45.1,45.8,47.9,46.1,49.3,48.8,..
Sri Lanka,LKA,"Industry (including construction), value added (% of GDP)",NV.IND.TOTL.ZS,27.3180768,26.82059442,28.01061345,28.42457042,28.61810152,30.18808846,30.64229518,29.91981978,29.37119475,29.67143873,27.7831983,29.07314976,30.96985381,30.79568073,30.51789543,29.53541787,30.48271773,31.12827865,30.05681953,29.19100987,28.23583288,29.95400977,29.80583158
Sri Lanka,LKA,Fossil fuel energy consumption (% of total),EG.USE.COMM.FO.ZS,43.02041566,43.3523925,44.58360063,46.36772048,45.79271941,45.28964812,43.43587845,45.38409138,45.3393793,43.04692391,43.01995678,51.50725644,52.19302415,48.97019142,53.63214216,41.05261438,0,0,0,0,0,0,0
Sri Lanka,LKA,Population density (people per sq. km of land area),EN.POP.DNST,307.6551427,312.5556052,315.8308404,318.1553341,320.3253867,322.3811832,324.5480944,326.78273,328.9647265,330.9908308,332.946723,335.0191038,337.577069,328.2570563,331.3347154,338.8105278,342.6720308,346.6143183,350.284495,352.4316946,354.3323634,358.1635952,358.5677336
St. Kitts and Nevis,KNA,Carbon dioxide (CO2) emissions excluding LULUCF per capita (t CO2e/capita),EN.GHG.CO2.PC.CE.AR5,1.093971004,1.1035598,1.249456758,1.297210672,1.407751268,1.307147318,1.483819708,1.635764142,1.714529732,1.926847984,2.104768817,1.657211108,1.694554887,1.931207376,2.064176347,2.161955529,2.366436537,2.208289054,2.312372362,2.660163571,2.163430766,2.399332806,2.412811236
St. Kitts and Nevis,KNA,GDP per capita (constant 2015 US$),NY.GDP.PCAP.KD,14039.02811,14610.90996,14727.39088,14100.3068,14619.79511,16000.56589,16457.86224,16508.14371,18325.76127,17671.25471,17688.06901,17958.6814,17770.49636,18773.89269,20187.8062,20328.80035,21133.65759,21191.60471,21635.49721,22297.7645,18918.82635,19031.82119,21024.44721
St. Kitts and Nevis,KNA,Energy use (kg of oil equivalent per capita),EG.USE.PCAP.KG.OE,..,..,..,..,1640.937061,1701.229623,1696.407481,1777.073609,..,..,..,..,..,..,..,..,..,..,..,..,..,..,..
St. Kitts and Nevis,KNA,Urban population (% of total population),SP.URB.TOTL.IN.ZS,32.778,32.598,32.455,32.312,32.17,32.028,31.886,31.744,31.603,31.463,31.322,31.182,31.062,30.964,30.885,30.827,30.79,30.773,30.776,30.799,30.843,30.906,30.991
St. Kitts and Nevis,KNA,Trade (% of GDP),NE.TRD.GNFS.ZS,..,..,..,..,..,..,..,..,..,..,..,..,..,..,..,..,..,..,..,..,..,..,..
St. Kitts and Nevis,KNA,Renewable energy consumption (% of total final energy consumption),EG.FEC.RNEW.ZS,26.4,26,24.3,26.3,22,25.3,0,0,0,0,1,0.9,1.3,1.4,1.6,1.6,1.7,1.3,1.3,1.3,1.6,1.6,1.5
St. Kitts and Nevis,KNA,"Industry (including construction), value added (% of GDP)",NV.IND.TOTL.ZS,26.84273456,30.56503112,28.619539,24.35023434,22.70299497,22.24982233,23.15163916,23.23448339,21.94049825,23.22749146,22.54463649,20.93955569,18.68459113,19.71219,21.37861283,22.73824724,24.51433007,26.2859866,24.55069013,25.30180094,23.13593872,22.57751436,21.6957427
St. Kitts and Nevis,KNA,Fossil fuel energy consumption (% of total),EG.USE.COMM.FO.ZS,..,..,..,..,0,0,0,0,..,..,..,..,..,..,..,..,..,..,..,..,..,..,..
St. Kitts and Nevis,KNA,Population density (people per sq. km of land area),EN.POP.DNST,174.0307692,176.0038462,177,177.6,178.1346154,178.6038462,179.1115385,179.6384615,180.1346154,180.4461538,180.1769231,180.3307692,180.8961538,181.0346154,181.1115385,181.1038462,181.0576923,180.9615385,180.8,180.5846154,180.2692308,179.8576923,179.65
St. Lucia,LCA,Carbon dioxide (CO2) emissions excluding LULUCF per capita (t CO2e/capita),EN.GHG.CO2.PC.CE.AR5,0.608387552,0.645294158,0.601332583,0.694580797,0.667320186,0.695678453,0.76692731,0.82380572,0.885029146,0.947789179,1.064912876,0.820134924,0.843632487,0.960379307,1.019306527,1.041136617,1.116450133,1.111476563,1.056960631,1.756153573,1.420476858,1.568434143,1.572874075
St. Lucia,LCA,GDP per capita (constant 2015 US$),NY.GDP.PCAP.KD,9198.938944,8795.545821,8755.459394,9054.067784,9637.378014,9527.584694,10045.6504,10147.44325,10583.43102,10219.8024,10191.31468,10576.89797,10517.27776,10279.41551,10369.93826,10334.98608,10644.16129,10960.48435,11233.88836,11114.77859,8379.274951,9336.921274,11224.28995
St. Lucia,LCA,Energy use (kg of oil equivalent per capita),EG.USE.PCAP.KG.OE,..,..,..,..,730.6425392,743.4270172,714.1185437,763.0038508,..,..,..,..,..,..,..,..,..,..,..,..,..,..,..
St. Lucia,LCA,Urban population (% of total population),SP.URB.TOTL.IN.ZS,27.774,27.473,26.329,25.216,24.133,23.085,22.068,21.084,20.131,19.213,18.45,18.45,18.45,18.461,18.482,18.515,18.558,18.612,18.678,18.754,18.841,18.94,19.05
St. Lucia,LCA,Trade (% of GDP),NE.TRD.GNFS.ZS,..,..,..,..,..,..,..,..,..,..,..,..,..,..,..,..,..,..,..,..,..,..,..
St. Lucia,LCA,Renewable energy consumption (% of total final energy consumption),EG.FEC.RNEW.ZS,24,22.2,21.7,20,18.4,18.4,16.9,16.3,15.5,15.1,13.2,12.9,12.4,12.1,11.7,11.5,11.2,10.2,10.2,10,10,9.7,9.7
St. Lucia,LCA,"Industry (including construction), value added (% of GDP)",NV.IND.TOTL.ZS,..,..,..,..,..,..,15.57183088,13.33867027,12.93315548,13.19410657,11.69936339,11.0709394,10.88233113,10.23720405,9.983060896,10.86335166,10.99072956,10.88351285,9.856988308,9.044742931,12.66736495,11.28595231,8.865940591
St. Lucia,LCA,Fossil fuel energy consumption (% of total),EG.USE.COMM.FO.ZS,..,..,..,..,0,0,0,0,..,..,..,..,..,..,..,..,..,..,..,..,..,..,..
St. Lucia,LCA,Population density (people per sq. km of land area),EN.POP.DNST,260.0262295,262.6836066,264.9852459,267.1737705,269.2442623,271.2295082,273.1786885,275.0131148,276.7344262,278.4737705,280.1737705,281.6409836,282.9295082,284.2114754,285.4721311,286.7295082,287.9442623,289.0852459,290.1918033,291.247541,292.2131148,292.6590164,293.0836066
St. Martin (French part),MAF,Carbon dioxide (CO2) emissions excluding LULUCF per capita (t CO2e/capita),EN.GHG.CO2.PC.CE.AR5,..,..,..,..,..,..,..,..,..,..,..,..,..,..,..,..,..,..,..,..,..,..,..
St. Martin (French part),MAF,GDP per capita (constant 2015 US$),NY.GDP.PCAP.KD,..,..,..,..,..,..,..,..,..,..,..,..,..,..,..,..,..,..,..,..,..,..,..
St. Martin (French part),MAF,Energy use (kg of oil equivalent per capita),EG.USE.PCAP.KG.OE,..,..,..,..,..,..,..,..,..,..,..,..,..,..,..,..,..,..,..,..,..,..,..
St. Martin (French part),MAF,Urban population (% of total population),SP.URB.TOTL.IN.ZS,..,..,..,..,..,..,..,..,..,..,..,..,..,..,..,..,..,..,..,..,..,..,..
St. Martin (French part),MAF,Trade (% of GDP),NE.TRD.GNFS.ZS,..,..,..,..,..,..,..,..,..,..,..,..,..,..,..,..,..,..,..,..,..,..,..
St. Martin (French part),MAF,Renewable energy consumption (% of total final energy consumption),EG.FEC.RNEW.ZS,..,..,..,..,..,..,..,..,..,..,..,..,..,..,..,..,..,..,..,..,..,..,..
St. Martin (French part),MAF,"Industry (including construction), value added (% of GDP)",NV.IND.TOTL.ZS,..,..,..,..,..,..,..,..,..,..,..,..,..,..,..,..,..,..,..,..,..,..,..
St. Martin (French part),MAF,Fossil fuel energy consumption (% of total),EG.USE.COMM.FO.ZS,..,..,..,..,..,..,..,..,..,..,..,..,..,..,..,..,..,..,..,..,..,..,..
St. Martin (French part),MAF,Population density (people per sq. km of land area),EN.POP.DNST,..,..,..,..,..,..,..,..,..,..,..,741.38,745.52,748.38,749,747.38,743.5,736.74,720.24,685.34,635.72,599.22,577.4
St. Vincent and the Grenadines,VCT,Carbon dioxide (CO2) emissions excluding LULUCF per capita (t CO2e/capita),EN.GHG.CO2.PC.CE.AR5,0.366374565,0.425546911,0.48876459,0.528544029,0.568086143,0.586038239,0.64991876,0.698460518,0.732247721,1.121185797,0.880328122,0.626434627,0.801942319,0.75923614,0.855535407,0.887247569,0.949703335,1.031581538,0.969254522,0.973436885,0.794003439,0.884861096,0.89469455
St. Vincent and the Grenadines,VCT,GDP per capita (constant 2015 US$),NY.GDP.PCAP.KD,5062.830801,5153.337757,5436.011277,5810.312917,6065.795281,6238.030621,6700.480656,6953.117094,7012.88003,6948.773569,6671.273536,6667.817025,6783.800622,6989.482545,7116.354803,7353.735561,7702.616964,7864.947369,8171.705226,8286.26735,7981.648581,8203.013352,8524.089852
St. Vincent and the Grenadines,VCT,Energy use (kg of oil equivalent per capita),EG.USE.PCAP.KG.OE,..,..,..,..,584.9248903,595.8203646,624.9218848,627.6281931,..,..,..,..,..,..,..,..,..,..,..,..,..,..,..
St. Vincent and the Grenadines,VCT,Urban population (% of total population),SP.URB.TOTL.IN.ZS,45.186,45.548,45.914,46.283,46.656,47.032,47.412,47.794,48.18,48.569,48.961,49.356,49.754,50.154,50.558,50.964,51.373,51.784,52.198,52.614,53.032,53.452,53.875
St. Vincent and the Grenadines,VCT,Trade (% of GDP),NE.TRD.GNFS.ZS,..,..,..,..,..,..,..,..,..,..,..,..,..,..,..,..,..,..,..,..,..,..,..
St. Vincent and the Grenadines,VCT,Renewable energy consumption (% of total final energy consumption),EG.FEC.RNEW.ZS,8.5,6.2,6.1,5.6,5.9,5.8,5.3,4.7,5.3,4.1,5.1,6.1,5,5.4,3.3,4.3,4.1,5.3,4.9,5.4,5.2,5,5.1
St. Vincent and the Grenadines,VCT,"Industry (including construction), value added (% of GDP)",NV.IND.TOTL.ZS,16.65181392,16.20478211,15.33256378,15.71030684,16.18195356,15.8034606,15.91850163,17.57892076,15.70981424,15.86606877,15.90305475,15.13512361,14.57607677,14.70692612,14.1124131,14.94890992,14.38220338,14.67061007,14.55758495,13.69401619,12.55820728,12.87305735,14.61728839
St. Vincent and the Grenadines,VCT,Fossil fuel energy consumption (% of total),EG.USE.COMM.FO.ZS,..,..,..,..,0,0,0,0,..,..,..,..,..,..,..,..,..,..,..,..,..,..,..
St. Vincent and the Grenadines,VCT,Population density (people per sq. km of land area),EN.POP.DNST,291.1410256,291.0282051,290.6333333,290.1051282,289.3205128,288.3333333,287.2153846,285.9769231,284.6871795,283.3538462,281.9461538,280.3820513,278.8102564,277.2692308,275.7307692,274.2564103,272.6897436,270.9307692,269.0410256,267.0948718,265.4512821,263.6948718,261.6564103
Sudan,SDN,Carbon dioxide (CO2) emissions excluding LULUCF per capita (t CO2e/capita),EN.GHG.CO2.PC.CE.AR5,0.21568663,0.22961226,0.273621222,0.274722049,0.300105015,0.347605581,0.415066874,0.439486652,0.45726889,0.460682922,0.477483749,0.449245653,0.474552868,0.466412704,0.476932446,0.538705972,0.580280239,0.554132847,0.539979158,0.515394964,0.456248148,0.478809503,0.433405221
Sudan,SDN,GDP per capita (constant 2015 US$),NY.GDP.PCAP.KD,1111.118652,1150.17627,1185.215332,1226.420776,1255.671143,1290.244385,1336.124023,1372.109619,1381.62561,1301.34729,1311.223145,1388.21814,1288.258545,1283.459229,1307.389648,1292.379639,1297.154541,1261.873535,1185.944458,1126.552979,1056.864746,1009.548889,973.2252808
Sudan,SDN,Energy use (kg of oil equivalent per capita),EG.USE.PCAP.KG.OE,486.8956489,494.1236055,517.5475858,491.3639792,481.3571525,485.7498208,508.2431515,477.5083075,472.8049112,481.6298738,444.5913784,467.4243451,390.6631411,474.3979115,475.6619858,463.3616592,448.4566317,443.0935964,435.1494357,435.3975955,422.2210431,426.1140367,411.7805382
Sudan,SDN,Urban population (% of total population),SP.URB.TOTL.IN.ZS,32.495,32.548,32.601,32.654,32.707,32.76,32.813,32.866,32.919,32.993,33.089,33.207,33.346,33.507,33.689,33.894,34.121,34.37,34.642,34.936,35.253,35.593,35.956
Sudan,SDN,Trade (% of GDP),NE.TRD.GNFS.ZS,29.40423446,20.29334562,25.62556172,26.44022807,30.43233762,35.8715914,36.20259362,34.40333616,36.74109783,32.78087833,32.72830995,27.51233902,21.85617452,26.8585245,20.845109,18.37827285,15.28166989,17.83138983,21.86791873,26.11962046,9.955145076,4.127548638,2.698834436
Sudan,SDN,Renewable energy consumption (% of total final energy consumption),EG.FEC.RNEW.ZS,80.4,79.4,76.8,77,75.4,72.3,69.2,65.6,63.5,63.1,61.3,63.7,63.7,64.3,63.7,61.9,58.9,59.4,59.8,59.4,62.6,61,..
Sudan,SDN,"Industry (including construction), value added (% of GDP)",NV.IND.TOTL.ZS,20.07971786,19.53811544,20.7757914,19.84131025,21.4151752,21.97634626,22.97786131,26.32852359,28.20733964,25.65087316,21.14204692,20.3300649,17.61752668,20.23674556,18.10049606,16.07121074,17.35460571,16.61740797,20.7757619,21.73630133,23.32818616,7.368743673,4.871401746
Sudan,SDN,Fossil fuel energy consumption (% of total),EG.USE.COMM.FO.ZS,17.26491091,16.00441796,19.12644825,18.58704371,20.26989445,22.9936512,27.4314487,30.78118158,32.58098441,31.65298928,32.92931039,29.15199202,32.59246387,25.46168257,25.74899843,2.332966542,0,0,0,0,0,0,0
Sudan,SDN,Population density (people per sq. km of land area),EN.POP.DNST,..,..,..,..,..,..,..,..,..,..,..,..,19.76615525,20.22797056,20.78336081,21.42635493,22.08773662,22.86633084,23.67804925,24.38339133,25.0477682,25.73175803,26.43648073
Suriname,SUR,Carbon dioxide (CO2) emissions excluding LULUCF per capita (t CO2e/capita),EN.GHG.CO2.PC.CE.AR5,3.105049272,3.124588951,2.251128283,2.437333881,2.711495691,3.251218437,2.91620714,2.663384907,2.716823795,2.669951138,3.18080895,3.515385542,4.344217278,4.020421075,4.554610661,4.685133256,5.036264987,4.126067645,3.586744574,4.392275591,4.25253586,4.220289499,4.074689809
Suriname,SUR,GDP per capita (constant 2015 US$),NY.GDP.PCAP.KD,6128.316024,6255.552742,6301.31731,6567.843099,7021.989199,7261.817135,7599.356969,7897.256489,8129.114647,8276.690798,8603.907867,9003.285977,9140.928986,9303.460088,9224.243784,8813.617054,8293.31553,8338.692354,8666.648707,8677.30522,7213.107667,6973.899419,7081.333573
Suriname,SUR,Energy use (kg of oil equivalent per capita),EG.USE.PCAP.KG.OE,1279.910099,1352.000511,963.4145261,1004.172078,1086.028629,1231.361663,1174.719074,1117.324321,1176.346439,1163.893038,1351.362141,1676.952219,1411.638244,1713.837468,1785.948769,1577.311729,1728.650717,1613.954643,1523.998993,1730.837081,1688.413785,1698.951741,1738.823455
Suriname,SUR,Urban population (% of total population),SP.URB.TOTL.IN.ZS,66.444,66.517,66.591,66.664,66.737,66.682,66.615,66.547,66.479,66.412,66.344,66.276,66.208,66.14,66.089,66.056,66.04,66.041,66.06,66.095,66.149,66.219,66.307
Suriname,SUR,Trade (% of GDP),NE.TRD.GNFS.ZS,..,..,..,..,..,..,98.16819317,101.3770004,109.1668385,87.92066178,90.96139415,..,..,..,..,..,..,..,..,..,..,..,..
Suriname,SUR,Renewable energy consumption (% of total final energy consumption),EG.FEC.RNEW.ZS,23.6,24.1,27.8,24.6,22.6,18.9,22.1,24.6,26.2,26.5,22.1,21.2,15.8,17.6,12.8,11.6,11.1,15.5,18.3,14.9,14.6,14.5,..
Suriname,SUR,"Industry (including construction), value added (% of GDP)",NV.IND.TOTL.ZS,24.8905012,24.768231,28.66302191,26.79902564,31.02888989,33.84364156,36.98306966,37.06736137,40.07011755,34.29216018,35.17051613,35.10932743,35.26226117,32.25369531,30.24748468,27.25991566,26.75536002,38.27369389,36.76224155,33.88076701,36.56067184,37.70885374,42.23051733
Suriname,SUR,Fossil fuel energy consumption (% of total),EG.USE.COMM.FO.ZS,78.13983087,78.6977634,69.34234642,73.56642779,76.51767586,81.26142027,76.05849746,71.78353799,69.88633143,70.33896709,76.65366865,59.38939781,78.83089807,54.5495024,51.21056933,-38.67563313,0,0,0,0,0,0,0
Suriname,SUR,Population density (people per sq. km of land area),EN.POP.DNST,2.969597516,3.031382749,3.093629019,3.155077818,3.201860647,3.235441609,3.27085426,3.30835404,3.347162169,3.38655594,3.426149078,3.465686144,3.505335355,3.54512786,3.584708538,3.623672423,3.661863758,3.698971033,3.735106392,3.774076506,3.81487831,3.849636787,3.88245766
Sweden,SWE,Carbon dioxide (CO2) emissions excluding LULUCF per capita (t CO2e/capita),EN.GHG.CO2.PC.CE.AR5,6.535334496,6.526153445,6.653958484,6.659329651,6.456196126,6.039178823,6.067514968,5.776166221,5.608669842,5.045816456,5.35685221095,4.722475344383333,4.283157082258333,3.94993234125,3.6764314074999995,3.5204335258166672,3.329425526174999,3.1056014671333334,2.7770372531,2.61785274025,2.4031669854083333,2.408998204870833,2.0716393847999997
Sweden,SWE,GDP per capita (constant 2015 US$),NY.GDP.PCAP.KD,41561.09672,42013.70043,42831.01886,43474.57921,45113.83085,46188.84111,48077.44087,49261.23995,48427.75638,45973.55377,48204.65808,49355.68995,48788.86712,48927.59731,49556.7005,51197.95293,51746.69696,51985.93247,52363.38291,53156.86131,51715.78104,54458.35356,54878.29195
Sweden,SWE,Energy use (kg of oil equivalent per capita),EG.USE.PCAP.KG.OE,5375.751512,5701.682068,5826.341893,5676.548345,5872.975544,5711.642142,5532.762657,5464.456137,5383.764797,4891.392192,5443.323668,5281.400963,5295.928066,5178.934938,4997.879904,4573.58908,4858.899405,4926.811175,4966.261118,4781.875683,4284.998056,4558.744207,4323.665721
Sweden,SWE,Urban population (% of total population),SP.URB.TOTL.IN.ZS,84.026,84.071,84.133,84.196,84.258,84.319,84.43,84.588,84.746,84.902,85.056,85.297,85.62,85.936,86.247,86.553,86.852,87.146,87.431,87.708,87.977,88.238,88.492
Sweden,SWE,Trade (% of GDP),NE.TRD.GNFS.ZS,81.47161023,80.56870032,77.08490417,75.32781797,78.73551972,84.16752046,88.32983589,89.5464307,92.80790144,81.9578894,85.09104947,86.39032508,85.29767121,81.63981336,83.82264677,84.15717393,83.26380075,85.92125042,90.12969572,92.52108348,84.33078177,90.27798618,105.8550153
Sweden,SWE,Renewable energy consumption (% of total final energy consumption),EG.FEC.RNEW.ZS,39.8,37.4,35.9,34.6,35.5,39.3,40.1,41.8,43.2,45.7,44.7,45.4,48.3,47.3,48.6,51.9,50.9,51.8,51.6,52.9,57.8,57.9,..
Sweden,SWE,"Industry (including construction), value added (% of GDP)",NV.IND.TOTL.ZS,25.99919462,25.68018432,25.45581021,24.89480544,24.74661173,24.5821093,24.84277537,25.02473468,24.14566043,22.33499621,23.85911879,23.73387749,23.10520143,21.98489669,21.6085141,22.28366785,21.9558674,22.16370526,22.18511636,22.29257389,21.81236405,23.0555277,24.02488163
Sweden,SWE,Fossil fuel energy consumption (% of total),EG.USE.COMM.FO.ZS,34.72807064,33.86031269,37.29051046,36.35382175,34.67999329,33.80846133,33.39033211,32.49807773,33.08923328,31.93043116,34.32587144,34.1704113,30.84437992,29.82822422,29.58742051,28.02332122,0,0,0,0,0,0,0
Sweden,SWE,Population density (people per sq. km of land area),EN.POP.DNST,21.78061456,21.83916765,21.91035639,21.99203515,22.07869992,22.16717889,22.29221704,22.45813998,22.63377962,22.82742144,23.02286274,23.19737801,23.36962,23.5684835,23.80349865,24.05826177,24.36244975,24.69294198,24.98145887,25.23788794,25.42094382,25.57407926,25.74872569
Switzerland,CHE,Carbon dioxide (CO2) emissions excluding LULUCF per capita (t CO2e/capita),EN.GHG.CO2.PC.CE.AR5,6.235849254,6.393420946,6.122088148,6.252581244,6.283052252,6.32796454,6.230519938,5.912714635,6.017240534,5.76638359,5.6254008833,4.9226493449249995,4.862494379791666,4.75712004375,4.163252896666666,3.9063620603291667,3.7753184568499996,3.512763246570833,3.240724939466667,3.0769490908750003,2.7350104097333334,2.7162335636208335,2.3524863828
Switzerland,CHE,GDP per capita (constant 2015 US$),NY.GDP.PCAP.KD,73749.93895,74439.46376,73824.38492,73254.95299,74718.68363,76282.98407,78893.80782,81254.1701,82481.06806,79585.5217,81315.42283,81874.33624,81964.88649,82479.92157,83394.37129,83806.4476,84611.09987,84967.58865,86756.60223,87123.66042,84637.01329,88661.20298,90605.01943
Switzerland,CHE,Energy use (kg of oil equivalent per capita),EG.USE.PCAP.KG.OE,3466.506132,3658.066499,3537.537503,3524.60536,3513.042268,3469.416643,3600.205991,3391.34093,3480.202559,3460.611444,3323.412185,3181.066878,3175.970902,3274.499481,3031.174477,2927.960153,2819.830959,2809.479457,2806.499156,2857.158192,2690.390233,2619.805561,2591.92141
Switzerland,CHE,Urban population (% of total population),SP.URB.TOTL.IN.ZS,73.383,73.375,73.401,73.427,73.452,73.478,73.504,73.53,73.556,73.581,73.607,73.631,73.653,73.674,73.696,73.718,73.739,73.761,73.797,73.849,73.915,73.996,74.092
Switzerland,CHE,Trade (% of GDP),NE.TRD.GNFS.ZS,97.93685621,96.03983789,91.78185086,90.33549631,95.51709446,102.2611721,106.2451548,113.3318578,116.7780001,109.7759848,120.0651238,125.5562732,126.4538605,133.6937084,120.2134232,117.1384824,123.5659245,123.6218074,124.4285043,124.1276122,121.7859781,130.0162613,138.5006988
Switzerland,CHE,Renewable energy consumption (% of total final energy consumption),EG.FEC.RNEW.ZS,18.2,18.7,18.2,18,18.1,18.7,18.1,19.3,19.6,20,20.6,20.6,21.9,21.8,22.2,23.9,24.1,25,24.2,24.8,26.4,27.7,..
Switzerland,CHE,"Industry (including construction), value added (% of GDP)",NV.IND.TOTL.ZS,25.46819598,26.24425789,26.43397651,26.00642138,25.55151011,25.82707424,26.00279319,25.93094508,25.94630114,24.74278723,24.69452591,25.03152647,24.60389113,24.70221273,24.32391504,24.20112582,24.08997921,24.21769429,24.42395718,24.72115913,24.82791568,25.63559372,24.54338166
Switzerland,CHE,Fossil fuel energy consumption (% of total),EG.USE.COMM.FO.ZS,54.58004884,56.2522317,54.70125511,54.042508,54.23494517,55.76133929,54.12136723,51.78668213,52.80675592,53.56485559,51.92904197,50.77308473,51.34729823,52.57682327,49.20436267,50.71845977,0,0,0,0,0,0,0
Switzerland,CHE,Population density (people per sq. km of land area),EN.POP.DNST,181.7712317,182.9307258,184.3254821,185.7038566,186.9906177,188.1981564,189.3887944,191.0948546,193.5413607,195.9777672,198.0326587,200.2498644,202.390548,204.7343366,207.2507514,209.6266208,211.9315721,213.9184801,215.5000945,217.0427817,218.6344696,220.314541,222.1505997
Syrian Arab Republic,SYR,Carbon dioxide (CO2) emissions excluding LULUCF per capita (t CO2e/capita),EN.GHG.CO2.PC.CE.AR5,2.758793664,2.698445131,2.62341018,2.570268836,2.619317632,3.125742296,3.135256456,3.113436641,3.081732386,2.8396773,2.788400769,2.564155464,2.0266907,1.439637213,1.331052278,1.318414602,1.284542734,1.394614461,1.463271366,1.329999989,1.214574514,1.172846125,1.126021957
Syrian Arab Republic,SYR,GDP per capita (constant 2015 US$),NY.GDP.PCAP.KD,1248.384883,1230.872,1249.006214,1307.481459,1363.619467,1411.631849,1420.722931,1411.689914,1423.595594,1484.405237,1526.368944,1542.719572,1142.290802,884.3298133,847.6598772,847.7316319,802.9694983,795.883217,792.4138117,771.5186953,740.811397,734.3342363,712.2722782
Syrian Arab Republic,SYR,Energy use (kg of oil equivalent per capita),EG.USE.PCAP.KG.OE,928.4331814,929.3738106,942.4826529,924.928081,943.0406779,1105.305011,1101.638215,1084.273137,1066.137193,977.7284738,963.5884194,904.1350644,703.5690517,559.3382913,618.1905604,560.5826509,530.4094733,596.4032232,556.8869512,553.8349892,509.5736722,492.1461358,454.5320861
Syrian Arab Republic,SYR,Urban population (% of total population),SP.URB.TOTL.IN.ZS,51.947,52.314,52.682,53.049,53.417,53.782,54.146,54.511,54.875,55.237,55.6,54.58,53.555,52.529,51.5,52.168,52.835,53.5,54.162,54.821,55.475,56.124,56.769
Syrian Arab Republic,SYR,Trade (% of GDP),NE.TRD.GNFS.ZS,65.28498612,67.3681325,71.64430768,61.54699054,78.11492859,80.13300249,74.20522659,76.37935352,74.2279601,59.94382524,64.01016469,50.69609435,35.36869033,44.70525478,54.26442252,51.08620782,67.11193653,61.05085217,50.65909911,41.99947112,44.8183353,61.2204851,35.60946808
Syrian Arab Republic,SYR,Renewable energy consumption (% of total final energy consumption),EG.FEC.RNEW.ZS,2,2.1,1.6,1.9,2.6,2.1,1.8,1.5,1.2,0.9,1.4,1.6,2,3.1,2.7,0.6,1.3,1.1,0.9,1,1.1,1.1,..
Syrian Arab Republic,SYR,"Industry (including construction), value added (% of GDP)",NV.IND.TOTL.ZS,33.31907325,30.12398255,29.14387237,28.26116707,30.02349847,31.18721116,34.98300514,34.05780176,34.22428372,27.29728389,30.42652417,33.73321405,25.04881247,23.19360902,19.49522803,15.49133603,16.23677963,17.20686491,18.49595161,15.91604685,21.09040434,18.66893565,12.0009587
Syrian Arab Republic,SYR,Fossil fuel energy consumption (% of total),EG.USE.COMM.FO.ZS,98.12707222,98.07666003,98.66486135,98.64063837,98.1443196,98.442836,98.70004051,98.48430366,99.06238131,99.27118418,99.06351374,..,93.71586964,94.21776178,84.28859782,40.44836068,0,0,0,0,0,0,0
Syrian Arab Republic,SYR,Population density (people per sq. km of land area),EN.POP.DNST,90.53154859,92.78124932,95.05023398,97.44156,99.8903688,102.4900093,106.937984,113.7231812,117.8205402,119.6741941,122.433268,124.5880194,123.9435985,117.9922507,110.4049393,105.7812885,104.5245004,104.6924141,106.6157218,110.8399172,114.6295758,117.7848881,122.3230028
Tajikistan,TJK,Carbon dioxide (CO2) emissions excluding LULUCF per capita (t CO2e/capita),EN.GHG.CO2.PC.CE.AR5,0.443057663,0.427897406,0.421837053,0.422943347,0.493612665,0.460798415,0.494433917,0.562959615,0.516542904,0.407183758,0.401312522,0.393902197,0.436980695,0.437376258,0.56590951,0.589043758,0.644658006,0.76312362,0.881455515,0.948586805,0.96276557,0.940953804,0.901944585
Tajikistan,TJK,GDP per capita (constant 2015 US$),NY.GDP.PCAP.KD,429.537301,461.6811958,501.8085665,546.3914798,590.9571114,618.3337026,649.1633288,686.4809019,726.1854913,739.2128785,770.6041054,809.3682292,849.5190808,889.8823831,925.9709615,956.9163109,997.3526146,1042.263918,1094.800202,1148.346767,1171.901275,1254.069996,1325.755453
Tajikistan,TJK,Energy use (kg of oil equivalent per capita),EG.USE.PCAP.KG.OE,341.8737675,330.9761282,325.6798851,325.5814743,345.2610403,337.9159373,341.8637118,358.4276832,334.3626373,284.6515615,284.3312494,278.854523,294.8556558,288.3949606,301.6149649,318.6982774,326.5692188,328.7817689,347.7114616,370.7788757,375.3673792,367.7690419,375.1970951
Tajikistan,TJK,Urban population (% of total population),SP.URB.TOTL.IN.ZS,26.501,26.503,26.505,26.507,26.508,26.51,26.512,26.514,26.516,26.518,26.52,26.521,26.545,26.589,26.655,26.742,26.851,26.982,27.134,27.309,27.506,27.726,27.968
Tajikistan,TJK,Trade (% of GDP),NE.TRD.GNFS.ZS,175.3512061,146.6573056,138.6839688,137.669593,128.3381707,126.9946993,141.1539121,145.5280997,114.4801491,85.97813704,73.49304451,79.78424467,83.17594454,71.74374289,54.60715961,49.93781607,55.72464469,53.78610461,55.84611141,56.04501591,55.74910402,71.82593744,65.43551159
Tajikistan,TJK,Renewable energy consumption (% of total final energy consumption),EG.FEC.RNEW.ZS,62.4,64.1,64.2,64.6,61.4,63.7,61.6,53.8,54.6,60.6,61.8,60,55.8,55.1,45.9,48.1,43.7,44.2,41.6,40.1,38.8,34.9,..
Tajikistan,TJK,"Industry (including construction), value added (% of GDP)",NV.IND.TOTL.ZS,35.27732692,36.18456978,35.1405801,33.11631033,30.91628427,27.36658063,27.36417002,26.42841523,24.55751963,24.50881063,24.97662615,22.46874906,22.04263462,23.11516465,22.60474151,30.2202135,32.21336623,31.84685796,34.3983608,33.06214906,33.79653947,35.1776826,34.70258086
Tajikistan,TJK,Fossil fuel energy consumption (% of total),EG.USE.COMM.FO.ZS,38.53110779,36.92536068,35.52379667,35.16974733,38.76534917,36.72841133,38.30510018,42.58898352,41.55752855,35.64570051,34.60937553,36.25808672,42.03981563,37.25641364,50.75162006,48.56346049,0,0,0,0,0,0,0
Tajikistan,TJK,Population density (people per sq. km of land area),EN.POP.DNST,44.90379394,45.78005859,46.66811232,47.57484281,48.51776936,49.47642183,50.42559303,51.40380823,52.4321449,53.51693341,54.67377108,55.90729494,57.25981709,58.70765933,60.70894759,62.27999135,63.87802435,65.46542258,67.06054471,68.66464443,70.24504647,71.81286836,73.36423373
Tanzania,TZA,Carbon dioxide (CO2) emissions excluding LULUCF per capita (t CO2e/capita),EN.GHG.CO2.PC.CE.AR5,0.090834424,0.093385195,0.103523394,0.106641883,0.14283777,0.157543975,0.16387681,0.150653382,0.147505112,0.139276768,0.163841549,0.193059357,0.223794525,0.237456366,0.223568261,0.253809224,0.262646711,0.255109842,0.260129573,0.287343157,0.275490064,0.30711083,0.293323534
Tanzania,TZA,GDP per capita (constant 2015 US$),NY.GDP.PCAP.KD,555.3480835,573.4001465,598.4215698,621.7207031,650.5165405,680.0512085,704.5027466,731.5200195,752.5404663,772.9295654,801.2993164,838.9992676,851.9107056,882.8115234,913.8112183,939.1273193,970.1561279,1001.887451,1024.015259,1051.766602,1041.259644,1054.317261,1070.585327
Tanzania,TZA,Energy use (kg of oil equivalent per capita),EG.USE.PCAP.KG.OE,393.7155759,397.137814,405.8124328,410.8649491,414.6560078,426.1625033,429.3137252,419.1657664,414.8985808,414.9321041,420.6663376,432.7482231,424.8115193,432.0064421,414.5912948,419.7195943,416.3156991,406.252983,402.9248621,414.545617,405.6856415,404.4687893,405.1463148
Tanzania,TZA,Urban population (% of total population),SP.URB.TOTL.IN.ZS,22.309,22.674,23.044,23.611,24.223,24.845,25.478,26.121,26.776,27.439,28.114,28.798,29.493,30.196,30.904,31.617,32.333,33.053,33.776,34.5,35.227,35.954,36.682
Tanzania,TZA,Trade (% of GDP),NE.TRD.GNFS.ZS,23.98911515,28.03014323,27.49921727,30.44883582,33.60978674,36.95927329,42.76816647,48.05839478,49.02654455,43.53260065,47.64043943,56.16612418,54.36894908,48.63162753,45.35602234,40.75768088,35.4204704,33.11259199,32.6426099,33.01858925,27.9630152,29.91518401,35.00345171
Tanzania,TZA,Renewable energy consumption (% of total final energy consumption),EG.FEC.RNEW.ZS,93.6,93.1,92.4,92.4,91.3,90.3,89.9,90.6,90.3,91,89.4,87.6,85.2,84.5,84.7,82.8,81.7,82,81.3,80.4,80.8,78.3,..
Tanzania,TZA,"Industry (including construction), value added (% of GDP)",NV.IND.TOTL.ZS,19.21152666,19.38051488,21.49452941,23.24515173,23.10549978,22.93951558,22.84522244,23.19719007,23.73753919,21.67690864,23.55617366,26.38208409,25.39949872,25.44674503,25.14150348,24.48735011,24.85839937,25.04215119,27.00776551,28.67183336,27.08445029,27.29614189,27.68481118
Tanzania,TZA,Fossil fuel energy consumption (% of total),EG.USE.COMM.FO.ZS,6.04522271,6.433209153,7.054479083,7.122412089,9.558900758,10.39577262,10.7801338,10.49624861,10.60795655,10.08383809,11.64386382,13.79754259,17.17049662,16.9463197,17.10760203,18.21869769,0,0,0,0,0,0,0
Tanzania,TZA,Population density (people per sq. km of land area),EN.POP.DNST,38.67705916,39.73616956,40.77817114,41.87125198,43.02288101,44.23354708,45.48984195,46.77750282,48.05907428,49.25940619,50.52888688,51.96361142,53.48189207,55.11868142,56.84298036,58.72766087,60.76316663,62.82782795,64.84211447,66.80389591,68.83359449,70.93069767,73.05466358
Thailand,THA,Carbon dioxide (CO2) emissions excluding LULUCF per capita (t CO2e/capita),EN.GHG.CO2.PC.CE.AR5,2.774582804,2.882773146,3.034655554,3.127484751,3.377601009,3.471456473,3.497249349,3.543681318,3.532948841,3.404862342,3.591217351,3.574268647,3.812528463,3.950864766,3.878392056,3.965614507,3.895124461,3.891777294,3.847028358,3.976937477,3.83072746,3.729278541,3.845649053
Thailand,THA,GDP per capita (constant 2015 US$),NY.GDP.PCAP.KD,3514.71663,3599.025249,3783.754221,4018.155382,4232.771573,4372.257302,4551.525002,4760.667085,4805.76394,4737.456798,5059.357478,5070.237402,5403.87846,5516.611642,5541.465994,5688.853354,5857.780529,6076.743077,6314.199484,6434.537705,6035.186277,6121.526965,6278.785514
Thailand,THA,Energy use (kg of oil equivalent per capita),EG.USE.PCAP.KG.OE,1153.045522,1174.202792,1286.144037,1379.291757,1477.384809,1508.580261,1525.126558,1569.872373,1596.828355,1578.761073,1718.621184,1704.823341,1818.192043,1943.92304,1926.225826,1932.67391,1985.005309,1988.137815,1951.855636,1989.812342,1884.350737,1848.063361,1867.469683
Thailand,THA,Urban population (% of total population),SP.URB.TOTL.IN.ZS,31.386,32.548,33.734,34.941,36.169,37.411,38.673,39.95,41.242,42.543,43.856,44.698,45.445,46.193,46.943,47.694,48.448,49.2,49.949,50.692,51.43,52.163,52.889
Thailand,THA,Trade (% of GDP),NE.TRD.GNFS.ZS,121.2979554,120.2679663,114.969743,116.6928197,127.4118737,137.8538668,134.0869462,129.873227,140.4370115,119.2694189,127.2505226,139.6754072,137.6749385,132.4622742,130.9054954,124.8396622,120.5752273,120.8914274,120.8418647,109.6895147,97.80074325,117.2529446,132.8587121
Thailand,THA,Renewable energy consumption (% of total final energy consumption),EG.FEC.RNEW.ZS,21.8,19.9,19.9,20.2,19.9,20.1,20.5,21.6,22.6,22.8,22.8,23,23.6,23.2,24.4,22.6,22.4,22.2,23.7,23.9,20.9,19,..
Thailand,THA,"Industry (including construction), value added (% of GDP)",NV.IND.TOTL.ZS,36.66940838,36.32100349,36.89443145,37.91817489,37.9023025,38.50521071,39.14685588,39.43137188,39.47961297,38.60859889,39.9217257,37.98139827,37.34369414,36.89858846,36.76304037,36.17917733,35.58676541,35.01875953,34.74248967,33.59391051,33.29072297,35.03171197,35.1217577
Thailand,THA,Fossil fuel energy consumption (% of total),EG.USE.COMM.FO.ZS,78.34727235,80.81288376,81.53637104,81.7005471,81.71554991,81.33098441,81.10510472,81.06937528,80.66348553,80.24858319,79.97812842,80.23184807,80.12928528,80.63290979,79.54588029,28.54777596,0,0,0,0,0,0,0
Thailand,THA,Population density (people per sq. km of land area),EN.POP.DNST,123.3295132,124.5887393,125.7931003,126.9709057,128.113776,129.2204193,130.2974946,131.3441132,132.3569261,133.3380571,134.2352502,135.0725362,135.9120319,136.712627,137.4393059,138.0743311,138.6988217,139.2867095,139.7092897,139.9954413,140.2287851,140.3968212,140.4124743
Timor-Leste,TLS,Carbon dioxide (CO2) emissions excluding LULUCF per capita (t CO2e/capita),EN.GHG.CO2.PC.CE.AR5,0.30640676,0.153155005,0.120456027,0.287824552,0.555176445,0.368655431,0.349069268,0.311775728,0.30103765,0.318479158,0.308293975,0.333991769,0.554064949,0.654615753,0.629493283,0.576866747,0.537974065,0.549890829,0.533167602,0.503172694,0.490101074,0.493134411,0.520048638
Timor-Leste,TLS,GDP per capita (constant 2015 US$),NY.GDP.PCAP.KD,1117.564298,1192.785758,1028.131934,964.3225646,955.4705483,964.0266142,897.5737637,961.8484621,1042.868354,1120.096984,1195.380862,1237.483833,1269.416293,1281.928641,1312.964941,1319.592974,1333.658547,1267.086601,1243.000692,1504.549886,1947.839941,2014.782267,1578.517784
Timor-Leste,TLS,Energy use (kg of oil equivalent per capita),EG.USE.PCAP.KG.OE,..,..,..,..,62.42775064,61.16137006,60.4138657,60.70322195,..,..,..,..,..,..,..,..,..,..,..,..,..,..,..
Timor-Leste,TLS,Urban population (% of total population),SP.URB.TOTL.IN.ZS,24.263,24.619,24.979,25.343,25.71,26.041,26.374,26.709,27.048,27.389,27.732,28.079,28.428,28.779,29.133,29.49,29.85,30.212,30.578,30.947,31.32,31.695,32.074
Timor-Leste,TLS,Trade (% of GDP),NE.TRD.GNFS.ZS,175.6484648,166.6963735,180.4037443,122.3119649,107.3308196,74.67125131,98.87571938,128.7608922,135.2507603,157.6864486,134.4005217,140.7663496,128.5004933,79.63412483,82.73577734,60.07692093,60.31062176,58.63475078,64.81918252,70.61424442,84.7503095,99.86742291,97.62192155
Timor-Leste,TLS,Renewable energy consumption (% of total final energy consumption),EG.FEC.RNEW.ZS,..,..,48.2,47.9,44,43.6,41.9,41.9,39.7,36.9,34.8,32.8,25.6,22.6,18.1,18,12.7,13.2,12.7,11.7,11.4,12.1,11.4
Timor-Leste,TLS,"Industry (including construction), value added (% of GDP)",NV.IND.TOTL.ZS,16.08596106,13.17908821,11.92023525,10.17514713,5.496810142,5.292471034,5.039308724,5.315188743,7.702510749,10.03458618,9.137311513,12.98574647,12.79113872,20.10621128,16.97929695,18.37076232,19.22911351,15.78052928,16.49902175,30.41314514,36.75200817,62.18864306,54.51234434
Timor-Leste,TLS,Fossil fuel energy consumption (% of total),EG.USE.COMM.FO.ZS,..,..,..,..,0,0,0,0,..,..,..,..,..,..,..,..,..,..,..,..,..,..,..
Timor-Leste,TLS,Population density (people per sq. km of land area),EN.POP.DNST,50.1067922,54.62333557,59.12299933,61.65958305,62.4797579,63.77343645,65.67565568,67.57827841,69.43032952,71.20255548,72.94411567,74.66086079,76.32044385,77.92165434,79.48238063,81.04445192,82.60336247,84.17639543,85.80759919,87.48789509,89.17639543,90.79616678,92.08439812
Togo,TGO,Carbon dioxide (CO2) emissions excluding LULUCF per capita (t CO2e/capita),EN.GHG.CO2.PC.CE.AR5,0.243344552,0.213363368,0.221418683,0.258817863,0.241797255,0.224308429,0.203205368,0.196757,0.249465677,0.413714263,0.375011697,0.334982825,0.311559252,0.260972498,0.231998876,0.201586936,0.266521122,0.22593625,0.241391644,0.233697756,0.255533051,0.277077606,0.278346857
Togo,TGO,GDP per capita (constant 2015 US$),NY.GDP.PCAP.KD,679.5333677,667.2982818,675.4407444,702.7992002,678.2875462,630.2486283,629.0798559,603.8378964,610.4056557,625.7118367,644.5637303,663.9637781,687.4957957,709.0923042,730.2915254,751.0524051,763.2765491,774.2769091,791.5935324,810.5141328,806.9564904,835.1990513,862.7637127
Togo,TGO,Energy use (kg of oil equivalent per capita),EG.USE.PCAP.KG.OE,410.709756,399.0750457,403.0039216,414.9306408,408.6810444,405.9778411,394.055905,397.6555397,402.3785226,475.8096401,462.9805727,453.3651618,440.167543,416.7042513,423.5743368,400.7291446,422.806733,403.9143871,411.0463574,414.0300943,424.6222126,422.5331213,425.4023211
Togo,TGO,Urban population (% of total population),SP.URB.TOTL.IN.ZS,32.907,33.356,33.809,34.265,34.724,35.185,35.649,36.116,36.587,37.058,37.533,38.032,38.546,39.061,39.579,40.1,40.628,41.162,41.702,42.248,42.8,43.358,43.921
Togo,TGO,Trade (% of GDP),NE.TRD.GNFS.ZS,48.80800411,51.39415207,51.60956528,55.38997842,57.87109387,61.45428001,61.61286046,60.92747833,61.44248006,61.33340732,65.85679206,76.65527426,74.6110977,80.99058865,69.92374668,68.20008842,65.52875221,57.60198442,57.35580371,56.1423934,55.54853856,57.5850135,65.48778501
Togo,TGO,Renewable energy consumption (% of total final energy consumption),EG.FEC.RNEW.ZS,77.1,82,78.7,74.8,76.1,77.2,79.7,79.9,76.5,63.4,65.8,69.1,72.7,76.2,81.4,81,80.7,78.4,76.7,78.6,76.2,75.1,..
Togo,TGO,"Industry (including construction), value added (% of GDP)",NV.IND.TOTL.ZS,30.30282777,29.37861583,30.21987224,31.07418651,28.03859935,24.42971431,25.0511548,26.20517466,23.7868088,20.597459,20.27238167,21.69524115,19.95209222,22.12824212,23.77218538,22.79404267,20.88353749,20.40173636,21.02960762,19.34441434,20.1584693,20.16934607,20.14113611
Togo,TGO,Fossil fuel energy consumption (% of total),EG.USE.COMM.FO.ZS,14.85630458,12.60194655,13.41171325,15.83117744,14.73178356,13.79186135,12.01048299,12.76947586,14.28820519,24.08754853,22.02284711,19.89320779,17.2042449,18.36505336,18.56617279,20.11683626,0,0,0,0,0,0,0
Togo,TGO,Population density (people per sq. km of land area),EN.POP.DNST,94.5033462,97.02853466,99.52700864,102.0806582,104.7344732,107.4578231,110.510535,113.7772385,117.0952749,120.4608384,123.7835999,127.164442,130.5522339,133.948189,137.3864681,140.8934547,144.4804008,148.1364221,151.8436845,155.5997058,159.3991543,163.2355028,167.1214929
Tonga,TON,Carbon dioxide (CO2) emissions excluding LULUCF per capita (t CO2e/capita),EN.GHG.CO2.PC.CE.AR5,0.984641156,0.929440012,1.0195044,1.201370807,1.064042409,1.146956119,1.252670513,1.070029796,1.155858718,1.220115109,1.175046555,1.115552663,1.099013586,1.115074992,1.236293371,1.269616853,1.357037262,1.678119898,1.490048974,1.788604037,1.818285022,1.910133662,2.024904324
Tonga,TON,GDP per capita (constant 2015 US$),NY.GDP.PCAP.KD,3866.685913,3901.18072,4050.989623,4030.196906,3928.060307,3880.070542,3775.248486,3665.8955,3833.601691,3630.76097,3653.978173,3892.768078,3932.593672,3962.169809,4058.815844,4123.903472,4419.814747,4568.62485,4590.842037,4576.850985,4656.931875,4683.299549,4594.634392
Tonga,TON,Energy use (kg of oil equivalent per capita),EG.USE.PCAP.KG.OE,..,..,..,..,542.4903161,539.4100557,536.4554413,543.4477072,..,..,..,..,..,..,..,..,..,..,..,..,..,..,..
Tonga,TON,Urban population (% of total population),SP.URB.TOTL.IN.ZS,23.012,23.041,23.069,23.098,23.127,23.155,23.184,23.227,23.281,23.335,23.389,23.443,23.435,23.382,23.328,23.275,23.222,23.169,23.131,23.107,23.099,23.104,23.125
Tonga,TON,Trade (% of GDP),NE.TRD.GNFS.ZS,61.5082393,62.40656439,73.83740938,73.21605682,73.97371512,76.20804944,66.35498847,68.22991825,72.65637912,74.34066489,70.79766812,78.85786489,77.97228728,82.7315812,74.73042547,81.35416544,84.89125382,88.04349259,87.45031196,90.3147731,83.45799235,66.17429326,75.31522899
Tonga,TON,Renewable energy consumption (% of total final energy consumption),EG.FEC.RNEW.ZS,2.5,2.7,2.5,2,2.1,2.1,1.9,2.2,2,1.8,1,1.1,1.1,1.6,1.7,1.9,2,2,1.8,1.8,1.9,1.8,2.3
Tonga,TON,"Industry (including construction), value added (% of GDP)",NV.IND.TOTL.ZS,18.10548323,18.41746029,17.68754253,17.06780034,16.5603762,16.66473228,15.32395159,15.70130292,15.51131811,16.77371542,18.04249827,19.08757088,18.86623201,15.89521341,16.1281891,15.54721335,15.97236763,16.42122744,15.33875272,15.66874811,15.09779789,17.89800822,15.54522009
Tonga,TON,Fossil fuel energy consumption (% of total),EG.USE.COMM.FO.ZS,..,..,..,..,0,0,0,0,..,..,..,..,..,..,..,..,..,..,..,..,..,..,..
Tonga,TON,Population density (people per sq. km of land area),EN.POP.DNST,142.6069444,143.4555556,144.2694444,145.0888889,145.9319444,146.7652778,147.5736111,148.2305556,148.6388889,148.8930556,149.1666667,149.4027778,149.25,148.7194444,148.0680556,147.3541667,146.5611111,146.3277778,146.6208333,146.7625,146.8111111,146.5138889,145.8916667
Trinidad and Tobago,TTO,Carbon dioxide (CO2) emissions excluding LULUCF per capita (t CO2e/capita),EN.GHG.CO2.PC.CE.AR5,14.49740637,16.39343768,17.63971919,20.27505604,21.4153622,27.05280982,29.70397798,30.2512761,29.44328501,28.5735658,31.13156573,31.06582059,28.50185067,27.82022697,27.60604545,27.19478212,24.87534115,23.96440305,23.97606521,24.33017958,21.78353363,20.95611301,20.4446462
Trinidad and Tobago,TTO,GDP per capita (constant 2015 US$),NY.GDP.PCAP.KD,10038.9827,10411.75885,11183.74222,12734.74875,13679.00318,15099.42613,17048.3311,17786.98091,18314.39352,17489.77292,17966.66203,17774.77123,18865.54677,19418.52774,20064.47989,19887.23374,18357.38489,17437.55378,17233.18287,17253.66145,15686.0929,15533.56936,15721.8301
Trinidad and Tobago,TTO,Energy use (kg of oil equivalent per capita),EG.USE.PCAP.KG.OE,7575.588963,8336.823023,8990.734417,10077.81246,10262.12904,12423.56831,13820.64675,14651.43926,14167.28346,14193.29908,15018.90978,14838.98829,14480.16911,14331.49854,14611.61822,14043.97598,12250.99269,12330.86332,12397.10074,12540.30044,10738.11726,11220.65278,11038.40685
Trinidad and Tobago,TTO,Urban population (% of total population),SP.URB.TOTL.IN.ZS,55.905,55.718,55.53,55.343,55.155,54.967,54.779,54.59,54.402,54.213,54.025,53.836,53.671,53.53,53.413,53.319,53.25,53.205,53.184,53.187,53.214,53.265,53.34
Trinidad and Tobago,TTO,Trade (% of GDP),NE.TRD.GNFS.ZS,..,..,..,..,..,..,..,..,..,..,..,..,..,..,..,..,..,..,..,..,..,..,..
Trinidad and Tobago,TTO,Renewable energy consumption (% of total final energy consumption),EG.FEC.RNEW.ZS,0.8,0.7,0.7,0.6,0.6,0.5,0.6,0.4,0.5,0.5,0.4,0.4,0.4,0.4,0.3,0.4,0.4,0.4,0.5,0.4,0.5,0.5,..
Trinidad and Tobago,TTO,"Industry (including construction), value added (% of GDP)",NV.IND.TOTL.ZS,47.53604681,45.20699108,42.90957541,51.49643806,54.36828015,59.64701535,60.81944155,59.65214217,63.97825968,53.13585288,53.81395645,57.05101228,46.8240898,44.98014101,43.63135696,35.97704721,34.41456926,36.18086662,37.78973399,35.47973035,31.35274596,38.98013522,46.05010546
Trinidad and Tobago,TTO,Fossil fuel energy consumption (% of total),EG.USE.COMM.FO.ZS,98.1964876,99.24992894,99.47302587,98.82899551,..,99.96489516,..,..,..,..,..,..,99.48207425,..,99.46398296,62.42046912,0,0,0,0,0,0,0
Trinidad and Tobago,TTO,Population density (people per sq. km of land area),EN.POP.DNST,257.2658869,258.3951267,259.6512671,260.9569201,262.2573099,252.3380117,253.0105263,254.0327485,255.0851852,255.3812865,256.8643275,258.8730994,260.2717349,261.317154,262.2500975,263.0929825,263.917154,264.4508772,264.9499025,265.8840156,266.4181287,266.5805068,266.2387914
Tunisia,TUN,Carbon dioxide (CO2) emissions excluding LULUCF per capita (t CO2e/capita),EN.GHG.CO2.PC.CE.AR5,2.163803446,2.230143904,2.183820613,2.141043279,2.244091502,2.286164888,2.342513007,2.392445216,2.411702577,2.38140641,2.575576027,2.412411865,2.56498687,2.532805462,2.678803309,2.694026379,2.589924912,2.600172113,2.565514775,2.546609998,2.398084459,2.574078596,2.513166153
Tunisia,TUN,GDP per capita (constant 2015 US$),NY.GDP.PCAP.KD,2864.550756,2941.742756,2950.20794,3058.232929,3218.727387,3301.942459,3444.555825,3642.124503,3760.123167,3835.255099,3906.911331,3784.746204,3900.051265,3947.592761,4021.604769,4014.947737,4015.296641,4062.226775,4128.103938,4154.958616,3749.267224,3902.542583,3983.491305
Tunisia,TUN,Energy use (kg of oil equivalent per capita),EG.USE.PCAP.KG.OE,748.2738312,781.4001218,783.697922,797.1583346,832.5546718,810.8369297,845.9856047,865.7644565,894.3041608,859.9629254,955.7070474,902.9030411,930.1686346,935.7970997,939.769133,952.9839551,955.1764939,973.9534815,973.0743413,950.6142637,896.515594,964.474883,956.0411189
Tunisia,TUN,Urban population (% of total population),SP.URB.TOTL.IN.ZS,63.432,63.818,64.202,64.585,64.95,65.237,65.524,65.809,66.093,66.376,66.657,66.938,67.218,67.495,67.772,68.056,68.346,68.642,68.945,69.254,69.568,69.888,70.214
Tunisia,TUN,Trade (% of GDP),NE.TRD.GNFS.ZS,82.63911067,89.55220119,85.34217597,82.39034071,86.9253447,90.25124788,93.94093041,104.059401,114.3436602,93.01687879,100.1510098,100.1063793,101.5507239,98.95495669,96.10710386,87.24853066,87.09266436,95.80880587,103.8717358,102.3320455,84.33826686,93.63896352,115.8276166
Tunisia,TUN,Renewable energy consumption (% of total final energy consumption),EG.FEC.RNEW.ZS,14.2,14.2,14.6,14.1,13.9,14.2,14.3,14.3,14.6,16.1,12.6,13.2,13,13.2,12.9,12.5,12.4,11.8,11.9,12.2,12.9,11.6,..
Tunisia,TUN,"Industry (including construction), value added (% of GDP)",NV.IND.TOTL.ZS,26.80662105,26.43669833,26.5762343,25.561442,25.57977265,26.43356977,27.18473125,28.90834161,31.44941852,28.04121533,29.52355177,30.54812597,30.12153682,29.13794673,27.12888364,24.89649474,24.00728747,23.62390515,23.68631373,23.23514894,21.51167218,23.2780365,24.67129739
Tunisia,TUN,Fossil fuel energy consumption (% of total),EG.USE.COMM.FO.ZS,87.10638748,87.30674745,87.06186634,86.79403488,87.03210989,86.31231655,86.57402631,86.58154702,86.68686432,85.94935055,87.62350335,87.93239403,88.29311184,88.1163344,88.20139712,74.58716858,0,0,0,0,0,0,0
Tunisia,TUN,Population density (people per sq. km of land area),EN.POP.DNST,62.85359809,63.52778708,64.18328399,64.8277034,65.43616761,66.01101957,66.59635685,67.20971936,67.85939109,68.55484681,69.29698764,70.06974125,70.86539006,71.71318872,72.56879506,73.39253347,74.20619207,74.99033213,75.73065139,76.43589727,77.07297245,77.55292225,78.00807158
Turkiye,TUR,Carbon dioxide (CO2) emissions excluding LULUCF per capita (t CO2e/capita),EN.GHG.CO2.PC.CE.AR5,3.47027994,3.120552503,3.241916577,3.386052516,3.438657254,3.549305818,3.911451708,4.28042733,4.21561191,4.183302631,4.267659619,4.482810993,4.577613759,4.384122346,4.604101139,4.702266072,4.934894769,5.393643979,5.268730271,5.008961068,5.070409816,5.474391947,5.104096776
Turkiye,TUR,GDP per capita (constant 2015 US$),NY.GDP.PCAP.KD,6325.096088,5887.685766,6192.18555,6473.462738,7028.755564,7579.372032,8023.150993,8414.253504,8376.149246,7862.870765,8396.92342,9201.337261,9519.815089,10195.84758,10556.11704,11049.99511,11264.61457,11953.66642,12148.29313,12073.86907,12179.66265,13449.92913,14055.10315
Turkiye,TUR,Energy use (kg of oil equivalent per capita),EG.USE.PCAP.KG.OE,1166.01412,1060.57072,1107.27991,1159.996658,1176.754302,1211.465616,1328.692301,1429.923006,1385.178015,1364.097304,1445.410164,1515.880336,1567.316061,1510.79119,1543.090957,1646.836311,1724.54364,1828.029868,1771.337429,1774.196257,1762.010622,1894.627193,1841.556307
Turkiye,TUR,Urban population (% of total population),SP.URB.TOTL.IN.ZS,64.741,65.34,65.974,66.602,67.225,67.84,68.45,69.053,69.651,70.241,70.825,71.402,71.974,72.531,73.077,73.611,74.134,74.644,75.143,75.63,76.105,76.569,77.022
Turkiye,TUR,Trade (% of GDP),NE.TRD.GNFS.ZS,42.35443704,49.87147514,47.98239405,46.22509763,48.82583815,46.14235705,48.76287107,47.85081675,50.5482539,46.78706695,46.69446523,53.30417564,52.83080266,52.5272988,53.76630117,51.0885436,48.32818623,55.76216875,62.61421854,63.1932929,61.34375577,71.08244396,81.17012969
Turkiye,TUR,Renewable energy consumption (% of total final energy consumption),EG.FEC.RNEW.ZS,17.3,18.1,17.5,16.3,16.8,15.3,14.2,12.5,12.5,13.1,14.2,12.7,13,13.8,11.5,13.3,13.2,11.4,11.8,14.1,13.7,12,..
Turkiye,TUR,"Industry (including construction), value added (% of GDP)",NV.IND.TOTL.ZS,26.79741217,25.50362309,24.59171985,24.79368756,25.10695716,25.23728328,26.03384574,26.37394825,26.14778198,24.0238464,24.49015183,26.83751694,26.64934736,27.67999217,28.11666119,27.83434929,28.08295977,29.13172126,29.43859753,27.33170283,28.02576653,31.13280073,31.29376746
Turkiye,TUR,Fossil fuel energy consumption (% of total),EG.USE.COMM.FO.ZS,85.8741209,86.04907646,86.04889567,86.14887429,86.71121737,88.29150177,89.08381634,90.20789773,90.83125521,89.46063685,89.9149991,90.76247065,89.7131432,89.60891068,91.3802711,87.42797662,0,0,0,0,0,0,0
Turkiye,TUR,Population density (people per sq. km of land area),EN.POP.DNST,85.0096293,86.073994,87.11821914,88.13550667,89.12414667,90.08167171,91.01171862,91.15823448,92.3192677,93.60238816,95.03547159,96.44066499,97.67788028,98.94056105,100.2844016,101.6312761,103.0078895,104.3523485,105.7744683,107.2975846,108.3438535,109.3347687,110.4165807
Turkmenistan,TKM,Carbon dioxide (CO2) emissions excluding LULUCF per capita (t CO2e/capita),EN.GHG.CO2.PC.CE.AR5,8.584349279,8.616807642,9.061687212,9.899863586,10.35137905,10.47007308,10.67747792,11.59150778,11.58785107,10.02076091,11.07988058,11.63699584,11.75777897,10.98985561,10.40010811,10.54313464,10.31386433,10.08072615,9.73066884,9.623638878,9.597445263,9.206049653,9.214041728
Turkmenistan,TKM,GDP per capita (constant 2015 US$),NY.GDP.PCAP.KD,2255.014968,2306.300576,2266.633663,2295.296206,2364.267252,2622.617963,2856.77457,3114.0633,3504.348433,3645.435224,3900.142379,4379.749434,4761.079276,5131.167365,5533.035288,5759.497904,5977.838281,6222.555906,6460.943568,6718.166081,6965.112269,7248.707632,7551.036501
Turkmenistan,TKM,Energy use (kg of oil equivalent per capita),EG.USE.PCAP.KG.OE,3247.662752,2700.908992,2214.785501,3005.387443,3714.908948,3554.434256,3604.332402,3507.282765,4237.18812,3648.039509,4077.813847,4315.102952,4232.430084,3952.268485,3758.606672,3722.78313,3589.909548,3558.319019,3427.906244,3465.565237,3395.8268,5128.824176,5625.645237
Turkmenistan,TKM,Urban population (% of total population),SP.URB.TOTL.IN.ZS,45.913,46.137,46.362,46.587,46.812,47.052,47.308,47.581,47.868,48.172,48.491,48.825,49.175,49.541,49.921,50.317,50.728,51.153,51.593,52.048,52.516,52.998,53.494
Turkmenistan,TKM,Trade (% of GDP),NE.TRD.GNFS.ZS,103.5803178,81.98585494,63.70468612,63.20175069,59.31996749,53.97234197,52.447301,56.27777778,94.7240752,104.9521793,96.86305584,111.0628338,109.3336526,98.59282268,91.09348296,81.29993057,62.0460847,53.57535671,50.90027264,44.2857594,35.93659385,33.05811708,37.36095096
Turkmenistan,TKM,Renewable energy consumption (% of total final energy consumption),EG.FEC.RNEW.ZS,0.1,0.1,0.1,0.1,0.1,0.1,0.1,0.1,0.1,0.1,0.1,0.1,0,0.1,0.1,0.1,0.1,0.1,0.1,0.1,0.1,0.1,..
Turkmenistan,TKM,"Industry (including construction), value added (% of GDP)",NV.IND.TOTL.ZS,41.06069309,41.97198724,40.29840849,38.88561569,37.87185045,37.06399418,35.79017034,37.70962963,60.54578532,60.91024284,59.13116435,65.86929124,66.57985591,63.42771208,60.66960111,54.29333035,51.43254366,47.04388965,44.90639828,42.41227932,37.38268803,37.12419869,40.44776698
Turkmenistan,TKM,Fossil fuel energy consumption (% of total),EG.USE.COMM.FO.ZS,..,..,..,..,..,..,..,..,..,..,..,..,..,..,..,78.96743591,0,0,0,0,0,0,0
Turkmenistan,TKM,Population density (people per sq. km of land area),EN.POP.DNST,9.751828996,9.949160513,10.14930947,10.35019045,10.55070542,10.7510842,10.95291852,11.15920669,11.37409614,11.6008597,11.84081885,12.09417786,12.36044943,12.63877812,12.9280595,13.22701253,13.53401783,13.84687294,14.16279871,14.47863299,14.78924946,15.09170089,15.38568085
Turks and Caicos Islands,TCA,Carbon dioxide (CO2) emissions excluding LULUCF per capita (t CO2e/capita),EN.GHG.CO2.PC.CE.AR5,0.945008009,0.939926441,1.257464679,1.274911401,1.225061253,1.40070035,1.695657366,1.994670727,2.140226784,2.284175178,2.3383435888,1.6657751405749999,1.6069816667499999,1.71715746,1.8045649074999999,1.7553043757250002,1.7799817304999999,1.6481472203791667,1.5778772349166665,1.7264745403125,1.3052163592666666,1.3544820932125001,1.2799092636
Turks and Caicos Islands,TCA,GDP per capita (constant 2015 US$),NY.GDP.PCAP.KD,..,..,..,..,..,..,..,32733.57822,33946.1854,26200.53915,25434.55757,25654.791,23975.03524,23132.98579,24145.82934,25736.10163,26370.38368,24684.20084,45311.99754,45798.37982,29477.57294,37487.78449,42205.2888
Turks and Caicos Islands,TCA,Energy use (kg of oil equivalent per capita),EG.USE.PCAP.KG.OE,..,..,..,..,..,..,..,..,..,..,..,..,..,..,..,..,..,..,..,..,..,..,..
Turks and Caicos Islands,TCA,Urban population (% of total population),SP.URB.TOTL.IN.ZS,84.55,85.362,86.007,86.608,87.188,87.745,88.281,88.797,89.294,89.77,90.228,90.668,91.09,91.483,91.851,92.195,92.517,92.817,93.098,93.36,93.605,93.834,94.047
Turks and Caicos Islands,TCA,Trade (% of GDP),NE.TRD.GNFS.ZS,..,..,..,..,..,..,..,..,..,..,..,..,..,..,..,..,..,..,..,..,..,..,..
Turks and Caicos Islands,TCA,Renewable energy consumption (% of total final energy consumption),EG.FEC.RNEW.ZS,0.4,0.4,0.4,0.4,0.4,0.4,0.3,0.3,0.3,0.3,0.3,0.4,0.4,0.4,0.4,0.4,0.4,0.3,0.4,0.5,0.5,0.8,0.8
Turks and Caicos Islands,TCA,"Industry (including construction), value added (% of GDP)",NV.IND.TOTL.ZS,15.01505901,14.00733892,14.09497859,14.77539185,16.71645399,18.19911248,20.22391177,19.97414317,19.54296127,16.19964276,11.93628893,9.387203447,9.501884727,9.831777237,9.291196388,9.665205346,9.464749935,10.80044798,9.095591743,8.629298795,11.13615502,9.8086552,10.04986337
Turks and Caicos Islands,TCA,Fossil fuel energy consumption (% of total),EG.USE.COMM.FO.ZS,..,..,..,..,..,..,..,..,..,..,..,..,..,..,..,..,..,..,..,..,..,..,..
Turks and Caicos Islands,TCA,Population density (people per sq. km of land area),EN.POP.DNST,19.71578947,20.60631579,21.68105263,22.87052632,24.05894737,25.25052632,26.44526316,27.65263158,28.87052632,30.09263158,31.30421053,32.46947368,33.81789474,35.42421053,36.89473684,38.53157895,40.33157895,42.01368421,43.74631579,45.43789474,46.72210526,47.62421053,48.26
Tuvalu,TUV,Carbon dioxide (CO2) emissions excluding LULUCF per capita (t CO2e/capita),EN.GHG.CO2.PC.CE.AR5,0,0,0,0,0,0,0,0,0,0,0,0,0,0,0,0,0,0,0,0,0,0,0
Tuvalu,TUV,GDP per capita (constant 2015 US$),NY.GDP.PCAP.KD,3056.55102,3043.159079,3320.168582,3152.22822,3042.612853,2864.905242,2900.927102,3069.673682,3230.221095,2987.803979,2879.296457,3028.251122,2922.0763,3030.552852,3035.243256,3357.834177,3558.61213,3666.201897,3757.859973,4345.996065,4233.018321,4396.048945,4515.297015
Tuvalu,TUV,Energy use (kg of oil equivalent per capita),EG.USE.PCAP.KG.OE,..,..,..,..,..,..,..,..,..,..,..,..,..,..,..,..,..,..,..,..,..,..,..
Tuvalu,TUV,Urban population (% of total population),SP.URB.TOTL.IN.ZS,46.018,46.429,46.841,47.656,48.678,49.699,50.721,51.743,52.765,53.782,54.796,55.807,56.815,57.814,58.786,59.73,60.645,61.53,62.387,63.215,64.014,64.785,65.527
Tuvalu,TUV,Trade (% of GDP),NE.TRD.GNFS.ZS,..,..,..,..,..,..,..,..,..,..,..,..,..,..,..,..,..,..,..,..,..,..,..
Tuvalu,TUV,Renewable energy consumption (% of total final energy consumption),EG.FEC.RNEW.ZS,0,0,0,0,0,0,0,0,0.2,0.2,0.4,0.2,0.3,0.7,0.7,3,7.3,7,6.4,6.3,5,5,5.2
Tuvalu,TUV,"Industry (including construction), value added (% of GDP)",NV.IND.TOTL.ZS,6.244230769,7.415185185,7.350322581,9.541333333,8.996129032,7.417666667,5.403125,7.441176471,12.26052632,11.03888889,5.525714286,8.892105263,7.635,7.49075,7.393488372,7.015510204,..,..,..,..,..,..,..
Tuvalu,TUV,Fossil fuel energy consumption (% of total),EG.USE.COMM.FO.ZS,..,..,..,..,..,..,..,..,..,..,..,..,..,..,..,..,..,..,..,..,..,..,..
Tuvalu,TUV,Population density (people per sq. km of land area),EN.POP.DNST,318.1333333,319.5333333,320.7666667,323.1666667,327.2,331.3333333,335.2,339.4,344.0333333,348.7,353.8,359.3333333,364.4666667,366.7,366.1333333,365.4333333,364.3333333,362.3,358.3666667,352.7,346.6333333,339.8,333.0666667
Uganda,UGA,Carbon dioxide (CO2) emissions excluding LULUCF per capita (t CO2e/capita),EN.GHG.CO2.PC.CE.AR5,0.058837132,0.058038423,0.064109518,0.065630383,0.066673995,0.079382651,0.089476965,0.104777086,0.109903377,0.117782653,0.1128592,0.122678941,0.12097874,0.119195036,0.127326044,0.143205247,0.148732632,0.149352666,0.158849224,0.157915287,0.15280556,0.165023884,0.152622807
Uganda,UGA,GDP per capita (constant 2015 US$),NY.GDP.PCAP.KD,509.1975532,519.4565479,547.4053389,564.7205392,585.3394891,604.4048131,650.2705409,684.5422418,722.565167,749.3428655,768.6240917,816.5163666,823.5804683,828.9886697,845.9786648,862.9346104,874.6483706,871.09388,895.0751279,920.9391015,917.0350318,919.4016752,933.0940564
Uganda,UGA,Energy use (kg of oil equivalent per capita),EG.USE.PCAP.KG.OE,386.5845954,386.0926038,387.3246481,388.3892264,388.6498072,392.2966793,393.8708942,396.66305,402.6989809,414.7921715,421.1429505,429.2711411,436.1210481,449.3821704,456.0376408,470.5604719,473.6042134,468.5530194,468.5026763,455.4213139,475.325187,483.4250191,482.8216215
Uganda,UGA,Urban population (% of total population),SP.URB.TOTL.IN.ZS,14.786,15.201,15.626,16.061,16.507,16.96,17.425,17.899,18.384,18.878,19.383,19.898,20.424,20.958,21.504,22.06,22.624,23.196,23.774,24.361,24.954,25.553,26.159
Uganda,UGA,Trade (% of GDP),NE.TRD.GNFS.ZS,32.74903334,35.32997678,36.27779416,36.58572646,35.46008625,38.99428548,43.63328579,46.77741665,56.25826821,47.06387807,38.26924904,39.75522556,43.50213714,43.10915487,36.01440108,37.68929833,31.20936202,36.83705293,36.6384056,39.36105396,37.00069239,41.71363074,34.50530193
Uganda,UGA,Renewable energy consumption (% of total final energy consumption),EG.FEC.RNEW.ZS,95.3,95.5,95.6,95.6,95.3,94.5,94.2,94.1,94.1,94.3,93.6,93.3,93.4,93.1,92.4,91.7,91.4,91.3,90.5,90.5,91.6,91,90.9
Uganda,UGA,"Industry (including construction), value added (% of GDP)",NV.IND.TOTL.ZS,21.4381816,21.16865431,22.92010212,22.67670777,20.86400881,23.51010649,22.76616115,25.07733143,25.76811004,27.28618529,27.59183362,27.55829568,27.17860734,25.46466468,25.22268201,27.10988488,26.16646039,26.03099481,26.23601165,26.6204367,26.49052459,27.14944169,26.76614863
Uganda,UGA,Fossil fuel energy consumption (% of total),EG.USE.COMM.FO.ZS,0,0,0,0,0,0,0,0,0,0,0,0,0,0,0,0,0,0,0,0,0,0,0
Uganda,UGA,Population density (people per sq. km of land area),EN.POP.DNST,120.1148591,123.8460337,127.7857465,131.8859116,135.9016816,139.9493969,144.1069166,148.4081377,152.8429658,157.40529,161.5340215,166.3402304,171.2419609,176.2270197,181.50578,187.1705865,193.492679,200.3659884,207.2902005,214.4406393,221.7093158,228.9593557,235.9501247
Ukraine,UKR,Carbon dioxide (CO2) emissions excluding LULUCF per capita (t CO2e/capita),EN.GHG.CO2.PC.CE.AR5,7.264858043,7.311881406,7.388393366,8.113813443,7.66588327,7.48273909,7.515197015,7.783519373,7.489089673,6.23415788,6.766214907,7.195809747,7.02924489,6.833021259,5.856825337,4.936916314,4.980389695,4.523703991,4.829840279,4.623106137,4.446227345,4.380606267,3.370030661
Ukraine,UKR,GDP per capita (constant 2015 US$),NY.GDP.PCAP.KD,1409.222656,1547.27832,1644.28125,1814.258545,2042.444946,2122.601563,2298.132324,2498.352051,2567.694092,2188.170166,2285.933838,2418.12085,2426.929443,2432.41626,2308.643555,2094.473877,2156.083008,2217.75293,2308.666992,2398.078369,2324.107422,2426.612305,1874.662964
Ukraine,UKR,Energy use (kg of oil equivalent per capita),EG.USE.PCAP.KG.OE,2700.10061,2730.984993,2786.004987,2914.066963,2957.984993,2964.777016,2866.623473,2961.883517,2875.896578,2453.439574,2848.781601,2732.88427,2650.998616,2517.911323,2298.607786,2027.641682,2007.977942,1967.835352,2068.756084,1987.624733,1932.921823,2096.062176,1479.47225
Ukraine,UKR,Urban population (% of total population),SP.URB.TOTL.IN.ZS,67.145,67.183,67.283,67.427,67.597,67.79,67.969,68.147,68.325,68.502,68.596,68.689,68.782,68.875,68.968,69.061,69.154,69.246,69.352,69.473,69.608,69.757,69.919
Ukraine,UKR,Trade (% of GDP),NE.TRD.GNFS.ZS,115.7357149,99.92612762,95.99466981,102.5901823,109.9817085,94.64757011,89.18105264,88.04656067,94.17189214,87.47616262,95.72973045,104.8050739,102.6227884,94.00166945,100.6917825,107.8066163,105.5212049,104.0349829,99.19981507,90.51123429,79.15645238,82.69796136,87.39651399
Ukraine,UKR,Renewable energy consumption (% of total final energy consumption),EG.FEC.RNEW.ZS,1.2,1.2,1,1,1.2,1.3,1.8,2.4,2.7,3,2.9,2.7,2.9,3.5,3.5,4.2,5.5,6.5,6.9,7.4,8.7,8.9,..
Ukraine,UKR,"Industry (including construction), value added (% of GDP)",NV.IND.TOTL.ZS,31.65027707,29.90789629,30.21551393,30.42670945,29.37176963,30.18619144,30.54345171,30.65852223,28.08343401,24.75983114,25.6492814,24.83912427,24.26605241,22.43026499,22.81899157,21.72795774,23.17836207,23.28880022,23.29333298,22.58041968,20.79994297,23.15371422,18.0108316
Ukraine,UKR,Fossil fuel energy consumption (% of total),EG.USE.COMM.FO.ZS,84.17171471,84.34872872,84.28025041,87.09655827,84.69523018,84.3391171,83.09494442,81.3592553,80.84764455,79.07268797,80.50574998,79.55574582,79.26347754,78.22992078,75.3571271,65.68814694,0,0,0,0,0,0,0
Ukraine,UKR,Population density (people per sq. km of land area),EN.POP.DNST,85.53837922,84.76198326,84.02195775,83.39685849,82.81752857,82.13185819,81.60503659,81.23659745,80.81746703,80.48009908,80.19057343,79.93484257,79.76602914,79.62226403,79.35987157,79.03622711,78.74610644,78.43266183,78.02710908,77.59312737,77.11428029,76.45605799,70.84702451
United Arab Emirates,ARE,Carbon dioxide (CO2) emissions excluding LULUCF per capita (t CO2e/capita),EN.GHG.CO2.PC.CE.AR5,25.31988007,27.19399827,26.16197932,25.95604439,25.96987063,26.25239293,25.39330419,24.3827555,26.0607102,24.65118089,23.7787288455,22.975605232124998,22.31997967808333,21.853697681249997,20.462887824999996,19.53578890416667,18.4072209045,16.517262127583333,14.342647921666666,14.385154994374998,13.6897836,13.228723899291666,12.321586439999999
United Arab Emirates,ARE,GDP per capita (constant 2015 US$),NY.GDP.PCAP.KD,57365.39833,54574.81417,52607.66151,54020.47357,56027.61004,55777.90183,57053.78956,52428.06807,48281.3478,42991.55352,42645.63596,43800.1593,42868.0975,43269.84047,43023.19042,43534.99727,43745.28817,42690.21478,42679.75191,42700.12979,40776.63087,41778.58388,42687.72072
United Arab Emirates,ARE,Energy use (kg of oil equivalent per capita),EG.USE.PCAP.KG.OE,8956.949299,11703.2751,10866.25188,10102.21686,9441.127157,9535.234232,9239.480124,8929.912913,9426.222525,9485.646966,8944.433481,8558.245294,8614.168814,8858.222426,9633.422121,10146.37679,10355.54761,8521.136772,8482.303172,8816.509436,8154.352941,8674.226414,8335.809572
United Arab Emirates,ARE,Urban population (% of total population),SP.URB.TOTL.IN.ZS,80.236,80.655,81.067,81.472,81.871,82.262,82.648,83.023,83.387,83.742,84.087,84.423,84.749,85.066,85.375,85.674,85.965,86.248,86.522,86.789,87.048,87.299,87.543
United Arab Emirates,ARE,Trade (% of GDP),NE.TRD.GNFS.ZS,..,89.86457993,93.07165881,102.3001695,116.6226125,119.5528716,119.4706696,136.7981529,148.513544,153.4619444,138.8920969,147.392662,159.9704706,161.1004825,163.687585,169.4762367,170.9768292,170.9208069,159.6427773,170.0681188,185.2805524,186.1089326,188.9454617
United Arab Emirates,ARE,Renewable energy consumption (% of total final energy consumption),EG.FEC.RNEW.ZS,0.1,0.1,0.1,0.1,0.1,0.1,0.1,0.1,0.1,0.1,0.1,0.1,0.1,0.1,0.1,0.1,0.1,0.2,0.3,0.7,0.9,1,..
United Arab Emirates,ARE,"Industry (including construction), value added (% of GDP)",NV.IND.TOTL.ZS,48.51701163,49.67634129,47.54574758,49.12101292,51.67834808,55.6434763,57.90311172,54.84022859,58.01797844,52.044956,51.67845948,57.07712068,56.56806174,54.20381498,51.98971367,43.35424493,41.02857173,42.52803476,46.91895759,44.52451604,42.17404307,47.13932402,51.08332896
United Arab Emirates,ARE,Fossil fuel energy consumption (% of total),EG.USE.COMM.FO.ZS,..,92.21394346,92.70304075,92.58788365,..,99.97775782,99.74936651,99.7510493,99.7729277,95.14325169,..,97.00346115,96.78246763,96.09041167,78.17856737,22.15196571,0,0,0,0,0,0,0
United Arab Emirates,ARE,Population density (people per sq. km of land area),EN.POP.DNST,49.19142495,52.43016052,55.71424951,59.03206139,62.36225007,65.68276542,70.53083638,79.197902,88.74491692,94.4390031,96.73103351,100.0357364,104.0755843,108.322036,113.4812729,119.7583357,125.8109687,129.8679949,131.6066038,133.0017601,132.3716981,134.8233174,141.8611236
United Kingdom,GBR,Carbon dioxide (CO2) emissions excluding LULUCF per capita (t CO2e/capita),EN.GHG.CO2.PC.CE.AR5,9.367569196,9.521509025,9.211748148,9.395637311,9.350849976,9.26021742,9.19944214,8.972710375,8.635719954,7.761566324,7.5772601293,6.681733698466666,6.734489857849999,6.322567821299999,5.551637779999999,5.137929162625,4.6464786154499995,4.310938374891666,4.034978528566667,3.6869649636875,3.146620083366667,3.188808166754167,2.9062839474
United Kingdom,GBR,GDP per capita (constant 2015 US$),NY.GDP.PCAP.KD,38921.89657,39769.87198,40312.98241,41390.60621,42167.35573,43023.22771,43724.89574,44524.5707,44065.61567,41712.83192,42311.43298,42459.96302,42794.77526,43274.33775,44324.39232,44983.88552,45485.651,46439.86168,46862.96736,47379.80148,42429.1858,45902.8332,47682.76153
United Kingdom,GBR,Energy use (kg of oil equivalent per capita),EG.USE.PCAP.KG.OE,3786.402811,3785.660124,3716.623373,3764.061917,3697.503818,3689.550517,3601.050908,3443.58716,3370.158112,3144.002013,3235.053838,2973.831206,3028.772233,2962.2976,2767.961884,2774.796828,2696.97999,2658.995773,2632.150672,2515.973446,2317.408539,2377.263689,2254.369416
United Kingdom,GBR,Urban population (% of total population),SP.URB.TOTL.IN.ZS,78.651,78.751,79.047,79.339,79.629,79.915,80.199,80.479,80.757,81.031,81.302,81.57,81.837,82.102,82.365,82.626,82.886,83.143,83.398,83.652,83.903,84.152,84.398
United Kingdom,GBR,Trade (% of GDP),NE.TRD.GNFS.ZS,52.5217306,52.82161351,51.37963421,50.23952305,50.45171124,52.68071684,56.91442748,52.96435344,56.69860693,55.00438403,59.27277497,63.56540097,62.22598273,61.99911191,59.09480412,57.20354969,59.70039841,63.12165003,64.54264825,64.66513364,58.7811376,58.58453662,68.88053014
United Kingdom,GBR,Renewable energy consumption (% of total final energy consumption),EG.FEC.RNEW.ZS,1,0.8,1,0.9,1.1,1.4,1.6,1.8,2.4,3,3.2,4,4.2,5.2,6.6,7.7,7.7,8.8,10.2,11.4,13.6,12.2,..
United Kingdom,GBR,"Industry (including construction), value added (% of GDP)",NV.IND.TOTL.ZS,22.62298865,21.71471947,21.29231962,20.84065121,20.24213749,20.26675265,20.13127379,19.73771184,19.99353665,18.55479267,18.58801047,18.32544404,18.30170127,18.62171677,18.22874888,18.09412294,17.59394872,17.80509988,17.90035237,17.75886435,17.41133528,16.73409469,17.24165502
United Kingdom,GBR,Fossil fuel energy consumption (% of total),EG.USE.COMM.FO.ZS,88.39519397,87.81199381,87.80183391,88.05916997,88.54722498,88.08121183,88.55078107,89.56908565,89.95987937,87.41174292,88.04715647,85.51490219,85.52134098,84.26220699,82.97322714,80.08878901,0,0,0,0,0,0,0
United Kingdom,GBR,Population density (people per sq. km of land area),EN.POP.DNST,243.4279089,244.366854,245.4035423,246.5489067,247.9556277,249.6639772,251.5058901,253.4719258,255.4747034,257.4144174,259.4401893,261.4756748,263.3447691,265.1138759,267.1020543,269.0364982,271.1817468,272.6656471,274.000744,275.4143761,275.8814533,276.8734758,279.4362006
United States,USA,Carbon dioxide (CO2) emissions excluding LULUCF per capita (t CO2e/capita),EN.GHG.CO2.PC.CE.AR5,21.01261815,20.62631384,19.91117273,19.96875246,20.08219708,19.9254743,19.40547459,19.49649028,18.70975171,17.18972167,16.9555576395,15.673785389166666,14.432863997583333,14.228621453624998,13.688195041666665,12.82713082575,12.0166272315,11.325965957166668,11.164846427333334,10.3407256425,8.867136321416666,9.008748278375,8.598291702
United States,USA,GDP per capita (constant 2015 US$),NY.GDP.PCAP.KD,48616.25463,48597.42461,48967.36612,49905.52331,51348.34734,52649.57131,53596.31524,54152.82927,53703.9629,51863.61834,52812.68299,53215.53623,54000.84108,54728.86018,55665.24112,56849.46979,57430.84993,58435.97075,59817.65568,61047.96482,59484.03355,62986.65631,64198.43249
United States,USA,Energy use (kg of oil equivalent per capita),EG.USE.PCAP.KG.OE,8055.145489,7824.243939,7840.460959,7791.303915,7878.537171,7843.391057,7694.406579,7756.014189,7484.832689,7053.358467,7162.55933,7009.64608,6820.460621,6888.381437,6915.641653,6789.647333,6663.496329,6590.835097,6738.272724,6700.93034,6141.531258,6445.834092,6511.688414
United States,USA,Urban population (% of total population),SP.URB.TOTL.IN.ZS,79.057,79.234,79.409,79.583,79.757,79.928,80.099,80.269,80.438,80.606,80.772,80.944,81.119,81.299,81.483,81.671,81.862,82.058,82.256,82.459,82.664,82.873,83.084
United States,USA,Trade (% of GDP),NE.TRD.GNFS.ZS,25.10298556,22.96718302,22.28638421,22.62729729,24.44805666,25.63855734,26.97528581,28.01201556,29.86778753,24.75952764,28.21988294,30.84247858,30.68183958,29.94130628,29.90656934,27.68821393,26.45259779,27.12533822,27.44535913,26.25848062,23.07977787,25.21365603,26.89168983
United States,USA,Renewable energy consumption (% of total final energy consumption),EG.FEC.RNEW.ZS,5.4,4.7,4.8,5.3,5.5,5.8,6.4,6.3,6.8,7.3,7.4,8.4,8.5,8.9,9,8.9,9.3,9.7,9.9,10.2,11,10.9,..
United States,USA,"Industry (including construction), value added (% of GDP)",NV.IND.TOTL.ZS,22.45310484,21.40536947,20.60381323,20.70565489,20.93730018,21.2237226,21.64491357,21.46921411,20.87379693,19.3014095,19.26721767,19.4538919,19.17945585,19.1998037,19.17876836,18.30668227,17.69363676,18.00393961,18.32233955,17.86150982,17.1157864,17.49538061,18.08359807
United States,USA,Fossil fuel energy consumption (% of total),EG.USE.COMM.FO.ZS,85.89915104,86.38617718,86.28080862,86.31084917,86.15756074,86.05262777,85.66259483,85.63845777,85.00510714,84.19511992,84.12338681,83.88767368,83.94460296,82.9728877,83.40198975,82.32581628,0,0,0,0,0,0,0
United States,USA,Population density (people per sq. km of land area),EN.POP.DNST,30.79730133,31.10362839,31.39354993,31.66453462,31.95894507,32.2548766,32.56739985,32.87861136,33.24368685,33.53639923,33.8213646,34.09042779,34.36368932,34.62465723,34.90137766,35.18097136,35.45845058,35.70499758,35.91499866,36.10047718,36.248223,36.30529264,36.51492126
Uruguay,URY,Carbon dioxide (CO2) emissions excluding LULUCF per capita (t CO2e/capita),EN.GHG.CO2.PC.CE.AR5,1.704301566,1.530915009,1.403777585,1.397970124,1.749875424,1.691444717,1.969444652,1.851841174,2.392906255,2.361838391,1.941041048,2.334989066,2.655033083,2.283178048,1.998638991,2.04265596,2.016581624,1.886090287,2.018804348,2.101138406,2.028762848,2.512471682,2.568747709
Uruguay,URY,GDP per capita (constant 2015 US$),NY.GDP.PCAP.KD,11096.33096,10643.5574,9806.771306,9878.756843,10366.90674,11131.39849,11574.47054,12310.48274,13165.83628,13691.71421,14722.37801,15443.99619,15949.3177,16639.40548,17122.03646,17125.90168,17357.235,17611.60367,17608.94412,17758.43844,16443.3635,17416.00522,18228.35584
Uruguay,URY,Energy use (kg of oil equivalent per capita),EG.USE.PCAP.KG.OE,948.5957013,831.8844845,772.0083483,774.9713272,884.9703634,916.6986128,990.4880243,985.9057325,1274.169495,1254.736289,1226.984085,1327.778788,1407.517573,1378.790927,1397.557776,1491.048972,1550.982996,1512.838188,1560.978979,1540.782512,1531.600556,1644.696939,1626.060349
Uruguay,URY,Urban population (% of total population),SP.URB.TOTL.IN.ZS,92.028,92.303,92.569,92.828,93.078,93.319,93.553,93.779,93.998,94.209,94.414,94.612,94.739,94.843,94.945,95.045,95.144,95.24,95.334,95.426,95.515,95.603,95.688
Uruguay,URY,Trade (% of GDP),NE.TRD.GNFS.ZS,36.71373815,36.30951264,40.02906731,51.75919958,61.47668809,58.87769633,61.97157452,59.21044784,65.20809501,53.39441927,51.6990372,53.24703401,55.06115416,49.71784647,49.08762406,45.32824081,48.47055838,46.3780042,47.79131048,49.74483412,47.73187332,58.31504102,61.0307951
Uruguay,URY,Renewable energy consumption (% of total final energy consumption),EG.FEC.RNEW.ZS,38.7,41.6,43.2,43.8,39.3,41.3,37.6,43.2,44.1,44.6,53.3,49.7,47.9,51.9,56.7,59.4,60.3,60.8,60.8,59.3,61.2,57.8,..
Uruguay,URY,"Industry (including construction), value added (% of GDP)",NV.IND.TOTL.ZS,22.04520372,21.93513374,21.86232885,23.09379441,22.43480581,23.77533687,22.8965222,23.64404864,22.76735131,24.07940704,24.52885572,22.70512024,22.86222893,23.66924034,24.70064115,25.44175805,18.86731445,18.03190372,18.33338867,17.56016942,16.95559097,17.7321589,17.70865421
Uruguay,URY,Fossil fuel energy consumption (% of total),EG.USE.COMM.FO.ZS,65.03780026,58.6231301,55.93943418,55.20021872,62.45710105,62.12389304,66.13597141,60.29128054,63.87490894,60.31028939,50.21804802,56.0681619,57.69389312,52.79896544,46.49126211,5.862567417,0,0,0,0,0,0,0
Uruguay,URY,Population density (people per sq. km of land area),EN.POP.DNST,18.6619015,18.70786767,18.7342418,18.74749172,18.75870186,18.77368872,18.79502914,18.82729402,18.86742658,18.91264427,18.9611473,19.0082562,19.05725631,19.11402697,19.17685979,19.24361216,19.30798194,19.36029025,19.39512056,19.41038738,19.42045481,19.40746772,19.37443149
Uzbekistan,UZB,Carbon dioxide (CO2) emissions excluding LULUCF per capita (t CO2e/capita),EN.GHG.CO2.PC.CE.AR5,5.271570393,5.258501867,5.35900422,4.984116103,5.044002251,4.728645833,4.990755661,4.781635461,4.925554216,4.394379135,4.776275611,4.79911388,4.190240122,4.062613912,3.732002858,3.488009143,3.635121316,3.708879595,3.763443484,3.798193104,3.663313203,3.904187212,3.975831561
Uzbekistan,UZB,GDP per capita (constant 2015 US$),NY.GDP.PCAP.KD,1269.721375,1306.606332,1341.95996,1381.825728,1466.613489,1549.045775,1643.146456,1773.758037,1904.458555,2025.042986,2144.640006,2271.009362,2395.840368,2530.684479,2659.990751,2803.19018,2918.677259,2995.767614,3108.161879,3259.369646,3249.051911,3442.724845,3576.715527
Uzbekistan,UZB,Energy use (kg of oil equivalent per capita),EG.USE.PCAP.KG.OE,1866.709543,1863.699507,1907.69659,1823.542322,1780.218986,1662.089728,1695.103569,1634.476962,1656.556501,1488.616781,1592.964766,1603.222395,1387.650122,1350.322497,1240.296649,1165.607524,1209.615234,1253.449408,1272.076219,1285.184441,1351.375201,1465.199085,1381.804488
Uzbekistan,UZB,Urban population (% of total population),SP.URB.TOTL.IN.ZS,46.126,46.606,47.088,47.571,48.054,48.537,49.021,49.505,49.989,50.472,50.956,51.15,51.05,50.95,50.85,50.75,50.65,50.55,50.478,50.433,50.416,50.427,50.466
Uzbekistan,UZB,Trade (% of GDP),NE.TRD.GNFS.ZS,44.05402998,56.77627759,58.95452471,70.45927469,76.5956692,69.52525842,67.47129217,74.41419298,79.74799203,68.6731422,49.2689978,49.65428849,44.23931913,42.37791497,36.35705466,30.75619143,29.19229704,42.55950819,64.1381395,64.96392276,56.05153083,57.4589717,62.84125254
Uzbekistan,UZB,Renewable energy consumption (% of total final energy consumption),EG.FEC.RNEW.ZS,0.7,0.8,1,1.4,1,1.6,0.8,0.9,0.8,1.2,1.3,0.9,1.3,1.2,1.4,1.7,1.6,1.7,1.5,1.6,1,1,..
Uzbekistan,UZB,"Industry (including construction), value added (% of GDP)",NV.IND.TOTL.ZS,20.22975796,19.95208414,19.38874124,20.44595693,22.30568469,26.01203261,26.83847024,26.86271728,29.0650709,30.35264382,21.22951481,19.77798046,20.42793816,21.29451964,22.07089255,22.52046082,22.9212713,24.72537784,28.64289864,31.99911837,32.02524333,32.39681801,31.48135075
Uzbekistan,UZB,Fossil fuel energy consumption (% of total),EG.USE.COMM.FO.ZS,..,..,..,..,..,..,..,..,..,..,93.47283615,..,..,..,..,..,0,0,0,0,0,0,0
Uzbekistan,UZB,Population density (people per sq. km of land area),EN.POP.DNST,56.85560538,57.55826992,58.26872917,58.98741847,59.72047915,60.47272106,61.25741195,62.1032148,63.06618161,64.08911216,65.12050233,66.13722066,67.145257,68.20746967,69.3523563,69.78970949,71.00591705,72.21980172,73.47808719,74.82539297,76.22006581,77.71125126,79.2892237
Vanuatu,VUT,Carbon dioxide (CO2) emissions excluding LULUCF per capita (t CO2e/capita),EN.GHG.CO2.PC.CE.AR5,0.456299891,0.51771702,0.496775808,0.558417104,0.424381778,0.422755741,0.371891832,0.5915689,0.566779494,0.619599452,0.649743125,0.737655766,0.593451541,0.593362202,0.673608976,0.598269078,0.609731446,0.681850007,0.870437041,0.845933866,0.839529141,0.860174977,0.887409518
Vanuatu,VUT,GDP per capita (constant 2015 US$),NY.GDP.PCAP.KD,2841.739094,2676.929345,2475.166364,2518.521315,2555.734323,2626.850579,2780.974759,2791.741841,2875.085241,2888.137158,2856.773776,2883.226896,2849.054483,2799.282627,2807.83423,2854.894123,2889.014048,2946.961862,2960.653767,2986.203691,2771.870988,2666.302698,2740.275455
Vanuatu,VUT,Energy use (kg of oil equivalent per capita),EG.USE.PCAP.KG.OE,..,..,..,..,145.8356627,142.3420004,143.5696985,158.1735028,..,..,..,..,..,..,..,..,..,..,..,..,..,..,..
Vanuatu,VUT,Urban population (% of total population),SP.URB.TOTL.IN.ZS,21.673,21.953,22.235,22.521,22.809,23.099,23.392,23.687,23.985,24.286,24.462,24.561,24.661,24.761,24.861,24.961,25.062,25.163,25.274,25.394,25.525,25.665,25.816
Vanuatu,VUT,Trade (% of GDP),NE.TRD.GNFS.ZS,87.15579178,87.77214514,91.69972369,91.56798959,98.7059775,100.1738203,89.54146181,90.1716511,105.7748526,108.4891791,103.8233122,96.99876642,104.4516297,106.4107571,105.1993183,108.7586657,106.3519353,105.5265737,110.6796598,99.38296882,69.91489483,58.00115325,65.10387753
Vanuatu,VUT,Renewable energy consumption (% of total final energy consumption),EG.FEC.RNEW.ZS,49.5,51.3,53.3,52.7,55.4,54.9,55.3,51.6,52.1,38.7,38.1,35.8,39,40.9,31.5,35.6,33.1,35.7,29.7,31.6,26,24.6,25
Vanuatu,VUT,"Industry (including construction), value added (% of GDP)",NV.IND.TOTL.ZS,11.22299084,9.047491996,8.951385659,8.189980481,7.597480577,7.847408918,8.094875645,7.949260842,9.109132519,11.19559891,12.87309988,9.994920543,7.874072577,8.211515929,7.500066573,10.74905191,10.47691091,10.16999167,10.09516627,9.502093997,10.27933174,8.772158256,7.546471528
Vanuatu,VUT,Fossil fuel energy consumption (% of total),EG.USE.COMM.FO.ZS,..,..,..,..,0,0,0,0,..,..,..,..,..,..,..,..,..,..,..,..,..,..,..
Vanuatu,VUT,Population density (people per sq. km of land area),EN.POP.DNST,15.28146021,15.67112387,16.06751436,16.4680886,16.87538966,17.28958162,17.71312551,18.15225595,18.61328958,19.09196062,19.54454471,19.97325677,20.41698113,20.87629204,21.34864643,21.82945037,22.32050861,22.84716981,23.40106645,23.95283019,24.51665299,25.09171452,25.68055783
"Venezuela, RB",VEN,Carbon dioxide (CO2) emissions excluding LULUCF per capita (t CO2e/capita),EN.GHG.CO2.PC.CE.AR5,5.616151177,5.735786525,5.822307577,5.522772188,5.683224657,5.821561302,5.839545771,5.640874981,5.849464541,5.810618484,6.135771363,5.926193032,6.557181463,6.450983642,6.343541312,5.754227812,5.295943017,4.971591499,4.722444537,4.129462828,2.542856286,2.520643763,2.759258253
"Venezuela, RB",VEN,GDP per capita (constant 2015 US$),NY.GDP.PCAP.KD,..,..,..,..,..,..,..,..,..,..,..,..,..,..,..,..,..,..,..,..,..,..,..
"Venezuela, RB",VEN,Energy use (kg of oil equivalent per capita),EG.USE.PCAP.KG.OE,2391.36796,2188.406067,2648.886525,2432.126305,2305.028052,2371.583407,2375.232059,2391.58062,2346.770225,2234.258251,2621.333852,2309.222446,2309.915428,2529.691238,2174.611448,2090.869862,1901.669582,1798.717601,1384.676917,1396.907839,1104.642487,1317.368674,1478.064343
"Venezuela, RB",VEN,Urban population (% of total population),SP.URB.TOTL.IN.ZS,87.559,87.85,87.876,87.902,87.928,87.954,87.98,88.006,88.031,88.057,88.083,88.108,88.123,88.133,88.144,88.154,88.165,88.183,88.208,88.24,88.279,88.325,88.378
"Venezuela, RB",VEN,Trade (% of GDP),NE.TRD.GNFS.ZS,47.85722155,42.14126802,48.57571065,50.57700738,55.3674556,60.12732976,58.66559156,56.19909548,51.82901238,38.52092966,46.13689352,49.6381216,50.40356738,54.27776127,48.09081353,..,..,..,..,..,..,..,..
"Venezuela, RB",VEN,Renewable energy consumption (% of total final energy consumption),EG.FEC.RNEW.ZS,15.3,14,12.8,13.4,14.6,14.2,15.6,16.6,16.4,16.2,13.8,14.8,13.8,15.4,12.1,15.4,14.6,14.3,14.6,15.8,31.2,33.7,..
"Venezuela, RB",VEN,"Industry (including construction), value added (% of GDP)",NV.IND.TOTL.ZS,46.40484826,42.91029316,46.65496991,48.84170707,51.11347644,53.08839747,51.9276624,49.28286268,50.61245934,40.81209353,48.40860228,48.63213241,45.16019843,44.72616122,37.24468889,..,..,..,..,..,..,..,..
"Venezuela, RB",VEN,Fossil fuel energy consumption (% of total),EG.USE.COMM.FO.ZS,77.03385807,86.27819549,76.80101024,74.73642901,81.72700969,77.0767628,84.93121632,75.83105453,86.07458202,89.52279523,86.06876313,87.86797854,95.52796248,80.31197982,90.07848524,3.034597869,0,0,0,0,0,0,0
"Venezuela, RB",VEN,Population density (people per sq. km of land area),EN.POP.DNST,27.80648263,28.32030157,28.8369945,29.355142,29.86320277,30.36767077,30.8652412,31.3467071,31.80510855,32.24114052,32.66606315,33.08793379,33.5058398,33.91213423,34.29973244,34.66240236,34.8797914,34.65259679,33.79354005,32.80777507,32.24769231,32.01386089,31.98573437
Viet Nam,VNM,Carbon dioxide (CO2) emissions excluding LULUCF per capita (t CO2e/capita),EN.GHG.CO2.PC.CE.AR5,0.732528345,0.796089633,0.927432238,0.975515529,1.143802302,1.239502911,1.254923197,1.366235668,1.476183584,1.628072758,1.792016781,1.771157298,1.74437693,1.800403131,1.950599075,2.162230813,2.387814049,2.420792373,2.949586532,3.488039818,3.589588132,3.447766333,3.259415781
Viet Nam,VNM,GDP per capita (constant 2015 US$),NY.GDP.PCAP.KD,1212.196578,1273.805269,1340.516705,1418.743375,1510.94449,1609.962683,1699.676203,1788.948503,1856.005199,1927.134271,2027.581844,2132.904538,2224.114043,2320.084314,2439.286557,2577.568853,2715.578874,2868.1368,3048.283276,3241.07649,3303.169498,3358.217348,3617.663115
Viet Nam,VNM,Energy use (kg of oil equivalent per capita),EG.USE.PCAP.KG.OE,372.4867382,393.0816273,424.5724495,441.3315012,485.4327054,509.2451266,515.0750425,544.6731834,572.0995423,615.1421471,670.1080291,663.5744401,664.3473126,674.6781651,745.6335318,679.445924,738.8795334,757.4799799,885.6468418,987.2714724,991.2812325,962.1995249,1023.057136
Viet Nam,VNM,Urban population (% of total population),SP.URB.TOTL.IN.ZS,24.374,24.937,25.511,26.092,26.683,27.281,27.888,28.504,29.128,29.762,30.417,31.08,31.752,32.429,33.115,33.809,34.51,35.213,35.919,36.628,37.34,38.052,38.766
Viet Nam,VNM,Trade (% of GDP),NE.TRD.GNFS.ZS,111.4170944,111.955938,116.6968687,124.3279544,133.0164979,130.714846,138.3136219,154.605384,154.3174796,134.7063177,113.9776875,125.2605779,123.2241167,130.8463549,135.4105215,144.9142282,145.409508,160.9800837,164.6639368,164.704215,163.2458628,186.6758328,183.1536191
Viet Nam,VNM,Renewable energy consumption (% of total final energy consumption),EG.FEC.RNEW.ZS,57.7,56.1,52.2,50.8,45.8,44.1,44.2,41.9,39.3,37,34.6,36.3,37.9,37.4,36.7,27.8,26.8,28.3,24.3,20.4,18.9,24.2,..
Viet Nam,VNM,"Industry (including construction), value added (% of GDP)",NV.IND.TOTL.ZS,36.73077533,38.12942166,38.48667879,39.47000781,40.20874953,38.1311399,38.58473103,38.51162485,37.07769638,37.38818638,33.02287714,34.58040878,35.86023239,35.57515044,35.29856849,34.26654664,34.11522886,35.39036407,36.54243341,36.8031369,36.74371329,37.39151925,38.48236124
Viet Nam,VNM,Fossil fuel energy consumption (% of total),EG.USE.COMM.FO.ZS,46.26898397,47.90945937,52.26660463,53.51007401,58.21631453,60.47116742,60.65040891,62.63628262,64.4393628,66.6432095,70.69722807,68.7056259,67.49737663,68.47347061,69.45218879,72.54715573,0,0,0,0,0,0,0
Viet Nam,VNM,Population density (people per sq. km of land area),EN.POP.DNST,248.0357841,250.6328104,253.6539172,256.5994034,259.0994646,259.203077,262.6892917,267.5771377,272.3080769,276.4402901,279.1472291,282.3901444,285.5586444,289.3641628,292.5592285,296.1974772,299.9489992,303.6887873,307.0466326,310.0344129,312.9231533,315.6539376,318.0326485
Virgin Islands (U.S.),VIR,Carbon dioxide (CO2) emissions excluding LULUCF per capita (t CO2e/capita),EN.GHG.CO2.PC.CE.AR5,0.001840909,0.001842486,0.001843165,0.001843233,0.001843896,0.001844117,0.001845546,0.001846091,0.00184507,0.00184495,0.00175346345,0.0017006806375,0.0016483653166666666,0.0015966160124999999,0.0015448974999999999,0.0014931790791666668,0.0014416456999999999,0.0013904294874999999,0.00133955105,0.0012890343125,0.001238749625,0.0011885644125,0.0011383794
Virgin Islands (U.S.),VIR,GDP per capita (constant 2015 US$),NY.GDP.PCAP.KD,..,..,43205.72467,43036.18151,44466.28722,46021.59057,47671.56718,49598.12591,50174.75289,46862.8076,47162.73756,43320.17677,36938.16821,34663.64606,34098.711,34007.35294,34614.74826,34435.49445,35174.10199,36309.74384,35850.74331,37313.04849,36983.43106
Virgin Islands (U.S.),VIR,Energy use (kg of oil equivalent per capita),EG.USE.PCAP.KG.OE,..,..,..,..,..,..,..,..,..,..,..,..,..,..,..,..,..,..,..,..,..,..,..
Virgin Islands (U.S.),VIR,Urban population (% of total population),SP.URB.TOTL.IN.ZS,92.586,92.814,93.036,93.251,93.461,93.664,93.861,94.053,94.239,94.419,94.594,94.761,94.919,95.07,95.213,95.35,95.48,95.603,95.721,95.832,95.939,96.04,96.136
Virgin Islands (U.S.),VIR,Trade (% of GDP),NE.TRD.GNFS.ZS,..,..,283.1698345,362.9683416,435.1593363,503.2068654,552.1186441,560.367893,863.195099,508.4027612,586.4014801,679.2327729,157.1777941,142.2418406,164.2917251,84.76658477,113.2964718,157.6963627,159.2403773,155.4234409,113.5965949,180.2973153,205.6292808
Virgin Islands (U.S.),VIR,Renewable energy consumption (% of total final energy consumption),EG.FEC.RNEW.ZS,0.5,0.6,0.6,0.6,0.6,0.7,0.7,0.7,0.7,0.8,0.7,1.2,2,2.9,4.2,5.6,5.7,5.3,5.8,6.2,5.9,5.9,5.9
Virgin Islands (U.S.),VIR,"Industry (including construction), value added (% of GDP)",NV.IND.TOTL.ZS,..,..,..,..,..,..,..,..,..,..,..,..,..,..,..,..,..,..,..,..,..,..,..
Virgin Islands (U.S.),VIR,Fossil fuel energy consumption (% of total),EG.USE.COMM.FO.ZS,..,..,..,..,..,..,..,..,..,..,..,..,..,..,..,..,..,..,..,..,..,..,..
Virgin Islands (U.S.),VIR,Population density (people per sq. km of land area),EN.POP.DNST,310.4057143,310.14,310.0257143,310.0142857,309.9028571,309.8657143,309.6257143,309.5342857,309.7057143,309.7257143,309.5914286,309.4,309.1085714,308.6885714,308.2342857,307.7485714,307.1885714,306.5171429,305.7171429,304.7685714,303.6857143,302.4857143,301.18
West Bank and Gaza,PSE,Carbon dioxide (CO2) emissions excluding LULUCF per capita (t CO2e/capita),EN.GHG.CO2.PC.CE.AR5,..,..,..,..,..,..,..,..,..,..,..,..,..,..,..,..,..,..,..,..,..,..,..
West Bank and Gaza,PSE,GDP per capita (constant 2015 US$),NY.GDP.PCAP.KD,2436.012077,2153.457354,1836.980425,2041.604846,2426.415656,2632.246274,2540.267631,2569.984341,2685.986018,2840.01595,2927.08102,3128.108111,3237.9162,3309.631202,3227.849345,3272.154324,3483.099035,3462.979861,3417.794408,3378.434621,2922.468011,3051.48607,3099.960901
West Bank and Gaza,PSE,Energy use (kg of oil equivalent per capita),EG.USE.PCAP.KG.OE,..,..,..,..,..,..,..,..,..,..,..,..,..,..,..,..,..,..,..,..,..,..,..
West Bank and Gaza,PSE,Urban population (% of total population),SP.URB.TOTL.IN.ZS,71.969,72.189,72.409,72.627,72.845,73.061,73.276,73.491,73.704,73.923,74.149,74.381,74.619,74.863,75.113,75.368,75.628,75.894,76.164,76.44,76.719,77.003,77.291
West Bank and Gaza,PSE,Trade (% of GDP),NE.TRD.GNFS.ZS,87.63909496,82.72597847,76.25288261,76.39868952,81.12359062,83.83635406,82.63747359,91.99924343,79.47991902,75.15119285,68.49765016,67.2495329,66.92932735,66.27131812,67.73983717,70.78096819,65.42251418,68.44866071,71.40127545,68.99349228,67.28819125,73.08354962,82.39492839
West Bank and Gaza,PSE,Renewable energy consumption (% of total final energy consumption),EG.FEC.RNEW.ZS,17.5,17.1,21.8,21.7,23.1,22.8,18.1,20.5,20.1,16.5,14.1,15.4,12.2,11.7,10.8,11,12.3,10.5,12.7,13.9,15,15.4,15.4
West Bank and Gaza,PSE,"Industry (including construction), value added (% of GDP)",NV.IND.TOTL.ZS,21.49248887,24.02277893,20.06862028,23.19052419,19.98870327,20.9844509,18.35536526,17.56796258,17.33694463,17.55815823,18.62624593,18.934213,20.23606697,18.55869187,17.97179353,16.42523833,17.26277799,19.23177083,19.28412568,18.43289462,17.02839998,17.68512894,17.39271086
West Bank and Gaza,PSE,Fossil fuel energy consumption (% of total),EG.USE.COMM.FO.ZS,..,..,..,..,..,..,..,..,..,..,..,..,..,..,..,..,..,..,..,..,..,..,..
West Bank and Gaza,PSE,Population density (people per sq. km of land area),EN.POP.DNST,485.4074751,497.9707641,510.8593023,524.0812292,537.645515,551.5607973,565.8362126,580.4810631,596.6739203,612.8071429,628.9303987,645.0142857,661.1292359,677.1940199,693.2554817,709.317608,725.4299003,740.0008306,758.9845515,778.2900332,797.8852159,817.0537759,837.1140249
"Yemen, Rep.",YEM,Carbon dioxide (CO2) emissions excluding LULUCF per capita (t CO2e/capita),EN.GHG.CO2.PC.CE.AR5,0.802287346,0.829100075,0.807080902,0.910447191,0.92507108,0.966288629,0.974579243,1.000194012,1.005338456,1.065816652,0.984657208,0.833853674,0.773794512,0.982040294,0.938063592,0.457351862,0.331022352,0.314049887,0.356586038,0.355001429,0.318360139,0.310937762,0.292772318
"Yemen, Rep.",YEM,GDP per capita (constant 2015 US$),NY.GDP.PCAP.KD,2114.652609,2129.752498,2148.868234,2164.840308,2185.769271,2237.616415,2234.721484,2235.729565,2244.023644,2257.447621,2356.199604,1994.836633,1981.458,2014.728906,1950.162545,1362.173812,1197.958659,1103.456349,1079.329384,..,..,..,..
"Yemen, Rep.",YEM,Energy use (kg of oil equivalent per capita),EG.USE.PCAP.KG.OE,241.8845024,260.2912469,244.7658801,264.0705544,279.8913321,289.0307537,299.5429249,283.812949,289.8115287,311.0805626,291.862,240.1924286,210.8277592,281.9531823,259.8159427,119.9940934,83.36953259,71.96503016,93.94087949,92.67747097,77.58769983,71.34206866,68.94953451
"Yemen, Rep.",YEM,Urban population (% of total population),SP.URB.TOTL.IN.ZS,26.267,26.787,27.315,27.849,28.39,28.936,29.49,30.051,30.619,31.194,31.776,32.364,32.958,33.559,34.165,34.777,35.394,36.016,36.642,37.273,37.908,38.546,39.188
"Yemen, Rep.",YEM,Trade (% of GDP),NE.TRD.GNFS.ZS,75.43883864,70.89239798,74.73045586,74.3826166,71.84667401,76.77328568,82.07616266,79.12342059,81.24471885,68.07139101,64.38563678,63.05945796,61.36163718,52.51187814,48.24304051,30.36765908,31.08154429,42.96990467,56.07782272,..,..,..,..
"Yemen, Rep.",YEM,Renewable energy consumption (% of total final energy consumption),EG.FEC.RNEW.ZS,0.9,0.9,0.9,0.8,0.8,0.7,0.8,0.8,0.7,0.7,0.8,0.9,1.1,0.8,0.8,2,2.6,3,2.9,3,3.5,3.7,..
"Yemen, Rep.",YEM,"Industry (including construction), value added (% of GDP)",NV.IND.TOTL.ZS,48.78357907,44.90835457,45.15362295,45.91411101,47.80155215,51.52338326,51.95881062,52.30363645,52.57152771,52.78566606,52.96074775,53.10656509,39.74845544,38.99441415,39.88825801,33.86615935,25.90226807,25.92404097,25.44299784,..,..,..,..
"Yemen, Rep.",YEM,Fossil fuel energy consumption (% of total),EG.USE.COMM.FO.ZS,98.37016562,98.49007183,98.39896717,98.52020951,98.6076277,98.65548857,98.70642622,98.63728664,98.67945076,98.75855694,98.62025137,98.28673901,98.03664895,98.4968312,95.02005383,60.07962518,0,0,0,0,0,0,0
"Yemen, Rep.",YEM,Population density (people per sq. km of land area),EN.POP.DNST,37.16904559,38.30927325,39.46263235,40.6393905,41.849285,43.16549236,44.59170597,46.05959051,47.56319677,49.10832812,50.67406671,52.2433036,53.85466409,55.5201091,57.25005019,59.01732864,60.81597439,62.67575999,64.55893706,66.50265735,68.44112923,70.34534159,72.39592401
Zambia,ZMB,Carbon dioxide (CO2) emissions excluding LULUCF per capita (t CO2e/capita),EN.GHG.CO2.PC.CE.AR5,0.194666783,0.190340415,0.194018585,0.203740214,0.202889383,0.210806225,0.198333772,0.175772786,0.181325647,0.196376843,0.209178356,0.227687107,0.291699626,0.29729209,0.315174628,0.324408264,0.343079986,0.40577204,0.448224835,0.379537707,0.392310459,0.39608017,0.387387685
Zambia,ZMB,GDP per capita (constant 2015 US$),NY.GDP.PCAP.KD,804.4846342,822.0209353,833.0211775,863.6501907,895.4752585,929.0792559,968.563565,1013.085674,1053.586123,1110.719181,1183.417124,1208.464246,1258.789386,1280.770122,1299.012418,1295.877887,1303.575139,1308.768292,1321.250457,1301.18133,1228.735001,1269.108218,1298.84805
Zambia,ZMB,Energy use (kg of oil equivalent per capita),EG.USE.PCAP.KG.OE,595.5678963,596.3499279,603.8177904,611.0866218,611.6290424,607.9424094,604.4421953,597.3996344,616.7852414,619.9899505,629.0829008,646.0791731,662.3309907,671.7125307,682.7416277,686.589018,683.7142301,702.7248419,726.4802243,741.6168948,759.0227185,769.932819,800.6748735
Zambia,ZMB,Urban population (% of total population),SP.URB.TOTL.IN.ZS,34.802,35.002,35.475,35.951,36.43,36.911,37.395,37.881,38.371,38.861,39.355,39.851,40.354,40.865,41.382,41.907,42.438,42.976,43.521,44.072,44.629,45.192,45.761
Zambia,ZMB,Trade (% of GDP),NE.TRD.GNFS.ZS,60.38746899,64.66828271,64.916497,62.31284468,70.81307493,62.20028219,57.85681887,65.77145869,59.45488912,56.12138096,65.01470252,72.79543244,75.36770986,80.45624102,76.19349973,79.86526876,73.95856125,71.58569465,74.88836953,68.79120494,79.20684941,86.20851119,69.29731542
Zambia,ZMB,Renewable energy consumption (% of total final energy consumption),EG.FEC.RNEW.ZS,90,89.8,89.6,89.3,89.4,88.9,89.7,90.7,89.8,89.2,89.2,87.9,85.4,85.3,84.6,84,84,83.5,83.8,86.1,85.4,83,..
Zambia,ZMB,"Industry (including construction), value added (% of GDP)",NV.IND.TOTL.ZS,23.24389415,23.36061169,23.87555244,24.13497304,25.69612518,26.84962403,30.39611732,31.90968043,30.99061557,30.22446888,32.23891476,34.44428192,32.01065039,32.55644911,32.94414802,33.65724912,34.87716661,37.30404492,34.48532158,34.94198122,40.19768966,41.83193847,35.28382102
Zambia,ZMB,Fossil fuel energy consumption (% of total),EG.USE.COMM.FO.ZS,9.265510823,9.457072687,9.742836818,10.03649031,9.931185638,10.3694966,9.536345395,6.72215088,7.079199127,7.179540613,7.260415576,7.970049783,9.866175441,9.831695372,10.42717468,4.526124327,0,0,0,0,0,0,0
Zambia,ZMB,Population density (people per sq. km of land area),EN.POP.DNST,13.47560634,13.88932458,14.32350314,14.77501043,15.25201846,15.76402561,16.31654044,16.90241327,17.51614092,18.14712197,18.78636247,19.42156338,20.06164866,20.71456032,21.38220181,22.05987301,22.75309461,23.46187062,24.17784608,24.90461131,25.6384872,26.37055516,27.10950914
Zimbabwe,ZWE,Carbon dioxide (CO2) emissions excluding LULUCF per capita (t CO2e/capita),EN.GHG.CO2.PC.CE.AR5,1.227323621,1.213182434,1.096656233,0.887558316,0.83229715,0.91612627,0.842096017,0.818740434,0.634570989,0.604163956,0.753562972,1.165517162,0.921993355,0.907383632,0.886702448,0.881275682,0.771648845,0.714627029,0.816125523,0.73138176,0.584283212,0.672479507,0.682242939
Zimbabwe,ZWE,GDP per capita (constant 2015 US$),NY.GDP.PCAP.KD,1676.492453,1689.285246,1524.301891,1250.281759,1164.950291,1088.076995,1037.69395,986.6958163,802.6350294,896.457891,1055.669926,1184.32961,1359.458296,1367.120401,1380.549271,1386.418559,1377.639277,1422.19346,1471.39489,1356.838211,1230.191557,1311.531,1368.498418
Zimbabwe,ZWE,Energy use (kg of oil equivalent per capita),EG.USE.PCAP.KG.OE,555.920693,540.270614,519.5818002,477.2007975,449.2720215,479.1905984,494.3837663,472.9664564,416.0614874,417.9933583,420.0285765,444.8069627,454.7080202,462.8652831,460.3320171,453.579543,423.1855089,416.1962328,445.1750952,412.1654195,373.5572462,405.5185636,416.5868754
Zimbabwe,ZWE,Urban population (% of total population),SP.URB.TOTL.IN.ZS,33.758,34.17,34.585,34.479,34.294,34.11,33.926,33.743,33.56,33.378,33.196,33.015,32.834,32.654,32.504,32.385,32.296,32.237,32.209,32.21,32.242,32.303,32.395
Zimbabwe,ZWE,Trade (% of GDP),NE.TRD.GNFS.ZS,74.06741113,67.89787217,66.80735156,70.45198822,76.0396086,76.04370728,82.82064878,84.17290443,109.5216372,61.77649097,83.12340479,89.46594372,74.16270038,58.65607371,54.67175925,56.74965266,51.21903766,55.02831783,54.55031659,55.79598437,47.31338201,50.84712332,64.76360738
Zimbabwe,ZWE,Renewable energy consumption (% of total final energy consumption),EG.FEC.RNEW.ZS,69.5,72.3,74.7,78,81.8,80.3,78.7,78,81.6,82.6,81.2,77.2,77,79.3,80.8,80.8,81.7,82,79.7,81,84.1,82.4,..
Zimbabwe,ZWE,"Industry (including construction), value added (% of GDP)",NV.IND.TOTL.ZS,..,..,..,..,24.38274924,26.47797949,30.6507756,32.46205969,30.48296185,21.45424397,20.69381092,21.72047793,25.33074282,23.79963687,23.71851575,22.35846276,22.114973,32.01558416,31.03791073,32.02594288,32.76751828,28.80558596,39.69164138
Zimbabwe,ZWE,Fossil fuel energy consumption (% of total),EG.USE.COMM.FO.ZS,56.04816041,57.24632102,53.73130854,47.95202111,46.44636527,48.71913487,44.99087643,44.61557305,39.36579425,39.80155865,41.90789211,48.30200318,49.65501095,50.62370098,50.21143228,51.17646581,0,0,0,0,0,0,0
Zimbabwe,ZWE,Population density (people per sq. km of land area),EN.POP.DNST,30.7407393,30.94713972,31.24635647,31.62032571,31.96560941,32.26943777,32.6649735,33.09824997,33.4991573,33.97386584,34.52642626,35.14391625,35.71897893,36.22543105,36.72575675,37.22117875,37.74148636,38.28998837,38.86377666,39.47620008,40.13671449,40.83549179,41.53820861
Africa Eastern and Southern,AFE,Carbon dioxide (CO2) emissions excluding LULUCF per capita (t CO2e/capita),EN.GHG.CO2.PC.CE.AR5,1.062240409,1.064005253,1.069149856,1.096139047,1.150298733,1.15243439,1.142417212,1.16052182,1.192123437,1.108091443,1.107587414,1.067058723,1.073628687,1.086449162,1.096416272,1.043372669,1.026116204,1.012872687,0.997156909,0.983491717,0.845417186,0.863532874,0.816361437
Africa Eastern and Southern,AFE,GDP per capita (constant 2015 US$),NY.GDP.PCAP.KD,1196.929766,1207.229159,1221.245925,1224.806285,1259.135921,1301.661617,1350.730577,1402.259248,1424.162197,1398.077727,1431.211958,1449.8535,1436.27451,1457.672907,1475.739039,1479.61526,1472.69923,1472.971152,1471.438317,1463.437891,1383.724119,1409.040699,1421.797169
Africa Eastern and Southern,AFE,Energy use (kg of oil equivalent per capita),EG.USE.PCAP.KG.OE,635.5502178,621.510018,604.9365011,628.094857,641.9410118,626.0867641,630.0495178,639.8933438,658.3978574,659.1211473,627.1562396,635.0468101,610.8042366,613.0494301,620.9486524,608.7628245,607.2978092,597.7863854,585.0441454,587.6480365,566.9607232,579.8166931,562.0606994
Africa Eastern and Southern,AFE,Urban population (% of total population),SP.URB.TOTL.IN.ZS,28.81336083,29.11001117,29.42389032,29.73486972,30.04803978,30.38099534,30.70402002,30.95824503,31.36278288,31.77423731,32.19559535,32.62806882,33.05274222,33.49655656,33.95963311,34.44728076,34.91954438,35.39628946,35.89339793,36.38427229,36.88403448,37.39363253,37.90901202
Africa Eastern and Southern,AFE,Trade (% of GDP),NE.TRD.GNFS.ZS,46.4662178,47.85378199,59.42482008,56.79230438,57.83405618,60.35136644,60.86342631,66.8260114,74.41619994,63.7968822,63.47816046,64.63835882,62.44503929,62.58776081,61.01546205,55.59722375,52.8916428,52.62034059,55.54701362,52.60904544,50.38405324,55.64409433,58.64228728
Africa Eastern and Southern,AFE,Renewable energy consumption (% of total final energy consumption),EG.FEC.RNEW.ZS,65.38586653,65.81736278,65.09928118,64.6151242,63.67803507,63.10909827,62.73812357,61.50516866,61.90802661,61.30460063,62.87638681,62.80527916,61.4099643,60.80179905,61.23588169,61.67027805,61.82288419,61.42694976,61.58752983,62.69070961,65.7823798,..,..
Africa Eastern and Southern,AFE,"Industry (including construction), value added (% of GDP)",NV.IND.TOTL.ZS,26.74151263,26.78680008,27.38598015,26.64362094,26.9355433,27.87367949,27.97214664,29.15800622,30.59716896,26.69911573,27.64216069,28.7747164,28.5566166,27.84594803,27.18625375,25.21806742,25.03212953,26.28571812,27.85830066,26.42283705,25.43572975,26.08577457,26.93251477
Africa Eastern and Southern,AFE,Fossil fuel energy consumption (% of total),EG.USE.COMM.FO.ZS,47.75092313,46.98700102,45.02640585,47.42923829,49.04313985,48.20603823,48.63865459,50.77884824,51.95830847,51.76654532,49.88865894,49.84521121,47.98881486,47.79082449,48.4840013,47.32488114,47.20427653,46.75161502,45.85620979,46.22199297,43.23220465,43.48551575,42.99310862
Africa Eastern and Southern,AFE,Population density (people per sq. km of land area),EN.POP.DNST,33.30351066,34.17687461,35.07986258,36.01076535,36.52957466,37.51359195,38.52863064,39.57953907,40.67248315,41.80105278,42.95749127,44.12546335,37.69651656,38.74697531,39.80915464,40.89719951,41.99155377,43.11581959,44.31093941,45.53346547,46.77951358,48.03547281,49.29720074
Africa Western and Central,AFW,Carbon dioxide (CO2) emissions excluding LULUCF per capita (t CO2e/capita),EN.GHG.CO2.PC.CE.AR5,0.533661233,0.551083899,0.502950754,0.528566211,0.510387031,0.500513165,0.464381052,0.437051092,0.451267465,0.417316125,0.456851165,0.473954567,0.470348079,0.504400161,0.513469247,0.499586915,0.506323433,0.495060473,0.509712919,0.518890459,0.49715916,0.512748783,0.505462163
Africa Western and Central,AFW,GDP per capita (constant 2015 US$),NY.GDP.PCAP.KD,1184.360138,1211.606574,1295.460247,1330.01535,1397.579893,1438.765737,1473.575757,1511.398028,1561.496903,1611.51321,1677.427937,1711.405763,1750.025891,1805.526433,1857.258755,1860.727694,1815.168693,1808.716493,1814.688734,1829.07062,1768.313565,1796.602085,1824.953296
Africa Western and Central,AFW,Energy use (kg of oil equivalent per capita),EG.USE.PCAP.KG.OE,285.6573223,289.2371824,292.1773205,296.9800669,302.2958868,312.3347019,302.907262,300.3024683,306.7965744,295.4232855,336.4129791,359.0643928,353.413958,356.9136613,354.7598513,336.9786679,343.8963375,332.429748,325.4677663,341.6661325,336.5664069,350.10251,351.9130616
Africa Western and Central,AFW,Urban population (% of total population),SP.URB.TOTL.IN.ZS,35.34169826,35.9510346,36.56277145,37.18311439,37.81095224,38.44837937,39.09461156,39.73859071,40.3795094,41.02339222,41.67242262,42.3164261,42.95683755,43.58795259,44.21827849,44.84909949,45.47385023,46.09413656,46.70975262,47.32261736,47.93102096,48.53197106,49.12980799
Africa Western and Central,AFW,Trade (% of GDP),NE.TRD.GNFS.ZS,..,..,..,..,..,..,..,..,..,..,..,..,..,..,..,..,..,..,..,..,..,..,..
Africa Western and Central,AFW,Renewable energy consumption (% of total final energy consumption),EG.FEC.RNEW.ZS,83.10151249,81.93924286,81.73552798,80.71044977,80.79053673,80.93403364,81.87330983,82.33001495,81.21117027,82.39021326,80.68780622,79.28228706,78.48123,76.70149874,75.74100888,76.18167052,75.79683983,76.10168059,75.47657774,75.07878817,75.8469801,..,..
Africa Western and Central,AFW,"Industry (including construction), value added (% of GDP)",NV.IND.TOTL.ZS,31.80370439,27.81248943,25.12679297,27.19601308,28.99307234,29.55062436,28.25911118,27.16761293,28.2040622,24.67893138,27.3980746,30.32774743,29.74560908,28.75997735,27.32995419,23.15169181,21.51731607,24.42421162,26.69683458,27.5089101,27.18355752,29.39930663,30.03615265
Africa Western and Central,AFW,Fossil fuel energy consumption (% of total),EG.USE.COMM.FO.ZS,37.91625282,38.84855596,39.00727641,39.96735857,38.12343961,39.77611375,38.17242962,38.06761326,38.9454619,36.4636482,43.80847146,46.5797119,44.26175314,44.95320036,47.09635642,45.78918793,47.33823946,45.66376092,45.20891338,47.64144672,47.06107605,47.06742672,47.11774548
Africa Western and Central,AFW,Population density (people per sq. km of land area),EN.POP.DNST,30.39742797,31.26106505,32.15220744,33.06987844,34.01863631,34.99847177,36.00166685,37.03209408,38.09357612,39.17228188,40.27936452,41.43259542,42.60111886,43.78065872,44.99247682,46.22352578,47.4757006,48.73907015,49.98970957,51.22452542,52.46312376,53.71801802,54.98559161
Arab World,ARB,Carbon dioxide (CO2) emissions excluding LULUCF per capita (t CO2e/capita),EN.GHG.CO2.PC.CE.AR5,3.506669346,3.628226463,3.662570903,3.683577756,3.799737436,3.97372625,4.074203344,4.133140011,4.327413953,4.371369733,4.542205018,4.5598675,4.770973998,4.749155878,4.800313015,4.796052633,4.743015013,4.71887557,4.600947837,4.572471903,4.27290949,4.400698103,4.403588402
Arab World,ARB,GDP per capita (constant 2015 US$),NY.GDP.PCAP.KD,4915.070984,4897.858682,4840.411002,4931.739099,5255.595388,5418.237516,5621.032892,5733.499951,5900.679148,5793.595217,5953.890883,6038.370511,6196.73883,6200.059175,6213.194853,6262.041685,6335.746273,6309.558822,6362.199762,6351.40327,5923.373507,6091.325443,6369.413205
Arab World,ARB,Energy use (kg of oil equivalent per capita),EG.USE.PCAP.KG.OE,1309.745456,1388.577224,1427.303567,1413.091414,1434.789959,1502.780989,1543.333885,1573.215074,1648.782097,1689.546637,1751.686993,1756.145849,1794.398011,1773.108931,1834.763536,1838.08041,1837.889245,1845.538332,1813.736914,1794.801054,1677.419114,1736.005257,1780.222858
Arab World,ARB,Urban population (% of total population),SP.URB.TOTL.IN.ZS,52.32627231,52.61617935,52.9051618,53.20512933,53.5065936,53.8531372,54.22887599,54.49378807,54.90301133,55.29603825,55.56549255,55.87256489,56.16570524,56.54953715,56.90481489,57.32507201,57.65310275,57.86274721,58.01048423,58.20454211,58.49667413,58.6629266,59.05426702
Arab World,ARB,Trade (% of GDP),NE.TRD.GNFS.ZS,72.01320139,73.22578749,73.51966997,80.17857909,84.50680772,88.64571645,88.94087196,92.9395641,96.75734782,88.78404998,85.90015219,88.75040865,90.25871691,89.29795764,87.1740681,82.44414232,76.86120837,80.25104903,80.59966492,79.98516961,75.08922197,79.92741546,87.2777227
Arab World,ARB,Renewable energy consumption (% of total final energy consumption),EG.FEC.RNEW.ZS,6.686209179,6.515987352,6.359882262,6.465954946,6.741183514,6.404486709,6.195647096,5.600045779,5.131308702,5.055222382,4.835621592,4.659462839,4.444282183,4.483237394,4.351372451,4.214969412,4.290777562,4.358161798,4.504258234,4.70633158,5.170600734,..,..
Arab World,ARB,"Industry (including construction), value added (% of GDP)",NV.IND.TOTL.ZS,50.00238713,46.74747752,46.79366666,47.40096181,49.61245438,53.41413005,54.62749341,53.41904357,56.1453364,47.71538591,50.22554145,53.60456017,54.35266952,52.17388567,49.6681264,40.59095286,38.31626221,40.9322379,44.69759238,42.58212174,36.48526221,42.96337019,48.85023979
Arab World,ARB,Fossil fuel energy consumption (% of total),EG.USE.COMM.FO.ZS,94.73678133,94.88839115,95.07212764,95.13741361,95.04708624,95.34888339,95.50886948,95.82768824,96.22200251,96.29278377,96.36874732,96.45403923,96.55592613,96.50483395,96.70313898,96.78705277,96.8468046,96.88474091,96.80559195,96.63220776,96.31761711,96.12221828,95.83928334
Arab World,ARB,Population density (people per sq. km of land area),EN.POP.DNST,25.50397007,26.12986115,26.76279254,27.39726108,28.04214676,28.7157315,29.41852789,30.16804543,30.9456223,31.72723537,32.36662182,33.12210727,29.08442808,29.84238257,30.55077264,31.31100357,32.04514421,32.6945464,33.28095326,33.91319589,34.6339103,35.16236238,35.99183363
Caribbean small states,CSS,Carbon dioxide (CO2) emissions excluding LULUCF per capita (t CO2e/capita),EN.GHG.CO2.PC.CE.AR5,6.176260272,6.782696239,7.10289848,7.927765805,8.345086188,9.974964613,10.80256985,11.04474298,10.81783462,10.4811089,11.43462003,11.27752757,10.6452372,10.42050581,10.41768827,10.30297453,9.744126977,9.310695488,9.244274397,9.594038802,8.731590729,8.51225239,8.317394176
Caribbean small states,CSS,GDP per capita (constant 2015 US$),NY.GDP.PCAP.KD,10372.10533,10514.77244,10852.14895,11428.53237,11879.25318,12497.38753,13401.59299,13831.99074,13979.63348,13436.70139,13604.5629,13630.096,14138.38389,14247.78311,14514.36553,14402.47258,13879.43941,13691.87347,13729.86964,13745.43244,12447.48159,13195.18152,15115.62831
Caribbean small states,CSS,Energy use (kg of oil equivalent per capita),EG.USE.PCAP.KG.OE,..,..,..,..,4055.218344,4689.430009,5122.885648,5373.670675,..,..,..,..,..,..,..,..,..,..,..,..,..,..,..
Caribbean small states,CSS,Urban population (% of total population),SP.URB.TOTL.IN.ZS,49.41182511,49.38646918,49.320906,49.23539,49.1376927,48.93628177,48.82307097,48.71965402,48.61773715,48.5133312,48.42870044,48.38381179,48.37391744,48.35694324,48.35372139,48.35964192,48.37517339,48.4023208,48.35980606,48.37405669,48.47893841,48.55212102,48.65293727
Caribbean small states,CSS,Trade (% of GDP),NE.TRD.GNFS.ZS,..,..,..,..,..,..,..,..,..,..,..,..,..,..,..,..,..,..,..,..,..,..,..
Caribbean small states,CSS,Renewable energy consumption (% of total final energy consumption),EG.FEC.RNEW.ZS,11.34384537,10.46335766,10.94557654,10.02744051,10.06868545,8.829191412,9.420700637,8.525360825,8.718660489,8.57920034,7.763243874,8.846320682,7.939568068,6.860158103,6.016137667,6.197360248,6.682684509,7.412938331,7.197383097,5.888228155,6.288435679,..,..
Caribbean small states,CSS,"Industry (including construction), value added (% of GDP)",NV.IND.TOTL.ZS,25.34070118,24.11716403,23.56301858,28.04892826,30.18332196,33.79074008,35.47714402,35.3476694,40.36432862,31.76307465,33.07479764,35.768435,31.38779001,30.55670983,29.6495114,24.89294216,24.29896275,25.28574229,25.61894778,24.65783257,24.55325333,29.54476033,36.58426189
Caribbean small states,CSS,Fossil fuel energy consumption (% of total),EG.USE.COMM.FO.ZS,98.53551034,98.6592747,98.68392043,98.93811711,85.93227145,87.34590708,88.23268601,88.68609574,99.11728606,99.12394071,99.28868914,99.36232427,99.42374053,99.41842093,99.54847812,99.57083173,99.38550996,99.31631681,99.28159427,99.31807736,99.22624991,99.24604975,99.27488851
Caribbean small states,CSS,Population density (people per sq. km of land area),EN.POP.DNST,9.927113958,10.00454398,10.08410935,10.16489171,10.23911242,10.16107265,10.21994185,10.28499631,10.35051499,10.40555007,10.47188424,10.54157076,10.61016826,10.68353081,10.75595741,10.82532525,10.89343095,10.95567758,11.05985605,11.14887373,11.18944306,11.23928904,11.28481412
Central Europe and the Baltics,CEB,Carbon dioxide (CO2) emissions excluding LULUCF per capita (t CO2e/capita),EN.GHG.CO2.PC.CE.AR5,7.033398844,7.198772105,7.091173015,7.422839702,7.422040476,7.43445674,7.673962947,7.752546083,7.582817348,6.951358761,7.259100709,7.292509867,7.046605076,6.832772776,6.674883902,6.796331708,6.919924617,7.204385419,7.189206409,6.834593451,6.438835026,7.001686291,6.884049365
Central Europe and the Baltics,CEB,GDP per capita (constant 2015 US$),NY.GDP.PCAP.KD,7450.847831,7730.935714,8057.208432,8405.616882,8923.843682,9387.575818,10036.52003,10712.59588,11177.00813,10792.83976,10998.67325,11421.81797,11544.54514,11662.01905,12076.2019,12596.94751,12991.5831,13696.48651,14427.21364,15039.08543,14633.64838,15748.7347,16406.37487
Central Europe and the Baltics,CEB,Energy use (kg of oil equivalent per capita),EG.USE.PCAP.KG.OE,2381.778988,2463.924324,2488.202795,2575.756897,2585.057077,2629.4975,2703.242413,2711.304395,2714.572327,2531.743406,2657.481974,2658.754359,2585.095984,2544.199635,2486.691102,2528.220063,2589.299031,2707.96339,2762.102724,2699.506608,2621.636005,2806.975464,2683.157095
Central Europe and the Baltics,CEB,Urban population (% of total population),SP.URB.TOTL.IN.ZS,61.47618736,61.4954533,61.55576075,61.60215569,61.64818105,61.70269222,61.76389545,61.84184543,61.92454055,61.98604688,62.02606502,62.06393449,62.08229475,62.08539855,62.0966633,62.1180222,62.15655286,62.21537914,62.2947407,62.39255474,62.52134193,62.65356713,62.8359316
Central Europe and the Baltics,CEB,Trade (% of GDP),NE.TRD.GNFS.ZS,79.96618278,80.59117531,79.54472196,83.84674673,90.76346203,93.73208088,101.8877505,104.6816095,104.1848841,92.93172394,104.4646643,112.883241,116.1206354,117.6825277,119.8748481,119.4131042,120.3351778,123.3509557,123.7236529,121.2786166,114.5708623,125.4453413,139.6246753
Central Europe and the Baltics,CEB,Renewable energy consumption (% of total final energy consumption),EG.FEC.RNEW.ZS,9.934628321,9.886920663,10.16512334,10.27526109,10.78497004,11.2811274,11.10592023,11.38628295,12.17821915,13.73923844,14.57165327,14.74996007,15.69260448,16.6612114,17.07029577,17.15949821,16.85776274,16.4703987,18.14768633,18.86015396,19.69778382,..,..
Central Europe and the Baltics,CEB,"Industry (including construction), value added (% of GDP)",NV.IND.TOTL.ZS,28.87465405,28.61365728,28.22927982,28.45139757,29.41768474,29.51047218,30.03785004,30.16116431,30.09204526,29.782206,29.81222034,30.5760475,29.6262587,28.42255783,29.30287377,29.519561,29.00466338,28.01269831,27.78418498,27.4983673,27.03642423,26.5768924,27.35244963
Central Europe and the Baltics,CEB,Fossil fuel energy consumption (% of total),EG.USE.COMM.FO.ZS,85.78950841,85.64218169,84.82702873,85.0421267,84.36182485,84.03887776,84.20908121,84.1241334,82.61990284,80.67259322,81.06099941,80.90391985,79.20186357,78.36076195,77.33430236,77.44537289,77.74776197,77.94359195,76.64232445,75.19893313,73.76528164,74.92930086,74.48916492
Central Europe and the Baltics,CEB,Population density (people per sq. km of land area),EN.POP.DNST,98.14558055,97.43263476,96.94538924,96.63579463,96.36113319,96.11156771,95.86997537,95.52262775,95.18263316,94.91405607,94.57237703,94.3426815,94.13488191,93.71889416,93.39541399,93.1179707,92.82475889,92.60473418,92.36920843,92.18545567,91.5975669,90.68775879,90.57080105
Early-demographic dividend,EAR,Carbon dioxide (CO2) emissions excluding LULUCF per capita (t CO2e/capita),EN.GHG.CO2.PC.CE.AR5,1.652390826,1.651097111,1.673000433,1.713677144,1.778647297,1.824890669,1.891368851,1.968977022,2.006926075,2.027394156,2.094536512,2.13736334,2.216180728,2.203206359,2.271139504,2.262293069,2.272186677,2.33505396,2.353764031,2.334942348,2.160454699,2.285748055,2.33747514
Early-demographic dividend,EAR,GDP per capita (constant 2015 US$),NY.GDP.PCAP.KD,2179.572271,2163.987139,2166.918777,2240.124385,2338.11436,2434.670723,2539.949098,2641.610699,2689.596865,2666.761559,2796.604839,2890.649666,2967.59849,3043.825254,3126.230974,3219.688272,3317.068159,3427.77882,3516.285357,3556.476507,3365.396817,3580.095191,3751.264867
Early-demographic dividend,EAR,Energy use (kg of oil equivalent per capita),EG.USE.PCAP.KG.OE,672.5847508,668.1719933,679.4716533,690.83015,711.1695108,728.3826727,746.8605407,766.1461734,786.6301395,793.8393017,812.5771944,822.2203151,836.3737564,836.5978955,861.7224508,860.9282307,871.5366069,891.8610984,892.6681093,899.4585491,862.363352,910.5703464,943.1283446
Early-demographic dividend,EAR,Urban population (% of total population),SP.URB.TOTL.IN.ZS,38.24798842,38.57389981,38.93242889,39.29086725,39.65536959,40.02540753,40.40411569,40.77696667,41.1574165,41.53807603,41.90298137,42.26943707,42.6346426,43.01594924,43.4013542,43.81360196,44.21601741,44.60146702,44.9830332,45.37626401,45.78781493,46.18540969,46.6251546
Early-demographic dividend,EAR,Trade (% of GDP),NE.TRD.GNFS.ZS,48.76905399,47.58895992,49.08996033,49.94059973,54.14366731,56.54341968,57.93668541,58.22617142,61.25163315,53.26227196,54.80834487,58.03168138,57.69096209,56.4022755,54.52704785,50.72758607,48.86580605,50.98531299,54.7208189,52.25459315,48.04035913,54.32081939,60.06236619
Early-demographic dividend,EAR,Renewable energy consumption (% of total final energy consumption),EG.FEC.RNEW.ZS,30.41150785,30.28243449,29.60195305,29.03380031,28.37649221,27.87951505,27.16517722,26.20965902,25.94912213,25.41293905,24.86159715,24.08550083,23.76879522,24.02750193,23.49243697,23.27888309,23.27899533,22.94762505,23.05536294,23.4235915,24.98955038,..,..
Early-demographic dividend,EAR,"Industry (including construction), value added (% of GDP)",NV.IND.TOTL.ZS,32.38053156,31.84097371,32.86669394,32.47892625,33.63185274,34.85647538,35.94537505,35.63437209,36.91360059,33.73138205,34.34600977,35.22284216,35.0084662,33.91629389,32.80545363,31.96830247,31.41828217,31.97767814,32.99311617,31.9075075,30.73824537,32.85253612,34.25827583
Early-demographic dividend,EAR,Fossil fuel energy consumption (% of total),EG.USE.COMM.FO.ZS,78.47277468,78.5026732,78.99051744,79.39718835,79.8777275,80.20912524,80.55852927,81.04159285,81.67915857,81.84109627,82.10210344,82.26039724,82.61134055,82.15715612,82.68897958,82.554398,82.38800834,82.4195112,81.94148138,81.78703455,80.68555268,81.29224431,81.21964579
Early-demographic dividend,EAR,Population density (people per sq. km of land area),EN.POP.DNST,75.6044104,77.01766287,78.39096831,79.75302611,80.83250513,82.203116,83.57967727,84.95389366,86.31758764,87.68541055,89.05255253,90.44446202,91.80722453,93.15231705,94.45062909,95.74296973,97.02562993,98.27559251,99.48176197,100.7058969,101.9374604,102.9707756,104.2151367
East Asia & Pacific,EAS,Carbon dioxide (CO2) emissions excluding LULUCF per capita (t CO2e/capita),EN.GHG.CO2.PC.CE.AR5,3.310305693,3.390072064,3.550515583,3.864486679,4.222303832,4.568477271,4.866972401,5.160556937,5.211488283,5.413127447,5.824015456,6.225252411,6.348866057,6.525044089,6.535961895,6.438672848,6.429934257,6.526183026,6.756306086,6.869233704,6.833060596,7.086725215,7.000126704
East Asia & Pacific,EAS,GDP per capita (constant 2015 US$),NY.GDP.PCAP.KD,5037.748466,5158.275663,5341.965985,5565.002419,5848.896086,6151.462416,6501.305871,6935.23063,7188.388444,7324.395052,7827.325926,8194.570434,8551.143114,8930.665664,9288.667868,9657.528896,10035.45664,10468.11953,10903.06173,11285.32903,11233.19987,11916.65912,12249.79521
East Asia & Pacific,EAS,Energy use (kg of oil equivalent per capita),EG.USE.PCAP.KG.OE,1196.066446,1205.512597,1249.126952,1335.073367,1444.867555,1516.794985,1593.050413,1659.964007,1677.045239,1727.23227,1856.098515,1914.396048,1947.817255,1989.213988,2010.206891,2000.680978,1994.109219,2044.402188,2113.21476,2164.402549,2177.530407,2289.231265,2321.4691
East Asia & Pacific,EAS,Urban population (% of total population),SP.URB.TOTL.IN.ZS,41.46103537,42.45129363,43.53303002,44.61585979,45.70232091,46.78537202,47.8347137,48.86579806,49.89869603,50.92383375,51.94690027,52.8732307,53.76436178,54.64966506,55.53605923,56.42052248,57.30274816,58.17656111,59.03460498,59.87255834,60.68223452,61.45940023,62.22573127
East Asia & Pacific,EAS,Trade (% of GDP),NE.TRD.GNFS.ZS,52.64764811,51.3433037,52.85536139,58.34585617,64.86624652,67.38267818,69.82203977,69.07856214,69.58193946,57.49613396,62.69926134,64.90993748,63.50147101,62.72824645,61.75861925,56.23959889,52.60656169,54.57099934,55.59540725,53.33410851,50.30266513,55.45142427,60.5212524
East Asia & Pacific,EAS,Renewable energy consumption (% of total final energy consumption),EG.FEC.RNEW.ZS,22.46999921,21.78608799,21.16650921,19.83639389,17.97753463,16.4297576,15.96867539,15.07894878,14.73523514,14.26361762,13.4347876,12.72633646,12.79528061,12.80758804,13.17722208,12.98203937,13.33119561,13.58443942,13.78704931,14.23758927,14.80814241,..,..
East Asia & Pacific,EAS,"Industry (including construction), value added (% of GDP)",NV.IND.TOTL.ZS,33.99795278,33.17063765,33.00910012,33.26862776,33.57835456,34.1407534,34.8521733,35.25966119,35.43412487,34.88122228,35.6491594,35.68430209,35.49913177,35.62962695,35.74669474,35.03835503,34.24769603,34.72556223,34.87095825,34.13643173,33.82086455,34.92505705,34.90072587
East Asia & Pacific,EAS,Fossil fuel energy consumption (% of total),EG.USE.COMM.FO.ZS,80.55370018,81.03609178,81.83653576,83.51269414,84.39109783,84.93713898,85.5520259,86.62271217,86.64858468,86.93624578,87.55062058,89.05776912,89.4101501,89.38396169,88.8910332,88.54726433,87.85925517,87.55119273,87.04747804,86.64601435,86.36168977,85.99667896,85.54178274
East Asia & Pacific,EAS,Population density (people per sq. km of land area),EN.POP.DNST,83.86102839,84.61802091,85.33399791,85.98986259,86.64479011,87.28218296,87.9299462,88.59924815,89.27043446,89.91124026,90.54181635,91.20476095,91.95050532,92.68755013,93.39398617,94.06676501,94.69372765,95.36409178,95.94040154,96.43844038,96.83265894,97.00622556,97.33524477
East Asia & Pacific (excluding high income),EAP,Carbon dioxide (CO2) emissions excluding LULUCF per capita (t CO2e/capita),EN.GHG.CO2.PC.CE.AR5,2.475800391,2.572463689,2.733744783,3.0840838,3.475982332,3.860888709,4.204525951,4.508176114,4.602709512,4.858878024,5.264081728,5.672175747,5.794847965,5.993313562,6.04196302,5.949802081,5.935835323,6.047825903,6.326264746,6.482864004,6.505866528,6.773708083,6.739441567
East Asia & Pacific (excluding high income),EAP,GDP per capita (constant 2015 US$),NY.GDP.PCAP.KD,2132.394104,2259.818286,2422.476717,2618.816094,2835.250834,3095.234802,3410.677497,3805.18152,4102.132884,4397.68611,4797.251885,5168.483217,5511.828544,5864.643037,6225.655885,6589.77384,6966.474296,7374.82657,7806.589374,8220.709596,8293.701079,8905.889562,9199.997031
East Asia & Pacific (excluding high income),EAP,Energy use (kg of oil equivalent per capita),EG.USE.PCAP.KG.OE,822.2848139,839.6284318,884.2252163,977.758378,1087.039316,1174.719784,1257.436294,1329.64968,1358.736762,1426.820948,1549.149848,1631.363206,1675.805405,1720.028669,1751.899035,1743.434281,1735.331719,1789.76863,1869.442957,1936.420064,1971.590425,2078.78979,2124.87627
East Asia & Pacific (excluding high income),EAP,Urban population (% of total population),SP.URB.TOTL.IN.ZS,36.61727448,37.64539939,38.75275618,39.87246085,41.00334955,42.13852522,43.24642288,44.33902039,45.43600279,46.53528749,47.63735141,48.67537047,49.68775408,50.69391224,51.69730103,52.69565044,53.68977781,54.67599331,55.63924009,56.57602107,57.48453968,58.3655369,59.22148416
East Asia & Pacific (excluding high income),EAP,Trade (% of GDP),NE.TRD.GNFS.ZS,50.76789689,49.42681809,51.92051965,59.06166183,66.63549667,69.10001338,70.34046621,67.95684553,64.19053242,51.57311962,56.17017989,56.82939016,54.39139238,52.78668059,51.16376288,46.0538944,43.48429199,44.78966482,45.09227599,42.70200866,40.58699289,44.66653032,46.78453728
East Asia & Pacific (excluding high income),EAP,Renewable energy consumption (% of total final energy consumption),EG.FEC.RNEW.ZS,31.65277744,30.47666006,29.28336503,26.64275669,23.27198485,20.7412126,19.77945002,18.44274479,17.78623597,16.97060416,15.72969492,14.70558012,14.71368281,14.60491661,14.84036801,14.53499352,14.93301021,15.15982179,15.26174126,15.68693699,16.17626994,..,..
East Asia & Pacific (excluding high income),EAP,"Industry (including construction), value added (% of GDP)",NV.IND.TOTL.ZS,43.3979803,43.42310855,43.17182303,43.73502995,44.14475214,45.10859809,45.58146863,45.01741311,45.21867438,44.24730765,44.2135381,44.40741935,43.53939191,42.4277861,41.52423317,39.49662886,38.3761567,38.68861469,38.62969263,37.51468794,36.68213998,37.91916207,37.92104861
East Asia & Pacific (excluding high income),EAP,Fossil fuel energy consumption (% of total),EG.USE.COMM.FO.ZS,78.49645254,79.32276898,80.41510565,82.46661832,84.22417883,85.4981543,86.34003701,87.27598599,87.41820597,88.00951926,88.78327425,89.4000685,89.16516688,89.07451223,88.60371327,88.32085651,87.48087174,87.11011443,86.70548186,86.41966499,86.16074692,85.8588206,85.44428146
East Asia & Pacific (excluding high income),EAP,Population density (people per sq. km of land area),EN.POP.DNST,113.8692161,114.9488481,115.9792926,116.9157939,117.8736842,118.8033842,119.7280653,120.6792342,121.6248792,122.5454577,123.4553315,124.4253486,125.5172568,126.6025168,127.6338802,128.6138017,129.5817424,130.5676548,131.4098683,132.1349255,132.7321635,133.0253681,133.3382647
East Asia & Pacific (IDA & IBRD countries),TEA,Carbon dioxide (CO2) emissions excluding LULUCF per capita (t CO2e/capita),EN.GHG.CO2.PC.CE.AR5,2.468467724,2.565224363,2.730123082,3.08459406,3.480931694,3.869464066,4.216930539,4.531475909,4.623959571,4.885382864,5.297168523,5.719864123,5.845534735,6.051095357,6.098136935,6.00912398,5.99322854,6.088361741,6.373819036,6.529117168,6.554556973,6.831522536,6.795996207
East Asia & Pacific (IDA & IBRD countries),TEA,GDP per capita (constant 2015 US$),NY.GDP.PCAP.KD,2157.919959,2286.769748,2451.245674,2649.815095,2868.75132,3131.705449,3450.727567,3849.69334,4149.939825,4448.745163,4852.745542,5228.041611,5575.041867,5931.593452,6296.461967,6664.487165,7045.210473,7457.884241,7894.296529,8312.91754,8386.6414,9005.723492,9303.275352
East Asia & Pacific (IDA & IBRD countries),TEA,Energy use (kg of oil equivalent per capita),EG.USE.PCAP.KG.OE,822.1411126,839.4214214,885.1078741,979.6795536,1090.206529,1178.640509,1262.37002,1337.273034,1365.796888,1435.208646,1559.424972,1645.09207,1690.215824,1736.350824,1768.173995,1760.804247,1752.091053,1802.639432,1884.146058,1951.151594,1987.215086,2097.122192,2143.548477
East Asia & Pacific (IDA & IBRD countries),TEA,Urban population (% of total population),SP.URB.TOTL.IN.ZS,36.31752274,37.35904995,38.4808628,39.61480304,40.75974782,41.90921317,43.03107716,44.1374284,45.2481561,46.36013233,47.47451863,48.52404937,49.54764569,50.5648235,51.57904396,52.58804152,53.59250537,54.58876211,55.56145854,56.50710027,57.42391143,58.31260383,59.17574357
East Asia & Pacific (IDA & IBRD countries),TEA,Trade (% of GDP),NE.TRD.GNFS.ZS,50.76789689,49.42681809,51.92051965,59.06166183,66.63549667,69.10199283,70.34242023,67.95858711,64.19332466,51.57591813,56.1724329,56.83206342,54.39406181,52.78990291,51.16728667,46.05740408,43.48747119,44.79251278,45.09485558,42.70479529,40.58945081,44.66802204,46.78672864
East Asia & Pacific (IDA & IBRD countries),TEA,Renewable energy consumption (% of total final energy consumption),EG.FEC.RNEW.ZS,32.04738381,30.85438402,29.60696544,26.9036924,23.4592337,20.88682911,19.90886683,18.51489996,17.86407208,17.02082279,15.76108897,14.70466691,14.70994084,14.58288784,14.82629343,14.51028164,14.90203803,15.19022731,15.28017192,15.72067172,16.20410191,..,..
East Asia & Pacific (IDA & IBRD countries),TEA,"Industry (including construction), value added (% of GDP)",NV.IND.TOTL.ZS,43.38814153,43.41370578,43.16300425,43.72608149,44.13566075,45.09926954,45.57233704,45.00881022,45.21021125,44.23915643,44.20564158,44.3995368,43.53156732,42.42025639,41.51687218,39.48963713,38.3693553,38.68178751,38.62292326,37.5082061,36.67587275,37.91270412,37.91461745
East Asia & Pacific (IDA & IBRD countries),TEA,Fossil fuel energy consumption (% of total),EG.USE.COMM.FO.ZS,78.33595428,79.17134356,80.29685178,82.3842738,84.16854066,85.45618267,86.30596239,87.27082434,87.40796079,88.00298206,88.78708669,89.42219723,89.18732847,89.10540366,88.62752082,88.3446656,87.50586462,87.09864928,86.69974729,86.40406031,86.15105616,85.86301413,85.44572136
East Asia & Pacific (IDA & IBRD countries),TEA,Population density (people per sq. km of land area),EN.POP.DNST,113.2397329,114.318115,115.348227,116.2828564,117.2376099,118.1655271,119.0892343,120.0398846,120.9852077,121.9055576,122.8154386,123.7857987,124.8787767,125.9648078,126.9963228,127.9758479,128.9433563,129.9292061,130.7706449,131.4944772,132.0900221,132.3799936,132.6891929
Euro area,EMU,Carbon dioxide (CO2) emissions excluding LULUCF per capita (t CO2e/capita),EN.GHG.CO2.PC.CE.AR5,8.599773392,8.705283293,8.677612854,8.827924885,8.829060237,8.743947758,8.659336454,8.525232899,8.286768061,7.62991968,7.457345350449999,6.993051049345833,6.661107808891666,6.287962351349999,5.761306565,5.6649424630875,5.440568240299999,5.2355028599208335,4.884760799766667,4.458233614312499,3.8327625582500002,3.9232114433625003,3.6171643787999996
Euro area,EMU,GDP per capita (constant 2015 US$),NY.GDP.PCAP.KD,30849.34954,31420.16838,31562.39814,31625.27056,32175.91526,32573.6714,33494.93942,34321.2137,34291.78065,32642.98213,33250.79673,33905.25023,33521.83338,33412.14486,33838.9466,34467.57666,34998.59905,35837.16373,36360.47263,36884.86456,34605.7693,36782.72635,37922.85
Euro area,EMU,Energy use (kg of oil equivalent per capita),EG.USE.PCAP.KG.OE,3668.050082,3753.118013,3737.270499,3805.451072,3838.510727,3830.762034,3825.966681,3744.724231,3718.264985,3497.603033,3614.341112,3487.543019,3445.549587,3410.916633,3269.305485,3311.388671,3311.434265,3343.858758,3280.871516,3223.633981,2978.614496,3147.594144,2940.893842
Euro area,EMU,Urban population (% of total population),SP.URB.TOTL.IN.ZS,72.67452146,72.89062659,73.13375176,73.38355275,73.6282527,73.87027655,74.10718889,74.33532507,74.56099139,74.78743359,75.01676289,75.24116984,75.45691848,75.67557631,75.88772982,76.10294155,76.31975883,76.54149982,76.76334817,76.99972317,77.23498136,77.47162405,77.71268301
Euro area,EMU,Trade (% of GDP),NE.TRD.GNFS.ZS,70.51185192,69.65818613,67.26784028,65.77623081,68.55795626,71.61399207,75.65588431,77.31959037,78.23115613,67.99460191,75.86402336,81.01508047,82.63216502,82.14542214,82.59332624,83.99692556,82.9496354,86.03889598,87.7150254,87.84152492,81.07525153,88.36782338,100.6067942
Euro area,EMU,Renewable energy consumption (% of total final energy consumption),EG.FEC.RNEW.ZS,7.687886793,7.887149779,7.716661005,8.266226507,8.525763941,8.852400051,9.662596623,10.7826492,11.4584461,12.53904292,13.36532929,13.43425599,14.88287252,15.70395969,16.32222107,16.33846954,16.35151611,16.57812489,17.54708651,18.13540551,19.80748727,..,..
Euro area,EMU,"Industry (including construction), value added (% of GDP)",NV.IND.TOTL.ZS,24.94270899,24.63824858,24.17659492,23.82198442,23.72643144,23.53239648,23.70224659,23.6840069,23.30542564,21.77434939,21.98598527,21.9722205,21.78461915,21.45785827,21.32128696,21.67016819,21.66936759,21.67409146,21.67272779,21.6221818,21.5926379,21.79867824,22.36508308
Euro area,EMU,Fossil fuel energy consumption (% of total),EG.USE.COMM.FO.ZS,77.28535657,77.23746846,77.09654241,76.93603953,76.72521046,76.47596849,75.93930755,75.63739869,74.68405019,73.78918972,73.101267,72.73474769,71.89248857,71.10164324,69.86887102,70.23775435,70.66247755,71.12870654,70.05031579,69.33902286,68.06855393,67.96171994,69.01647738
Euro area,EMU,Population density (people per sq. km of land area),EN.POP.DNST,119.1051315,119.520042,120.0871225,120.7300117,121.4244914,122.0732993,122.6872319,123.3366457,123.9810751,124.4084059,124.6653427,124.4405068,124.6944841,124.8275681,125.0433634,125.4179555,125.7480192,126.0287009,126.4042439,126.6362974,126.8154165,126.8881217,127.437377
Europe & Central Asia,ECS,Carbon dioxide (CO2) emissions excluding LULUCF per capita (t CO2e/capita),EN.GHG.CO2.PC.CE.AR5,8.078548355,8.118791824,8.099080031,8.360870995,8.354854838,8.315552373,8.429448628,8.410192371,8.288088377,7.63164656,7.934155671,7.93319758,7.830415618,7.627002545,7.274083131,7.228894384,7.203502662,7.263800347,7.255686845,7.093854896,6.652837071,7.099468699,6.979200299
Europe & Central Asia,ECS,GDP per capita (constant 2015 US$),NY.GDP.PCAP.KD,18450.07628,18838.68321,19099.20325,19394.43958,19955.92603,20438.53259,21174.7018,21884.48757,22013.8387,20954.54555,21426.29723,21885.91778,21867.20283,21973.69518,22309.28779,22676.94946,23000.1153,23569.81604,23974.69266,24333.25318,22973.61253,24508.76403,25308.03065
Europe & Central Asia,ECS,Energy use (kg of oil equivalent per capita),EG.USE.PCAP.KG.OE,3177.568919,3220.698742,3221.938811,3308.714184,3342.815592,3344.348857,3388.942925,3360.579352,3368.313625,3147.561307,3308.177742,3270.032526,3246.726252,3186.943846,3071.83808,3046.402827,3083.213408,3127.735956,3158.503581,3081.539967,2942.964049,3175.654846,3026.137023
Europe & Central Asia,ECS,Urban population (% of total population),SP.URB.TOTL.IN.ZS,68.69991294,68.85447025,69.05408198,69.26341937,69.47561877,69.69052066,69.90445636,70.12160933,70.33525802,70.54060928,70.74232797,70.92542931,71.09958024,71.27147157,71.44274386,71.61935976,71.80183195,71.98700655,72.17878957,72.37881916,72.58462867,72.79985755,73.03962013
Europe & Central Asia,ECS,Trade (% of GDP),NE.TRD.GNFS.ZS,69.16975419,68.20047177,66.02231956,65.09606229,67.46691995,69.84285272,73.35319772,74.04889762,75.72244332,67.34754739,73.55056764,78.09964921,78.88169215,78.43975524,78.25016975,78.66910454,78.29925023,81.13398829,83.30340049,83.15037112,77.02923616,83.30313238,93.55048785
Europe & Central Asia,ECS,Renewable energy consumption (% of total final energy consumption),EG.FEC.RNEW.ZS,7.609636269,7.609119009,7.575468234,7.678856594,7.93527297,8.291818653,8.575218028,9.141132603,9.47387156,10.42496761,10.86814489,10.72583304,11.58007031,12.27615656,12.43217258,12.87444806,12.88665487,12.8819075,13.47973828,14.00597271,15.1064492,..,..
Europe & Central Asia,ECS,"Industry (including construction), value added (% of GDP)",NV.IND.TOTL.ZS,25.26998991,24.854185,24.35154359,24.03206659,24.08979049,24.24625287,24.54353929,24.52081358,24.61114934,22.94553391,23.3791003,23.6558148,23.52205499,23.18880263,22.88870402,22.89942695,22.70688475,23.00061387,23.17973151,22.99751659,22.59638359,23.22718033,24.2931517
Europe & Central Asia,ECS,Fossil fuel energy consumption (% of total),EG.USE.COMM.FO.ZS,82.66379264,82.43074241,82.32677015,82.50164388,82.2583069,82.04304152,81.98521425,81.89634423,81.60598509,80.51975346,80.47216904,80.47669178,79.84387416,79.19259342,78.37686541,77.87018543,78.15276681,78.29315771,77.96893052,77.07931082,76.41757494,77.10865013,77.54099055
Europe & Central Asia,ECS,Population density (people per sq. km of land area),EN.POP.DNST,31.64821936,31.69376655,31.75471337,31.83804462,31.93096014,32.02228317,32.0043806,32.09529116,32.22704963,32.35416559,32.47112339,32.54491071,32.67392504,32.7974305,32.93242411,33.07305591,33.22160832,33.3509534,33.48318104,33.60257124,33.67155773,33.697903,33.71138578
Europe & Central Asia (excluding high income),ECA,Carbon dioxide (CO2) emissions excluding LULUCF per capita (t CO2e/capita),EN.GHG.CO2.PC.CE.AR5,4.910521703,4.77032289,4.912417049,5.19369691,5.195374722,5.226215186,5.50786139,5.721530507,5.863635944,5.282507624,5.585436637,5.863458661,5.784515513,5.703254488,5.268757773,4.937903837,5.077821328,5.20428122,5.241701497,5.053829425,5.014268759,5.266539568,4.957587314
Europe & Central Asia (excluding high income),ECA,GDP per capita (constant 2015 US$),NY.GDP.PCAP.KD,3231.223507,3213.977101,3404.822715,3613.107871,3939.578221,4255.053851,4581.546484,4896.076777,5011.693085,4801.761557,5099.331193,5484.349727,5659.285107,5974.789871,6120.382034,6282.954184,6399.711232,6713.326866,6888.251098,6984.718293,6955.088132,7538.177065,7814.106346
Europe & Central Asia (excluding high income),ECA,Energy use (kg of oil equivalent per capita),EG.USE.PCAP.KG.OE,1739.582012,1698.527462,1747.490757,1824.0273,1896.995485,1884.328535,1957.460411,2018.38689,2028.010215,1841.122775,1996.44676,2056.257939,2010.838499,1966.651595,1841.544817,1764.489833,1816.657752,1854.444198,1895.613053,1880.293206,1838.06191,2008.406052,1892.380868
Europe & Central Asia (excluding high income),ECA,Urban population (% of total population),SP.URB.TOTL.IN.ZS,58.36665919,58.62097754,58.91324833,59.22493259,59.54154786,59.86153345,60.1832467,60.48462674,60.80972098,61.13480682,61.45191439,61.73265062,61.965625,62.19085578,62.41243126,62.63181757,62.85265987,63.0728826,63.30134859,63.53818026,63.76311538,63.99197909,64.16972588
Europe & Central Asia (excluding high income),ECA,Trade (% of GDP),NE.TRD.GNFS.ZS,64.23594395,66.42119843,65.2501502,65.85183936,69.91005571,66.07202877,66.3908199,66.36460419,69.43815017,61.79685571,61.58168132,68.52019747,67.82802372,64.1957713,64.30376016,61.59296936,61.40727644,66.3473376,72.29749601,71.64853299,66.08660264,74.16096641,83.03180667
Europe & Central Asia (excluding high income),ECA,Renewable energy consumption (% of total final energy consumption),EG.FEC.RNEW.ZS,7.625291261,7.463419907,7.529639789,7.306933003,7.386595607,7.283615757,7.078478852,6.634942982,6.451585019,7.428039138,7.811636861,7.066331528,7.499095991,8.042457293,7.756967224,8.893749441,9.053620503,8.681040314,9.104553229,10.03242862,10.06044718,..,..
Europe & Central Asia (excluding high income),ECA,"Industry (including construction), value added (% of GDP)",NV.IND.TOTL.ZS,27.97820432,27.38517727,26.75974521,26.82598615,27.12502349,27.86079299,29.1115051,29.43729856,30.02634727,28.008446,28.51832594,29.9306273,29.71274715,29.70094214,29.90186828,28.61403978,28.65895354,29.49843191,30.03441781,28.71779716,28.44593471,30.66783589,31.15052693
Europe & Central Asia (excluding high income),ECA,Fossil fuel energy consumption (% of total),EG.USE.COMM.FO.ZS,88.76485763,88.74375875,88.75602999,89.1595796,89.2388753,89.10225455,89.40104145,89.59874456,89.89708392,89.14927166,89.06749287,89.56381601,89.19145296,88.8306679,88.12900928,86.8453509,87.17679618,87.14418606,86.98513072,85.97313863,85.63711728,85.72139162,85.84754094
Europe & Central Asia (excluding high income),ECA,Population density (people per sq. km of land area),EN.POP.DNST,37.62691001,37.79063373,37.95693082,38.12913671,38.30373009,38.46645003,37.98818379,38.09019452,38.34571605,38.63823181,38.95269775,39.27176996,39.5979535,39.94797932,40.31652159,40.6419862,41.01040356,41.36950513,41.72850532,42.10168672,42.42925515,42.68762142,42.45953452
Europe & Central Asia (IDA & IBRD countries),TEC,Carbon dioxide (CO2) emissions excluding LULUCF per capita (t CO2e/capita),EN.GHG.CO2.PC.CE.AR5,7.428897648,7.400760508,7.441566916,7.79197617,7.799832631,7.823146083,8.106494092,8.230460742,8.240418399,7.603861584,7.988845283,8.336905562,8.215735483,7.990665641,7.69450736,7.540498445,7.563682541,7.72445732,7.900637658,7.896484854,7.642163039,8.157907411,8.147932794
Europe & Central Asia (IDA & IBRD countries),TEC,GDP per capita (constant 2015 US$),NY.GDP.PCAP.KD,4429.994051,4548.30624,4778.647218,5072.884513,5468.110873,5827.091035,6278.756505,6757.454894,7042.674398,6688.535101,6974.545195,7354.231034,7571.499037,7785.796206,7926.829109,8004.56642,8112.5547,8421.432713,8698.329428,8894.088953,8746.454849,9395.169079,9622.947352
Europe & Central Asia (IDA & IBRD countries),TEC,Energy use (kg of oil equivalent per capita),EG.USE.PCAP.KG.OE,2627.774339,2633.318395,2657.303714,2761.423213,2803.202964,2812.871975,2910.705067,2947.800703,2989.710917,2770.35925,2969.274684,3051.841939,3030.410029,2945.230654,2869.333424,2801.331677,2878.116977,2937.518099,3050.201956,2966.987241,2925.56448,3238.485146,3136.628758
Europe & Central Asia (IDA & IBRD countries),TEC,Urban population (% of total population),SP.URB.TOTL.IN.ZS,63.56174005,63.67501371,63.80853595,63.95848836,64.11679908,64.27927055,64.44418692,64.61329751,64.79104706,64.96526734,65.13623365,65.28968348,65.42089651,65.5493193,65.68218347,65.82031577,65.96720377,66.12118886,66.28427241,66.45781574,66.63776759,66.82703654,67.00580806
Europe & Central Asia (IDA & IBRD countries),TEC,Trade (% of GDP),NE.TRD.GNFS.ZS,64.98339311,62.86670195,62.20720238,63.41344052,64.56224908,63.04628152,63.52560449,62.87284474,64.84079922,58.22556374,60.50561943,63.39524425,63.10167679,61.81611264,62.83137724,62.46031047,61.84929896,64.60968284,69.11425415,67.66830769,63.20714512,70.40919107,73.01212634
Europe & Central Asia (IDA & IBRD countries),TEC,Renewable energy consumption (% of total final energy consumption),EG.FEC.RNEW.ZS,5.776878309,5.705127022,5.769216094,5.64950276,5.881335112,5.996649552,5.817341502,5.75867133,5.64264696,6.304972,6.452944818,6.049484561,6.284022871,6.841656974,6.525843808,6.915551489,7.040150932,6.756338432,7.257799899,7.590125276,8.026844163,..,..
Europe & Central Asia (IDA & IBRD countries),TEC,"Industry (including construction), value added (% of GDP)",NV.IND.TOTL.ZS,29.77036078,28.95518149,27.66388959,27.66574648,29.18590722,29.89662642,30.21920697,30.24726311,30.35546907,29.14120779,29.56155078,30.01130954,29.50211117,28.79910981,28.9498418,29.2992435,29.00669538,29.63398674,30.52886031,29.80750037,28.58034236,30.15451483,30.89501617
Europe & Central Asia (IDA & IBRD countries),TEC,Fossil fuel energy consumption (% of total),EG.USE.COMM.FO.ZS,90.20551382,90.09557584,89.97751155,90.27399282,90.06508419,89.9684613,90.06408743,90.07320764,90.17827852,89.32591326,89.46559539,89.83634431,89.47195752,89.15875977,88.69232153,87.87736337,87.99104997,88.00023081,87.88245296,86.95601329,86.37414854,87.19557942,87.23830967
Europe & Central Asia (IDA & IBRD countries),TEC,Population density (people per sq. km of land area),EN.POP.DNST,19.15304493,19.1397286,19.12789671,19.13215518,19.14189483,19.15044839,19.08599305,19.08469081,19.13123371,19.19959488,19.27063556,19.35372543,19.44673083,19.54356095,19.64635366,19.74070569,19.84023288,19.93313465,20.01877967,20.10648407,20.14988016,20.16180006,20.06796001
European Union,EUU,Carbon dioxide (CO2) emissions excluding LULUCF per capita (t CO2e/capita),EN.GHG.CO2.PC.CE.AR5,8.299396643,8.411141934,8.36542282,8.566102567,8.548112199,8.465291284,8.475370187,8.360605782,8.130902977,7.488949652,7.721956276,7.5163774,7.354919095,7.161302579,6.831686772,6.954173644,6.959611183,7.003278938,6.832414921,6.507247437,5.910403768,6.350473249,6.157885514
European Union,EUU,GDP per capita (constant 2015 US$),NY.GDP.PCAP.KD,26362.90942,26896.98786,27128.25704,27281.90089,27882.9624,28331.97596,29243.04002,30056.57986,30142.6044,28769.76303,29351.71259,29973.07081,29700.61734,29666.1381,30115.80588,30769.09064,31305.57464,32133.73024,32719.6473,33290.54433,31437.89639,33484.67211,34539.75333
European Union,EUU,Energy use (kg of oil equivalent per capita),EG.USE.PCAP.KG.OE,3426.833087,3513.054347,3509.850081,3580.34477,3610.423763,3610.558489,3625.767326,3560.876991,3539.984061,3325.854014,3455.720129,3352.954448,3305.807249,3267.653971,3143.888233,3176.288384,3193.847442,3244.399055,3209.909302,3149.897465,2933.987184,3109.89331,2919.48878
European Union,EUU,Urban population (% of total population),SP.URB.TOTL.IN.ZS,70.82576175,71.01225939,71.24016282,71.46197922,71.67974558,71.89799477,72.11408554,72.33315648,72.55103402,72.75852691,72.96642891,73.16082238,73.34982609,73.53880527,73.72318741,73.91413538,74.1111569,74.31371808,74.52128706,74.7405843,74.97598722,75.22018075,75.46205747
European Union,EUU,Trade (% of GDP),NE.TRD.GNFS.ZS,71.57051519,70.72995227,68.43614702,67.3581907,70.39686286,73.55209177,77.98393853,79.79702443,80.78151964,70.50006671,78.27301327,83.46064476,85.07475551,84.61636983,85.33795095,86.56692882,85.61298462,88.62040263,90.33876077,90.42591649,83.69150306,91.09469084,103.6342822
European Union,EUU,Renewable energy consumption (% of total final energy consumption),EG.FEC.RNEW.ZS,8.970977783,8.958213656,8.859773278,9.248917898,9.549639154,10.02051565,10.6866219,11.75547527,12.45680548,13.62197242,14.46904895,14.62500378,16.05303171,16.79745203,17.44157539,17.61227643,17.52323581,17.68571022,18.72498848,19.34400095,21.05914707,..,..
European Union,EUU,"Industry (including construction), value added (% of GDP)",NV.IND.TOTL.ZS,25.15111535,24.84626416,24.41048543,24.05835286,24.03034213,23.90048542,24.12076211,24.15168913,23.85207659,22.36658458,22.62373883,22.695394,22.42650133,22.00314609,21.93768999,22.30916326,22.27079707,22.22265184,22.2262491,22.17408652,22.06591016,22.25979698,22.90868654
European Union,EUU,Fossil fuel energy consumption (% of total),EG.USE.COMM.FO.ZS,77.72235212,77.60357312,77.4633668,77.44391666,76.99145645,76.67972689,76.38355964,76.02404949,75.03232139,74.01475541,73.38246122,73.07226123,71.93067802,71.12503026,69.94642487,70.26535585,70.58474215,70.95838449,69.91560046,69.04690861,67.82970707,67.94571157,68.67534588
European Union,EUU,Population density (people per sq. km of land area),EN.POP.DNST,107.4376309,107.5945736,107.8806812,108.2653698,108.6930596,109.1004847,109.48776,109.8727876,110.2574781,110.5116963,110.6511144,110.4849646,110.6449543,110.6955075,110.7986573,111.0342089,111.2443169,111.4256412,111.6726599,111.8212357,111.8111122,111.6463734,112.018418
Fragile and conflict affected situations,FCS,Carbon dioxide (CO2) emissions excluding LULUCF per capita (t CO2e/capita),EN.GHG.CO2.PC.CE.AR5,1.425025424,1.433992021,1.385266553,1.405883871,1.357515552,1.342314815,1.303869493,1.271463012,1.269024695,1.165718072,1.229794407,1.219046769,1.236108181,1.221984086,1.146194299,1.032697668,1.01829144,0.993680031,1.003759626,0.972303473,0.83438742,0.832001432,0.785642823
Fragile and conflict affected situations,FCS,GDP per capita (constant 2015 US$),NY.GDP.PCAP.KD,1366.269309,1390.520439,1421.963037,1402.319828,1523.589712,1574.444839,1626.112931,1683.368166,1726.266588,1734.70003,1811.480786,1768.827997,1822.794609,1841.390299,1841.24504,1815.53208,1814.046015,1819.909989,1829.432496,1831.009903,1700.815746,1704.618031,1693.312856
Fragile and conflict affected situations,FCS,Energy use (kg of oil equivalent per capita),EG.USE.PCAP.KG.OE,704.2730992,699.4614324,715.1099517,705.6067601,693.8534559,699.11238,677.1127892,666.3039003,660.453197,618.7061372,676.1520084,658.7535799,640.498601,637.2662409,611.5332211,569.3394968,560.7828182,557.9053195,540.9962199,542.9383452,499.1987446,525.4770329,498.6896465
Fragile and conflict affected situations,FCS,Urban population (% of total population),SP.URB.TOTL.IN.ZS,37.16919129,37.45406432,37.71555348,37.97918872,38.2550226,38.54033223,38.81395388,39.04650504,39.39449705,39.7494228,40.11153036,40.42841904,40.74422453,41.09474586,41.4493014,41.83283694,42.21402428,42.58431853,42.92721383,43.26807795,43.639423,44.04210709,44.4016465
Fragile and conflict affected situations,FCS,Trade (% of GDP),NE.TRD.GNFS.ZS,..,..,..,..,..,..,..,..,..,..,..,..,..,..,..,..,..,..,..,..,..,..,..
Fragile and conflict affected situations,FCS,Renewable energy consumption (% of total final energy consumption),EG.FEC.RNEW.ZS,49.51881926,48.97880272,49.12777231,50.01900816,50.13259331,50.11680091,51.04925478,50.8910276,51.06069264,53.37795355,51.71366164,52.13565856,51.86765455,52.45318099,53.73093929,57.69322009,58.02640706,58.28118794,57.50398671,58.36190722,61.66541804,..,..
Fragile and conflict affected situations,FCS,"Industry (including construction), value added (% of GDP)",NV.IND.TOTL.ZS,..,..,..,..,..,..,..,..,..,..,..,..,..,..,..,..,..,..,..,..,..,..,..
Fragile and conflict affected situations,FCS,Fossil fuel energy consumption (% of total),EG.USE.COMM.FO.ZS,67.65283937,67.32250465,67.85382931,67.2797238,66.34436124,66.43156232,65.15582552,65.24471965,65.09772329,63.15756222,65.93315023,64.50764179,62.79649931,62.88755469,62.24214859,59.22265062,59.38375567,59.23823734,58.1536306,58.68537857,54.47492098,55.04480655,54.60261787
Fragile and conflict affected situations,FCS,Population density (people per sq. km of land area),EN.POP.DNST,34.87263915,35.68119611,36.56531073,37.4875271,38.08883679,39.0250244,39.97999618,40.93393936,41.93394825,42.99686228,44.07505008,45.16654231,40.62907962,41.62404815,42.59906967,43.55346782,44.53026242,45.52701311,46.53539308,47.57101816,48.6401896,49.71603469,50.67963785
Heavily indebted poor countries (HIPC),HPC,Carbon dioxide (CO2) emissions excluding LULUCF per capita (t CO2e/capita),EN.GHG.CO2.PC.CE.AR5,0.176678359,0.181082754,0.184324093,0.185978921,0.190586018,0.194873431,0.206351304,0.216019585,0.220549837,0.226918165,0.238261049,0.253000117,0.262600446,0.26652057,0.272008551,0.284170032,0.295077375,0.294585651,0.299291911,0.303005865,0.286052627,0.300745512,0.295871728
Heavily indebted poor countries (HIPC),HPC,GDP per capita (constant 2015 US$),NY.GDP.PCAP.KD,677.5582118,683.4612406,690.0019094,696.7578379,716.6117646,735.9800776,756.9710278,776.4194764,797.7205143,803.3639747,829.7172811,843.927482,853.4785037,877.096553,900.1901524,917.9998018,931.6662071,950.2574234,962.5466698,977.9603569,953.5970868,967.5830789,989.7746103
Heavily indebted poor countries (HIPC),HPC,Energy use (kg of oil equivalent per capita),EG.USE.PCAP.KG.OE,352.4387051,353.8261002,358.1194422,356.8601877,360.6853323,361.1462099,363.3417159,357.0300857,359.5039667,362.6528596,360.8265758,372.2982096,380.2348143,389.9403923,391.5246983,392.0447501,392.0117207,387.1396239,387.4832201,388.9023917,388.2461037,398.5121486,400.7846965
Heavily indebted poor countries (HIPC),HPC,Urban population (% of total population),SP.URB.TOTL.IN.ZS,28.75120665,29.09978421,29.44054525,29.78487501,30.13198472,30.50070559,30.87546447,31.19183871,31.62409892,32.05307562,32.49151297,32.93355814,33.35904399,33.79203411,34.23420204,34.69019041,35.15702878,35.62467311,36.09313233,36.56632147,37.04653897,37.53686938,38.03986955
Heavily indebted poor countries (HIPC),HPC,Trade (% of GDP),NE.TRD.GNFS.ZS,53.67789339,53.01266528,55.06842061,55.96591233,58.28316766,60.02150524,57.22190655,61.38036165,63.34454273,57.11324705,61.80519565,63.46004586,63.33626291,59.96479654,58.76888762,56.16474116,52.69523163,53.30965814,54.25360801,53.42119503,47.5954343,51.86389751,56.87471245
Heavily indebted poor countries (HIPC),HPC,Renewable energy consumption (% of total final energy consumption),EG.FEC.RNEW.ZS,85.35835288,84.95164798,84.45455288,84.27032721,83.94503642,83.92569794,83.18188784,81.73624087,81.23292367,80.4451956,79.61151711,78.89676298,77.85462089,77.65498147,77.37816179,76.55305741,76.0862842,75.91934733,75.25201835,74.84481333,76.0353291,..,..
Heavily indebted poor countries (HIPC),HPC,"Industry (including construction), value added (% of GDP)",NV.IND.TOTL.ZS,21.37813417,21.24437458,21.80869527,22.0845551,22.94039272,23.41904474,24.20698022,24.40127377,24.90486405,23.49318594,24.06522595,25.38422428,25.32241108,25.96462132,25.35851092,24.23529961,24.07737172,25.46385447,27.69502849,26.03715081,25.22663903,25.72094562,26.67516774
Heavily indebted poor countries (HIPC),HPC,Fossil fuel energy consumption (% of total),EG.USE.COMM.FO.ZS,15.13528918,15.33926556,16.29059063,16.24205674,16.45169569,16.89863137,17.65134495,18.93437512,19.19850401,19.25156534,19.51431908,20.42134885,19.98092925,21.52991151,22.03157222,22.84411431,23.03188054,22.95914649,23.57316453,23.85835236,22.5211103,23.2034239,23.496956
Heavily indebted poor countries (HIPC),HPC,Population density (people per sq. km of land area),EN.POP.DNST,27.73660754,28.49697342,29.33040104,30.19901128,30.8005567,31.6880495,32.60646142,33.51804465,34.46388314,35.45264176,36.44738229,37.47305488,34.82360493,35.81493829,36.85378651,37.91891767,39.0256746,40.1855428,41.35235575,42.51906807,43.70990757,44.9054155,46.09007829
High income,HIC,Carbon dioxide (CO2) emissions excluding LULUCF per capita (t CO2e/capita),EN.GHG.CO2.PC.CE.AR5,12.35228569,12.32561719,12.18950034,12.38204385,12.43268432,12.41828164,12.33277598,12.38283317,12.06225434,11.29268831,11.170802857499998,10.699572703625,10.179235984416668,9.810314404125,9.307125916666665,8.908353407541666,8.469384263999999,8.099787672041668,7.809651593499999,7.327176773124999,6.458872669441666,6.507085632333332,6.140501105999999
High income,HIC,GDP per capita (constant 2015 US$),NY.GDP.PCAP.KD,30162.60659,30488.60422,30830.27345,31373.25155,32302.19293,33090.56392,33961.44502,34701.62209,34694.18832,33325.50455,34184.85884,34730.57603,35030.60695,35391.80471,35957.93859,36571.1929,37014.99954,37764.20302,38525.15605,39130.30153,37514.0231,39753.19225,40751.20025
High income,HIC,Energy use (kg of oil equivalent per capita),EG.USE.PCAP.KG.OE,4879.532483,4868.028801,4884.797908,4940.499816,4997.981881,4999.555078,5006.469236,5005.356613,4946.1927,4710.892023,4877.45977,4793.131782,4745.282684,4734.732162,4692.506341,4665.079834,4659.830134,4675.67373,4720.797264,4650.503677,4373.990504,4616.787323,4550.455324
High income,HIC,Urban population (% of total population),SP.URB.TOTL.IN.ZS,75.71591046,76.0217334,76.37703166,76.7142748,77.04217688,77.36018538,77.65551093,77.94199878,78.21973807,78.48176318,78.73029097,78.92346651,79.09243324,79.26567073,79.43870612,79.61640289,79.79718425,79.97794651,80.15683203,80.34664127,80.54438586,80.73221115,80.94196214
High income,HIC,Trade (% of GDP),NE.TRD.GNFS.ZS,52.08858492,50.70424739,49.53457719,49.82420193,52.54188935,54.7400359,57.51056789,58.61779172,61.1970018,53.35405446,58.30651329,62.04766939,62.39326662,62.02575668,61.91994614,60.16566548,58.45094906,60.29005933,61.5078903,60.63947693,56.06686828,60.60853718,67.40050567
High income,HIC,Renewable energy consumption (% of total final energy consumption),EG.FEC.RNEW.ZS,6.846788474,6.541770554,6.621326487,6.869957438,7.107681378,7.387901361,7.770427457,8.024295814,8.398484155,8.960945969,9.137577424,9.528363219,9.909883108,10.38499894,10.5213334,10.60507816,10.7845733,11.08901976,11.46867884,11.78391301,12.78318085,..,..
High income,HIC,"Industry (including construction), value added (% of GDP)",NV.IND.TOTL.ZS,26.52565356,25.40552916,24.72063568,24.71954746,24.940375,25.1927298,25.43038525,25.28628314,25.1614437,23.37590572,23.95265859,24.24571562,24.09931684,23.76961734,23.60154273,22.75071077,22.3070708,22.67733805,23.07609014,22.61513083,21.93602506,22.64334071,23.33176069
High income,HIC,Fossil fuel energy consumption (% of total),EG.USE.COMM.FO.ZS,83.9441163,84.05012347,84.03417341,84.30807353,83.92685177,83.66978117,83.49962412,83.71279221,83.30793649,82.57499043,82.59003822,83.00413656,83.0922852,82.68725123,82.42422617,82.28302486,82.16780074,82.09731469,81.80724411,81.33697533,80.56275961,80.87948341,81.07089307
High income,HIC,Population density (people per sq. km of land area),EN.POP.DNST,24.15357014,24.27716041,24.40183271,24.52931747,24.66333383,24.79721247,24.94864167,25.1157482,25.29838229,25.45343526,25.56633279,25.6796475,25.83096051,25.97884397,26.11999861,26.2841462,26.43814472,26.55462103,26.64621817,26.73619722,26.80801191,26.86762476,27.02726638
IBRD only,IBD,Carbon dioxide (CO2) emissions excluding LULUCF per capita (t CO2e/capita),EN.GHG.CO2.PC.CE.AR5,2.744860158,2.780539677,2.854936901,3.056016543,3.268238342,3.462278916,3.663571025,3.84626311,3.913234269,3.970838291,4.221265482,4.452586054,4.553360772,4.629403221,4.646043314,4.567059974,4.546189266,4.618816386,4.758957052,4.807677237,4.668252426,4.908923934,4.916913148
IBRD only,IBD,GDP per capita (constant 2015 US$),NY.GDP.PCAP.KD,2753.404338,2819.838462,2916.832741,3057.433975,3255.237994,3452.890753,3700.649637,3991.682988,4185.87417,4260.128051,4546.654876,4786.106968,4992.883495,5197.203161,5391.635901,5572.514111,5770.53136,6015.939193,6260.140501,6461.742265,6337.545864,6783.294552,7003.871832
IBRD only,IBD,Energy use (kg of oil equivalent per capita),EG.USE.PCAP.KG.OE,986.6367703,992.8799388,1016.608727,1073.230241,1139.209355,1188.103514,1241.494117,1288.783133,1315.856383,1325.794631,1409.699881,1458.832735,1487.930539,1503.041869,1518.770705,1501.78818,1504.22336,1537.84266,1579.549988,1605.596977,1584.470028,1687.000263,1713.287987
IBRD only,IBD,Urban population (% of total population),SP.URB.TOTL.IN.ZS,43.71835125,44.30380116,44.94258901,45.59211816,46.251096,46.91648372,47.5698188,48.21148626,48.861001,49.51075213,50.15844626,50.77719393,51.38721046,52.00438339,52.62850157,53.24925683,53.86302795,54.47305253,55.07712348,55.67301869,56.2572384,56.83690279,57.40519494
IBRD only,IBD,Trade (% of GDP),NE.TRD.GNFS.ZS,48.77303691,47.70175359,50.08423473,54.47731543,59.37668624,60.98154787,61.85789991,60.62042611,60.33839292,50.61721676,53.85934944,55.5217083,54.30030547,52.98988207,51.64287643,48.33513733,46.55018228,47.97029536,50.16254606,48.07998817,45.65722851,51.0446269,54.15897916
IBRD only,IBD,Renewable energy consumption (% of total final energy consumption),EG.FEC.RNEW.ZS,23.45412407,22.91301621,22.55398774,21.56343465,20.29866443,19.31369731,18.77964261,18.0231697,17.63166808,17.48294698,16.7512898,15.9538658,15.87953925,16.0171386,16.00329153,16.02091779,16.28459655,16.39230005,16.62680664,17.0666277,18.00850516,..,..
IBRD only,IBD,"Industry (including construction), value added (% of GDP)",NV.IND.TOTL.ZS,34.44792015,34.09402811,34.62809208,34.62927843,35.51465422,36.10320781,36.72354315,36.42486011,37.0180763,35.78202032,36.24263117,36.57625158,36.3079916,35.47007604,34.88306395,34.55827341,33.71943919,33.98962277,34.63087658,33.70204776,33.22026689,34.85305223,34.98052832
IBRD only,IBD,Fossil fuel energy consumption (% of total),EG.USE.COMM.FO.ZS,81.62465241,81.94425065,82.26674275,83.16614772,83.90929294,84.45613248,84.87831417,85.36728271,85.59667073,85.7491962,86.26855409,86.76652195,86.70892042,86.49551263,86.32374222,85.9114185,85.37698402,85.14630932,84.83491908,84.50039206,83.89729716,84.21834258,83.90971107
IBRD only,IBD,Population density (people per sq. km of land area),EN.POP.DNST,56.3605167,57.03688038,57.69125236,58.33004597,58.9793317,59.61933909,60.1670472,60.77843744,61.40297394,62.04308854,62.68315438,63.33924207,64.03134253,64.73685219,65.42451769,66.07722514,66.71058948,67.34162736,67.92421933,68.46301566,68.93576872,69.30151843,69.62759009
IDA & IBRD total,IBT,Carbon dioxide (CO2) emissions excluding LULUCF per capita (t CO2e/capita),EN.GHG.CO2.PC.CE.AR5,2.252485594,2.27657332,2.32611335,2.47655661,2.636271277,2.779888958,2.928610199,3.061491203,3.104371943,3.135374959,3.320909449,3.489441831,3.552724625,3.602631977,3.609095442,3.541393114,3.524145678,3.573358467,3.666678848,3.691017054,3.572861974,3.742743456,3.730320448
IDA & IBRD total,IBT,GDP per capita (constant 2015 US$),NY.GDP.PCAP.KD,2342.692635,2393.387289,2470.189865,2579.409717,2736.280019,2891.505695,3083.964456,3307.901978,3455.195163,3511.35486,3730.899001,3908.780154,4059.835844,4215.620422,4363.805648,4494.441197,4635.798603,4813.31983,4989.354772,5130.757407,5013.232635,5330.50444,5481.605687
IDA & IBRD total,IBT,Energy use (kg of oil equivalent per capita),EG.USE.PCAP.KG.OE,860.178493,864.2363297,881.9984418,925.7587186,975.4421874,1013.103264,1053.614013,1088.147752,1108.779019,1112.907798,1178.143012,1215.895797,1232.504077,1243.26898,1254.119147,1237.978154,1239.275691,1262.791993,1291.501385,1308.863749,1290.388845,1366.376,1381.83689
IDA & IBRD total,IBT,Urban population (% of total population),SP.URB.TOTL.IN.ZS,40.42563516,40.93750841,41.49067224,42.05064225,42.61873921,43.19275581,43.75701485,44.30575032,44.87133864,45.43615835,46.00079019,46.53749858,47.0659338,47.60480931,48.14662586,48.69258646,49.23363358,49.77135388,50.30108015,50.82113555,51.32859597,51.83017843,52.32617793
IDA & IBRD total,IBT,Trade (% of GDP),NE.TRD.GNFS.ZS,48.8585693,47.86162058,50.13351384,54.35421251,59.10974555,60.67819182,61.50870224,60.42475291,60.28356259,50.71697108,53.84060643,55.5537386,54.33638674,52.98436793,51.62821593,48.32583681,46.47048139,47.89654046,50.12291186,48.12478884,45.56224374,50.85868549,54.02466464
IDA & IBRD total,IBT,Renewable energy consumption (% of total final energy consumption),EG.FEC.RNEW.ZS,29.20347548,28.75696665,28.46202944,27.49908465,26.11715659,25.08267833,24.45843946,23.58017176,23.19169334,23.16817012,22.29149525,21.5080309,21.39713646,21.56810551,21.52877788,21.61636239,21.81325827,21.83337167,21.95900626,22.43186283,23.43524729,..,..
IDA & IBRD total,IBT,"Industry (including construction), value added (% of GDP)",NV.IND.TOTL.ZS,33.56271049,33.19736858,33.59394041,33.64307724,34.58429084,35.21461316,35.78994826,35.53714125,36.13754771,34.86611734,35.42560117,35.86468294,35.56600391,34.74044948,34.15616815,33.69715157,32.93191333,33.33707079,34.04604976,33.20125908,32.74140419,34.34269688,34.49503528
IDA & IBRD total,IBT,Fossil fuel energy consumption (% of total),EG.USE.COMM.FO.ZS,78.30761396,78.57037129,78.88019433,79.81365055,80.56618822,81.16564647,81.65764246,82.23778275,82.52183763,82.59796256,83.24736619,83.74265326,83.60871278,83.39882903,83.27153049,82.81523124,82.33761823,82.18512926,81.95069434,81.66553413,81.00957843,81.39118613,81.05731529
IDA & IBRD total,IBT,Population density (people per sq. km of land area),EN.POP.DNST,54.83240383,55.64338513,56.44598267,57.24236971,57.95791822,58.76234354,59.50890249,60.31354831,61.13236232,61.96684637,62.80681568,63.6624484,62.86234338,63.71157668,64.55737938,65.38100554,66.20588754,67.04196143,67.85470962,68.64793269,69.40255184,70.080641,70.72662425
IDA blend,IDB,Carbon dioxide (CO2) emissions excluding LULUCF per capita (t CO2e/capita),EN.GHG.CO2.PC.CE.AR5,0.993137906,0.991229269,0.944413553,0.930762005,0.941953452,0.915364221,0.916144812,0.902872676,0.893277526,0.83491823,0.8660366,0.877934084,0.825319818,0.844931053,0.848653875,0.834346237,0.869372834,0.885875718,0.870184958,0.864038332,0.863249847,0.906167765,0.870994408
IDA blend,IDB,GDP per capita (constant 2015 US$),NY.GDP.PCAP.KD,1294.798229,1311.152846,1360.499597,1387.349966,1452.739593,1501.611682,1548.539838,1590.585895,1614.09818,1665.480905,1719.991502,1748.979917,1786.636574,1848.23392,1914.219431,1947.836298,1953.475891,1968.276303,2003.845061,2023.814939,1955.545455,2017.41666,2064.468165
IDA blend,IDB,Energy use (kg of oil equivalent per capita),EG.USE.PCAP.KG.OE,468.4532531,466.0254981,465.607855,463.9067834,470.2747626,471.207946,468.4880507,465.4917044,458.4163008,437.3563012,462.9684973,478.9547752,459.5885081,457.8037671,457.6035492,445.129927,454.7638694,454.9954938,448.7868,451.0067724,459.3618392,479.001163,477.0443113
IDA blend,IDB,Urban population (% of total population),SP.URB.TOTL.IN.ZS,34.33742168,34.77917009,35.22509485,35.66313547,36.10435081,36.55008268,37.00104777,37.45478422,37.91307434,38.37710442,38.84774832,39.30618537,39.75567628,40.21162781,40.67643935,41.14837744,41.62237327,42.09426786,42.56837225,43.04615518,43.52658034,44.01116667,44.50567625
IDA blend,IDB,Trade (% of GDP),NE.TRD.GNFS.ZS,..,..,..,..,..,..,..,..,..,..,..,..,..,..,..,..,..,..,..,..,..,..,..
IDA blend,IDB,Renewable energy consumption (% of total final energy consumption),EG.FEC.RNEW.ZS,58.79547578,58.90121015,59.09708847,59.37604042,59.38348079,60.11436692,59.77284364,59.79892473,59.88164578,61.54561664,60.59407119,60.19957078,62.20403254,61.93716859,61.53545153,61.75219365,60.48364603,59.7969449,60.04559228,60.70676245,60.07369117,..,..
IDA blend,IDB,"Industry (including construction), value added (% of GDP)",NV.IND.TOTL.ZS,23.54085915,21.94053908,20.49473184,21.86066679,23.85867066,24.77641122,24.19789101,23.28610715,24.18972123,22.06092028,23.90908858,25.36895885,25.10696392,24.17850966,23.6898665,20.92203027,19.55339147,21.71412163,23.23730667,24.60560597,24.34261885,25.72103366,26.64508552
IDA blend,IDB,Fossil fuel energy consumption (% of total),EG.USE.COMM.FO.ZS,61.52038677,61.14977232,60.76179055,60.18906528,59.01514991,58.84205829,58.82962403,58.94210673,59.19004585,57.38905317,59.90514973,60.20794442,57.64313213,58.09390896,58.80404776,57.74853819,58.9800997,59.3219597,59.35797585,59.68646899,60.76266194,60.82341875,59.90726616
IDA blend,IDB,Population density (people per sq. km of land area),EN.POP.DNST,80.46009391,82.61115871,84.7083096,86.82720374,89.03983792,91.28260889,93.58163718,96.04557573,98.5976026,101.1773785,103.7940193,106.3603298,108.8094894,111.1498372,113.4824746,115.6891537,117.979685,120.3375434,122.7702943,125.2318953,127.7631504,130.3646723,132.9547944
IDA only,IDX,Carbon dioxide (CO2) emissions excluding LULUCF per capita (t CO2e/capita),EN.GHG.CO2.PC.CE.AR5,0.255106385,0.262736865,0.266861977,0.276812815,0.282839355,0.302013691,0.311393411,0.326385117,0.331080302,0.332925472,0.343227956,0.353030879,0.355495136,0.345686295,0.356538257,0.364311063,0.390735467,0.412483382,0.422818878,0.425976275,0.407022108,0.426187833,0.422469027
IDA only,IDX,GDP per capita (constant 2015 US$),NY.GDP.PCAP.KD,687.696748,699.5207395,713.7309544,734.4780967,761.1201933,792.0435038,823.5404479,856.4989993,887.1062265,904.3473894,941.4119825,959.6479509,960.645749,986.5156482,1015.191748,1023.944111,1044.427424,1074.376125,1101.132734,1129.354994,1100.001333,1114.957421,1138.595433
IDA only,IDX,Energy use (kg of oil equivalent per capita),EG.USE.PCAP.KG.OE,312.7132256,316.6966678,318.6118417,322.4662231,323.1378608,329.2586626,334.8190486,334.5528017,338.3009598,339.829245,341.0418821,345.1597896,342.0738871,349.7962584,354.8778424,353.4760981,359.1841096,361.5427206,364.0750116,367.3391995,366.8234532,372.682663,372.9341769
IDA only,IDX,Urban population (% of total population),SP.URB.TOTL.IN.ZS,25.89416094,26.26082799,26.64954947,27.04415568,27.44147542,27.85491226,28.28227708,28.6819261,29.14753078,29.60400636,30.07171781,30.50893276,30.92676781,31.34474483,31.76294873,32.23931731,32.73994345,33.25413435,33.77040622,34.29014413,34.81277994,35.34176827,35.89078654
IDA only,IDX,Trade (% of GDP),NE.TRD.GNFS.ZS,54.91026025,53.50114885,53.58122739,53.58357773,55.70091309,57.84284321,56.92987028,59.60913856,61.30939007,54.49000018,57.54986042,60.86688572,60.99282675,59.07391009,57.76248316,54.00517722,50.60655249,51.97974084,53.94439838,53.04301718,47.8900223,52.39103444,55.31755867
IDA only,IDX,Renewable energy consumption (% of total final energy consumption),EG.FEC.RNEW.ZS,77.4297504,76.63862999,76.23977352,75.59826387,75.00113278,73.80504364,73.39389562,71.85708574,71.60102247,71.63634299,70.55761358,69.99425629,69.23756808,70.06889719,69.58577091,69.26956259,68.28729838,67.1926479,66.05682161,66.1344155,67.35606342,..,..
IDA only,IDX,"Industry (including construction), value added (% of GDP)",NV.IND.TOTL.ZS,23.45638679,23.41937248,23.86893217,23.82150966,24.65701407,25.38981647,26.32219633,26.57285243,26.82586591,25.55536715,26.19105879,27.44673183,26.20924108,26.42356557,26.61124653,25.8480618,26.82980113,27.86652797,29.33204952,28.66581746,28.57966329,28.71539361,29.08496847
IDA only,IDX,Fossil fuel energy consumption (% of total),EG.USE.COMM.FO.ZS,28.68995963,29.33047493,29.58177221,30.21299964,30.68597218,31.94614586,32.87963035,34.01269871,34.46188327,33.97490727,33.83064845,34.07131227,32.97394735,33.35294729,34.1620623,33.87070789,35.13566627,35.93143667,36.29939102,36.89635111,35.91201869,36.37456055,36.01699124
IDA only,IDX,Population density (people per sq. km of land area),EN.POP.DNST,41.66900602,42.64640991,43.68217687,44.74069827,45.41071237,46.47079117,47.5743962,48.68920551,49.80203551,50.92777447,52.07271186,53.24983722,47.76554852,48.75546709,49.79214712,50.86445252,52.00159985,53.18357697,54.40567351,55.68100547,56.98647575,58.28680676,59.57678426
IDA total,IDA,Carbon dioxide (CO2) emissions excluding LULUCF per capita (t CO2e/capita),EN.GHG.CO2.PC.CE.AR5,0.513537925,0.518381048,0.504815568,0.506610417,0.514783801,0.518129772,0.524697878,0.530122502,0.530262398,0.511199236,0.529316193,0.540146148,0.523070688,0.523862404,0.53212235,0.531860378,0.561017078,0.580522638,0.581305087,0.580834456,0.567973766,0.595244292,0.580199913
IDA total,IDA,GDP per capita (constant 2015 US$),NY.GDP.PCAP.KD,898.9262529,912.7596582,939.5174775,962.4443698,1003.042588,1040.494457,1077.565647,1114.097677,1142.65881,1172.514129,1216.300526,1238.699647,1252.795725,1291.45987,1333.295661,1350.628403,1365.345149,1389.398539,1418.704392,1443.345554,1399.719054,1430.617082,1461.961933
IDA total,IDA,Energy use (kg of oil equivalent per capita),EG.USE.PCAP.KG.OE,371.079065,372.7711245,373.8917567,375.7370465,378.4497417,382.7201191,385.2475924,384.0607925,384.0187334,377.0613834,387.7171914,396.4833472,386.8506568,391.0011211,394.0927603,388.5042046,395.6692941,397.1731057,396.3342719,399.1495251,401.9553736,413.0001619,412.3596597
IDA total,IDA,Urban population (% of total population),SP.URB.TOTL.IN.ZS,28.83492029,29.23383943,29.64452674,30.05568706,30.4722825,30.90046799,31.3387528,31.76294091,32.233136,32.69911497,33.17428472,33.62301851,34.05332877,34.48626328,34.92046199,35.39303816,35.87907732,36.37285224,36.86876003,37.36699458,37.86849328,38.37709275,38.9024403
IDA total,IDA,Trade (% of GDP),NE.TRD.GNFS.ZS,..,..,..,..,..,..,..,..,..,..,..,..,..,..,..,48.15623211,45.017052,46.53900713,49.39340449,48.94939026,43.8396849,47.48661837,51.56907685
IDA total,IDA,Renewable energy consumption (% of total final energy consumption),EG.FEC.RNEW.ZS,67.61967468,67.32226642,67.24356422,67.13568061,66.85275401,66.7599113,66.39676639,65.6601255,65.59674796,66.53535034,65.47982627,64.98758783,65.63478403,65.91703511,65.51804188,65.49706919,64.35167066,63.46254866,63.05967326,63.44545039,63.75256292,..,..
IDA total,IDA,"Industry (including construction), value added (% of GDP)",NV.IND.TOTL.ZS,23.53335605,22.73155899,22.22773266,22.87936022,24.28917005,25.11692525,25.24533509,24.8856548,25.49837291,23.86464005,25.07530385,26.42419262,25.64399109,25.26404798,25.0866184,23.33642618,23.3336182,24.98376113,26.4860286,26.79718097,26.70199038,27.38504093,28.00506219
IDA total,IDA,Fossil fuel energy consumption (% of total),EG.USE.COMM.FO.ZS,44.22222593,44.26777305,44.18327032,44.15140972,43.9185178,44.41675321,44.78378029,45.43577651,45.69586312,44.34144644,45.74798922,46.18094261,44.13914635,44.40217699,45.08287176,44.32424275,45.59500735,46.14574743,46.24047437,46.68491344,46.69191698,47.12576463,46.48182047
IDA total,IDA,Population density (people per sq. km of land area),EN.POP.DNST,50.06201778,51.29328544,52.55869616,53.84666941,54.78961631,56.10393719,57.46445224,58.86945133,60.2917525,61.73002106,63.19092747,64.66636884,59.59023475,60.84177163,62.13008499,63.43245861,64.79333558,66.20333176,67.66018238,69.16543373,70.70881337,72.26142737,73.80260579
Late-demographic dividend,LTE,Carbon dioxide (CO2) emissions excluding LULUCF per capita (t CO2e/capita),EN.GHG.CO2.PC.CE.AR5,3.609771504,3.697631367,3.835792988,4.190242622,4.564230378,4.930260045,5.28095595,5.568641426,5.690768689,5.816540617,6.265682134,6.690435902,6.813483819,7.004662413,7.00504499,6.899789195,6.868200485,6.967528183,7.21417056,7.358450671,7.336072172,7.697420155,7.66328778
Late-demographic dividend,LTE,GDP per capita (constant 2015 US$),NY.GDP.PCAP.KD,3466.37584,3619.842723,3812.980537,4048.914893,4353.288196,4663.325401,5064.281268,5544.978053,5892.267032,6075.022852,6526.236008,6950.050055,7301.180367,7658.754684,8005.095782,8325.546645,8639.336211,9037.442015,9477.120409,9881.672137,9880.458102,10611.74686,10944.89962
Late-demographic dividend,LTE,Energy use (kg of oil equivalent per capita),EG.USE.PCAP.KG.OE,1243.97244,1270.83654,1311.722139,1412.493831,1519.749868,1605.784941,1704.472418,1781.98279,1826.947796,1851.371476,2005.749336,2097.723045,2145.65374,2186.069728,2205.027788,2187.060119,2185.690396,2234.015769,2316.470318,2362.796769,2378.451334,2528.668556,2556.029708
Late-demographic dividend,LTE,Urban population (% of total population),SP.URB.TOTL.IN.ZS,45.62783358,46.50170676,47.44859955,48.41269706,49.39128612,50.38087154,51.35470199,52.32378737,53.2981352,54.27080571,55.24207651,56.16112312,57.05820095,57.96979148,58.86877959,59.76017546,60.64460484,61.51963246,62.37742635,63.21815476,64.03296966,64.81815587,65.60353164
Late-demographic dividend,LTE,Trade (% of GDP),NE.TRD.GNFS.ZS,51.83911791,51.72621281,53.8287848,59.47697194,65.20330515,66.8391275,68.13673784,66.93010512,65.14420432,54.9466559,58.86601551,60.07509393,58.83197664,57.69224571,56.71768957,53.76311438,51.96962672,52.88850106,53.70958235,52.61684675,51.16342211,55.35044626,57.68953612
Late-demographic dividend,LTE,Renewable energy consumption (% of total final energy consumption),EG.FEC.RNEW.ZS,21.62963179,20.86613767,20.66553631,19.50856439,18.03292237,16.81270633,16.27109334,15.58771249,15.08164508,15.04898538,14.22791339,13.49394016,13.55839053,13.65109061,13.79694494,13.79475628,14.10536045,14.36016985,14.71134029,15.19305531,15.82912607,..,..
Late-demographic dividend,LTE,"Industry (including construction), value added (% of GDP)",NV.IND.TOTL.ZS,36.47159214,36.60041136,36.50989726,37.06638403,37.72831005,38.10434393,38.34332273,37.7709063,38.03575437,37.62917806,38.12974524,38.43757441,38.19352386,37.33691119,36.88835029,36.14170209,35.05625158,35.23031056,35.88213296,34.9751189,34.46017683,36.00736344,36.24081518
Late-demographic dividend,LTE,Fossil fuel energy consumption (% of total),EG.USE.COMM.FO.ZS,82.65581838,83.19891499,83.46014667,84.48855848,85.2742646,85.97025535,86.48706279,86.95819826,87.09147836,87.25945541,87.84088651,88.42748421,88.20932306,88.08994361,87.72916267,87.32469565,86.72278441,86.42470383,86.16883663,85.75718086,85.43196174,85.58314953,85.06335508
Late-demographic dividend,LTE,Population density (people per sq. km of land area),EN.POP.DNST,46.00989798,46.3489596,46.66400574,46.96157967,47.26020629,47.55403481,47.75064183,48.06197053,48.37670967,48.67672349,48.95084547,49.25734218,49.62088926,49.97330981,50.33581148,50.67447426,51.00579239,51.34499378,51.62639797,51.86255093,52.03008264,52.11958116,52.20227925
Latin America & Caribbean,LCN,Carbon dioxide (CO2) emissions excluding LULUCF per capita (t CO2e/capita),EN.GHG.CO2.PC.CE.AR5,2.595769339,2.562940681,2.531209636,2.557697045,2.641013966,2.69258183,2.725321415,2.788545868,2.824548379,2.709970867,2.872350257,2.937000148,3.044555639,3.069494158,3.050366658,3.004222152,2.919100119,2.871416,2.772243486,2.741800033,2.429119777,2.626106139,2.620237363
Latin America & Caribbean,LCN,GDP per capita (constant 2015 US$),NY.GDP.PCAP.KD,6890.95854,6826.519171,6766.974872,6844.498717,7127.177442,7318.938766,7604.13264,7906.019692,8100.698592,7827.87873,8237.787232,8508.791729,8635.252063,8781.618597,8809.130393,8758.631461,8647.127031,8730.57792,8794.512767,8782.943316,8144.086893,8670.661919,8961.377374
Latin America & Caribbean,LCN,Energy use (kg of oil equivalent per capita),EG.USE.PCAP.KG.OE,1175.090936,1160.846672,1187.34971,1206.117482,1233.915183,1263.004514,1286.832545,1312.382097,1329.68771,1282.394474,1350.194498,1361.483203,1388.580627,1430.043855,1411.819605,1388.698468,1355.898472,1337.785751,1303.59561,1313.005003,1218.336474,1288.240044,1325.27039
Latin America & Caribbean,LCN,Urban population (% of total population),SP.URB.TOTL.IN.ZS,75.49602646,75.85464016,76.18332855,76.50358883,76.81059781,77.11493392,77.4142848,77.70926228,77.99762445,78.2785271,78.55791739,78.83346059,79.10070532,79.36293538,79.62360303,79.88196677,80.13495513,80.38016423,80.61386895,80.848868,81.08779693,81.32722808,81.56491536
Latin America & Caribbean,LCN,Trade (% of GDP),NE.TRD.GNFS.ZS,38.67528215,38.77545129,41.29799858,43.23436164,45.4936723,45.50938431,46.08631832,46.08923553,47.85856748,41.05097281,43.65823699,46.10726639,45.65017003,44.89006398,43.9781403,44.29898657,44.25463547,44.5963976,48.04163766,47.36312086,47.02991402,53.87223249,57.55134559
Latin America & Caribbean,LCN,Renewable energy consumption (% of total final energy consumption),EG.FEC.RNEW.ZS,28.49878267,27.9199322,28.52690473,29.04460789,28.8693247,28.9373843,28.98566607,29.07674684,29.18957556,30.02501699,29.06834074,28.49585951,27.94119111,27.74266633,27.7215959,28.24466662,28.88503274,29.40682416,30.25263912,30.62481177,34.1964973,..,..
Latin America & Caribbean,LCN,"Industry (including construction), value added (% of GDP)",NV.IND.TOTL.ZS,29.49081304,29.31673787,29.93095149,29.67315249,30.6420497,30.64845935,31.12310724,30.29128121,30.37435509,28.04936136,29.16875578,28.92673442,28.57796479,27.62246793,26.89250986,29.0284385,28.09391142,28.13364283,29.07077812,28.90604939,28.99431933,31.09138353,31.73699413
Latin America & Caribbean,LCN,Fossil fuel energy consumption (% of total),EG.USE.COMM.FO.ZS,74.75993401,74.73782397,74.63088488,74.17018942,73.81170356,73.83929933,73.66341538,73.2754556,73.32293864,72.83646463,73.68857142,73.90106374,74.18219306,74.41512569,74.5714188,73.77663672,72.97130783,72.26682234,70.94877504,70.94382353,68.4264654,70.54279923,69.71899824
Latin America & Caribbean,LCN,Population density (people per sq. km of land area),EN.POP.DNST,25.95298024,26.31715279,26.67361752,27.02040014,27.36021954,27.69267869,28.02349675,28.35239253,28.67981779,29.00304804,29.32054043,29.63512771,29.95138391,30.26747459,30.57574215,30.8759166,31.16883587,31.45245405,31.71993285,31.97876365,32.20503686,32.39147462,32.58666491
Latin America & Caribbean (excluding high income),LAC,Carbon dioxide (CO2) emissions excluding LULUCF per capita (t CO2e/capita),EN.GHG.CO2.PC.CE.AR5,2.363807068,2.320839913,2.289495105,2.312341915,2.383824301,2.418838068,2.461628406,2.525239656,2.552980536,2.437880086,2.592118192,2.665365696,2.752482932,2.784874263,2.783504689,2.756411015,2.686106215,2.65670456,2.560518103,2.548031121,2.309287005,2.523422567,2.50585939
Latin America & Caribbean (excluding high income),LAC,GDP per capita (constant 2015 US$),NY.GDP.PCAP.KD,6579.793881,6497.81648,6432.802587,6501.919252,6760.551574,6945.189159,7222.12289,7516.691612,7707.623623,7436.535503,7847.609458,8107.033278,8208.833132,8348.462173,8368.596176,8307.333696,8182.731561,8262.612076,8305.847898,8274.060934,7670.34419,8143.897611,8403.213432
Latin America & Caribbean (excluding high income),LAC,Energy use (kg of oil equivalent per capita),EG.USE.PCAP.KG.OE,1080.924955,1075.484107,1078.101432,1107.453312,1140.172994,1162.639066,1182.464495,1205.692584,1228.304393,1183.791975,1234.167851,1258.267772,1282.41816,1315.579326,1321.300327,1300.854009,1276.489163,1263.711105,1248.540068,1255.038037,1178.537194,1239.766434,1270.319901
Latin America & Caribbean (excluding high income),LAC,Urban population (% of total population),SP.URB.TOTL.IN.ZS,74.61493262,74.97901576,75.32510976,75.66805486,75.99649338,76.31970386,76.64009741,76.95617431,77.26528958,77.56617757,77.86547396,78.161107,78.44863987,78.73128734,79.0127052,79.29192067,79.56631103,79.83633748,80.10279207,80.36738655,80.62999455,80.88943146,81.14426105
Latin America & Caribbean (excluding high income),LAC,Trade (% of GDP),NE.TRD.GNFS.ZS,34.39797827,34.72568347,37.19945623,38.85886397,40.73591336,40.14016846,40.76320675,40.72148987,42.36484278,37.00433257,39.35133351,41.50247316,41.68621059,41.03657835,40.47689135,41.6773753,41.84323774,42.09892856,45.80745583,45.19366298,45.14087446,52.01699809,55.16027014
Latin America & Caribbean (excluding high income),LAC,Renewable energy consumption (% of total final energy consumption),EG.FEC.RNEW.ZS,29.82868979,29.3175362,30.13992894,30.68281624,30.35128929,30.5136178,30.32573246,30.33266806,30.44103421,31.48160767,30.79106379,29.92368412,29.35097794,28.87539915,29.15034793,29.36533396,30.070132,30.642166,31.4749268,31.72545967,34.93118129,..,..
Latin America & Caribbean (excluding high income),LAC,"Industry (including construction), value added (% of GDP)",NV.IND.TOTL.ZS,28.37187639,28.15885858,28.71436047,28.26916323,29.02709833,28.81606371,29.12699866,28.37368732,28.36044367,26.29212693,26.98520978,27.32889979,27.05630251,26.07672831,25.53561451,24.60873746,23.80193474,23.8916546,24.75548012,24.63472752,24.54477017,26.48374099,27.12683359
Latin America & Caribbean (excluding high income),LAC,Fossil fuel energy consumption (% of total),EG.USE.COMM.FO.ZS,72.56103117,72.73972918,72.00808644,71.62114757,71.82054627,71.8382434,71.62220655,71.03684129,71.08583369,70.61658091,70.96065031,71.68937334,72.41563448,72.6657379,72.78143379,72.06486592,71.21211154,70.52419977,69.53796999,69.38059583,67.24665112,69.46997458,68.38413229
Latin America & Caribbean (excluding high income),LAC,Population density (people per sq. km of land area),EN.POP.DNST,25.8678757,26.23159625,26.58711777,26.93236265,27.2706804,27.60445895,27.9343857,28.26308862,28.59087463,28.91500378,29.23281589,29.54924185,29.86701363,30.18489121,30.49499957,30.79740525,31.09734576,31.40608554,31.72765806,32.04085469,32.30798636,32.51995166,32.73270069
Latin America & the Caribbean (IDA & IBRD countries),TLA,Carbon dioxide (CO2) emissions excluding LULUCF per capita (t CO2e/capita),EN.GHG.CO2.PC.CE.AR5,2.565389636,2.535172557,2.514335028,2.532520845,2.619500202,2.670945141,2.720452572,2.781568743,2.824764527,2.709397537,2.874678546,2.945996048,3.054383019,3.079890135,3.062397792,3.009437863,2.92620225,2.877641595,2.771158405,2.744633622,2.42996289,2.631439327,2.625465378
Latin America & the Caribbean (IDA & IBRD countries),TLA,GDP per capita (constant 2015 US$),NY.GDP.PCAP.KD,6756.858325,6676.241286,6613.604526,6692.511407,6960.932885,7152.694604,7436.756744,7741.781865,7942.619995,7668.911494,8090.063857,8367.391952,8494.851711,8643.878347,8673.192742,8616.957534,8504.292376,8591.615571,8658.226791,8644.580349,8021.389201,8553.606268,8840.330816
Latin America & the Caribbean (IDA & IBRD countries),TLA,Energy use (kg of oil equivalent per capita),EG.USE.PCAP.KG.OE,1171.842321,1157.846489,1186.75846,1206.317017,1234.612071,1265.663237,1290.110964,1316.679995,1333.813564,1285.941773,1353.999337,1365.765751,1392.878347,1436.269229,1416.892459,1392.780282,1360.202921,1342.967225,1309.176976,1319.869739,1223.856917,1295.562552,1333.087032
Latin America & the Caribbean (IDA & IBRD countries),TLA,Urban population (% of total population),SP.URB.TOTL.IN.ZS,75.34802028,75.71480075,76.05060061,76.37899367,76.69510451,77.00845854,77.31675143,77.62045435,77.9171468,78.20594423,78.49279598,78.77588239,79.05030995,79.32010894,79.58862928,79.8545961,80.11481174,80.36678914,80.6077408,80.84683325,81.0901657,81.3334321,81.57500581
Latin America & the Caribbean (IDA & IBRD countries),TLA,Trade (% of GDP),NE.TRD.GNFS.ZS,37.82223931,37.92150442,40.47200859,42.2281856,44.44852571,44.26915389,44.79810327,44.78410924,46.29931666,39.87795818,42.4122234,44.67209934,44.64705099,43.88366076,43.04345118,43.46193883,43.45818515,43.71591319,47.33590855,46.75701185,46.65583034,52.73211517,56.2378167
Latin America & the Caribbean (IDA & IBRD countries),TLA,Renewable energy consumption (% of total final energy consumption),EG.FEC.RNEW.ZS,28.5774087,27.98577549,28.62896404,29.19282895,29.00321304,29.18681407,29.28839604,29.41629069,29.50664034,30.36699465,29.41856919,28.77139617,28.20929311,28.00913359,27.92345653,28.48813571,29.14848357,29.64088308,30.49537933,30.87308495,34.49896325,..,..
Latin America & the Caribbean (IDA & IBRD countries),TLA,"Industry (including construction), value added (% of GDP)",NV.IND.TOTL.ZS,29.24949767,28.94981649,29.51989613,29.26153353,30.36346023,30.45612819,30.98555954,30.15310128,30.23332193,27.73922192,28.92073842,28.72944268,28.36168589,27.386669,26.64371774,28.82412632,27.7986467,27.89809943,28.87504469,28.67643702,28.7359798,30.98431253,31.74342768
Latin America & the Caribbean (IDA & IBRD countries),TLA,Fossil fuel energy consumption (% of total),EG.USE.COMM.FO.ZS,74.75323226,74.75155628,74.58139852,74.06770454,73.77395434,73.72505833,73.50334229,73.10171767,73.04883083,72.562028,73.39734106,73.64890459,73.94110206,74.20165268,74.37384347,73.56064428,72.71226192,72.06471866,70.78223074,70.77606799,68.23320205,70.3575792,69.48982148
Latin America & the Caribbean (IDA & IBRD countries),TLA,Population density (people per sq. km of land area),EN.POP.DNST,25.33093866,25.69510894,26.05016199,26.39683633,26.73667896,27.06965453,27.40186287,27.73289753,28.06269893,28.38833024,28.70798974,29.02677583,29.34569828,29.66126331,29.97353851,30.27819638,30.57567896,30.86483951,31.14076084,31.40164479,31.63177058,31.82313176,32.02477809
Least developed countries: UN classification,LDC,Carbon dioxide (CO2) emissions excluding LULUCF per capita (t CO2e/capita),EN.GHG.CO2.PC.CE.AR5,0.180353041,0.18910678,0.19084833,0.202869879,0.207314517,0.212809251,0.220430117,0.230699813,0.239637605,0.252869539,0.265715734,0.276434987,0.287335986,0.301898342,0.315814537,0.324374894,0.347799686,0.365855658,0.371304889,0.374519279,0.352686565,0.373357605,0.375002439
Least developed countries: UN classification,LDC,GDP per capita (constant 2015 US$),NY.GDP.PCAP.KD,631.5022592,646.7376665,664.561359,681.2071209,708.1602237,743.2794045,775.4263624,812.5871848,845.1904684,860.4289649,893.3992852,901.6468786,908.7019527,938.4453268,966.7060918,970.9165964,983.7392446,1004.429528,1026.538857,1053.517524,1027.579519,1032.243143,1057.291939
Least developed countries: UN classification,LDC,Energy use (kg of oil equivalent per capita),EG.USE.PCAP.KG.OE,287.3758126,292.4875378,294.2178181,298.9145818,297.9776885,299.4500872,305.2868467,304.5034216,310.4607906,317.1557377,317.1998067,322.2284379,324.8015553,338.9393801,340.7819298,344.0671493,348.9341159,351.8528931,351.8315713,355.6634891,356.2826742,363.0835443,365.2763806
Least developed countries: UN classification,LDC,Urban population (% of total population),SP.URB.TOTL.IN.ZS,25.02714909,25.42633019,25.84815716,26.27667552,26.70752653,27.15550928,27.59756487,27.99680498,28.48552649,28.97803632,29.47823804,29.98561009,30.48464137,30.99242899,31.51009981,32.03679714,32.57628331,33.1242641,33.66672797,34.2024921,34.74092288,35.28907287,35.84971358
Least developed countries: UN classification,LDC,Trade (% of GDP),NE.TRD.GNFS.ZS,40.67801978,41.12485001,52.93975055,52.57015411,53.62320302,56.93274184,56.8510428,61.8708626,66.18052901,61.91843887,60.75484181,62.00989424,60.48145897,60.10889883,57.4645304,51.64265076,47.28204744,48.29389314,52.44321714,49.87539948,48.04073831,52.75675923,53.63880983
Least developed countries: UN classification,LDC,Renewable energy consumption (% of total final energy consumption),EG.FEC.RNEW.ZS,83.81569954,83.04081371,82.61092098,81.41917372,80.99036178,80.75998702,80.10053427,78.84710698,78.17396178,77.04264289,75.90306383,75.29023904,74.11861522,73.45163907,72.8033051,72.64204994,71.70698643,70.6528427,69.66892731,69.50249095,70.88570774,..,..
Least developed countries: UN classification,LDC,"Industry (including construction), value added (% of GDP)",NV.IND.TOTL.ZS,23.81219943,23.73372448,24.86323371,24.78145227,26.08473212,28.19491656,29.75449263,30.86111496,31.34373547,27.62779605,29.33203053,31.16577969,30.68298854,29.68537309,28.97113508,27.00603533,27.51310047,28.75840398,30.91238962,30.21679521,29.43971135,29.88954579,30.27441723
Least developed countries: UN classification,LDC,Fossil fuel energy consumption (% of total),EG.USE.COMM.FO.ZS,19.6967599,20.42959093,20.42998408,21.41671663,22.06085781,22.49287323,23.75969299,24.85575496,25.40651567,26.02364365,25.86072395,26.17048261,26.30001108,28.51619859,28.83569554,29.49713574,30.68398806,31.66435459,31.66292557,32.38192601,31.41036094,32.04454468,32.1554592
Least developed countries: UN classification,LDC,Population density (people per sq. km of land area),EN.POP.DNST,38.03586843,38.95333564,39.93513238,40.94273063,41.5882276,42.59749099,43.63249483,44.65616472,45.70680743,46.79411147,47.89328774,49.03115066,44.04245187,45.10286505,46.18426303,47.27572809,48.40153534,49.55976577,50.74442464,51.96759124,53.22630597,54.48074354,55.72885467
Low & middle income,LMY,Carbon dioxide (CO2) emissions excluding LULUCF per capita (t CO2e/capita),EN.GHG.CO2.PC.CE.AR5,1.917948006,1.945885329,2.006023433,2.153881577,2.326408049,2.482204675,2.632563371,2.774619788,2.828957221,2.89347567,3.072789469,3.235144593,3.308487637,3.377460626,3.395089803,3.326464587,3.317116409,3.373769086,3.464543429,3.488797917,3.39358559,3.54707247,3.52715065
Low & middle income,LMY,GDP per capita (constant 2015 US$),NY.GDP.PCAP.KD,2167.966231,2212.813456,2284.719112,2385.264761,2531.528431,2679.563366,2859.145544,3069.274065,3207.000345,3290.131409,3509.960363,3682.206019,3830.532028,3991.038864,4142.602678,4282.046016,4428.347316,4605.068056,4776.423744,4915.108917,4808.933314,5113.307982,5266.51603
Low & middle income,LMY,Energy use (kg of oil equivalent per capita),EG.USE.PCAP.KG.OE,731.8609662,737.071853,755.1719134,798.6687559,853.4194926,892.9045485,931.9066287,968.7392937,989.7134398,1006.331665,1064.769902,1102.178264,1120.591348,1136.312388,1152.420233,1139.014492,1138.835815,1164.050192,1190.410609,1215.412764,1201.182604,1264.599208,1284.74826
Low & middle income,LMY,Urban population (% of total population),SP.URB.TOTL.IN.ZS,39.23385171,39.80201321,40.41390223,41.03012522,41.65302566,42.28099263,42.89704572,43.49459783,44.10564703,44.71459628,45.32301622,45.90052298,46.46802854,47.04583337,47.6253259,48.20842105,48.78612608,49.36181303,49.9317364,50.49108803,51.03586921,51.57273522,52.1006418
Low & middle income,LMY,Trade (% of GDP),NE.TRD.GNFS.ZS,46.76870011,46.18825266,48.7076043,53.2331149,58.54503424,60.23258704,61.10886508,59.99831441,59.69254997,49.89152783,52.90459631,54.74953794,53.42728225,51.92755262,50.31078402,46.56865478,44.62900482,46.09156232,48.18772953,46.16209724,43.70507586,49.02307495,52.59422562
Low & middle income,LMY,Renewable energy consumption (% of total final energy consumption),EG.FEC.RNEW.ZS,33.48107697,32.89882665,32.3075426,31.03655115,29.05784429,27.48640345,26.69909608,25.5432068,25.06229398,24.78840579,23.81884516,22.91436115,22.7325689,22.74110266,22.77657083,22.82016742,23.06084617,23.09743169,23.19358276,23.69912358,24.59919355,..,..
Low & middle income,LMY,"Industry (including construction), value added (% of GDP)",NV.IND.TOTL.ZS,33.67706817,33.46914434,34.10418779,34.16771912,34.92358177,35.51787217,36.20976798,36.04491575,36.84651981,35.47850204,35.87752742,36.54098642,36.34250639,35.53640489,34.8641865,33.4464402,32.67052175,33.08671476,33.74474547,32.87492397,32.49821853,34.10279407,34.20569713
Low & middle income,LMY,Fossil fuel energy consumption (% of total),EG.USE.COMM.FO.ZS,75.85312029,76.27826122,76.73820125,77.92996587,79.13528059,79.96829144,80.59831385,81.3416116,81.69972659,82.05365335,82.7017915,83.26822918,83.22825369,83.06178636,82.95681501,82.5502193,81.9999745,81.85281634,81.60669044,81.42937255,80.83414994,81.04030155,80.70804785
Low & middle income,LMY,Population density (people per sq. km of land area),EN.POP.DNST,65.64685236,66.66005111,67.66203226,68.64993128,69.63316735,70.63071848,71.53244723,72.52637406,73.53480435,74.56027374,75.5920349,76.63916109,75.15665722,76.19032921,77.21617229,78.21314923,79.21300069,80.23223977,81.22909704,82.20259274,83.13248211,83.96396482,84.75532044
Low income,LIC,Carbon dioxide (CO2) emissions excluding LULUCF per capita (t CO2e/capita),EN.GHG.CO2.PC.CE.AR5,0.504812514,0.507746256,0.488403665,0.493683426,0.496236924,0.53403388,0.542352885,0.515682866,0.533517776,0.519302797,0.506707437,0.450271251,0.408659448,0.35772146,0.353402592,0.304141419,0.303520026,0.378415836,0.36503974,0.370301349,0.341181272,0.325531797,0.319975878
Low income,LIC,GDP per capita (constant 2015 US$),NY.GDP.PCAP.KD,677.7288965,686.3644292,702.0329365,719.9228556,740.0206956,764.0635221,781.7343267,801.1619755,817.5467651,821.9904938,850.9953544,826.188859,767.6488355,766.467472,771.1614627,736.645564,722.7578287,716.0415725,715.5376434,719.2658579,691.8719631,681.8702274,688.2627982
Low income,LIC,Energy use (kg of oil equivalent per capita),EG.USE.PCAP.KG.OE,405.7811384,410.2488618,406.773671,406.6704218,404.1653677,417.0485069,420.4486566,398.3796498,407.3029707,403.7172411,394.5375288,378.0802716,356.798795,357.0286921,361.1470966,339.6071087,335.887156,357.7806346,351.7568148,353.3890296,352.4249995,354.1133977,352.4549805
Low income,LIC,Urban population (% of total population),SP.URB.TOTL.IN.ZS,29.93514605,30.21525164,30.46770998,30.69930137,30.94778901,31.22791581,31.53294748,31.77105962,32.11333234,32.42780671,32.76597899,33.0359682,33.26103102,33.47002577,33.70055548,34.05437914,34.45610504,34.8821585,35.30889647,35.74482542,36.19183889,36.65494342,37.14203806
Low income,LIC,Trade (% of GDP),NE.TRD.GNFS.ZS,41.42829017,39.31168835,46.26909342,46.99964802,48.2369182,50.41717157,50.54772571,54.17638681,58.85603999,51.89285704,55.12227888,54.2716228,52.0410227,53.29206147,51.33634722,45.38406625,46.80047571,52.6580982,56.15379156,53.68983554,50.72402121,56.28703146,55.72960512
Low income,LIC,Renewable energy consumption (% of total final energy consumption),EG.FEC.RNEW.ZS,61.74722859,61.31326598,62.19670362,62.37859067,61.84795335,60.02008292,59.60810799,59.7232904,58.60285973,61.15354528,61.14797911,64.05736939,64.73737258,68.05364767,68.46572675,72.02510539,72.32428521,68.0372933,67.49360957,67.02200842,69.2018592,..,..
Low income,LIC,"Industry (including construction), value added (% of GDP)",NV.IND.TOTL.ZS,26.78361782,26.28221805,26.41984685,26.16298667,27.9306639,29.05574531,30.51652017,31.34887141,32.20095675,29.71173255,30.6948085,31.62104067,28.34405728,27.02892434,27.78362536,25.65454329,23.56181368,25.38091025,29.05533871,25.31403091,25.8059597,25.65497158,25.19018345
Low income,LIC,Fossil fuel energy consumption (% of total),EG.USE.COMM.FO.ZS,43.5671261,43.4067709,42.79441695,42.86882051,43.22286432,45.47106186,46.11008417,45.77040132,46.60838773,45.44339728,43.90043718,40.46504429,34.960518,33.93196491,34.19658806,29.95402452,28.70678269,33.83979063,33.03933279,34.02240994,31.20047812,29.1746659,29.0138239
Low income,LIC,Population density (people per sq. km of land area),EN.POP.DNST,29.07984695,29.85502148,30.73514529,31.65576387,32.50404695,33.44695759,34.45916683,35.48527231,36.51204707,37.56587665,38.6374381,39.72878943,33.31575586,34.15559867,34.99158025,35.86077699,36.80383876,37.8129946,38.88749916,40.02277788,41.17310389,42.30652902,43.43290582
Lower middle income,LMC,Carbon dioxide (CO2) emissions excluding LULUCF per capita (t CO2e/capita),EN.GHG.CO2.PC.CE.AR5,0.870841614,0.878693054,0.886060684,0.893850646,0.938845086,0.958911713,0.986836244,1.03677251,1.068669939,1.113320076,1.160903128,1.2003078,1.258326708,1.275190476,1.337708831,1.349426373,1.381991629,1.437243415,1.488092066,1.47940907,1.375411314,1.466855281,1.506503162
Lower middle income,LMC,GDP per capita (constant 2015 US$),NY.GDP.PCAP.KD,1024.855527,1048.152748,1074.613416,1117.439747,1174.793649,1231.171139,1293.755479,1358.489862,1396.249915,1454.143453,1527.323922,1573.129147,1627.33736,1692.311441,1767.450842,1843.92246,1919.936419,1995.243392,2074.082599,2128.989697,2024.80614,2132.430997,2235.503317
Lower middle income,LMC,Energy use (kg of oil equivalent per capita),EG.USE.PCAP.KG.OE,400.9923595,402.716499,406.660701,409.493709,422.5622804,432.4701037,442.3314155,455.0747316,467.9277787,479.7443714,498.6257641,510.9942206,523.0893275,524.9418218,545.3576492,550.0545576,561.5324037,575.5919148,587.6336971,591.0239757,570.649994,598.9379364,626.5502854
Lower middle income,LMC,Urban population (% of total population),SP.URB.TOTL.IN.ZS,30.89988888,31.2279917,31.60491502,31.9890497,32.37741693,32.77480106,33.17845757,33.58626239,33.99454128,34.40739375,34.82696736,35.25599881,35.68876621,36.14574834,36.61426482,37.07723249,37.53497347,37.99700089,38.4688237,38.9483292,39.43697279,39.93772202,40.45163752
Lower middle income,LMC,Trade (% of GDP),NE.TRD.GNFS.ZS,44.95870606,44.97150408,48.14590385,49.81194487,55.41362646,58.13278281,59.69997718,61.28147521,66.09563616,57.71856077,57.9511303,62.08455472,61.02684533,59.12941288,56.08986179,51.45972821,49.06296683,51.69315082,54.9655761,52.28502291,47.88184101,54.54094319,60.50049481
Lower middle income,LMC,Renewable energy consumption (% of total final energy consumption),EG.FEC.RNEW.ZS,51.47147449,51.19116049,50.48475706,50.32025686,49.74472051,49.21336096,48.57260596,47.2222569,46.05962917,45.21197915,44.03879539,43.23594577,43.32969882,43.29304444,42.3759445,41.50901578,40.55157668,39.8438461,39.74467859,40.14724367,41.63755758,..,..
Lower middle income,LMC,"Industry (including construction), value added (% of GDP)",NV.IND.TOTL.ZS,27.05890608,26.34918,26.67785855,26.82588044,28.03020949,28.67421847,29.36321091,29.34528316,29.77251681,28.68887506,29.18333909,29.66169498,29.7005918,29.02190213,28.37336354,27.1474137,26.5249532,27.08172267,27.61658617,27.23048142,27.1383344,28.03109884,28.07607108
Lower middle income,LMC,Fossil fuel energy consumption (% of total),EG.USE.COMM.FO.ZS,62.13700658,62.44762416,63.10061933,63.27488586,63.94617957,64.50667608,64.94952808,65.85320845,66.94390501,67.67476505,68.5594796,68.85112839,69.36059031,69.19140705,70.3102142,70.90718368,71.1159934,71.37974225,71.6872903,71.57933945,70.36256459,71.01090342,71.17620151
Lower middle income,LMC,Population density (people per sq. km of land area),EN.POP.DNST,113.7624433,116.0583506,118.3126305,120.5444703,122.8071722,125.0167633,127.2563004,129.5442739,131.8173818,134.1013943,136.4235725,138.7537243,141.0691007,143.3581546,145.6779233,147.8904136,150.1165385,152.3278844,154.5015866,156.6442543,158.7715799,160.7956671,162.8333485
"Middle East, North Africa, Afghanistan & Pakistan",MEA,Carbon dioxide (CO2) emissions excluding LULUCF per capita (t CO2e/capita),EN.GHG.CO2.PC.CE.AR5,3.079803538,3.159288569,3.190207667,3.229910313,3.347761381,3.480428193,3.596440385,3.691535831,3.797405019,3.832138241,3.910901087,3.913207867,4.031228752,4.02284549,4.080788458,4.068654383,4.067929573,4.09936922,3.985530744,3.998732803,3.853275608,3.963263098,3.960052893
"Middle East, North Africa, Afghanistan & Pakistan",MEA,GDP per capita (constant 2015 US$),NY.GDP.PCAP.KD,4007.864483,3992.692277,3983.85231,4075.670897,4296.096079,4416.55038,4568.718145,4693.693042,4783.884472,4723.906652,4850.366499,4922.32566,5006.120324,5018.471352,5071.935505,5108.831178,5241.373952,5270.565114,5323.203516,5312.460811,5043.759496,5223.076825,5451.274225
"Middle East, North Africa, Afghanistan & Pakistan",MEA,Energy use (kg of oil equivalent per capita),EG.USE.PCAP.KG.OE,1161.0718,1221.869887,1245.118862,1247.147531,1284.862998,1348.552746,1383.1524,1418.584603,1474.562844,1485.472365,1517.635243,1516.809204,1552.893497,1535.615416,1591.468995,1580.306873,1602.220356,1632.427565,1599.503356,1614.557074,1559.966488,1606.380753,1628.232194
"Middle East, North Africa, Afghanistan & Pakistan",MEA,Urban population (% of total population),SP.URB.TOTL.IN.ZS,48.69649883,48.99978159,49.24907508,49.49017169,49.77681792,50.09715121,50.42578557,50.75491791,51.06739587,51.35899356,51.57068628,51.80305883,52.06251977,52.40651669,52.73688599,53.12292491,53.46536581,53.72322566,53.92428293,54.14250704,54.40743849,54.59282258,54.96648531
"Middle East, North Africa, Afghanistan & Pakistan",MEA,Trade (% of GDP),NE.TRD.GNFS.ZS,64.9459992,66.23094886,67.5082072,72.95730565,76.84907559,80.82489936,81.20844186,83.7194263,86.28323051,78.60937696,76.72765364,78.97717156,80.54720195,79.57030556,77.58237192,73.0826096,68.87207689,71.79138488,73.9679925,72.42898014,67.61509711,71.60595527,78.9699454
"Middle East, North Africa, Afghanistan & Pakistan",MEA,Renewable energy consumption (% of total final energy consumption),EG.FEC.RNEW.ZS,9.381843187,9.249631165,9.184398156,9.254385572,9.163251738,9.037959428,8.662595088,8.164632947,7.816086785,7.690267197,7.592808452,7.436342281,7.191387866,7.230356128,7.071221804,7.080073146,7.10925109,7.149274549,7.308586935,7.596708192,7.546757028,..,..
"Middle East, North Africa, Afghanistan & Pakistan",MEA,"Industry (including construction), value added (% of GDP)",NV.IND.TOTL.ZS,42.83635738,40.63856077,41.49505061,42.00066013,44.18865506,47.78099542,48.77472981,48.04948142,50.10901885,43.14032987,45.41591948,48.15472069,48.21348148,46.6688432,44.34022724,36.35465705,34.45145794,36.25244072,39.2916972,37.61532992,32.94242314,37.97108657,43.27263693
"Middle East, North Africa, Afghanistan & Pakistan",MEA,Fossil fuel energy consumption (% of total),EG.USE.COMM.FO.ZS,93.68176426,93.84789851,93.96227194,93.85432226,93.8466693,93.96664336,94.11525769,94.30329436,94.80656579,94.82226978,94.84287552,94.86056207,95.05007194,94.88125058,95.08477709,95.12110013,95.16337729,95.33328285,95.32248936,95.24386295,95.24498013,95.08995058,94.63523587
"Middle East, North Africa, Afghanistan & Pakistan",MEA,Population density (people per sq. km of land area),EN.POP.DNST,39.12058136,40.03983253,40.96595346,41.92674845,42.93455713,43.972037,45.05397154,46.14845675,47.25957284,48.40200186,49.40625577,50.53104681,51.65539964,52.77827202,53.82669696,54.89545198,55.90684166,56.87313499,57.78092968,58.75806547,59.84115788,60.72504792,62.02175167
"Middle East, North Africa, Afghanistan & Pakistan (excluding high income)",MNA,Carbon dioxide (CO2) emissions excluding LULUCF per capita (t CO2e/capita),EN.GHG.CO2.PC.CE.AR5,2.107546923,2.158566228,2.154750693,2.16884758,2.266095317,2.365039498,2.436441104,2.499067036,2.522539583,2.548117682,2.538913569,2.498417564,2.563578568,2.55762275,2.576203178,2.531913279,2.558421258,2.644816683,2.603461482,2.613469705,2.52084209,2.608291013,2.594666615
"Middle East, North Africa, Afghanistan & Pakistan (excluding high income)",MNA,GDP per capita (constant 2015 US$),NY.GDP.PCAP.KD,2321.528273,2335.694295,2358.798116,2372.151423,2497.584007,2562.336909,2639.888212,2733.137547,2767.194676,2783.301849,2855.299226,2785.480596,2827.371634,2804.953992,2819.686117,2802.63135,2910.61822,2957.769066,2980.311279,2963.253981,2828.43091,2904.784511,2975.288099
"Middle East, North Africa, Afghanistan & Pakistan (excluding high income)",MNA,Energy use (kg of oil equivalent per capita),EG.USE.PCAP.KG.OE,788.1585622,823.4962773,825.9216886,828.7571913,872.3026489,923.8762729,935.9799454,956.0260482,978.9869411,978.1574841,973.5898353,968.7091689,985.6410728,974.1342873,1006.536871,971.0808443,1000.110765,1046.450248,1028.011136,1059.616677,1021.211651,1062.714584,1069.765112
"Middle East, North Africa, Afghanistan & Pakistan (excluding high income)",MNA,Urban population (% of total population),SP.URB.TOTL.IN.ZS,46.30970517,46.57102368,46.77971389,46.98439431,47.24026603,47.52737333,47.80626675,48.06109755,48.30068844,48.53805189,48.78480077,48.96729201,49.15831628,49.42305716,49.7109583,50.01731251,50.29965674,50.55919495,50.81324073,51.06492703,51.31166268,51.58272885,51.89478373
"Middle East, North Africa, Afghanistan & Pakistan (excluding high income)",MNA,Trade (% of GDP),NE.TRD.GNFS.ZS,55.32408244,54.97809685,57.10214346,63.33486921,63.82992425,67.13956583,64.12687207,63.0367814,66.32144275,58.43834187,56.46213699,55.02060052,55.16803745,54.76459135,52.28281922,47.85826008,44.33266432,49.40137582,55.64504186,52.88549464,44.90407263,50.46056961,59.3054486
"Middle East, North Africa, Afghanistan & Pakistan (excluding high income)",MNA,Renewable energy consumption (% of total final energy consumption),EG.FEC.RNEW.ZS,13.00389608,12.84802422,12.83970483,12.96980916,12.70638692,12.47214542,12.02757238,11.43717252,11.18166139,11.09476636,11.20588887,11.07081273,11.04202154,11.14421506,11.0400706,11.2870522,11.15030648,10.94136851,10.96197322,11.48654707,11.21813263,..,..
"Middle East, North Africa, Afghanistan & Pakistan (excluding high income)",MNA,"Industry (including construction), value added (% of GDP)",NV.IND.TOTL.ZS,36.50627115,33.92965896,35.51540082,35.21524997,37.46157384,40.24438354,41.43781875,41.50334983,43.1240013,37.33696905,39.36810769,40.23225266,39.99197737,38.59722314,36.21887925,30.66847871,29.68693439,31.40129853,32.90878835,32.2292575,28.52991925,32.63752913,36.58359122
"Middle East, North Africa, Afghanistan & Pakistan (excluding high income)",MNA,Fossil fuel energy consumption (% of total),EG.USE.COMM.FO.ZS,90.1610306,90.34106694,90.35936964,90.19207823,90.38076129,90.63062931,90.72967317,90.96588465,91.66208297,91.59843732,91.43057794,91.39784591,91.50060372,91.1870699,91.51961315,91.33366923,91.54687626,92.050649,92.07086636,92.18256239,92.27385262,92.46452417,92.04545878
"Middle East, North Africa, Afghanistan & Pakistan (excluding high income)",MNA,Population density (people per sq. km of land area),EN.POP.DNST,45.98969132,47.00718304,48.03199706,49.10057416,50.22614674,51.38064944,52.56419196,53.72434093,54.90085766,56.14226889,57.3701971,58.58735989,59.771828,60.92400875,62.05800621,63.12998044,64.17181487,65.29842883,66.45968245,67.65700705,68.85417212,70.0399427,71.26969606
"Middle East, North Africa, Afghanistan & Pakistan (IDA & IBRD)",TMN,Carbon dioxide (CO2) emissions excluding LULUCF per capita (t CO2e/capita),EN.GHG.CO2.PC.CE.AR5,2.107546923,2.158566228,2.154750693,2.16884758,2.266095317,2.365039498,2.436441104,2.499067036,2.522539583,2.548117682,2.538913569,2.498417564,2.563578568,2.55762275,2.576203178,2.531913279,2.558421258,2.644816683,2.603461482,2.613469705,2.52084209,2.608291013,2.594666615
"Middle East, North Africa, Afghanistan & Pakistan (IDA & IBRD)",TMN,GDP per capita (constant 2015 US$),NY.GDP.PCAP.KD,2320.804638,2336.861919,2362.146669,2374.281748,2498.047569,2561.889219,2640.539075,2734.204598,2767.731211,2782.933231,2854.829415,2783.2109,2824.638304,2801.576045,2816.940384,2799.454418,2906.720812,2954.318856,2977.300338,2960.375567,2827.774131,2903.752148,2974.404287
"Middle East, North Africa, Afghanistan & Pakistan (IDA & IBRD)",TMN,Energy use (kg of oil equivalent per capita),EG.USE.PCAP.KG.OE,788.1585622,823.4962773,825.9216886,828.7571913,872.3026489,923.8762729,935.9799454,956.0260482,978.9869411,978.1574841,973.5898353,968.7091689,985.6410728,974.1342873,1006.536871,971.0808443,1000.110765,1046.450248,1028.011136,1059.616677,1021.211651,1062.714584,1069.765112
"Middle East, North Africa, Afghanistan & Pakistan (IDA & IBRD)",TMN,Urban population (% of total population),SP.URB.TOTL.IN.ZS,46.14672501,46.40770396,46.61566533,46.81967005,47.07530599,47.36240274,47.64124903,47.89571977,48.13450783,48.37122597,48.6173822,48.79882616,48.9887452,49.25278045,49.54007754,49.84578224,50.12722317,50.38617732,50.63876625,50.88900371,51.1342115,51.40384227,51.71474866
"Middle East, North Africa, Afghanistan & Pakistan (IDA & IBRD)",TMN,Trade (% of GDP),NE.TRD.GNFS.ZS,55.02422829,54.72062155,56.92444189,63.21364875,63.66945464,66.9846347,63.95511039,62.7680359,66.19934397,58.2832617,56.3504583,54.90712707,55.05890329,54.6579769,52.13960374,47.64587198,44.13725838,49.22489507,55.49905403,52.73624756,44.69916921,50.25347966,59.09408832
"Middle East, North Africa, Afghanistan & Pakistan (IDA & IBRD)",TMN,Renewable energy consumption (% of total final energy consumption),EG.FEC.RNEW.ZS,12.99200029,12.83682105,12.81368825,12.94204663,12.67632068,12.44484502,12.012538,11.41482056,11.16062876,11.07991581,11.19751214,11.05933089,11.03844564,11.14247289,11.04101706,11.28818087,11.14568515,10.94306096,10.95570392,11.47710718,11.20250855,..,..
"Middle East, North Africa, Afghanistan & Pakistan (IDA & IBRD)",TMN,"Industry (including construction), value added (% of GDP)",NV.IND.TOTL.ZS,36.61683723,33.99493493,35.61324332,35.29210597,37.57098158,40.36025608,41.56238951,41.61896537,43.25324154,37.45035264,39.49235056,40.35799002,40.11017176,38.73850836,36.352824,30.78112586,29.7924382,31.50790559,33.0287527,32.36037928,28.63926623,32.78021481,36.75764695
"Middle East, North Africa, Afghanistan & Pakistan (IDA & IBRD)",TMN,Fossil fuel energy consumption (% of total),EG.USE.COMM.FO.ZS,90.1610306,90.34106694,90.35936964,90.19207823,90.38076129,90.63062931,90.72967317,90.96588465,91.66208297,91.59843732,91.43057794,91.39784591,91.50060372,91.1870699,91.51961315,91.33366923,91.54687626,92.050649,92.07086636,92.18256239,92.27385262,92.46452417,92.04545878
"Middle East, North Africa, Afghanistan & Pakistan (IDA & IBRD)",TMN,Population density (people per sq. km of land area),EN.POP.DNST,45.72676644,46.73734975,47.75506514,48.81636494,49.93449411,51.08136126,52.25707195,53.40915257,54.57668417,55.80910166,57.0281146,58.23637955,59.41191167,60.55516009,61.6802232,62.74322559,63.77604008,64.89435589,66.0449358,67.23141619,68.41756287,69.59219217,70.76801797
Middle income,MIC,Carbon dioxide (CO2) emissions excluding LULUCF per capita (t CO2e/capita),EN.GHG.CO2.PC.CE.AR5,2.017853318,2.048724891,2.116171893,2.276282627,2.463300481,2.630126726,2.793910278,2.951857855,3.011856841,3.08558435,3.283574077,3.467280652,3.553497667,3.635664218,3.658359353,3.591619772,3.585662044,3.645366002,3.750671961,3.782037708,3.686061364,3.861641156,3.846323685
Middle income,MIC,GDP per capita (constant 2015 US$),NY.GDP.PCAP.KD,2276.208905,2325.000647,2402.823801,2511.495373,2669.195493,2828.945003,3023.694745,3251.703755,3402.178301,3494.912724,3733.965562,3926.248005,4095.540042,4273.355754,4441.192272,4599.808454,4765.163285,4964.019655,5157.639284,5316.311005,5210.066239,5553.006564,5729.396335
Middle income,MIC,Energy use (kg of oil equivalent per capita),EG.USE.PCAP.KG.OE,749.7198838,755.1839108,774.7205875,820.949575,879.5315918,920.9425498,962.504929,1003.440278,1025.373395,1043.764788,1107.020426,1148.472858,1171.616026,1188.93735,1206.385566,1194.196315,1195.057214,1221.378445,1251.065657,1278.922699,1264.886668,1334.241988,1357.511119
Middle income,MIC,Urban population (% of total population),SP.URB.TOTL.IN.ZS,39.90212438,40.49915479,41.14825111,41.80518618,42.46816106,43.13570172,43.79081256,44.43223387,45.08014975,45.72896325,46.37602142,46.99595156,47.6084364,48.23253914,48.85693984,49.47629598,50.0884468,50.69850802,51.30497063,51.90171129,52.48275842,53.0542233,53.61436344
Middle income,MIC,Trade (% of GDP),NE.TRD.GNFS.ZS,46.82737504,46.26380527,48.73425781,53.30124819,58.65770442,60.33991786,61.22432692,60.06195683,59.70208941,49.86870495,52.87922474,54.75500667,53.4432594,51.91183045,50.29896894,46.58225814,44.60406849,46.01611385,48.09620072,46.07560471,43.61849165,48.93346833,52.55704061
Middle income,MIC,Renewable energy consumption (% of total final energy consumption),EG.FEC.RNEW.ZS,32.42741699,31.82325968,31.19295884,29.88217796,27.9061884,26.34727745,25.56812723,24.45768366,23.97717977,23.65779449,22.70789065,21.74335045,21.6160443,21.56668211,21.56276498,21.55605369,21.7814211,21.87124317,21.99019821,22.49306805,23.31674809,..,..
Middle income,MIC,"Industry (including construction), value added (% of GDP)",NV.IND.TOTL.ZS,33.81941628,33.60367747,34.26503264,34.33387799,35.07420466,35.66348513,36.33945692,36.15442086,36.95606253,35.60526472,35.98313692,36.63358967,36.4623817,35.65733912,34.96691481,33.55640353,32.77938255,33.17420565,33.79887789,32.96085122,32.57351379,34.18854903,34.30801581
Middle income,MIC,Fossil fuel energy consumption (% of total),EG.USE.COMM.FO.ZS,76.81101433,77.26886664,77.74027888,78.91889821,80.09563846,80.89018302,81.50103786,82.20225613,82.55459207,82.93446311,83.57358555,84.16835956,84.21062948,84.05987518,83.95354849,83.58429227,83.05046445,82.85436259,82.59485281,82.39402927,81.87457927,82.0957952,81.75857732
Middle income,MIC,Population density (people per sq. km of land area),EN.POP.DNST,72.16593361,73.22157042,74.24544124,75.24450558,76.26392342,77.27096064,78.14193855,79.13018157,80.13535592,81.15605039,82.18109984,83.22047441,84.29482253,85.37126808,86.43871426,87.46302811,88.47532274,89.49773396,90.47763229,91.41581403,92.29797691,93.06129942,93.78158327
North America,NAC,Carbon dioxide (CO2) emissions excluding LULUCF per capita (t CO2e/capita),EN.GHG.CO2.PC.CE.AR5,20.68381481,20.28882574,19.6872576,19.78463503,19.82741333,19.73506711,19.22570548,19.35241053,18.56632828,17.08064916,16.8278732315,15.648418005458334,14.44444253,14.217995246625,13.682738216666664,12.842493456875001,12.049492989749998,11.402769815333334,11.234279193833332,10.41700826375,8.927530991916667,9.031666227875,8.62524207
North America,NAC,GDP per capita (constant 2015 US$),NY.GDP.PCAP.KD,47578.00611,47590.30213,47992.74931,48872.98485,50256.44388,51517.69102,52436.39764,52982.10751,52571.55622,50741.9925,51671.50844,52118.72049,52849.30477,53554.27196,54473.09054,55534.45703,56048.8939,57026.2736,58314.20006,59425.2796,57729.9685,61099.50476,62273.10968
North America,NAC,Energy use (kg of oil equivalent per capita),EG.USE.PCAP.KG.OE,8071.780948,7843.183246,7850.585357,7841.66901,7926.973426,7895.191257,7766.549653,7815.103545,7545.299318,7116.881418,7211.896429,7079.737534,6901.743809,6966.201517,7002.006704,6879.603832,6791.826309,6750.272782,6882.618499,6846.625571,6280.797231,6557.250585,6623.012426
North America,NAC,Urban population (% of total population),SP.URB.TOTL.IN.ZS,79.10240522,79.29460003,79.46009168,79.62471506,79.78921817,79.95092044,80.11399506,80.28521907,80.45546537,80.62463495,80.79190485,80.96258252,81.1242319,81.29031527,81.45984696,81.63311504,81.80890161,81.98990523,82.17342808,82.3621587,82.55365469,82.75003865,82.94790102
North America,NAC,Trade (% of GDP),NE.TRD.GNFS.ZS,30.02605506,27.69513615,26.84730587,26.65820815,28.35359629,29.40546203,30.48232724,31.27953258,33.04005882,27.63801864,30.96542199,33.55936963,33.41993242,32.71256532,32.86418126,30.98728257,29.78897067,30.38153711,30.80377287,29.68202477,26.34490074,28.38971705,30.35801904
North America,NAC,Renewable energy consumption (% of total final energy consumption),EG.FEC.RNEW.ZS,6.997940511,6.29470806,6.49353146,6.909956674,7.166959045,7.501632596,7.990643842,7.942119679,8.396722681,8.923920508,8.882697959,9.862064248,10.00553593,10.39064572,10.48938422,10.39238845,10.72467051,11.20916908,11.31142621,11.5807525,12.46288234,..,..
North America,NAC,"Industry (including construction), value added (% of GDP)",NV.IND.TOTL.ZS,22.92610945,21.86076903,21.05293421,21.22333173,21.51058738,21.87855696,22.26664109,22.127603,21.67306654,19.79643417,19.94934454,20.24101747,19.92805407,19.9257527,19.91415163,18.78109581,18.11026516,18.46686391,18.80374925,18.32320986,17.49617904,18.10831988,18.73745302
North America,NAC,Fossil fuel energy consumption (% of total),EG.USE.COMM.FO.ZS,84.94593305,85.36405217,85.20318998,85.30103481,85.00832959,84.90612193,84.54621175,84.57180843,83.9092956,83.16988696,83.20593277,82.67459887,82.56867993,82.04228721,81.97295829,81.95518951,81.53658654,81.29169399,81.3765993,81.29952304,80.12132193,80.77699965,80.83344287
North America,NAC,Population density (people per sq. km of land area),EN.POP.DNST,17.2615411,17.43486753,17.60007765,17.75267653,17.91783275,18.08417513,18.26025488,18.43508058,18.62769126,18.79666317,18.96133387,19.11561815,19.27427298,19.42635702,19.58559606,19.74172249,19.90428522,20.05277859,20.18797195,20.31179424,20.40906718,20.65124212,20.79696618
Not classified,INX,Carbon dioxide (CO2) emissions excluding LULUCF per capita (t CO2e/capita),EN.GHG.CO2.PC.CE.AR5,..,..,..,..,..,..,..,..,..,..,..,..,..,..,..,..,..,..,..,..,..,..,..
Not classified,INX,GDP per capita (constant 2015 US$),NY.GDP.PCAP.KD,..,..,..,..,..,..,..,..,..,..,..,..,..,..,..,..,..,..,..,..,..,..,..
Not classified,INX,Energy use (kg of oil equivalent per capita),EG.USE.PCAP.KG.OE,..,..,..,..,..,..,..,..,..,..,..,..,..,..,..,..,..,..,..,..,..,..,..
Not classified,INX,Urban population (% of total population),SP.URB.TOTL.IN.ZS,..,..,..,..,..,..,..,..,..,..,..,..,..,..,..,..,..,..,..,..,..,..,..
Not classified,INX,Trade (% of GDP),NE.TRD.GNFS.ZS,..,..,..,..,..,..,..,..,..,..,..,..,..,..,..,..,..,..,..,..,..,..,..
Not classified,INX,Renewable energy consumption (% of total final energy consumption),EG.FEC.RNEW.ZS,..,..,..,..,..,..,..,..,..,..,..,..,..,..,..,..,..,..,..,..,..,..,..
Not classified,INX,"Industry (including construction), value added (% of GDP)",NV.IND.TOTL.ZS,..,..,..,..,..,..,..,..,..,..,..,..,..,..,..,..,..,..,..,..,..,..,..
Not classified,INX,Fossil fuel energy consumption (% of total),EG.USE.COMM.FO.ZS,..,..,..,..,..,..,..,..,..,..,..,..,..,..,..,..,..,..,..,..,..,..,..
Not classified,INX,Population density (people per sq. km of land area),EN.POP.DNST,..,..,..,..,..,..,..,..,..,..,..,..,..,..,..,..,..,..,..,..,..,..,..
OECD members,OED,Carbon dioxide (CO2) emissions excluding LULUCF per capita (t CO2e/capita),EN.GHG.CO2.PC.CE.AR5,11.15968879,11.05662343,10.90308208,11.01813205,11.04739529,11.00659132,10.87944017,10.92564497,10.56527126,9.858962743,9.704444123,9.192391908104167,8.724078274383332,8.424867085274999,7.947301409166666,7.586693899616667,7.232154178325,6.912835921408334,6.620588927049999,6.1286779235,5.344875981341666,5.374851368425,5.018332579799999
OECD members,OED,GDP per capita (constant 2015 US$),NY.GDP.PCAP.KD,30595.85999,30800.40477,31042.79926,31446.74164,32241.3841,32923.21085,33681.16949,34309.44541,34169.88406,32774.56532,33514.97015,33967.90792,34220.34935,34570.38252,35110.66573,35772.53214,36201.76334,36912.56484,37543.19292,38025.34396,36403.48574,38502.23611,39468.2756
OECD members,OED,Energy use (kg of oil equivalent per capita),EG.USE.PCAP.KG.OE,4437.911983,4389.781664,4389.423252,4421.835323,4473.50626,4470.583768,4449.747439,4436.587111,4341.660136,4123.38911,4230.429714,4130.182869,4067.69151,4077.039173,4012.966123,3987.381922,3972.261235,3976.898143,3989.808975,3940.681171,3662.804997,3831.501616,3776.371336
OECD members,OED,Urban population (% of total population),SP.URB.TOTL.IN.ZS,75.59197739,75.94275425,76.34686136,76.73132805,77.10074157,77.45600448,77.78482928,78.10132571,78.40214019,78.69372741,78.97868107,79.20343291,79.40118454,79.60093034,79.79929681,79.99744297,80.19810659,80.40187505,80.60558203,80.81586843,81.03276533,81.25131483,81.4656773
OECD members,OED,Trade (% of GDP),NE.TRD.GNFS.ZS,46.60674965,45.36348938,44.00190789,43.71966392,45.99034101,47.87257747,50.5606923,51.65879718,53.85425867,46.92198748,51.4839457,55.26752262,55.6830096,55.2859601,55.39138545,54.34929204,53.24146328,55.16946068,56.52391229,55.88067632,51.36631753,55.71450794,63.1504748
OECD members,OED,Renewable energy consumption (% of total final energy consumption),EG.FEC.RNEW.ZS,7.753341263,7.399101291,7.487178169,7.768222512,7.997927205,8.275068901,8.751592298,9.008152486,9.510784061,10.12051212,10.37431447,10.90462248,11.38234545,11.87753532,12.12757431,12.26114509,12.43238463,12.79543911,13.2024399,13.6864487,14.83803632,..,..
OECD members,OED,"Industry (including construction), value added (% of GDP)",NV.IND.TOTL.ZS,25.96723853,24.88197551,24.19051411,24.08746186,24.22533681,24.33661587,24.56038652,24.41247228,24.13820781,22.5196915,22.96398287,23.08576315,22.87579527,22.61434743,22.51915473,22.01179334,21.66684375,21.93543618,22.09268579,21.70977264,21.26537162,21.68023333,21.9625174
OECD members,OED,Fossil fuel energy consumption (% of total),EG.USE.COMM.FO.ZS,82.51381286,82.58628177,82.56324736,82.83381652,82.45710502,82.17849334,81.91999856,82.13729529,81.54396197,80.76025287,80.62604881,80.99108329,81.04386972,80.57707549,80.19661799,79.999204,79.81155562,79.65695479,79.25533044,78.8144978,77.81421409,78.04635004,78.15004558
OECD members,OED,Population density (people per sq. km of land area),EN.POP.DNST,33.8553314,34.10571222,34.35842886,34.60898263,34.85944223,35.10624319,35.36284351,35.61567383,35.91196587,36.1719993,36.4164204,36.61224066,36.83967763,37.05499844,37.28052845,37.51250654,37.74026391,37.96591164,38.20006043,38.41651323,38.56305348,38.82628943,39.05652553
Other small states,OSS,Carbon dioxide (CO2) emissions excluding LULUCF per capita (t CO2e/capita),EN.GHG.CO2.PC.CE.AR5,4.621017947,4.604344715,4.444480706,4.804793048,4.853895084,4.791613692,5.022306329,5.327165895,5.194424638,4.717645913,5.044796405,5.016301044,4.86910958,5.021671986,4.992015858,4.60962417,4.614210579,4.748745759,4.82825673,4.134119634,3.91200286,4.011997727,4.032924367
Other small states,OSS,GDP per capita (constant 2015 US$),NY.GDP.PCAP.KD,8299.239875,8413.821268,8558.644963,8805.600972,9108.475503,9414.512172,9894.73331,10303.7223,10275.85452,9648.917491,9771.120517,9999.315916,10015.81485,10004.16034,10098.3552,10334.0987,10645.87062,11067.39175,11417.502,11770.5384,10967.24756,11698.77045,12087.82293
Other small states,OSS,Energy use (kg of oil equivalent per capita),EG.USE.PCAP.KG.OE,..,..,..,..,1744.85372,1733.678513,1912.283544,2063.281667,..,..,..,..,..,..,..,..,..,..,..,..,..,..,..
Other small states,OSS,Urban population (% of total population),SP.URB.TOTL.IN.ZS,51.97200026,52.03311521,52.08902599,52.21423518,52.38525515,52.53226136,52.64166358,52.74755166,52.88499489,53.02063497,53.14526228,53.25753728,53.39429154,53.55404263,53.733054,53.92859916,54.13123272,54.35714541,54.60482762,54.86028626,55.07963034,55.27177272,55.55970277
Other small states,OSS,Trade (% of GDP),NE.TRD.GNFS.ZS,118.380795,117.1514961,113.4137803,107.0286383,108.8069681,111.2192256,116.1893778,115.2116854,118.6832321,109.4595112,119.5499532,128.7660279,131.6590842,131.6031646,130.1470362,129.7753677,127.1949998,129.5216322,131.6426508,133.126824,129.617257,143.8277093,160.7373755
Other small states,OSS,Renewable energy consumption (% of total final energy consumption),EG.FEC.RNEW.ZS,34.8842401,34.40600496,34.89732295,34.67939924,34.40536866,34.97501063,33.12500479,34.37382685,36.1920582,39.48305432,40.19846125,40.44580621,40.71716912,41.19030481,41.59394049,42.57601987,42.15653839,41.43665352,42.36261,42.39047074,45.40422145,..,..
Other small states,OSS,"Industry (including construction), value added (% of GDP)",NV.IND.TOTL.ZS,29.285583,28.13710635,27.64363545,27.37608834,27.40060137,28.12300737,29.17756834,27.75232905,28.99768738,25.27766959,26.08767074,27.76026708,27.49672124,26.07888717,24.68682615,22.67293734,21.58421978,21.43570137,21.9749778,21.86781053,21.59644659,22.40776112,23.11627591
Other small states,OSS,Fossil fuel energy consumption (% of total),EG.USE.COMM.FO.ZS,74.94351532,75.27212562,74.402973,76.45514294,71.9474721,70.87000016,69.61105606,68.90871679,69.60994583,64.77276484,67.95115733,66.84135551,65.77122838,64.20259316,64.82095163,60.96781746,64.86900097,65.30394952,63.22774404,61.05447395,58.46058296,59.40165937,61.16488548
Other small states,OSS,Population density (people per sq. km of land area),EN.POP.DNST,37.32820026,37.98963088,38.65492848,39.16374737,39.80632,40.22385986,38.69276027,39.16363125,39.64640787,40.10966539,40.55822153,40.97831396,41.41586027,41.6913811,42.14445434,42.62147727,43.08816921,43.70226579,44.1414058,44.67480121,45.16740628,45.62047229,46.19533427
Pacific island small states,PSS,Carbon dioxide (CO2) emissions excluding LULUCF per capita (t CO2e/capita),EN.GHG.CO2.PC.CE.AR5,2.069164079,2.238947715,1.660976875,1.892726182,1.977622984,1.96043463,1.985220564,1.792329921,1.598847523,1.832610225,2.083821999,1.98716101,2.453353085,1.762199577,1.596876659,1.565910558,1.529868908,1.627928935,1.681583346,1.739859288,1.739341836,1.799204949,1.87470186
Pacific island small states,PSS,GDP per capita (constant 2015 US$),NY.GDP.PCAP.KD,3176.907142,3163.290518,3186.466711,3206.549377,3295.731675,3337.692485,3378.103823,3346.127722,3377.481772,3325.639769,3409.255004,3492.252147,3481.070001,3546.53007,3625.253622,3721.794652,3808.064931,3904.749993,3962.305916,3966.437038,3526.918249,3392.905486,3668.296742
Pacific island small states,PSS,Energy use (kg of oil equivalent per capita),EG.USE.PCAP.KG.OE,..,..,..,..,453.3864558,404.6940548,392.8853983,377.9885018,..,..,..,..,..,..,..,..,..,..,..,..,..,..,..
Pacific island small states,PSS,Urban population (% of total population),SP.URB.TOTL.IN.ZS,34.39073423,34.65803344,34.88797936,35.11604485,35.35986787,35.60356702,35.86821862,36.14782567,36.45694247,36.76273093,37.0133602,37.21220946,37.40017755,37.5825208,37.76325667,37.94183627,38.11715671,38.2793621,38.43173186,38.60802668,38.81851164,39.03808109,39.27146868
Pacific island small states,PSS,Trade (% of GDP),NE.TRD.GNFS.ZS,110.1614096,105.5018098,102.8096848,104.4980834,103.6277523,104.0711927,102.3481174,100.676173,113.367229,100.5926787,108.9035793,113.3623644,114.3797738,115.0934858,106.4391491,100.8011192,97.27081762,96.08734155,99.71276824,101.7268433,75.14164878,76.43304269,99.38941313
Pacific island small states,PSS,Renewable energy consumption (% of total final energy consumption),EG.FEC.RNEW.ZS,43.32020997,38.2140665,41.8976,37.71937984,35.03215962,37.43149606,36.36748166,34.25503686,36.96166667,34.71133721,29.67853261,31.40289474,31.20371353,31.0864532,31.22149533,31.33217593,28.85048544,28.98914027,27.35374449,27.38898488,29.42584541,..,..
Pacific island small states,PSS,"Industry (including construction), value added (% of GDP)",NV.IND.TOTL.ZS,16.46140268,17.15642876,17.53929315,16.65105986,17.36944094,15.29354198,15.07951049,14.87204331,15.23284992,15.09854566,14.92152735,15.86530204,15.32569406,14.56176724,14.06078109,14.08020025,14.73135649,14.47500835,14.17031472,14.4246906,14.77813741,14.40230613,13.89023771
Pacific island small states,PSS,Fossil fuel energy consumption (% of total),EG.USE.COMM.FO.ZS,..,..,..,..,0,0,0,0,..,..,..,..,..,..,..,..,..,..,..,..,..,..,..
Pacific island small states,PSS,Population density (people per sq. km of land area),EN.POP.DNST,31.8111215,32.22892523,32.63665109,33.03102804,33.419081,33.80107477,34.17858255,34.55186916,34.90247664,35.24074766,35.66042056,36.15107477,36.63433022,37.1173053,37.6065109,38.09951713,38.59492212,39.1270304,39.62601715,40.04140296,40.46020265,40.92740452,41.40372564
Post-demographic dividend,PST,Carbon dioxide (CO2) emissions excluding LULUCF per capita (t CO2e/capita),EN.GHG.CO2.PC.CE.AR5,12.5395245,12.47820936,12.31784509,12.47693775,12.49614144,12.44093785,12.26419449,12.31229998,11.89695153,11.04871954,10.903698568,10.335991146541666,9.77977322325,9.473617312125,8.918323466666667,8.467734246708334,8.046153633,7.65945739025,7.3801384180000005,6.8361426320000005,5.950838330524999,5.971126645066667,5.5676277588
Post-demographic dividend,PST,GDP per capita (constant 2015 US$),NY.GDP.PCAP.KD,34230.90549,34586.57067,34937.2478,35466.56028,36415.77777,37242.65784,38129.71153,38866.68081,38765.97538,37263.27405,38159.56682,38683.82351,38990.68025,39428.18518,40053.06878,40767.67321,41307.86049,42156.5013,42939.58401,43589.66186,41732.44056,44118.93881,45272.35827
Post-demographic dividend,PST,Energy use (kg of oil equivalent per capita),EG.USE.PCAP.KG.OE,5035.975564,4995.534329,5003.697984,5047.012405,5116.540184,5100.799532,5064.53202,5050.027487,4943.972979,4685.04059,4824.344935,4695.276475,4621.596901,4628.445578,4559.627111,4519.467247,4495.119412,4502.935599,4530.933866,4476.790249,4159.140277,4355.432941,4269.087912
Post-demographic dividend,PST,Urban population (% of total population),SP.URB.TOTL.IN.ZS,76.45174765,76.79657198,77.20219573,77.59036956,77.96608265,78.3284706,78.6592092,78.97186907,79.27422594,79.5629525,79.8400813,80.04860928,80.22283501,80.39793353,80.57193727,80.74676337,80.92337281,81.10333177,81.28421823,81.47494963,81.66270374,81.84936028,82.07387869
Post-demographic dividend,PST,Trade (% of GDP),NE.TRD.GNFS.ZS,49.21752718,47.71276525,46.37672271,46.38041232,48.95264484,51.08573266,53.83227768,54.79817933,57.40574974,49.60064775,54.57876619,58.52393354,58.87320872,58.54321516,58.39505059,56.73678404,55.1037889,57.10142378,58.37014326,57.40927609,52.72956889,57.35306604,64.48157042
Post-demographic dividend,PST,Renewable energy consumption (% of total final energy consumption),EG.FEC.RNEW.ZS,7.103182575,6.749336088,6.814034864,7.125979281,7.356609864,7.641784028,8.139443218,8.42384488,8.912922168,9.547314013,9.817071124,10.33740535,10.85574035,11.33577139,11.66878491,11.84256042,12.06220716,12.48463814,12.85761788,13.2726557,14.42785484,..,..
Post-demographic dividend,PST,"Industry (including construction), value added (% of GDP)",NV.IND.TOTL.ZS,25.6196355,24.49063267,23.78780856,23.7517092,23.8448433,23.92931154,24.06605797,23.90602274,23.61522613,22.0456859,22.44366666,22.44673374,22.20836622,21.94997089,21.85559119,21.28829977,20.98895508,21.2340542,21.39371107,21.02921306,20.58279588,20.93028012,21.11443375
Post-demographic dividend,PST,Fossil fuel energy consumption (% of total),EG.USE.COMM.FO.ZS,82.2698082,82.3239536,82.31657086,82.58017423,82.19275459,81.84561403,81.52310436,81.73805727,81.1186024,80.25515274,80.14445304,80.49011455,80.59037614,80.15460795,79.6804299,79.44889494,79.23107417,79.06158539,78.73400547,78.34769998,77.33139156,77.42063152,77.7086635
Post-demographic dividend,PST,Population density (people per sq. km of land area),EN.POP.DNST,32.56893954,32.72724607,32.89543654,33.06068081,33.233062,33.4006633,33.58392902,33.78421457,34.00641108,34.18144863,34.34231135,34.44603303,34.5965884,34.73393881,34.88016326,35.0358979,35.186609,35.32068443,35.45483604,35.56746328,35.63593374,35.8247014,35.8682355
Pre-demographic dividend,PRE,Carbon dioxide (CO2) emissions excluding LULUCF per capita (t CO2e/capita),EN.GHG.CO2.PC.CE.AR5,0.488222629,0.510096824,0.470102571,0.459844462,0.46555925,0.453136072,0.432761401,0.409839988,0.437413072,0.430835899,0.47153302,0.489684329,0.502986685,0.531629111,0.528877613,0.522852975,0.538055906,0.53897754,0.54871297,0.562375863,0.506699899,0.524433948,0.529081603
Pre-demographic dividend,PRE,GDP per capita (constant 2015 US$),NY.GDP.PCAP.KD,1069.985041,1085.177858,1116.076247,1075.934899,1170.525571,1205.038041,1243.717656,1283.503615,1326.75938,1350.06577,1397.555501,1416.018218,1432.973808,1472.748113,1505.687103,1508.887721,1502.76142,1485.498778,1482.951282,1491.543197,1415.409132,1422.995057,1447.114319
Pre-demographic dividend,PRE,Energy use (kg of oil equivalent per capita),EG.USE.PCAP.KG.OE,373.3397513,380.9141138,378.8345602,373.8376537,377.8020595,381.1017218,376.2183079,368.7190016,376.0919238,375.7918573,395.2271489,417.4054461,415.8361327,422.1943104,416.422245,409.0580348,413.9654332,412.6437969,410.9019013,421.0794242,411.2851647,429.7330807,437.442486
Pre-demographic dividend,PRE,Urban population (% of total population),SP.URB.TOTL.IN.ZS,32.1721985,32.63287308,33.08418347,33.55198162,34.03735836,34.5437387,35.00977868,35.40982285,35.92847636,36.46501536,37.00955988,37.56225628,38.11247333,38.6701372,39.22260035,39.7771089,40.33547603,40.8948352,41.44390412,41.98423623,42.52664982,43.07893502,43.64187014
Pre-demographic dividend,PRE,Trade (% of GDP),NE.TRD.GNFS.ZS,..,..,..,..,..,..,..,..,..,..,..,..,..,..,..,..,..,..,..,..,..,..,..
Pre-demographic dividend,PRE,Renewable energy consumption (% of total final energy consumption),EG.FEC.RNEW.ZS,78.33002338,77.55615474,77.73364274,78.53844298,77.93493177,78.08094575,78.10891162,77.98278839,77.0470225,77.57746604,75.71356225,74.65281916,73.18654424,72.2325804,72.71701969,73.33989167,72.84281947,72.75715193,71.90686247,71.43987095,73.32852839,..,..
Pre-demographic dividend,PRE,"Industry (including construction), value added (% of GDP)",NV.IND.TOTL.ZS,38.69022885,33.44493326,30.57678675,29.09629665,31.02737196,32.76010728,32.668834,33.04240467,34.9613812,29.4995036,32.5048722,36.38203098,36.02600704,33.99887609,32.03311545,26.83512966,25.83203017,29.19284421,32.35011774,31.63210626,28.5809559,32.3776508,35.24299555
Pre-demographic dividend,PRE,Fossil fuel energy consumption (% of total),EG.USE.COMM.FO.ZS,34.2112106,35.113639,34.40462324,33.51834343,33.50535292,33.99686752,33.23477186,33.61868602,34.76490876,34.31523002,37.76615675,39.68752894,38.20776751,39.49969226,39.58092349,38.59691788,39.63563337,40.13028859,40.2646957,41.52920083,38.93952437,40.08995088,41.32664475
Pre-demographic dividend,PRE,Population density (people per sq. km of land area),EN.POP.DNST,31.61309795,32.52138766,33.5065579,34.52699691,35.50876978,36.5684346,37.6301036,38.66835494,39.79533648,41.00931821,42.22915846,43.49306923,39.29323626,40.48210341,41.6777918,42.86766801,44.08155847,45.32876241,46.59660137,47.87611059,49.17228837,50.46907636,51.7611957
Small states,SST,Carbon dioxide (CO2) emissions excluding LULUCF per capita (t CO2e/capita),EN.GHG.CO2.PC.CE.AR5,4.683130153,4.850782968,4.755213707,5.214628743,5.360026872,5.716300543,6.062686117,6.278025293,6.10756615,5.755004818,6.220037675,6.143734036,5.954266794,5.893766373,5.845987837,5.569920499,5.426326507,5.412541425,5.450566745,5.106041499,4.754753347,4.767648217,4.738120068
Small states,SST,GDP per capita (constant 2015 US$),NY.GDP.PCAP.KD,8155.007869,8257.0761,8431.754587,8728.725961,9037.330907,9371.316457,9892.956082,10245.026,10264.07764,9729.03613,9852.125435,10006.34663,10130.56571,10152.16272,10278.82541,10408.66184,10490.29952,10721.8209,10958.55099,11186.34073,10314.48332,10929.96799,11647.28624
Small states,SST,Energy use (kg of oil equivalent per capita),EG.USE.PCAP.KG.OE,..,..,..,..,2178.486294,2295.858868,2509.788208,2661.033442,..,..,..,..,..,..,..,..,..,..,..,..,..,..,..
Small states,SST,Urban population (% of total population),SP.URB.TOTL.IN.ZS,49.05598348,49.12991036,49.18657621,49.27492801,49.38594459,49.46042985,49.53776596,49.61912022,49.72663749,49.83226928,49.9238962,50.00568286,50.11169442,50.23013698,50.36464364,50.51300468,50.66765841,50.83988921,51.0083743,51.20284045,51.40050172,51.57036511,51.81585577
Small states,SST,Trade (% of GDP),NE.TRD.GNFS.ZS,117.3864959,115.3184952,111.7717575,106.4678759,108.5004002,110.7894672,112.3785065,111.587448,115.5508885,105.4855827,114.5788997,124.3978484,126.6492929,126.8680624,125.0296259,123.5315434,120.8851204,122.8504005,125.1975859,126.4150949,120.1863539,133.4733095,150.182056
Small states,SST,Renewable energy consumption (% of total final energy consumption),EG.FEC.RNEW.ZS,28.00683488,27.03831069,27.88288177,27.25028469,26.92710267,27.23336084,26.63358476,26.84310924,28.49535435,30.27769793,29.72656906,30.24959827,30.18460166,30.33878549,30.19997662,31.17551469,31.37349495,31.16773641,32.28266349,31.65599249,34.26091395,..,..
Small states,SST,"Industry (including construction), value added (% of GDP)",NV.IND.TOTL.ZS,27.3704294,26.26793276,25.83577995,27.11634083,27.77678468,29.25267149,30.54219138,29.48300729,31.97750169,26.81766416,27.80011776,29.62847928,28.17875453,26.96178851,25.73380863,22.98326819,22.05172777,22.17665955,22.57540781,22.27088596,22.03948343,23.91259773,26.65887765
Small states,SST,Fossil fuel energy consumption (% of total),EG.USE.COMM.FO.ZS,84.68056201,85.44212719,85.45318576,86.95744645,76.78028663,77.59328969,77.5532681,77.41362149,83.50106302,81.64470431,83.36172645,82.51400184,82.07774826,81.45837082,81.95129257,80.45587714,80.74777753,80.60772096,79.29072119,78.47580392,76.0024295,76.88194069,77.38457921
Small states,SST,Population density (people per sq. km of land area),EN.POP.DNST,21.77635874,22.0951703,22.41566199,22.67904066,22.94749366,23.08880827,22.89695748,23.13979746,23.38533997,23.61687707,23.85615258,24.09208492,24.33402222,24.54339886,24.79399708,25.05220209,25.30673345,25.59702041,25.87452222,26.157554,26.3995023,26.63593537,26.91570021
South Asia,SAS,Carbon dioxide (CO2) emissions excluding LULUCF per capita (t CO2e/capita),EN.GHG.CO2.PC.CE.AR5,0.839448502,0.841533861,0.857840669,0.870220971,0.921710516,0.947233275,0.994130761,1.065952471,1.118621864,1.204453201,1.262796235,1.324208449,1.428482903,1.451142809,1.544915955,1.545161334,1.565635602,1.63736792,1.711211982,1.676812648,1.52014645,1.657088064,1.763829629
South Asia,SAS,GDP per capita (constant 2015 US$),NY.GDP.PCAP.KD,758.1331725,778.3572387,793.5877921,838.6053529,887.1931016,940.169909,999.3355554,1059.316348,1081.298271,1145.462311,1222.51823,1272.075138,1326.511074,1392.202178,1475.216765,1570.541425,1676.354098,1770.262913,1863.721126,1920.397063,1806.990454,1957.517853,2079.700961
South Asia,SAS,Energy use (kg of oil equivalent per capita),EG.USE.PCAP.KG.OE,366.0244851,365.8784951,369.3247226,372.3805511,386.2030654,395.6214226,410.711708,428.2833708,446.4698977,471.607677,492.4863842,506.2104473,528.9854689,535.2181541,565.0450313,577.234178,584.6462073,603.307632,620.9627018,621.2960243,591.6988315,632.5862197,676.4168195
South Asia,SAS,Urban population (% of total population),SP.URB.TOTL.IN.ZS,26.79459908,27.07742201,27.43689384,27.79998125,28.16743562,28.53697972,28.90946957,29.28569284,29.66553268,30.04747895,30.43241148,30.82099688,31.22042311,31.63620012,32.05560829,32.48474207,32.92442921,33.3760522,33.83815235,34.30924926,34.78915598,35.27937068,35.78532076
South Asia,SAS,Trade (% of GDP),NE.TRD.GNFS.ZS,29.45213456,28.62268944,31.20588564,32.00007797,38.16079502,42.49714644,45.99442145,46.0171112,52.80163595,45.92410172,48.31886967,54.78191229,55.00284048,53.12818401,48.7343659,42.33204919,39.79380345,40.3089859,43.15410397,39.81644185,36.98845377,44.01454141,48.84215047
South Asia,SAS,Renewable energy consumption (% of total final energy consumption),EG.FEC.RNEW.ZS,49.17864448,49.16709936,47.93807884,47.667348,46.99979267,46.22241989,45.24530534,43.53226007,41.44806756,39.4741031,38.15666301,36.80927131,36.38518888,36.61075585,35.50965224,34.88341685,34.20747724,33.58888747,33.88349982,34.42935799,36.88646591,..,..
South Asia,SAS,"Industry (including construction), value added (% of GDP)",NV.IND.TOTL.ZS,26.75699327,26.00247169,27.10145481,26.95657843,28.54586646,28.94939271,30.29765142,30.36329997,30.48323724,30.52009199,30.11415169,29.60692188,29.00578727,28.16756376,27.49839906,27.22131561,27.0437626,26.95394926,26.93353977,25.45507159,25.97639098,27.1503505,26.30922181
South Asia,SAS,Fossil fuel energy consumption (% of total),EG.USE.COMM.FO.ZS,65.4278537,65.45215352,66.22028751,66.49418661,67.37151366,67.69704377,68.32588584,69.35224004,70.89572117,72.35115048,72.75263211,73.20859709,74.38898066,73.96723381,75.06245735,75.36488128,74.98270249,75.01616025,75.1949402,74.70984538,72.80556767,73.96572291,74.42919239
South Asia,SAS,Population density (people per sq. km of land area),EN.POP.DNST,369.3620226,376.2178031,382.9159987,389.4133458,396.0618713,402.3154007,408.3793055,414.2822533,419.9867449,425.758542,431.6121155,437.4085784,443.1377851,448.5469248,453.9764768,459.3250348,464.6220576,469.8232284,474.800737,479.6552272,484.3347994,488.4315721,492.3826236
South Asia (IDA & IBRD),TSA,Carbon dioxide (CO2) emissions excluding LULUCF per capita (t CO2e/capita),EN.GHG.CO2.PC.CE.AR5,0.839448502,0.841533861,0.857840669,0.870220971,0.921710516,0.947233275,0.994130761,1.065952471,1.118621864,1.204453201,1.262796235,1.324208449,1.428482903,1.451142809,1.544915955,1.545161334,1.565635602,1.63736792,1.711211982,1.676812648,1.52014645,1.657088064,1.763829629
South Asia (IDA & IBRD),TSA,GDP per capita (constant 2015 US$),NY.GDP.PCAP.KD,758.1331725,778.3572387,793.5877921,838.6053529,887.1931016,940.169909,999.3355554,1059.316348,1081.298271,1145.462311,1222.51823,1272.075138,1326.511074,1392.202178,1475.216765,1570.541425,1676.354098,1770.262913,1863.721126,1920.397063,1806.990454,1957.517853,2079.700961
South Asia (IDA & IBRD),TSA,Energy use (kg of oil equivalent per capita),EG.USE.PCAP.KG.OE,366.0244851,365.8784951,369.3247226,372.3805511,386.2030654,395.6214226,410.711708,428.2833708,446.4698977,471.607677,492.4863842,506.2104473,528.9854689,535.2181541,565.0450313,577.234178,584.6462073,603.307632,620.9627018,621.2960243,591.6988315,632.5862197,676.4168195
South Asia (IDA & IBRD),TSA,Urban population (% of total population),SP.URB.TOTL.IN.ZS,26.79459908,27.07742201,27.43689384,27.79998125,28.16743562,28.53697972,28.90946957,29.28569284,29.66553268,30.04747895,30.43241148,30.82099688,31.22042311,31.63620012,32.05560829,32.48474207,32.92442921,33.3760522,33.83815235,34.30924926,34.78915598,35.27937068,35.78532076
South Asia (IDA & IBRD),TSA,Trade (% of GDP),NE.TRD.GNFS.ZS,29.45213456,28.62268944,31.20588564,32.00007797,38.16079502,42.49714644,45.99442145,46.0171112,52.80163595,45.92410172,48.31886967,54.78191229,55.00284048,53.12818401,48.7343659,42.33204919,39.79380345,40.3089859,43.15410397,39.81644185,36.98845377,44.01454141,48.84215047
South Asia (IDA & IBRD),TSA,Renewable energy consumption (% of total final energy consumption),EG.FEC.RNEW.ZS,49.17864448,49.16709936,47.93807884,47.667348,46.99979267,46.22241989,45.24530534,43.53226007,41.44806756,39.4741031,38.15666301,36.80927131,36.38518888,36.61075585,35.50965224,34.88341685,34.20747724,33.58888747,33.88349982,34.42935799,36.88646591,..,..
South Asia (IDA & IBRD),TSA,"Industry (including construction), value added (% of GDP)",NV.IND.TOTL.ZS,26.75699327,26.00247169,27.10145481,26.95657843,28.54586646,28.94939271,30.29765142,30.36329997,30.48323724,30.52009199,30.11415169,29.60692188,29.00578727,28.16756376,27.49839906,27.22131561,27.0437626,26.95394926,26.93353977,25.45507159,25.97639098,27.1503505,26.30922181
South Asia (IDA & IBRD),TSA,Fossil fuel energy consumption (% of total),EG.USE.COMM.FO.ZS,65.4278537,65.45215352,66.22028751,66.49418661,67.37151366,67.69704377,68.32588584,69.35224004,70.89572117,72.35115048,72.75263211,73.20859709,74.38898066,73.96723381,75.06245735,75.36488128,74.98270249,75.01616025,75.1949402,74.70984538,72.80556767,73.96572291,74.42919239
South Asia (IDA & IBRD),TSA,Population density (people per sq. km of land area),EN.POP.DNST,369.3620226,376.2178031,382.9159987,389.4133458,396.0618713,402.3154007,408.3793055,414.2822533,419.9867449,425.758542,431.6121155,437.4085784,443.1377851,448.5469248,453.9764768,459.3250348,464.6220576,469.8232284,474.800737,479.6552272,484.3347994,488.4315721,492.3826236
Sub-Saharan Africa,SSF,Carbon dioxide (CO2) emissions excluding LULUCF per capita (t CO2e/capita),EN.GHG.CO2.PC.CE.AR5,0.846947658,0.854790754,0.837886863,0.864005694,0.888239079,0.885114822,0.864069312,0.863222565,0.887424553,0.823837675,0.839652521,0.822580271,0.824777345,0.846352299,0.855969774,0.819171702,0.81188516,0.799649294,0.796751975,0.792791352,0.702733804,0.720071267,0.68942094
Sub-Saharan Africa,SSF,GDP per capita (constant 2015 US$),NY.GDP.PCAP.KD,1190.88998,1208.155303,1250.906887,1267.28042,1315.352208,1357.373698,1400.586761,1446.467143,1480.056897,1484.973556,1531.484867,1556.459494,1564.222807,1599.51376,1631.331777,1635.044226,1612.395053,1609.911367,1611.273323,1612.142572,1539.850682,1566.106873,1584.930337
Sub-Saharan Africa,SSF,Energy use (kg of oil equivalent per capita),EG.USE.PCAP.KG.OE,498.7372942,491.3839286,482.272049,498.0237091,507.7968795,501.9719497,500.4628602,505.2111641,519.3467824,515.1414579,511.9390119,525.5751888,509.9244764,512.6341068,516.5281057,502.1211774,503.917363,493.6356817,483.2826952,491.3742359,476.9592939,490.243443,480.2473692
Sub-Saharan Africa,SSF,Urban population (% of total population),SP.URB.TOTL.IN.ZS,31.44883378,31.8752214,32.31298778,32.75266794,33.1968345,33.65681309,34.11424216,34.52964168,35.03255609,35.53983885,36.05508912,36.57694293,37.09164756,37.61142709,38.14335064,38.68945128,39.22472367,39.7596128,40.29981651,40.8329526,41.36862979,41.90764315,42.44939694
Sub-Saharan Africa,SSF,Trade (% of GDP),NE.TRD.GNFS.ZS,..,..,..,..,..,..,..,..,..,..,..,66.33371691,65.0538259,63.16423649,61.60789301,57.81454621,55.08444699,54.83830368,57.09966155,55.05797999,51.86850073,56.58548308,60.30478261
Sub-Saharan Africa,SSF,Renewable energy consumption (% of total final energy consumption),EG.FEC.RNEW.ZS,72.64310595,72.52056264,72.00354221,71.31432365,70.80525212,70.52373308,70.61462025,70.11007504,69.97629642,70.03698312,70.55225258,69.95492148,68.96843045,67.8510971,67.63037077,68.02555158,67.96252382,67.81755447,67.66607132,68.16938502,70.27011339,..,..
Sub-Saharan Africa,SSF,"Industry (including construction), value added (% of GDP)",NV.IND.TOTL.ZS,28.500115,27.21949002,26.51348796,26.90299088,27.7454462,28.55028758,28.09553136,28.31646588,29.52482306,25.85140107,27.53989454,29.43186568,29.08209624,28.27780671,27.26035233,24.26064614,23.42285794,25.50890594,27.35385405,26.9172994,26.24548218,27.55290758,28.26187144
Sub-Saharan Africa,SSF,Fossil fuel energy consumption (% of total),EG.USE.COMM.FO.ZS,45.54067845,45.10471107,43.59111997,45.67565673,46.46813736,46.12505502,46.12182345,47.77321648,48.90905904,48.28404342,48.30129183,48.95816759,46.9740372,47.01453005,48.10937121,46.91969709,47.24022409,46.46354952,45.68503941,46.60886315,44.291695,44.49402666,44.16467405
Sub-Saharan Africa,SSF,Population density (people per sq. km of land area),EN.POP.DNST,32.06593707,32.93515877,33.83310222,34.75837016,35.46770338,36.44995443,37.45998409,38.50223342,39.58187037,40.68935439,41.82495688,42.98670848,39.55353833,40.65287387,41.77171464,42.91390058,44.06800959,45.24494514,46.46108494,47.68826211,48.93149262,50.18704906,51.45099033
Sub-Saharan Africa (excluding high income),SSA,Carbon dioxide (CO2) emissions excluding LULUCF per capita (t CO2e/capita),EN.GHG.CO2.PC.CE.AR5,0.933395654,0.941123988,0.922868576,0.951983153,0.978362834,0.975943268,0.952424806,0.951469761,0.97809557,0.907468839,0.925639703,0.905849068,0.907322441,0.930080466,0.938742483,0.896819432,0.886307806,0.873301682,0.869056334,0.863798192,0.765886027,0.785366059,0.752370199
Sub-Saharan Africa (excluding high income),SSA,GDP per capita (constant 2015 US$),NY.GDP.PCAP.KD,1292.141781,1310.339025,1358.744903,1378.981928,1429.928249,1474.182369,1519.812678,1567.96821,1602.539048,1605.732286,1653.324038,1677.169849,1682.883873,1717.84547,1748.730915,1747.884166,1718.034558,1710.35359,1708.707631,1705.159127,1622.247575,1649.053116,1667.590812
Sub-Saharan Africa (excluding high income),SSA,Energy use (kg of oil equivalent per capita),EG.USE.PCAP.KG.OE,515.5644373,506.9434584,496.7812036,514.465695,524.9810979,518.8335594,517.0854762,522.3394972,538.6087258,533.9087192,530.339829,545.3639199,527.4066488,529.9197009,533.7797165,517.5604422,519.1433087,507.7718625,495.7795147,504.720605,489.2058715,505.0647775,493.3038878
Sub-Saharan Africa (excluding high income),SSA,Urban population (% of total population),SP.URB.TOTL.IN.ZS,33.28189718,33.74209937,34.21457394,34.6887254,35.16684765,35.66153048,36.15249513,36.59443276,37.11258703,37.63385177,38.16293175,38.69923159,39.22586098,39.75694174,40.30041544,40.85931035,41.40689123,41.95425286,42.50542544,43.04870849,43.59524969,44.14455138,44.69568895
Sub-Saharan Africa (excluding high income),SSA,Trade (% of GDP),NE.TRD.GNFS.ZS,..,..,..,..,..,62.76779041,61.69389866,66.81235169,72.71165056,64.13441025,64.91225554,67.13600211,65.92226983,64.16563983,62.54390676,58.63184897,56.01431344,55.9378225,58.33089265,56.31938519,53.23569845,58.1563484,61.96846284
Sub-Saharan Africa (excluding high income),SSA,Renewable energy consumption (% of total final energy consumption),EG.FEC.RNEW.ZS,70.54003433,70.45242353,69.90539032,69.19353684,68.66080037,68.3182127,68.41807689,67.86632246,67.72399943,67.78839881,68.33517949,67.73963693,66.67435124,65.56336367,65.36614796,65.76627757,65.76287664,65.55725343,65.45058897,66.05626169,68.16931382,..,..
Sub-Saharan Africa (excluding high income),SSA,"Industry (including construction), value added (% of GDP)",NV.IND.TOTL.ZS,28.81100147,27.50494202,26.72451902,27.10020395,27.97420704,28.80987973,28.36167791,28.61687381,29.94621803,26.29409699,27.92670496,29.83258587,29.60175978,28.75743575,27.68970081,24.58897647,23.50865441,25.62196523,27.37138453,27.04699926,26.46285726,27.9112309,28.63614178
Sub-Saharan Africa (excluding high income),SSA,Fossil fuel energy consumption (% of total),EG.USE.COMM.FO.ZS,49.16473297,48.71870197,47.1472954,49.29401543,50.08877985,49.79036722,49.80243175,51.54111688,52.65998779,52.02212401,52.10193521,52.69543077,50.61195325,50.59588028,51.72195717,50.52581916,50.82501363,50.05247214,49.24095209,50.13790885,47.74884414,47.76383745,47.51862876
Sub-Saharan Africa (excluding high income),SSA,Population density (people per sq. km of land area),EN.POP.DNST,30.31641588,31.1260199,31.96211246,32.82461103,33.68522642,34.60916522,35.56011985,36.54202472,37.56116086,38.60877228,39.68265895,40.78041027,37.30286875,38.34065818,39.3972674,40.47514027,41.56121962,42.66694062,43.81168312,44.96469493,46.12983104,47.30612576,48.48926116
Sub-Saharan Africa (IDA & IBRD countries),TSS,Carbon dioxide (CO2) emissions excluding LULUCF per capita (t CO2e/capita),EN.GHG.CO2.PC.CE.AR5,0.846947658,0.854790754,0.837886863,0.864005694,0.888239079,0.885114822,0.864069312,0.863222565,0.887424553,0.823837675,0.839652521,0.822580271,0.824777345,0.846352299,0.855969774,0.819171702,0.81188516,0.799649294,0.796751975,0.792791352,0.702733804,0.720071267,0.68942094
Sub-Saharan Africa (IDA & IBRD countries),TSS,GDP per capita (constant 2015 US$),NY.GDP.PCAP.KD,1190.88998,1208.155303,1250.906887,1267.28042,1315.352208,1357.373698,1400.586761,1446.467143,1480.056897,1484.973556,1531.484867,1556.459494,1564.222807,1599.51376,1631.331777,1635.044226,1612.395053,1609.911367,1611.273323,1612.142572,1539.850682,1566.106873,1584.930337
Sub-Saharan Africa (IDA & IBRD countries),TSS,Energy use (kg of oil equivalent per capita),EG.USE.PCAP.KG.OE,498.7372942,491.3839286,482.272049,498.0237091,507.7968795,501.9719497,500.4628602,505.2111641,519.3467824,515.1414579,511.9390119,525.5751888,509.9244764,512.6341068,516.5281057,502.1211774,503.917363,493.6356817,483.2826952,491.3742359,476.9592939,490.243443,480.2473692
Sub-Saharan Africa (IDA & IBRD countries),TSS,Urban population (% of total population),SP.URB.TOTL.IN.ZS,31.44883378,31.8752214,32.31298778,32.75266794,33.1968345,33.65681309,34.11424216,34.52964168,35.03255609,35.53983885,36.05508912,36.57694293,37.09164756,37.61142709,38.14335064,38.68945128,39.22472367,39.7596128,40.29981651,40.8329526,41.36862979,41.90764315,42.44939694
Sub-Saharan Africa (IDA & IBRD countries),TSS,Trade (% of GDP),NE.TRD.GNFS.ZS,..,..,..,..,..,..,..,..,..,..,..,66.33371691,65.0538259,63.16423649,61.60789301,57.81454621,55.08444699,54.83830368,57.09966155,55.05797999,51.86850073,56.58548308,60.30478261
Sub-Saharan Africa (IDA & IBRD countries),TSS,Renewable energy consumption (% of total final energy consumption),EG.FEC.RNEW.ZS,72.64310595,72.52056264,72.00354221,71.31432365,70.80525212,70.52373308,70.61462025,70.11007504,69.97629642,70.03698312,70.55225258,69.95492148,68.96843045,67.8510971,67.63037077,68.02555158,67.96252382,67.81755447,67.66607132,68.16938502,70.27011339,..,..
Sub-Saharan Africa (IDA & IBRD countries),TSS,"Industry (including construction), value added (% of GDP)",NV.IND.TOTL.ZS,28.500115,27.21949002,26.51348796,26.90299088,27.7454462,28.55028758,28.09553136,28.31646588,29.52482306,25.85140107,27.53989454,29.43186568,29.08209624,28.27780671,27.26035233,24.26064614,23.42285794,25.50890594,27.35385405,26.9172994,26.24548218,27.55290758,28.26187144
Sub-Saharan Africa (IDA & IBRD countries),TSS,Fossil fuel energy consumption (% of total),EG.USE.COMM.FO.ZS,45.54067845,45.10471107,43.59111997,45.67565673,46.46813736,46.12505502,46.12182345,47.77321648,48.90905904,48.28404342,48.30129183,48.95816759,46.9740372,47.01453005,48.10937121,46.91969709,47.24022409,46.46354952,45.68503941,46.60886315,44.291695,44.49402666,44.16467405
Sub-Saharan Africa (IDA & IBRD countries),TSS,Population density (people per sq. km of land area),EN.POP.DNST,32.06593707,32.93515877,33.83310222,34.75837016,35.46770338,36.44995443,37.45998409,38.50223342,39.58187037,40.68935439,41.82495688,42.98670848,39.55353833,40.65287387,41.77171464,42.91390058,44.06800959,45.24494514,46.46108494,47.68826211,48.93149262,50.18704906,51.45099033
Upper middle income,UMC,Carbon dioxide (CO2) emissions excluding LULUCF per capita (t CO2e/capita),EN.GHG.CO2.PC.CE.AR5,3.052135831,3.114737461,3.24839921,3.561389436,3.894314933,4.213540839,4.522315162,4.802419862,4.907181882,5.026693025,5.391922179,5.738486969,5.870062841,6.034491519,6.033764363,5.902620113,5.872681709,5.952084841,6.130047272,6.220646036,6.152979377,6.440511336,6.39040172
Upper middle income,UMC,GDP per capita (constant 2015 US$),NY.GDP.PCAP.KD,3401.401679,3485.110841,3622.009553,3803.941981,4068.321128,4338.891476,4674.169561,5076.635843,5354.007199,5498.756996,5920.717865,6278.519278,6581.339287,6890.783249,7172.381721,7434.595696,7712.279949,8059.482381,8394.406379,8685.841222,8604.862347,9230.360607,9522.306994
Upper middle income,UMC,Energy use (kg of oil equivalent per capita),EG.USE.PCAP.KG.OE,1060.006003,1072.063951,1109.007068,1198.372096,1303.442448,1378.186031,1454.042505,1526.936006,1561.743809,1591.356746,1703.100533,1778.440333,1817.235724,1854.457502,1873.688691,1849.362371,1843.84048,1887.022748,1939.407598,1997.637408,1996.039544,2115.288093,2141.429594
Upper middle income,UMC,Urban population (% of total population),SP.URB.TOTL.IN.ZS,48.00284858,48.92901853,49.91479483,50.91259679,51.9225001,52.93419245,53.92297823,54.89449046,55.8744061,56.8533837,57.82886388,58.73976948,59.62137661,60.49814789,61.37117096,62.2388362,63.10000588,63.95071577,64.78770264,65.60444514,66.39567754,67.16437696,67.91261192
Upper middle income,UMC,Trade (% of GDP),NE.TRD.GNFS.ZS,47.22962541,46.5419865,48.86459077,54.07420339,59.37633697,60.82599073,61.55994836,59.79328718,58.29404234,48.13993578,51.7821045,53.16913648,51.80242387,50.34778518,49.04430342,45.50639395,43.62053215,44.76764025,46.58551233,44.71005173,42.68027675,47.69945817,50.80896264
Upper middle income,UMC,Renewable energy consumption (% of total final energy consumption),EG.FEC.RNEW.ZS,24.75769021,23.9539036,23.39360177,21.93602081,19.9726007,18.43043677,17.75882349,16.77747133,16.41441872,16.1102032,15.36315129,14.37855094,14.25898639,14.19344135,14.36878797,14.54291892,14.90968471,15.13181499,15.31281123,15.86409514,16.58534276,..,..
Upper middle income,UMC,"Industry (including construction), value added (% of GDP)",NV.IND.TOTL.ZS,35.66029962,35.59771044,36.44564749,36.5311379,37.08518522,37.59698519,38.25502839,38.01404744,38.74921562,37.41729889,37.7379614,38.31252375,38.07374782,37.22896844,36.59057085,35.19146507,34.43531611,34.76712619,35.3748474,34.46980894,34.00411639,35.72693056,35.89854619
Upper middle income,UMC,Fossil fuel energy consumption (% of total),EG.USE.COMM.FO.ZS,81.7564346,82.28134025,82.62909083,83.83359315,84.95984074,85.71191986,86.26835143,86.86348436,87.06418484,87.4082862,87.88040257,88.51680625,88.46203612,88.28564256,87.96634729,87.42141833,86.7719398,86.46837054,86.03795797,85.72969906,85.32326224,85.4424378,85.03916967
Upper middle income,UMC,Population density (people per sq. km of land area),EN.POP.DNST,54.31007504,54.83332817,55.32913258,55.8027989,56.29048235,56.77853587,57.11224174,57.54391524,58.00617597,58.48377026,58.95272413,59.43962228,59.9823773,60.53877929,61.07093299,61.5809398,62.07369603,62.58286628,63.05150349,63.47367375,63.82032132,64.05354251,64.21827289
World,WLD,Carbon dioxide (CO2) emissions excluding LULUCF per capita (t CO2e/capita),EN.GHG.CO2.PC.CE.AR5,4.014311053,4.013703292,4.017515146,4.154895177,4.286389478,4.392482616,4.481823855,4.591713609,4.563765442,4.457641535,4.676268763,4.76575658,4.778306754,4.815000291,4.780934636,4.698554466,4.653810873,4.675166753,4.743040093,4.707865165,4.466608391,4.671219862,4.631816731
World,WLD,GDP per capita (constant 2015 US$),NY.GDP.PCAP.KD,7871.24443,7924.787917,8003.878019,8146.90742,8403.45407,8632.390201,8904.434434,9178.474741,9250.84,9015.160403,9309.31873,9504.382916,9639.486142,9796.486713,9983.733254,10175.40942,10340.56087,10577.59133,10808.78736,10986.37027,10569.04403,11154.11168,11428.54781
World,WLD,Energy use (kg of oil equivalent per capita),EG.USE.PCAP.KG.OE,1590.536008,1584.48166,1597.429584,1635.684932,1682.912625,1708.552706,1735.352407,1759.587647,1760.659364,1722.835534,1797.33397,1803.960218,1803.780357,1810.79139,1809.813158,1790.194451,1784.680283,1802.740948,1825.675328,1828.367165,1761.399698,1850.914824,1853.464585
World,WLD,Urban population (% of total population),SP.URB.TOTL.IN.ZS,46.59472793,47.03914209,47.53017498,48.02430506,48.5246693,49.02889042,49.52432556,50.00954929,50.50794403,50.99825683,51.4781088,51.92398972,52.36533401,52.81760022,53.27204215,53.73725243,54.19873595,54.65012532,55.09288523,55.53151781,55.96237383,56.37527398,56.8157154
World,WLD,Trade (% of GDP),NE.TRD.GNFS.ZS,50.36411345,49.23039964,49.26593114,50.92039748,54.47754101,56.52011679,58.66867177,59.05215325,60.68150793,52.19111159,56.53433137,59.65892089,59.46980225,58.75152096,58.140231,55.7739838,53.98451148,55.69987493,57.19883658,55.95674666,52.06386391,56.85194965,62.60539732
World,WLD,Renewable energy consumption (% of total final energy consumption),EG.FEC.RNEW.ZS,17.5262814,17.21410125,17.22065579,17.06747063,16.78347915,16.63709933,16.72907722,16.53746603,16.65698179,17.06549936,16.74148151,16.69872056,16.89621508,17.16924642,17.32999516,17.40350827,17.62810849,17.8541835,18.10522707,18.57516414,19.73556411,..,..
World,WLD,"Industry (including construction), value added (% of GDP)",NV.IND.TOTL.ZS,27.71598601,26.75846926,26.26383066,26.26371625,26.65936543,27.15569197,27.66878251,27.72722716,28.05858128,26.52090872,27.45108149,28.0179414,28.00201216,27.63510164,27.35521972,26.61347044,26.03524304,26.51737064,27.01838362,26.4408123,25.84347001,26.99892154,27.50944929
World,WLD,Fossil fuel energy consumption (% of total),EG.USE.COMM.FO.ZS,80.87964671,81.05467012,81.18447392,81.70554628,81.84747452,81.97615587,82.09796195,82.50630829,82.41265824,82.14676849,82.48095456,82.94753009,82.97243213,82.69606796,82.51474122,82.22561932,81.88836261,81.77379677,81.49009772,81.17920111,80.47614494,80.7499165,80.64914132
World,WLD,Population density (people per sq. km of land area),EN.POP.DNST,48.44033669,49.09507195,49.74405682,50.38739405,50.9812849,51.63245274,52.25213075,52.91528335,53.59688131,54.27295309,54.93637609,55.6095937,55.23115531,55.91683986,56.59597062,57.26885221,57.93584055,58.59844486,59.23479549,59.85675227,60.4493567,61.03155005,61.59784208
